/*--------------------------------*- C++ -*----------------------------------*| =========                 |                                                 |
| \      /  F ield         | OpenFOAM: The Open Source CFD Toolbox           |
|  \    /   O peration     | Version:  v2312                                 |
|   \  /    A nd           | Website:  www.openfoam.com                      |
|    \/     M anipulation  |                                                 |
\*---------------------------------------------------------------------------*/
    FoamFile
{
    version     2.0;
    format      ascii;
    class       vectorField;
    location    "constant/structuredMesh";
    object      originalPoints;
}

// * * * * * * * * * * * * * * * * * * * * * * * * * * * * * * * * * //

9075
(
(0.5 0.5 0)
(0.4661775531804939 0.5 0)
(0.4323471164056162 0.5 0)
(0.3985055182426628 0.5 0)
(0.3646528987857944 0.5 0)
(0.3307896682049312 0.5 0)
(0.2969152224551121 0.5 0)
(0.2630280088954124 0.5 0)
(0.2291259124285193 0.5 0)
(0.1952065371739279 0.5 0)
(0.1612673532818675 0.5 0)
(0.1273057720643032 0.5 0)
(0.09331920084948385 0.5 0)
(0.05930510873606792 0.5 0)
(0.02526112580083783 0.5 0)
(-0.008814801084006844 0.5 0)
(-0.04292416902636065 0.5 0)
(-0.07706757089843495 0.5 0)
(-0.1112442247911614 0.5 0)
(-0.1454513843104239 0.5 0)
(-0.1796836258171464 0.5 0)
(-0.2139319424971284 0.5 0)
(-0.2481824349281334 0.5 0)
(-0.2824141838038922 0.5 0)
(-0.3165955888916179 0.5 0)
(-0.3506778948799953 0.5 0)
(-0.3845834672710893 0.5 0)
(-0.4181839182861163 0.5 0)
(-0.451256787748179 0.5 0)
(-0.4833827188898653 0.5 0)
(-0.5134933202461142 0.4998178709733305 0)
(-0.541283202449877 0.4982927592029797 0)
(-0.5680063761174635 0.4953535112723494 0)
(-0.5939862630070433 0.4910871172316945 0)
(-0.6193723976529254 0.4855411658477324 0)
(-0.6442321663160108 0.4787452965249954 0)
(-0.6685885294976304 0.4707206178092841 0)
(-0.6924325215956089 0.4614863994589327 0)
(-0.7157366012705145 0.4510628558417366 0)
(-0.7384612198443381 0.4394726577102846 0)
(-0.7605602234614783 0.4267415643450627 0)
(-0.7819820202103173 0.4128996347860344 0)
(-0.8026755844167794 0.3979792509264302 0)
(-0.8225864788208284 0.3820182360029543 0)
(-0.8416649095396656 0.3650549004689856 0)
(-0.8598578544492551 0.3471344020728019 0)
(-0.8771187911797461 0.3283008024857464 0)
(-0.8933986368604315 0.3086057050085972 0)
(-0.9086560017015202 0.2880976492902268 0)
(-0.9228483134106078 0.266831933545527 0)
(-0.9359373004184754 0.2448645339512528 0)
(-0.9478890630388651 0.2222507245701086 0)
(-0.9586688634548546 0.1990548796807547 0)
(-0.968249758704655 0.1753343551608197 0)
(-0.9766065173376137 0.1511496772398164 0)
(-0.9837142400217657 0.1265721315285437 0)
(-0.9895561111873542 0.1016601549830309 0)
(-0.9941168923427532 0.07647545388824938 0)
(-0.9973820523947624 0.05109858007361708 0)
(-0.999344846599215 0.02558704343307709 0)
(-1 1.77635683940025e-15 0)
(-0.9993448883552005 -0.02558622639943973 0)
(-0.9973821515480644 -0.05109761594256354 0)
(-0.9941170513816471 -0.07647442867767784 0)
(-0.9895563212390454 -0.1016591427368206 0)
(-0.9837144911517484 -0.1265711721782279 0)
(-0.9766067990319094 -0.1511487900507283 0)
(-0.9682500602995637 -0.175333549389025 0)
(-0.9586691757014987 -0.199054160418101 0)
(-0.9478893751812369 -0.2222500949869508 0)
(-0.9359376125495906 -0.2448639781486857 0)
(-0.9228486184022027 -0.2668314504263841 0)
(-0.9086562941584748 -0.2880972342339295 0)
(-0.8933989137422487 -0.30860535208362 0)
(-0.877119048881238 -0.3283005066762327 0)
(-0.8598579711760418 -0.3471342810581128 0)
(-0.8416651277396781 -0.3650546963727569 0)
(-0.8225866794034306 -0.3820180666057685 0)
(-0.802675765918658 -0.3979791129799901 0)
(-0.7819821832934506 -0.412899523410436 0)
(-0.7605603691475438 -0.4267414753291082 0)
(-0.7384613493555858 -0.4394725874519335 0)
(-0.7157367158088279 -0.451062801027775 0)
(-0.6924326224972271 -0.4614863573997779 0)
(-0.6685886180242689 -0.4707205860724097 0)
(-0.6442322437202508 -0.4787452731896478 0)
(-0.6193724649756841 -0.4855411492735942 0)
(-0.5939863207532956 -0.4910871061705367 0)
(-0.5680064237085005 -0.4953535047400117 0)
(-0.5412832460659395 -0.4982927555812959 0)
(-0.5134933600603085 -0.4998178698924651 0)
(-0.4833827546324553 -0.5 0)
(-0.4512568193336836 -0.5 0)
(-0.4181839459211563 -0.5 0)
(-0.384583491355611 -0.5 0)
(-0.3506779158427223 -0.5 0)
(-0.3165956071328385 -0.5 0)
(-0.2824141996791505 -0.5 0)
(-0.248182448747062 -0.5 0)
(-0.2139319545274462 -0.5 0)
(-0.1796836362899438 -0.5 0)
(-0.1454513934253345 -0.5 0)
(-0.1112442327209322 -0.5 0)
(-0.07706757779280843 -0.5 0)
(-0.04292417501531313 -0.5 0)
(-0.00881480628044741 -0.5 0)
(0.02526112129879706 -0.5 0)
(0.05930510484318748 -0.5 0)
(0.09331919749176708 -0.5 0)
(0.1273057691776127 -0.5 0)
(0.1612673508107489 -0.5 0)
(0.195206535070631 -0.5 0)
(0.2291259106521346 -0.5 0)
(0.2630280074111738 -0.5 0)
(0.2969152212337988 -0.5 0)
(0.3307896672223798 -0.5 0)
(0.364652898022447 -0.5 0)
(0.3985055176832599 -0.5 0)
(0.432347116038906 -0.5 0)
(0.4661775529990069 -0.5 0)
(0.5 -0.5 0)
(0.5 0.5002108256354106 0)
(0.4661769291841555 0.5002108252090118 0)
(0.4323458836761243 0.500210817392918 0)
(0.3985036872248884 0.5002108020083429 0)
(0.3646504658491291 0.5002107785716245 0)
(0.3307866186240582 0.5002107463395826 0)
(0.296911535346898 0.5002107042898996 0)
(0.2630236597888008 0.5002106510850808 0)
(0.2291208739280823 0.5002105850254339 0)
(0.1952007788960285 0.5002105039891621 0)
(0.1612608416878616 0.5002104053568578 0)
(0.1272984703936123 0.5002102859171024 0)
(0.09331106919946462 0.5002101417489677 0)
(0.05929610430577777 0.5002099680760561 0)
(0.02525120331998591 0.5002097590851871 0)
(-0.008825688719751437 0.5002095077007588 0)
(-0.04293606990878515 0.5002092053029157 0)
(-0.077080533059093 0.5002088413735065 0)
(-0.1112582949196854 0.5002084030473117 0)
(-0.1454666060414953 0.5002078745352601 0)
(-0.1797000371064403 0.5002072363682551 0)
(-0.213949571296392 0.5002064643790483 0)
(-0.2482012921344861 0.5002055282812262 0)
(-0.2824342522750281 0.5002043895897835 0)
(-0.3166168070076776 0.5002029983889954 0)
(-0.3507001326801522 0.5002012878946936 0)
(-0.3846064931026809 0.500199164259492 0)
(-0.4182073546451737 0.5001964841902846 0)
(-0.4512800551286586 0.500192991143153 0)
(-0.4834049538383626 0.5001879196521897 0)
(-0.5135179415139248 0.4999977826798511 0)
(-0.5413160648212092 0.4984670093136078 0)
(-0.5680470894898955 0.4955233859409969 0)
(-0.5940345253485201 0.4912530486623699 0)
(-0.6194279451149471 0.485703311335829 0)
(-0.6442947776338713 0.4789036754878634 0)
(-0.6686580005099376 0.4708751698880371 0)
(-0.6925086773425749 0.461637006736057 0)
(-0.7158192841510618 0.4512093568178263 0)
(-0.738550281027608 0.4396148578381689 0)
(-0.7606555121870289 0.4268792443546058 0)
(-0.7820833870130186 0.413032552265112 0)
(-0.8027828578891262 0.3981071559176514 0)
(-0.8226994870075933 0.3821408602843639 0)
(-0.8417834450029289 0.3651719854470482 0)
(-0.8599817098272179 0.3472456733282329 0)
(-0.8772477204528182 0.3284060070122561 0)
(-0.8935323950913341 0.3087045750169236 0)
(-0.9087943061607668 0.2881899472886865 0)
(-0.9229908729326123 0.266917422521661 0)
(-0.9360838073145412 0.2449429881425936 0)
(-0.9480391823337255 0.2223219538826496 0)
(-0.9588222638091198 0.1991186771927338 0)
(-0.9684060827781547 0.1753905556014158 0)
(-0.9767653918785619 0.1511981507959977 0)
(-0.9838752994167006 0.1266127160404557 0)
(-0.9897189673014221 0.1016927484595371 0)
(-0.9942811465256901 0.07650000701067972 0)
(-0.9975473168856147 0.05111497082425082 0)
(-0.9995107176602558 0.02559522910687854 0)
(-1.00016607190837 3.408966346906818e-09 0)
(-0.9995107595088834 -0.02559441040366842 0)
(-0.9975474162589926 -0.05111400454923767 0)
(-0.994281305866441 -0.07649897978003033 0)
(-0.9897191777604646 -0.1016917342269254 0)
(-0.9838755510432173 -0.1266117547665122 0)
(-0.9767656741473476 -0.1511972617733946 0)
(-0.968406385010861 -0.175389748112039 0)
(-0.9588225767318768 -0.1991179563468913 0)
(-0.9480394951955958 -0.2223213228311381 0)
(-0.9360841201564085 -0.244942431055775 0)
(-0.9229911786307186 -0.2669169382636113 0)
(-0.9087945993100737 -0.2881895312356111 0)
(-0.8935326726264263 -0.3087042212444038 0)
(-0.877247978640992 -0.3284057106288821 0)
(-0.8599818277878931 -0.3472455510217887 0)
(-0.8417836635943697 -0.3651717809709927 0)
(-0.8226996881186228 -0.3821406904277807 0)
(-0.8027830399129691 -0.3981070175606526 0)
(-0.7820835505937347 -0.4130324405364567 0)
(-0.760655658338629 -0.426879155041436 0)
(-0.7385504109719138 -0.4396147873315981 0)
(-0.7158193990915545 -0.4512093017983367 0)
(-0.6925087786125259 -0.4616369645098117 0)
(-0.6686580893764029 -0.4708751380158436 0)
(-0.6442948553453337 -0.4789036520459493 0)
(-0.6194280127186739 -0.4857032946780701 0)
(-0.5940345833486356 -0.4912530375374917 0)
(-0.568047137327808 -0.4955233793587043 0)
(-0.5413161086458245 -0.4984670056570521 0)
(-0.5135179815164301 -0.4999977815718792 0)
(-0.4834049897515403 -0.5001879196322487 0)
(-0.4512800868678702 -0.5001929911298291 0)
(-0.4182073824168152 -0.5001964841800164 0)
(-0.3846065173066956 -0.5001991642516288 0)
(-0.3507001537481469 -0.5002012878888149 0)
(-0.3166168253421941 -0.500202998384434 0)
(-0.2824342682324212 -0.5002043895860877 0)
(-0.2482013060252441 -0.5002055282782336 0)
(-0.2139495833896381 -0.5002064643766791 0)
(-0.1797000476347945 -0.5002072363664123 0)
(-0.1454666152058611 -0.500207874533831 0)
(-0.111258302893735 -0.5002084030461975 0)
(-0.07708053999322881 -0.5002088413726311 0)
(-0.04293607593347541 -0.5002092053022231 0)
(-0.008825693948295996 -0.5002095077002087 0)
(0.02525119878914897 -0.5002097590847498 0)
(0.0592961003871293 -0.5002099680757073 0)
(0.09331106581876485 -0.5002101417486895 0)
(0.1272984674865117 -0.5002102859168807 0)
(0.1612608391987205 -0.5002104053566805 0)
(0.195200776776935 -0.50021050398902 0)
(0.2291208721379868 -0.5002105850253202 0)
(0.2630236582928164 -0.5002106510849887 0)
(0.2969115341157005 -0.5002107042898237 0)
(0.3307866176333981 -0.5002107463395202 0)
(0.3646504650793785 -0.5002107785715717 0)
(0.3985036866607314 -0.5002108020082967 0)
(0.4323458833062679 -0.5002108173928774 0)
(0.4661769290011024 -0.5002108252089731 0)
(0.5 -0.5002108256353741 0)
(0.5 0.5004694479287932 0)
(0.466176163054842 0.5004694469881315 0)
(0.4323443700297943 0.5004694295880804 0)
(0.3985014387835478 0.5004693953308093 0)
(0.3646474781324885 0.5004693431427836 0)
(0.3307828735726515 0.5004692713694885 0)
(0.296907007344576 0.5004691777343315 0)
(0.2630183188041149 0.5004690592588055 0)
(0.2291146863297406 0.5004689121577932 0)
(0.1951937073785446 0.5004687317061256 0)
(0.1612528450698342 0.5004685120704335 0)
(0.1272895035372909 0.5004682460988822 0)
(0.09330108310968764 0.500467925059467 0)
(0.05928504642963088 0.5004675383149166 0)
(0.02523901807343129 0.5004670729188436 0)
(-0.008839059172397315 0.500466513113164 0)
(-0.04295068461615886 0.5004658397003436 0)
(-0.07709645099560886 0.5004650292547994 0)
(-0.1112755734085754 0.5004640531232001 0)
(-0.1454852986495201 0.5004628761395472 0)
(-0.1797201904233397 0.5004614549409521 0)
(-0.2139712196223136 0.5004597357000277 0)
(-0.2482244488226459 0.5004576509591151 0)
(-0.2824588962697713 0.5004551149978409 0)
(-0.3166428627138037 0.5004520166341682 0)
(-0.3507274407638424 0.5004482071112151 0)
(-0.3846347697794055 0.5004434773823431 0)
(-0.4182361379937902 0.5004375082290136 0)
(-0.4513086377257008 0.5004297280207095 0)
(-0.4834322930766503 0.5004184359101262 0)
(-0.5135482209164379 0.5002184991684351 0)
(-0.5413564322099585 0.4986807856009425 0)
(-0.5680970788639712 0.4957317946042753 0)
(-0.5940937695774868 0.4914566196051966 0)
(-0.6194961223160169 0.485902237457002 0)
(-0.6443716171203652 0.4790979806905695 0)
(-0.6687432528270767 0.4710647800838353 0)
(-0.6926021283457214 0.4618217772914173 0)
(-0.7159207407590026 0.4513890897335744 0)
(-0.7386595609520511 0.4397893144513373 0)
(-0.760772430755551 0.4270481556873062 0)
(-0.7822077609370164 0.4131956210178628 0)
(-0.8029144772829817 0.398264075359523 0)
(-0.822838140716302 0.3822913016350198 0)
(-0.8419288790285199 0.3653156312013932 0)
(-0.8601336695022241 0.3473821871765314 0)
(-0.8774059046078958 0.3285350779992559 0)
(-0.8936965031046551 0.3088258749030368 0)
(-0.9089639912819369 0.2883031846569992 0)
(-0.9231657781473585 0.2670223063770721 0)
(-0.9362635551318569 0.2450392416092794 0)
(-0.9482233620129835 0.2224093434167911 0)
(-0.959010468773818 0.1991969490845869 0)
(-0.968597874691649 0.1754595070311036 0)
(-0.976960312949155 0.1512576221555278 0)
(-0.9840729009584115 0.1266625087498658 0)
(-0.9899187731777798 0.1017327372536085 0)
(-0.9944826677359365 0.07653013086960869 0)
(-0.9977500776134197 0.05113508052021813 0)
(-0.9997142225831785 0.02560527227106699 0)
(-1.000369823258493 7.608155537848836e-09 0)
(-0.9997142645348893 -0.02560445145030096 0)
(-0.9977501772514588 -0.05113411170275046 0)
(-0.99448282748325 -0.0765291010611085 0)
(-0.9899189841688101 -0.1017317204356136 0)
(-0.9840731532151101 -0.1266615450013365 0)
(-0.9769605959292188 -0.1512567308315109 0)
(-0.9685981777077098 -0.1754586974217316 0)
(-0.9590107825312622 -0.1991962262876527 0)
(-0.948223675768035 -0.2224087105477514 0)
(-0.9362638688654765 -0.2450386829203083 0)
(-0.923166084753422 -0.2670218206684166 0)
(-0.9089642853463069 -0.2883027672948579 0)
(-0.893696781515306 -0.3088255199924966 0)
(-0.877406163450034 -0.3285347808363976 0)
(-0.8601337890021528 -0.347382063249868 0)
(-0.841929098114058 -0.365315426241231 0)
(-0.8228383424802765 -0.3822911312089713 0)
(-0.8029146599488629 -0.3982639364966275 0)
(-0.7822079251279017 -0.4131955088558906 0)
(-0.7607725774788776 -0.4270480660094087 0)
(-0.7386596914291881 -0.4397892436390369 0)
(-0.7159208561916306 -0.451389034462506 0)
(-0.692602230069345 -0.4618217348593747 0)
(-0.6687433421099056 -0.4710647480457374 0)
(-0.6443716952101308 -0.4790979571173394 0)
(-0.619496190264516 -0.4859022206966603 0)
(-0.5940938278906176 -0.4914566084015934 0)
(-0.568097127004828 -0.4957317879606552 0)
(-0.5413564762922147 -0.4986807819011816 0)
(-0.5135482611502601 -0.5002184980270854 0)
(-0.4834323292009086 -0.5004184358655359 0)
(-0.4513086696540997 -0.5004297279908257 0)
(-0.418236165934177 -0.5004375082062364 0)
(-0.3846347941319107 -0.5004434773647176 0)
(-0.3507274619618748 -0.5004482070978914 0)
(-0.316642881163105 -0.5004520166239516 0)
(-0.2824589123286766 -0.5004551149896799 0)
(-0.2482244628026885 -0.5004576509525031 0)
(-0.2139712317938706 -0.500459735694748 0)
(-0.1797202010206359 -0.5004614549368145 0)
(-0.1454853078750158 -0.5004628761363326 0)
(-0.1112755814371881 -0.5004640531206968 0)
(-0.07709645797865194 -0.5004650292528379 0)
(-0.04295069068476664 -0.5004658396987952 0)
(-0.008839064440379518 -0.5004665131119355 0)
(0.02523901350722386 -0.5004670729178673 0)
(0.05928504247933115 -0.5004675383141383 0)
(0.0933010797007562 -0.500467925058846 0)
(0.1272895006051175 -0.5004682460983871 0)
(0.1612528425585515 -0.5004685120700374 0)
(0.1951937052400426 -0.5004687317058085 0)
(0.2291146845227979 -0.5004689121575382 0)
(0.2630183172936962 -0.5004690592585996 0)
(0.2969070061012316 -0.5004691777341616 0)
(0.3307828725720259 -0.5004692713693495 0)
(0.3646474773548675 -0.500469343142666 0)
(0.3985014382135482 -0.5004693953307071 0)
(0.432344369656071 -0.5004694295879889 0)
(0.4661761628698644 -0.5004694469880457 0)
(0.5 -0.500469447928712 0)
(0.5 0.5007679305175791 0)
(0.4661752781143588 0.5007679289926277 0)
(0.4323426214881975 0.5007679005373178 0)
(0.39849884120867 0.5007678444985249 0)
(0.3646440263201455 0.5007677591262591 0)
(0.3307785466865573 0.500767641714905 0)
(0.2969017758250559 0.5007674885400646 0)
(0.2630121479792616 0.5007672947289182 0)
(0.2291075373578591 0.5007670540889797 0)
(0.1951855371670222 0.5007667588897649 0)
(0.161243606045899 0.5007663995876651 0)
(0.1272791435572529 0.5007659644818984 0)
(0.09328954557426324 0.5007654392862727 0)
(0.05927227063040347 0.5007648065972319 0)
(0.02522493980083658 0.5007640452330273 0)
(-0.008854506729595094 0.5007631294113182 0)
(-0.04296756967152313 0.50076202772193 0)
(-0.07711484167685348 0.5007607018363549 0)
(-0.1112955359343087 0.5007591048716593 0)
(-0.1455068948977556 0.500757179287734 0)
(-0.1797434742091662 0.5007548541315082 0)
(-0.2139962305552733 0.5007520413260971 0)
(-0.2482512023162972 0.5007486304892783 0)
(-0.2824873680267357 0.5007444813527893 0)
(-0.3166729655334694 0.5007394119822811 0)
(-0.3507589909605097 0.5007331789522103 0)
(-0.3846674404787374 0.5007254401633494 0)
(-0.4182693978453043 0.5007156731780151 0)
(-0.4513416751486865 0.5007029422936402 0)
(-0.4834639268268969 0.5006844720189929 0)
(-0.5135832648307415 0.5004732572552013 0)
(-0.5414030900656559 0.4989275405553045 0)
(-0.568154830239656 0.4959723543978155 0)
(-0.5941621949725484 0.4916915955153215 0)
(-0.6195748527487224 0.4861318520092558 0)
(-0.6444603413000004 0.4793222615111742 0)
(-0.6688416839742726 0.4712836416958384 0)
(-0.6927100199141852 0.4620350527560317 0)
(-0.7160378704520389 0.451596550534576 0)
(-0.7387857188370112 0.4399906851263167 0)
(-0.7609074038230259 0.4272431258898296 0)
(-0.7823513376651444 0.4133838477386614 0)
(-0.8030664159962205 0.3984452043361814 0)
(-0.8229981976534223 0.3824649535842097 0)
(-0.8420967613329294 0.3654814395235023 0)
(-0.8603090833248942 0.3475397637061288 0)
(-0.8775885025689762 0.3286840637382544 0)
(-0.8938859383000516 0.3089658909222296 0)
(-0.9091598636014688 0.2884338945932883 0)
(-0.9233676756807953 0.2671433741387201 0)
(-0.9364710421352169 0.2451503477202355 0)
(-0.9484359646287881 0.2225102179624372 0)
(-0.9592277175691649 0.1992872994784973 0)
(-0.9688192637743421 0.175539099055641 0)
(-0.9771853141362932 0.1513262709474089 0)
(-0.9843009961935631 0.1267199855038398 0)
(-0.990149412911641 0.1017788972931885 0)
(-0.9947152876055929 0.07656490321408949 0)
(-0.9979841282277888 0.05115829369654254 0)
(-0.9999491322191989 0.02561686566492475 0)
(-1.000605017362334 1.242928622040757e-08 0)
(-0.9999491742978825 -0.02561604237747719 0)
(-0.997984228157359 -0.05115732186295956 0)
(-0.9947154477523933 -0.07656387065341541 0)
(-0.9901496244605914 -0.1017778778018063 0)
(-0.9843012491659329 -0.1267190190545893 0)
(-0.977185597948129 -0.1513253769861722 0)
(-0.9688195677054113 -0.1755382869795912 0)
(-0.9592280323003883 -0.1992865744086883 0)
(-0.9484362794287374 -0.2225095829665091 0)
(-0.9364713568999519 -0.2451497871610991 0)
(-0.9233679832875563 -0.2671428867934951 0)
(-0.9091601585914493 -0.2884334758735766 0)
(-0.8938862175541302 -0.3089655349228024 0)
(-0.8775887620883073 -0.3286837658021608 0)
(-0.8603092045948655 -0.3475396379389916 0)
(-0.8420969810122404 -0.3654812339874993 0)
(-0.8229984001857802 -0.3824647824867453 0)
(-0.8030665994094328 -0.3984450648825076 0)
(-0.7823515025616659 -0.4133837350749007 0)
(-0.7609075512078622 -0.4272430357896767 0)
(-0.7387858499293782 -0.4399906139606932 0)
(-0.71603798645275 -0.4515964949731537 0)
(-0.6927101221626039 -0.4620350100856893 0)
(-0.6688417737368099 -0.4712836094666024 0)
(-0.6444604198285055 -0.4793222377855346 0)
(-0.6195749210944183 -0.4861318351306029 0)
(-0.5941622536491096 -0.4916915842203319 0)
(-0.5681548787300643 -0.4959723476831885 0)
(-0.5414031344470003 -0.4989275368054121 0)
(-0.5135833053323718 -0.5004732560749849 0)
(-0.4834639631960188 -0.5006844719458632 0)
(-0.4513417072969459 -0.5007029422443645 0)
(-0.4182694259812425 -0.5007156731407327 0)
(-0.3846674650043461 -0.5007254401344773 0)
(-0.3507590123102912 -0.5007331789301152 0)
(-0.3166729841160031 -0.500739411965373 0)
(-0.2824873842033876 -0.5007444813394707 0)
(-0.2482512164003826 -0.5007486304785496 0)
(-0.2139962428184161 -0.5007520413174844 0)
(-0.1797434848870595 -0.500754854124704 0)
(-0.1455069041944966 -0.5007571792824237 0)
(-0.1112955440262949 -0.5007591048675228 0)
(-0.07711484871655774 -0.5007607018331202 0)
(-0.04296757579093691 -0.5007620277193824 0)
(-0.00885451204316887 -0.5007631294093005 0)
(0.02522493519375046 -0.5007640452314253 0)
(0.05927226664352594 -0.5007648065959548 0)
(0.09328954213270502 -0.5007654392852539 0)
(0.1272791405961016 -0.5007659644810862 0)
(0.1612436035090243 -0.5007663995870154 0)
(0.1951855350060856 -0.5007667588892435 0)
(0.2291075355314408 -0.5007670540885599 0)
(0.2630121464521558 -0.5007672947285801 0)
(0.2969017745676676 -0.5007674885397866 0)
(0.3307785456744093 -0.5007676417146768 0)
(0.3646440255334242 -0.5007677591260662 0)
(0.3984988406319136 -0.5007678444983568 0)
(0.4323426211100027 -0.5007679005371671 0)
(0.4661752779271549 -0.5007679289924867 0)
(0.5 -0.5007679305174458 0)
(0.5 0.5011240216311876 0)
(0.4661742216300523 0.5011240194181297 0)
(0.4323405337895047 0.5011239777813813 0)
(0.3984957395257939 0.5011238957574067 0)
(0.3646399044037485 0.5011237707939424 0)
(0.3307733796909189 0.5011235989326353 0)
(0.2968955284961146 0.5011233747216349 0)
(0.263004778944266 0.5011230910276833 0)
(0.2290990002510324 0.5011227387855895 0)
(0.1951757805384656 0.5011223066785873 0)
(0.1612325730924983 0.5011217807355035 0)
(0.1272667720169065 0.5011211438270191 0)
(0.09327576786468475 0.5011203750386417 0)
(0.05925701426285428 0.5011194488918174 0)
(0.0252081281052405 0.501118334376337 0)
(-0.008872953531850615 0.5011169937461281 0)
(-0.04298773303605084 0.501115381015083 0)
(-0.07713680295947942 0.5011134400672532 0)
(-0.111319374215488 0.5011111022609385 0)
(-0.1455326840789841 0.5011082833497222 0)
(-0.1797712785617009 0.50110487944737 0)
(-0.2140260973851807 0.5011007615932845 0)
(-0.2482831500582438 0.501095768164222 0)
(-0.2825213677612016 0.501089693774225 0)
(-0.3167089133881917 0.5010822720243699 0)
(-0.3507966682310025 0.5010731464683457 0)
(-0.3847064582955103 0.5010618161516818 0)
(-0.4183091249347139 0.5010475159848544 0)
(-0.4513811501434253 0.5010288754318495 0)
(-0.4835017707905802 0.5010018435940657 0)
(-0.5136252011077936 0.5007772190392966 0)
(-0.5414588415564259 0.4992219642236151 0)
(-0.5682238006774524 0.4962593869978442 0)
(-0.5942438900616789 0.4919719658457714 0)
(-0.6196688360069023 0.4864058254142858 0)
(-0.6445662425382048 0.4795898710591295 0)
(-0.6689591630633608 0.4715447852160142 0)
(-0.6928387833418281 0.4622895312015884 0)
(-0.7161776533319504 0.4518440913890767 0)
(-0.7389362714852371 0.4402309596141536 0)
(-0.7610684723306711 0.4274757637883141 0)
(-0.7825226701710233 0.4136084397083815 0)
(-0.8032477243801024 0.398661327768453 0)
(-0.8231891910403653 0.3826721560587155 0)
(-0.8422970911118717 0.365679283172833 0)
(-0.8605183984056478 0.3477277859719839 0)
(-0.8778063892794588 0.3288618355939998 0)
(-0.8941119822594232 0.309132960874508 0)
(-0.9093935879946834 0.2885898606378943 0)
(-0.9236085891849556 0.2672878352343454 0)
(-0.9367186245936161 0.2452829230554159 0)
(-0.9486896510821773 0.2226305847238245 0)
(-0.959486947817179 0.1993951087946252 0)
(-0.969083434166912 0.1756340715503734 0)
(-0.9774537947423786 0.1514081852417122 0)
(-0.9845731686275049 0.1267885693292835 0)
(-0.9904246214496094 0.1018339779840928 0)
(-0.9949928590652197 0.07660639482332915 0)
(-0.9982634068803355 0.05118599274061039 0)
(-1.000229435893773 0.02563069976994046 0)
(-1.000885660504013 1.813661655703502e-08 0)
(-1.00022947811667 -0.02562987351909003 0)
(-0.9982635071635348 -0.0511850174347239 0)
(-0.9949930197576293 -0.07660535880222089 0)
(-0.9904248337231898 -0.1018329549589156 0)
(-0.9845734224377362 -0.1267875995751598 0)
(-0.9774540795201546 -0.1514072881898519 0)
(-0.9690837391855039 -0.1756332565593698 0)
(-0.959487263714516 -0.1993943810081609 0)
(-0.9486899671239141 -0.2226299471893115 0)
(-0.93671894056278 -0.2452823603040235 0)
(-0.9236088979772666 -0.2672873459865882 0)
(-0.9093938842086771 -0.2885894401891372 0)
(-0.8941122627282976 -0.3091326032863174 0)
(-0.8778066496194469 -0.3288615366590025 0)
(-0.8605185217123177 -0.3477276580751489 0)
(-0.8422973114795635 -0.3656790769808611 0)
(-0.823189394496769 -0.3826719841609991 0)
(-0.8032479086958504 -0.3986611876021621 0)
(-0.7825228359154204 -0.4136083264409463 0)
(-0.7610686205074474 -0.4274756731817076 0)
(-0.7389364033117111 -0.4402308880267459 0)
(-0.7161777700118895 -0.4518440354803063 0)
(-0.6928388862159077 -0.4622894882468591 0)
(-0.6689592533988039 -0.4715447527584253 0)
(-0.6445663215906668 -0.4795898471513698 0)
(-0.6196689048271539 -0.4864058083940613 0)
(-0.5942439491725495 -0.4919719544415548 0)
(-0.568223849586011 -0.4962593801980437 0)
(-0.5414588862952998 -0.4992219604136876 0)
(-0.5136252419306395 -0.500777217812335 0)
(-0.4835018074525519 -0.5010018434866729 0)
(-0.4513811825557422 -0.5010288753592564 0)
(-0.418309153305126 -0.5010475159300394 0)
(-0.3847064830288405 -0.5010618161093885 0)
(-0.3507966897637126 -0.5010731464357352 0)
(-0.3167089321310879 -0.5010822719993002 0)
(-0.2825213840790735 -0.5010896937546501 0)
(-0.2482831642672421 -0.5010957681486022 0)
(-0.2140261097586862 -0.5011007615807419 0)
(-0.1797712893368971 -0.5011048794373938 0)
(-0.1455326934616342 -0.501108283341887 0)
(-0.1113193823836744 -0.5011111022548203 0)
(-0.07713681006712331 -0.5011134400624725 0)
(-0.04298773921626488 -0.5011153810113264 0)
(-0.008872958899924462 -0.5011169937431595 0)
(0.02520812344931327 -0.5011183343739819 0)
(0.05925701023228263 -0.5011194488899415 0)
(0.09327576438415343 -0.5011203750371458 0)
(0.1272667690211395 -0.5011211438258261 0)
(0.161232570525051 -0.5011217807345486 0)
(0.1951757783507263 -0.5011223066778215 0)
(0.2290989984013451 -0.5011227387849735 0)
(0.2630047773972211 -0.501123091027186 0)
(0.2968955272219451 -0.5011233747212274 0)
(0.3307733786650019 -0.5011235989322996 0)
(0.3646399036061519 -0.5011237707936584 0)
(0.3984957389409624 -0.5011238957571604 0)
(0.432340533405965 -0.5011239777811602 0)
(0.4661742214401881 -0.5011240194179226 0)
(0.5 -0.5011240216309925 0)
(0.5 0.5015560077471986 0)
(0.4661729392301159 0.5015560047079025 0)
(0.4323379993798493 0.5015559470895714 0)
(0.3984919738043452 0.5015558335429207 0)
(0.3646348997386729 0.5015556605468412 0)
(0.3307671059633603 0.501555422625251 0)
(0.2968879429593708 0.5015551122304804 0)
(0.262995831403364 0.5015547194863554 0)
(0.2290886344301485 0.501554231841733 0)
(0.1951639339777971 0.5015536336279043 0)
(0.1612191768274332 0.5015529055007613 0)
(0.1272517504527572 0.5015520237431831 0)
(0.09325903894631458 0.501550959396706 0)
(0.05923848997665357 0.5015496771828587 0)
(0.02518771535818981 0.501548134163158 0)
(-0.008895351611266044 0.5015462780713494 0)
(-0.04301221536165024 0.5015440452301401 0)
(-0.07716346833348579 0.501541357933698 0)
(-0.1113483186899822 0.5015381211293294 0)
(-0.1455639974266061 0.5015342181533858 0)
(-0.1798050388648997 0.5015295051424684 0)
(-0.2140623621409195 0.501523803505562 0)
(-0.2483219417533556 0.501516889413988 0)
(-0.2825626514940439 0.5015084784283238 0)
(-0.3167525635109852 0.5014982016059892 0)
(-0.35084242022457 0.5014855652857031 0)
(-0.3847538421540652 0.5014698756411271 0)
(-0.4183573788048324 0.5014500729407094 0)
(-0.4514291180122097 0.5014242585058822 0)
(-0.4835478232373297 0.501386843639563 0)
(-0.5136762529648913 0.5011460166736909 0)
(-0.5415265948941372 0.4995792051841689 0)
(-0.5683075682586833 0.4966076614210017 0)
(-0.5943430812413771 0.49231215727488 0)
(-0.6197829262740391 0.4867382556049599 0)
(-0.644694785323689 0.4799145800832733 0)
(-0.6691017476022599 0.4718616491413701 0)
(-0.6929950553473 0.4625983082403503 0)
(-0.7163472919761859 0.4521444510476827 0)
(-0.7391189749178143 0.440522502775772 0)
(-0.7612639328321622 0.4277580413487581 0)
(-0.7827305821277986 0.4138809552832305 0)
(-0.8034677389597052 0.3989235682744895 0)
(-0.8234209552226797 0.3829235728671449 0)
(-0.8425401826318779 0.3659193446079785 0)
(-0.8607723911762208 0.347955931046821 0)
(-0.8780707819348202 0.3290775433384712 0)
(-0.8943862720607978 0.3093356835536921 0)
(-0.9096771964290469 0.2887791106409645 0)
(-0.9239009203990427 0.2674631254980506 0)
(-0.9370190476311426 0.2454437914182887 0)
(-0.9489974805365804 0.2227766394350736 0)
(-0.9598015039083234 0.1995259265574953 0)
(-0.9694039845186849 0.1757493133494787 0)
(-0.9777795753170637 0.1515075816382898 0)
(-0.9849034287513488 0.1268717908179078 0)
(-0.9907585656528173 0.101900814595085 0)
(-0.9953296706462972 0.07665674143753901 0)
(-0.9986022899117748 0.0512196036178266 0)
(-1.000569562716102 0.02564748692301467 0)
(-1.001226199286177 2.500672631081895e-08 0)
(-1.000569605128126 -0.02564665709927443 0)
(-0.998602390648735 -0.05121862394659576 0)
(-0.9953298319618075 -0.07665570119133672 0)
(-0.9907587787408809 -0.1018997876156325 0)
(-0.9849036836286349 -0.126870817010634 0)
(-0.9777798612927324 -0.1515066807347263 0)
(-0.969404290844731 -0.1757484948160797 0)
(-0.9598018212032873 -0.1995251955037822 0)
(-0.9489977980712251 -0.2227759988584968 0)
(-0.9370193650817908 -0.245443226005031 0)
(-0.9239012306951387 -0.2674626338364866 0)
(-0.9096774940936487 -0.2887786880679128 0)
(-0.8943865537968709 -0.3093353243287973 0)
(-0.8780710433722159 -0.3290772431321451 0)
(-0.8607725170010294 -0.3479558004956841 0)
(-0.8425404038146119 -0.3659191376219029 0)
(-0.8234211597784318 -0.3829234000203589 0)
(-0.8034679243725635 -0.3989234272471893 0)
(-0.7827307489093667 -0.4138808412785237 0)
(-0.7612640819742259 -0.4277579501240113 0)
(-0.7391191076369196 -0.4405224306751426 0)
(-0.7163474094817381 -0.4521443947161878 0)
(-0.6929951589798347 -0.4625982649406984 0)
(-0.6691018386340128 -0.4718616164060229 0)
(-0.6446948650111956 -0.4799145559546506 0)
(-0.6197829956717393 -0.4867382384122907 0)
(-0.5943431408789828 -0.4923121457379715 0)
(-0.5683076176761017 -0.4966076545174257 0)
(-0.5415266400673447 -0.4995792013009882 0)
(-0.5136762941791007 -0.5011460153897309 0)
(-0.4835478602556881 -0.5013868434902096 0)
(-0.4514291507462111 -0.5014242584048239 0)
(-0.418357407461471 -0.5014500728643807 0)
(-0.3847538671405568 -0.5014698755824123 0)
(-0.3508424419808501 -0.5014855652403314 0)
(-0.3167525824503186 -0.5014982015709089 0)
(-0.2825626679844869 -0.5015084784010027 0)
(-0.2483219561147195 -0.5015168893923807 0)
(-0.2140623746492781 -0.5015238034882823 0)
(-0.1798050497593038 -0.5015295051286747 0)
(-0.1455640069145704 -0.501534218142482 0)
(-0.1113483269514296 -0.501538121120778 0)
(-0.0771634755240706 -0.5015413579270096 0)
(-0.04301222161592302 -0.5015440452248922 0)
(-0.00889535704562493 -0.501546278067212 0)
(0.0251877106429091 -0.5015481341598803 0)
(0.05923848589300318 -0.5015496771802519 0)
(0.09325903541844575 -0.5015509593946281 0)
(0.1272517474149456 -0.5015520237415252 0)
(0.1612191742228506 -0.5015529054994335 0)
(0.1951639317574996 -0.5015536336268401 0)
(0.2290886325521935 -0.5015542318408761 0)
(0.2629958298320958 -0.5015547194856635 0)
(0.2968879416648125 -0.5015551122299141 0)
(0.3307671049207129 -0.501555422624784 0)
(0.3646348989278617 -0.5015556605464464 0)
(0.3984919732097015 -0.5015558335425786 0)
(0.4323379989898152 -0.5015559470892641 0)
(0.4661729390370187 -0.5015560047076144 0)
(0.5 -0.5015560077469285 0)
(0.5 0.502082825875682 0)
(0.4661713746017107 0.5020828218367799 0)
(0.4323349067979799 0.502082744739212 0)
(0.3984873782210453 0.5020825927514646 0)
(0.3646287917830816 0.502082361173866 0)
(0.3307594489443823 0.5020820426823371 0)
(0.2968786847840084 0.502081627173251 0)
(0.2629849108606941 0.5020811014244052 0)
(0.2290759828620863 0.5020804486320565 0)
(0.1951494751633693 0.502079647818344 0)
(0.1612028265988574 0.5020786730842817 0)
(0.1272334165464212 0.5020774926755471 0)
(0.09323862121086507 0.5020760678196452 0)
(0.05921588098485659 0.5020743512813741 0)
(0.02516280147788717 0.5020722855682613 0)
(-0.008922688632392617 0.5020698006969635 0)
(-0.04304209628223483 0.5020668114030646 0)
(-0.07719601379634525 0.5020632136353587 0)
(-0.1113836460036474 0.5020588801117272 0)
(-0.1456022162521013 0.5020536546081913 0)
(-0.1798462446125456 0.5020473444729023 0)
(-0.2141066251333054 0.5020397105430003 0)
(-0.2483692896623899 0.5020304530684465 0)
(-0.2826130421300705 0.5020191911229598 0)
(-0.3168058443197267 0.5020054306050619 0)
(-0.3508982699330113 0.5019885103727766 0)
(-0.384811690306093 0.5019675011651549 0)
(-0.418416302476113 0.5019409835805249 0)
(-0.4514877226912963 0.5019064140668624 0)
(-0.4836041842266554 0.5018563421028008 0)
(-0.5137387634155646 0.5015958522984411 0)
(-0.5416093874027875 0.5000149689067034 0)
(-0.5684098585557924 0.4970324901374751 0)
(-0.5944641626945401 0.4927271275981158 0)
(-0.6199221664895092 0.4871437596888706 0)
(-0.6448516433757062 0.48031066674099 0)
(-0.6692757257733312 0.4722481669762527 0)
(-0.6931857231779891 0.4629749623598339 0)
(-0.7165542593305336 0.4525108382315396 0)
(-0.7393418751093735 0.4408781359763853 0)
(-0.7615023906255349 0.4281023730182362 0)
(-0.7829842258307822 0.4142133795206729 0)
(-0.8037361436249522 0.3992434592222716 0)
(-0.8237036901689196 0.3832302616015602 0)
(-0.8428367334711442 0.3662121822604301 0)
(-0.861082238073839 0.3482342335700645 0)
(-0.878393314237179 0.3293406745843955 0)
(-0.8947208759746091 0.3095829761520788 0)
(-0.9100231670384299 0.2890099689805929 0)
(-0.9242575310242415 0.2676769554424867 0)
(-0.9373855284272254 0.2456400295652621 0)
(-0.949372996087535 0.2229548068357782 0)
(-0.9601852247118916 0.1996855075580886 0)
(-0.9697950172493559 0.1758898943248687 0)
(-0.9781769884214255 0.151628832674808 0)
(-0.9853063061811759 0.1269733110704295 0)
(-0.9911659370652242 0.1019823479835067 0)
(-0.9957405401774986 0.07671815755151792 0)
(-0.9990156862568774 0.05126060500276127 0)
(-1.000984476300562 0.02566796604713462 0)
(-1.001641615462198 3.330790401642993e-08 0)
(-1.000984518947084 -0.02566713176109818 0)
(-0.9990157875241085 -0.05125962003946484 0)
(-0.9957407022641708 -0.07671711230336034 0)
(-0.9911661512131478 -0.1019813158492981 0)
(-0.9853065622895919 -0.1269723324671964 0)
(-0.9781772758701851 -0.1516279271015564 0)
(-0.9697953251882393 -0.1758890714232034 0)
(-0.9601855437016658 -0.1996847725271552 0)
(-0.9493733154433653 -0.2229541625617066 0)
(-0.9373858477071479 -0.2456394608605415 0)
(-0.9242578431198825 -0.2676764608617229 0)
(-0.9100234664335258 -0.289009543933179 0)
(-0.89472115944675 -0.3095826146626521 0)
(-0.8783935768738371 -0.3293403729534007 0)
(-0.8610823669696533 -0.348234099817246 0)
(-0.8428369557007489 -0.3662119742513072 0)
(-0.8237038960524321 -0.3832300875974171 0)
(-0.8037363303624626 -0.3992433171565375 0)
(-0.7829843938793851 -0.4142132646183772 0)
(-0.7615025409505396 -0.4281022810370183 0)
(-0.7393420089232713 -0.4408780632465385 0)
(-0.7165543778499697 -0.4525107813819914 0)
(-0.6931858277537222 -0.4629749186353891 0)
(-0.6692758177019018 -0.4722481338921057 0)
(-0.6448517239431516 -0.4803106423218203 0)
(-0.6199222367816153 -0.4871437422481085 0)
(-0.5944642232349708 -0.4927271158486108 0)
(-0.5684099088551535 -0.4970324830580694 0)
(-0.5416094332917837 -0.5000149649005851 0)
(-0.5137388052066713 -0.50159585092823 0)
(-0.4836042217228307 -0.5018563418949763 0)
(-0.4514877558329246 -0.5019064139282221 0)
(-0.4184163314878922 -0.5019409834769507 0)
(-0.3848117156040627 -0.5019675010859488 0)
(-0.3508982919636726 -0.5019885103117141 0)
(-0.3168058635006726 -0.5020054305577171 0)
(-0.2826130588328041 -0.5020191910860475 0)
(-0.2483693042107617 -0.5020304530394133 0)
(-0.2141066378070945 -0.5020397105199228 0)
(-0.1798462556534544 -0.5020473444544842 0)
(-0.1456022258697046 -0.502053654593559 0)
(-0.111383654379868 -0.5020588801001915 0)
(-0.07719602108882015 -0.5020632136263117 0)
(-0.0430421026272861 -0.5020668113959681 0)
(-0.008922694147855313 -0.5020698006913782 0)
(0.02516279669006766 -0.5020722855638443 0)
(0.05921587683637596 -0.5020743512778663 0)
(0.09323861762519389 -0.5020760678168521 0)
(0.127233413457275 -0.5020774926733195 0)
(0.1612028239489338 -0.5020786730824978 0)
(0.195149472903318 -0.5020796478169136 0)
(0.2290759809496145 -0.502080448630905 0)
(0.2629849092598454 -0.502081101423475 0)
(0.2968786834645508 -0.5020816271724902 0)
(0.3307594478813026 -0.5020820426817092 0)
(0.3646287909561309 -0.5020823611733347 0)
(0.3984873776144172 -0.5020825927510044 0)
(0.4323349064000134 -0.5020827447387977 0)
(0.4661713744046649 -0.5020828218363927 0)
(0.5 -0.5020828258753209 0)
(0.5 0.5027253229869195 0)
(0.4661694657978434 0.5027253177363225 0)
(0.4323311333495233 0.5027252168936974 0)
(0.3984817701423866 0.5027250180264973 0)
(0.3646213375645364 0.5027247149977714 0)
(0.3307501039055814 0.5027242982333617 0)
(0.296867385456612 0.5027237545126657 0)
(0.2629715826078424 0.5027230665314173 0)
(0.2290605419217493 0.5027222122974954 0)
(0.1951318285212848 0.5027211643554436 0)
(0.1611828715300621 0.5027198888085649 0)
(0.1272110404381663 0.5027183440959214 0)
(0.09321370181762181 0.502716479469998 0)
(0.05918828717375339 0.5027142331055475 0)
(0.02513239453257853 0.5027115297500722 0)
(-0.008956053083631042 0.5027082777993768 0)
(-0.04307856569623621 0.5027043656443017 0)
(-0.07723573552352442 0.5026996570807354 0)
(-0.1114267633608463 0.5026939854909795 0)
(-0.1456488632563925 0.5026871463657714 0)
(-0.1798965379313016 0.5026788875015458 0)
(-0.2141606508839055 0.5026688957979444 0)
(-0.2484270820411361 0.502656778828079 0)
(-0.2826745503496767 0.5026420378822152 0)
(-0.3168708834504287 0.5026240260723408 0)
(-0.3509664502579424 0.5026018777943209 0)
(-0.3848823204674759 0.5025743763505131 0)
(-0.4184882664520846 0.5025396632835137 0)
(-0.4515593422485929 0.5024944074456299 0)
(-0.4836732033888856 0.5024289073995349 0)
(-0.5138153607194882 0.5021445792589855 0)
(-0.5417105948398058 0.5005465668050388 0)
(-0.568534798429454 0.4975507521172 0)
(-0.5946119937037044 0.4932333652783413 0)
(-0.6200921270598072 0.4876384511530375 0)
(-0.6450430802804265 0.4807938711587251 0)
(-0.6694880361189571 0.4727196994820399 0)
(-0.6934183853745153 0.4634344627560352 0)
(-0.7168067990913817 0.4529578146432097 0)
(-0.7396138467583452 0.4413119939727246 0)
(-0.7617933377274774 0.428522444413372 0)
(-0.7832936949483146 0.4146189256235513 0)
(-0.8040636174042501 0.3996337161067193 0)
(-0.8240486434854712 0.3836044133472386 0)
(-0.8431985399089399 0.3665694367179685 0)
(-0.8614602632928993 0.3485737566770987 0)
(-0.8787868140816901 0.3296616896975359 0)
(-0.8951291013964799 0.3098846695734789 0)
(-0.9104452587196478 0.2892916135733277 0)
(-0.9246926026066508 0.2679378262776742 0)
(-0.9378326407942339 0.2458794394155471 0)
(-0.9498311305685512 0.2231721706262853 0)
(-0.96065336911022 0.1998801967214984 0)
(-0.9702720818612385 0.1760614041722372 0)
(-0.9786618373303657 0.1517767591945175 0)
(-0.9857978212567897 0.1270971669511635 0)
(-0.9916629347326484 0.1020818202486948 0)
(-0.9962418058872218 0.0767930848945485 0)
(-0.9995200345381735 0.05131062721344032 0)
(-1.001490675584586 0.02569295193114874 0)
(-1.002148427966955 4.334799211635867e-08 0)
(-1.001490718508783 -0.02569211211806896 0)
(-0.9995201364581293 -0.05130963587026455 0)
(-0.9962419689297988 -0.07679203337915169 0)
(-0.9916631501340512 -0.1020807820373123 0)
(-0.9857980789219023 -0.1270961823234358 0)
(-0.978662126535575 -0.151775847988573 0)
(-0.9702723917700179 -0.1760605759694304 0)
(-0.9606536901869417 -0.1998794568095027 0)
(-0.9498314521519654 -0.223171521813021 0)
(-0.9378329622831152 -0.2458788667173202 0)
(-0.9246929168885267 -0.2679373281851229 0)
(-0.9104455603000534 -0.2892911853722299 0)
(-0.8951293868607872 -0.3098843054971328 0)
(-0.8787870783204493 -0.3296613861749919 0)
(-0.8614603958368523 -0.3485736190997573 0)
(-0.8431987634409718 -0.3665692274534987 0)
(-0.8240488510106319 -0.3836042379097193 0)
(-0.8040638057493834 -0.3996335727745347 0)
(-0.7832938645350465 -0.4146188096325142 0)
(-0.7617934894997096 -0.4285223515095571 0)
(-0.7396139819207281 -0.4413119204701829 0)
(-0.7168069188702316 -0.4529577571531409 0)
(-0.693418491140962 -0.4634344184968793 0)
(-0.6694881291781437 -0.4727196659495021 0)
(-0.6450431618735892 -0.4807938463712262 0)
(-0.6200921981654071 -0.4876384334423383 0)
(-0.5946120547985372 -0.493233353371569 0)
(-0.5685348492448457 -0.4975507449513695 0)
(-0.5417106413693971 -0.5005465627257466 0)
(-0.5138154032344027 -0.5021445778077727 0)
(-0.4836732415527578 -0.5024289071206973 0)
(-0.4515593759456098 -0.502494407256174 0)
(-0.4184882959239665 -0.5025396631434099 0)
(-0.3848823461563837 -0.502574376244745 0)
(-0.3509664726276287 -0.50260187771348 0)
(-0.3168709029286702 -0.502624026009854 0)
(-0.2826745673136785 -0.5026420378334809 0)
(-0.2484270968193635 -0.5026567787898344 0)
(-0.2141606637606836 -0.5026688957677081 0)
(-0.1798965491520275 -0.5026788874774861 0)
(-0.1456488730333538 -0.5026871463466156 0)
(-0.1114267718782574 -0.502693985475805 0)
(-0.07723574294124066 -0.5026996570687849 0)
(-0.04307857215267112 -0.5027043656349153 0)
(-0.008956058698419696 -0.5027082777919966 0)
(0.02513238965604983 -0.5027115297442457 0)
(0.05918828294606077 -0.5027142331009291 0)
(0.09321369816135792 -0.5027164794663254 0)
(0.1272110372863382 -0.5027183440929925 0)
(0.1611828688247779 -0.5027198888062205 0)
(0.195131826212694 -0.502721164353564 0)
(0.2290605399671309 -0.5027222122959828 0)
(0.2629715809708726 -0.5027230665301945 0)
(0.2968673841067476 -0.5027237545116656 0)
(0.3307501028175491 -0.5027242982325354 0)
(0.3646213367178751 -0.5027247149970726 0)
(0.3984817695211214 -0.5027250180258913 0)
(0.4323311329418685 -0.5027252168931522 0)
(0.4661694655959745 -0.5027253177358137 0)
(0.5 -0.5027253229864475 0)
(0.5 0.5035078330749634 0)
(0.4661671406128191 0.5035078263552382 0)
(0.4323265359255397 0.5035076966040749 0)
(0.3984749364306089 0.5035074406447586 0)
(0.3646122534417123 0.5035070505857909 0)
(0.3307387150651074 0.5035065141164509 0)
(0.2968536147015149 0.5035058142205566 0)
(0.2629553390693502 0.5035049286204816 0)
(0.2290417235580612 0.5035038290022392 0)
(0.1951103219830014 0.5035024800173566 0)
(0.1611585516149928 0.5035008380235223 0)
(0.1271837698815734 0.5034988495095158 0)
(0.09318333160404173 0.503496449134568 0)
(0.05915465744315765 0.5034935572926271 0)
(0.02509533616351609 0.5034900770861327 0)
(-0.008996716135126009 0.5034858905591409 0)
(-0.04312301327842317 0.5034808539917259 0)
(-0.07728414741001147 0.5034747919878911 0)
(-0.1114793144687468 0.5034674899804167 0)
(-0.1457057172343664 0.5034586845974682 0)
(-0.1799578373634933 0.5034480510348179 0)
(-0.2142265012373794 0.5034351860499201 0)
(-0.2484975257165792 0.5034195842236362 0)
(-0.2827495265894224 0.5034006032401455 0)
(-0.316950168841184 0.5033774099205442 0)
(-0.3510495735736771 0.5033488893513014 0)
(-0.3849684465774263 0.5033134743745512 0)
(-0.4185760503901139 0.5032687713075028 0)
(-0.4516467728994724 0.5032104881351305 0)
(-0.4837576657587645 0.5031262110477549 0)
(-0.5139091691091934 0.5028130579356743 0)
(-0.5418341939020209 0.5011942329963164 0)
(-0.5686872320110423 0.4981821774185208 0)
(-0.5947922683403917 0.493850144448607 0)
(-0.6202993317580514 0.4882411656784916 0)
(-0.6452764276598842 0.4813825931135262 0)
(-0.6697467983866719 0.4732942029839506 0)
(-0.6937019315923555 0.4639943085030852 0)
(-0.7171145545606952 0.4535024030064512 0)
(-0.7399452698375026 0.4418406008600835 0)
(-0.7621478740355977 0.4290342553219885 0)
(-0.7836707936383198 0.4151130400920728 0)
(-0.804462649092344 0.400109203404431 0)
(-0.8244689680143126 0.3840602800211045 0)
(-0.8436393955023612 0.3670047168263486 0)
(-0.8619208770629785 0.3489874343908259 0)
(-0.8792662807318624 0.3300528177200919 0)
(-0.8956265078360527 0.3102522573171147 0)
(-0.9109595589247785 0.2896347742389409 0)
(-0.9252227167268596 0.2682556766668026 0)
(-0.9383774246247278 0.246171142468372 0)
(-0.9503893437992863 0.2234370121756387 0)
(-0.96122377791765 0.2001174120929844 0)
(-0.9708533589331199 0.176270377898821 0)
(-0.9792525992876252 0.151956997316543 0)
(-0.9863967050238933 0.127248077904176 0)
(-0.9922684985052304 0.1022030221290776 0)
(-0.9968525704442619 0.0768843778160978 0)
(-1.000134554742043 0.05137157640918052 0)
(-1.002107451050224 0.02572339727726268 0)
(-1.002765950694215 5.543737631644023e-08 0)
(-1.002107494320398 -0.02572255064234159 0)
(-1.000134657460294 -0.05137057723168602 0)
(-0.9968527346422845 -0.07688331872414164 0)
(-0.9922687154482251 -0.1022019764453572 0)
(-0.9863969645724503 -0.1272470859949527 0)
(-0.9792528906482274 -0.1519560791943251 0)
(-0.9708536712232314 -0.1762695432787291 0)
(-0.961224101552153 -0.200116666219632 0)
(-0.9503896680988109 -0.2234363578130634 0)
(-0.9383777487909011 -0.2461705649333401 0)
(-0.9252230336944636 -0.2682551742551663 0)
(-0.9109598631330325 -0.2896343422509394 0)
(-0.895626795775605 -0.3102518900235858 0)
(-0.8792665468996466 -0.330052511923914 0)
(-0.8619210140519076 -0.3489872921506572 0)
(-0.8436396206120554 -0.3670045060356154 0)
(-0.8244691775513485 -0.3840601028353435 0)
(-0.8044628394070594 -0.4001090585173886 0)
(-0.7836709650939565 -0.4151129227753323 0)
(-0.7621480275746233 -0.4290341612943258 0)
(-0.7399454066614087 -0.4418405264082128 0)
(-0.7171146758998437 -0.4535023447209736 0)
(-0.6937020388114813 -0.4639942635796912 0)
(-0.6697468927442884 -0.4732941689194643 0)
(-0.6452765103601301 -0.4813825679337117 0)
(-0.6202994038987379 -0.4882411476821394 0)
(-0.5947923306400666 -0.4938501322645352 0)
(-0.5686872840791986 -0.498182169966339 0)
(-0.5418342411638321 -0.5011942287575748 0)
(-0.5139092122504936 -0.5028130564026604 0)
(-0.4837577046478898 -0.5031262107088961 0)
(-0.4516468073090589 -0.50321048789282 0)
(-0.4185760804722929 -0.5032687711220194 0)
(-0.3849684727726041 -0.5033134742340184 0)
(-0.3510495963700662 -0.5033488892447857 0)
(-0.3169501886874422 -0.5033774098389262 0)
(-0.2827495438751082 -0.5034006031767582 0)
(-0.2484975407773248 -0.5034195841739917 0)
(-0.2142265143631629 -0.5034351860108186 0)
(-0.1799578488045611 -0.5034480510038294 0)
(-0.1457057272067182 -0.5034586845728104 0)
(-0.1114793231594531 -0.5034674899608214 0)
(-0.07728415498145914 -0.5034747919723923 0)
(-0.04312301987142681 -0.5034808539795185 0)
(-0.008996721871494289 -0.5034858905495385 0)
(0.02509533117857443 -0.5034900770785617 0)
(0.05915465311876878 -0.5034935572866364 0)
(0.09318332786166185 -0.5034964491298108 0)
(0.1271837666533057 -0.5034988495057259 0)
(0.1611585488422063 -0.5035008380204902 0)
(0.1951103196152268 -0.5035024800149261 0)
(0.2290417215520525 -0.5035038290002828 0)
(0.2629553373883358 -0.5035049286188995 0)
(0.2968536133145729 -0.5035058142192632 0)
(0.3307387139466465 -0.5035065141153812 0)
(0.3646122525710133 -0.5035070505848858 0)
(0.3984749357914933 -0.5035074406439735 0)
(0.4323265355060694 -0.5035076966033692 0)
(0.4661671404050681 -0.5035078263545818 0)
(0.5 -0.5035078330743556 0)
(0.5 0.5044593029821218 0)
(0.4661643133174803 0.504459294481469 0)
(0.4323209444892451 0.504459129589157 0)
(0.3984666236891723 0.5044588042136168 0)
(0.3646012020819283 0.5044583083214017 0)
(0.3307248592301299 0.5044576262770929 0)
(0.296836860687517 0.5044567364504572 0)
(0.2629355764480348 0.5044556105144291 0)
(0.2290188282321061 0.5044542124641238 0)
(0.1950841560518401 0.5044524973483068 0)
(0.161128962730108 0.5044504096675426 0)
(0.1271505909991539 0.5044478813705375 0)
(0.09314638136520163 0.5044448293598721 0)
(0.05911374127196178 0.5044411523932097 0)
(0.02505024818255972 0.5044367272330887 0)
(-0.009046190276108233 0.5044314038543534 0)
(-0.0431770926281387 0.5044249994573028 0)
(-0.07734305101242278 0.5044172909455399 0)
(-0.1115432555590615 0.5044080053887443 0)
(-0.145774895452167 0.5043968077643883 0)
(-0.1800324268522465 0.5043832848902894 0)
(-0.2143066311666509 0.5043669237873937 0)
(-0.2485832488530597 0.504347081477406 0)
(-0.282840770825888 0.504322940808263 0)
(-0.3170466654793761 0.5042934417900234 0)
(-0.3511507550563449 0.5042571659844768 0)
(-0.385073307758559 0.5042121196209494 0)
(-0.41868297675767 0.5041552575470076 0)
(-0.4517533677978299 0.5040811170058277 0)
(-0.4838609429402327 0.5039740294997475 0)
(-0.5140239797952229 0.5036261311047729 0)
(-0.5419849621030077 0.5019820736786323 0)
(-0.5688729595863331 0.4989502728148487 0)
(-0.595011794337051 0.494600429373071 0)
(-0.6205515693709827 0.4889743467264249 0)
(-0.6455604341349855 0.4820987567586283 0)
(-0.6700616981173744 0.4739930738228958 0)
(-0.6940469628832904 0.4646753516830283 0)
(-0.7174890225259326 0.4541648885329709 0)
(-0.7403485193795475 0.4424836469818973 0)
(-0.7625792332254362 0.4296568709571017 0)
(-0.7841295926150488 0.4157141303524873 0)
(-0.804948124238767 0.4006876352287226 0)
(-0.8249803412756571 0.3846148448883288 0)
(-0.8441757420924871 0.3675342387658148 0)
(-0.8624812559012556 0.3494906789172358 0)
(-0.8798495920511962 0.3305286312863316 0)
(-0.8962316402544259 0.3106994358934582 0)
(-0.9115852415386678 0.2900522375309966 0)
(-0.9258676359734536 0.2686423504654285 0)
(-0.9390401884755303 0.2465260090384733 0)
(-0.951068444640655 0.2237592008016911 0)
(-0.9619177138462802 0.2004059945189754 0)
(-0.9715605159344916 0.1765246042690272 0)
(-0.9799712954562741 0.1521762640447003 0)
(-0.987125281128022 0.1274316684891208 0)
(-0.9930052009065692 0.1023504713006932 0)
(-0.9975956004688018 0.0769954377167314 0)
(-1.000882153275298 0.05144572414438524 0)
(-1.002857793100837 0.02576043765619578 0)
(-1.003517201958923 6.992002190011144e-08 0)
(-1.002857836805857 -0.02575958255933628 0)
(-1.00088225696488 -0.05144471539597961 0)
(-0.997595766069783 -0.07699436942149468 0)
(-0.9930054197291742 -0.1023494165032132 0)
(-0.9871255429605537 -0.1274306677478041 0)
(-0.9799715894487632 -0.1521753374999079 0)
(-0.9715608311232053 -0.1765237618244667 0)
(-0.961918040583533 -0.2004052414082817 0)
(-0.9510687722444771 -0.2237585396995433 0)
(-0.9390405159110707 -0.2465254255982737 0)
(-0.9258679562019215 -0.2686418427985912 0)
(-0.9115855489356531 -0.2900518009529202 0)
(-0.8962319312197097 -0.3106990646680342 0)
(-0.8798498605841228 -0.3305283227008152 0)
(-0.8624813982438033 -0.3494905310646494 0)
(-0.8441759691599146 -0.3675340260750825 0)
(-0.8249805532468237 -0.3846146655885445 0)
(-0.8049483169629461 -0.4006874884436404 0)
(-0.7841297663533912 -0.4157140114142955 0)
(-0.7625793889205896 -0.4296567755565404 0)
(-0.7403486582361741 -0.4424835713666754 0)
(-0.717489145759562 -0.4541648292740517 0)
(-0.6940470718202234 -0.4646753059679926 0)
(-0.6700617940132331 -0.4739930391442927 0)
(-0.6455605183097702 -0.4820987310842336 0)
(-0.6205516429923257 -0.4889743282847606 0)
(-0.5950118578340453 -0.4946004168577892 0)
(-0.5688730125876551 -0.4989502652067765 0)
(-0.5419850106532631 -0.5019820692444474 0)
(-0.5140240239025146 -0.5036261293997271 0)
(-0.4838609825794575 -0.503974029067817 0)
(-0.4517534029799084 -0.5040811167117578 0)
(-0.4186830075908351 -0.5041552573151126 0)
(-0.3850733346076312 -0.5042121194391863 0)
(-0.3511507783999882 -0.5042571658452042 0)
(-0.3170466857876627 -0.504293441683799 0)
(-0.2828407885096987 -0.504322940726401 0)
(-0.2485832642614062 -0.5043470814135931 0)
(-0.2143066445979049 -0.5043669237373032 0)
(-0.1800324385630623 -0.5043832848507481 0)
(-0.1457749056635759 -0.5043968077330039 0)
(-0.1115432644619215 -0.5044080053637792 0)
(-0.07734305877217457 -0.5044172909257242 0)
(-0.04317709938835674 -0.5044249994416414 0)
(-0.009046196161152219 -0.5044314038420128 0)
(0.02505024306524502 -0.5044367272233613 0)
(0.05911373682966015 -0.5044411523855236 0)
(0.09314637751790514 -0.5044448293537787 0)
(0.1271505876778062 -0.5044478813656882 0)
(0.1611289598751457 -0.5044504096636679 0)
(0.1950841536120232 -0.5044524973452004 0)
(0.2290188261635424 -0.504454212461624 0)
(0.2629355747134058 -0.5044556105124063 0)
(0.2968368592554391 -0.5044567364488042 0)
(0.330724858074626 -0.504457626275725 0)
(0.3646012011819653 -0.5044583083202439 0)
(0.3984666230283246 -0.5044588042126126 0)
(0.4323209440553886 -0.5044591295882547 0)
(0.4661643131025678 -0.5044592944806323 0)
(0.5 -0.5044593029813487 0)
(0.5 0.5056139314121384 0)
(0.4661608828740644 0.5056139207535324 0)
(0.4323141584651701 0.5056137132231765 0)
(0.3984565327921478 0.505613303611155 0)
(0.364587785108735 0.5056126792727305 0)
(0.3307080365332559 0.5056118205377653 0)
(0.2968165188050136 0.5056107001779044 0)
(0.2629115814760825 0.5056092825221196 0)
(0.2289910295602926 0.5056075222268483 0)
(0.1950523862435414 0.5056053626798902 0)
(0.1610930367657491 0.5056027339826026 0)
(0.1271103059861964 0.5055995504254329 0)
(0.0931015169998171 0.5055957073451058 0)
(0.05906406116391007 0.5055910772199091 0)
(0.02499550216401909 0.5055855048180083 0)
(-0.009106262740482252 0.5055788011582447 0)
(-0.04324275788599558 0.5055707359658612 0)
(-0.0774145755417221 0.5055610281927619 0)
(-0.1116208989484501 0.5055493339975179 0)
(-0.1458589009663919 0.5055352312964237 0)
(-0.1801230070079238 0.5055181995149138 0)
(-0.2144039441677187 0.5054975923201159 0)
(-0.248687360650972 0.5054725995606829 0)
(-0.2829515967504466 0.5054421916021637 0)
(-0.3171638841136547 0.5054050328114403 0)
(-0.3512736857974422 0.5053593359060352 0)
(-0.3852007461074474 0.5053025887522606 0)
(-0.4188129948369126 0.5052309546730349 0)
(-0.451883129492319 0.5051375471415334 0)
(-0.4839871005823291 0.5050028127033865 0)
(-0.5141643790880205 0.5046131887746417 0)
(-0.5421686175586883 0.5029386205915354 0)
(-0.5690988907610838 0.4998828639624809 0)
(-0.5952786601193443 0.4955114052639507 0)
(-0.6208580856091012 0.4898645629618604 0)
(-0.6459054753317123 0.4829683177087705 0)
(-0.6704442158190956 0.4748416436446676 0)
(-0.6944660416268074 0.4655022797222159 0)
(-0.7179438265695089 0.4549692870000959 0)
(-0.7408382556296667 0.4432644455830614 0)
(-0.7631030904964474 0.430412864790005 0)
(-0.784686758559909 0.4164439902834043 0)
(-0.8055376750270437 0.4013899841138965 0)
(-0.8256013311444884 0.3852882169609059 0)
(-0.8448270505857616 0.3681772045925946 0)
(-0.8631617408487569 0.3501017395852836 0)
(-0.8805579203893383 0.3311063846129855 0)
(-0.8969664609160924 0.3112424221241296 0)
(-0.9123450132646114 0.2905591430560105 0)
(-0.9266507638287727 0.2691118712145992 0)
(-0.9398449821841094 0.2469569097274655 0)
(-0.9518930756381663 0.2241504208174119 0)
(-0.9627603572343049 0.2007564094334094 0)
(-0.9724192124634763 0.176833303075994 0)
(-0.9808440038868844 0.1524425110100063 0)
(-0.9880099852228189 0.1276545981583113 0)
(-0.9938997720191098 0.1025295171283663 0)
(-0.9984978558623214 0.07713029183610348 0)
(-1.001789955490708 0.05153576008653234 0)
(-1.003768926531033 0.02580541797370449 0)
(-1.004429439607895 8.719370836557339e-08 0)
(-1.003768970776859 -0.02580455236300831 0)
(-1.001790060362396 -0.05153473969879725 0)
(-0.998498023171167 -0.07712921232843895 0)
(-0.9938999931194766 -0.1025284512771883 0)
(-0.9880102498309932 -0.1276535866849481 0)
(-0.980844301074397 -0.1524415742552119 0)
(-0.9724195311818649 -0.1768324510980357 0)
(-0.9627606877249153 -0.200755647548826 0)
(-0.9518934072510995 -0.2241497515522514 0)
(-0.9398453136044376 -0.246956319089142 0)
(-0.9266510880058049 -0.2691113571795463 0)
(-0.9123453245406175 -0.2905587008923739 0)
(-0.8969667555462013 -0.3112420461378617 0)
(-0.8805581918480305 -0.331106072577102 0)
(-0.8631618895892669 -0.3501015850252256 0)
(-0.8448272800963607 -0.3681769895334092 0)
(-0.8256015460645583 -0.3852880350950779 0)
(-0.8055378706785143 -0.4013898350266097 0)
(-0.7846869350881097 -0.4164438693642656 0)
(-0.7631032488191349 -0.4304127677108601 0)
(-0.7408383969461092 -0.4432643685532042 0)
(-0.7179439520731846 -0.454969226572485 0)
(-0.6944661526362618 -0.4655022330646948 0)
(-0.670444313667536 -0.4748416081969474 0)
(-0.6459055613635746 -0.4829682913814252 0)
(-0.6208581608077517 -0.4898645440353177 0)
(-0.5952787250462291 -0.4955113924158802 0)
(-0.5690989454799437 -0.4998828559748196 0)
(-0.5421686671090075 -0.5029386159900152 0)
(-0.5141644244791639 -0.5046131869154526 0)
(-0.4839871413160931 -0.5050028121243904 0)
(-0.4518831655516495 -0.5051375467634862 0)
(-0.4188130265121024 -0.5052309543893825 0)
(-0.3852007737518857 -0.5053025885267599 0)
(-0.3512737098356296 -0.5053593357283652 0)
(-0.3171639050079988 -0.5054050326743358 0)
(-0.2829516149316764 -0.5054421914968029 0)
(-0.2486873764886695 -0.5054725994790693 0)
(-0.2144039579740748 -0.505497592256351 0)
(-0.1801230190488604 -0.5055181994647802 0)
(-0.1458589114698213 -0.5055352312567706 0)
(-0.1116209081103856 -0.5055493339660113 0)
(-0.07741458353152547 -0.5055610281677079 0)
(-0.04324276485051862 -0.505570735945992 0)
(-0.009106268807050849 -0.5055788011425473 0)
(0.02499549688528917 -0.5055855048056248 0)
(0.059064056578018 -0.5055910772101322 0)
(0.0931015130248927 -0.5055957073373655 0)
(0.1271103025517 -0.5055995504192816 0)
(0.1610930338109317 -0.5056027339776932 0)
(0.1950523837161995 -0.5056053626759565 0)
(0.228991027415735 -0.5056075222236829 0)
(0.2629115796763211 -0.5056092825195579 0)
(0.2968165173181019 -0.5056107001758117 0)
(0.3307080353327486 -0.5056118205360324 0)
(0.3645877841732182 -0.5056126792712634 0)
(0.3984565321048965 -0.5056133036098831 0)
(0.4323141580138355 -0.5056137132220349 0)
(0.4661608826504502 -0.5056139207524762 0)
(0.5 -0.5056139314111645 0)
(0.5 0.5070117864511787 0)
(0.4661567312640038 0.5070117731791857 0)
(0.432305943325086 0.5070115140318213 0)
(0.3984443136707973 0.5070110024360747 0)
(0.3645715360620167 0.5070102225728663 0)
(0.3306876615425489 0.5070091498826788 0)
(0.2967918808854279 0.5070077503599475 0)
(0.2628825186828356 0.5070059794389354 0)
(0.2289573595522799 0.507003780462425 0)
(0.1950139062021492 0.5070010826897742 0)
(0.1610495225152409 0.5069977987751866 0)
(0.1270615116559248 0.5069938216117317 0)
(0.0930471755814859 0.5069890204019725 0)
(0.05900388610217485 0.5069832357757947 0)
(0.02492919012770769 0.5069762737240935 0)
(-0.009179027762625972 0.5069678980475244 0)
(-0.04332229911056603 0.5069578209227803 0)
(-0.07750121655700107 0.5069456910477317 0)
(-0.1117149552546259 0.5069310786095812 0)
(-0.1459606685753181 0.5069134559655509 0)
(-0.1802327450164384 0.50689217232163 0)
(-0.2145218463551358 0.5068664196347333 0)
(-0.248813509864901 0.5068351850229385 0)
(-0.283085894896591 0.5067971811732053 0)
(-0.3173059490978669 0.5067507381912695 0)
(-0.3514227058173873 0.5066936215423972 0)
(-0.3853552861014992 0.5066226906755746 0)
(-0.4189707671766625 0.5065331494462354 0)
(-0.4520408057491421 0.506416383928568 0)
(-0.4841410232852818 0.5062482334993226 0)
(-0.5143358927364126 0.505808723031131 0)
(-0.5423919596872031 0.5040973785193887 0)
(-0.5693731993167626 0.5010126303895654 0)
(-0.5956024112335911 0.4966150011318489 0)
(-0.6212297735887826 0.4909430215589995 0)
(-0.6463237656895983 0.4840217636776781 0)
(-0.6709078601173569 0.4758696678067504 0)
(-0.6949739454846232 0.4665040917465715 0)
(-0.7184949851831217 0.4559438107839082 0)
(-0.7414317150904189 0.4442103827850984 0)
(-0.7637378726127801 0.4313287548926059 0)
(-0.785361882272067 0.4173282222572696 0)
(-0.8062520241944905 0.402240888736884 0)
(-0.8263537606867566 0.3861040186044188 0)
(-0.8456162065658338 0.368956169820598 0)
(-0.8639862372013999 0.3508420552498623 0)
(-0.8814161460940899 0.3318063484631873 0)
(-0.8978567777949279 0.3119002679061377 0)
(-0.9132655566570607 0.2911732769193651 0)
(-0.9275996013694647 0.2696807136801533 0)
(-0.9408200661091493 0.2474789648720223 0)
(-0.9528921931171184 0.224624399904605 0)
(-0.9637812948807057 0.2011809552505698 0)
(-0.9734595978401356 0.1772073096000221 0)
(-0.9819013663502034 0.1527650807988696 0)
(-0.9890818796829811 0.1279246903586959 0)
(-0.9949836201754744 0.1027464441560818 0)
(-0.9995910149920739 0.07729367104131142 0)
(-1.002889833989648 0.05164484423737005 0)
(-1.004872840723248 0.02585991871900526 0)
(-1.005534691869714 1.076939373008099e-07 0)
(-1.004872885637844 -0.02585904004543756 0)
(-1.002889940299323 -0.05164380971858157 0)
(-0.9995911843774326 -0.07729257789631541 0)
(-0.9949838440313156 -0.1027453649215628 0)
(-0.9890821476587134 -0.1279236658701292 0)
(-0.9819016674064331 -0.152764131680937 0)
(-0.9734599208387787 -0.1772064460660109 0)
(-0.9637816299185222 -0.2011801827316222 0)
(-0.9528925295805116 -0.2246237207609934 0)
(-0.9408204023590405 -0.2474783655112712 0)
(-0.9275999303337996 -0.2696801919264763 0)
(-0.9132658726357172 -0.2911728279773205 0)
(-0.8978570768567216 -0.3118998861625987 0)
(-0.8814164211635549 -0.3318060321722098 0)
(-0.8639863935604709 -0.3508418926982957 0)
(-0.8456164391096488 -0.3689559518258539 0)
(-0.8263539791906181 -0.3861038336166372 0)
(-0.8062522233899605 -0.4022407368608482 0)
(-0.7853620621921238 -0.4173280989299643 0)
(-0.7637380341232327 -0.4313286557707823 0)
(-0.7414318593670112 -0.4442103040480185 0)
(-0.7184951134239247 -0.4559437489542103 0)
(-0.6949740590521565 -0.4665040439326341 0)
(-0.6709079603698445 -0.4758696313942646 0)
(-0.6463238538634243 -0.4840217365932368 0)
(-0.6212298507368961 -0.4909430020616695 0)
(-0.5956024781227054 -0.4966149877715033 0)
(-0.5693732556237993 -0.5010126220938333 0)
(-0.5423920109767413 -0.5040973736096326 0)
(-0.5143359393734237 -0.5058087209883821 0)
(-0.4841410653888042 -0.5062482327805573 0)
(-0.4520408429908049 -0.5064163834317399 0)
(-0.4189707998372544 -0.5065331490851073 0)
(-0.3853553146629151 -0.5066226903989064 0)
(-0.3514227307000589 -0.5066936213224867 0)
(-0.3173059707277649 -0.5067507380178352 0)
(-0.283085913702583 -0.5067971810386304 0)
(-0.248813526236044 -0.5068351849188951 0)
(-0.2145218606233023 -0.5068664195538528 0)
(-0.1802327574615612 -0.5068921722583262 0)
(-0.1459606794351127 -0.506913455915684 0)
(-0.1117149647322446 -0.5069310785700688 0)
(-0.07750122482707028 -0.5069456910163137 0)
(-0.0433223063240348 -0.5069578208978074 0)
(-0.009179034050324386 -0.5069678980277359 0)
(0.02492918465251959 -0.5069762737084544 0)
(0.05900388134173051 -0.5069832357634445 0)
(0.09304717145159191 -0.5069890203922044 0)
(0.1270615080841589 -0.5069938216039811 0)
(0.1610495194393489 -0.5069977987690087 0)
(0.1950139035687148 -0.507001082684829 0)
(0.2289573573156196 -0.5070037804584477 0)
(0.262882516804139 -0.5070059794357173 0)
(0.2967918793320617 -0.5070077503573176 0)
(0.3306876602875 -0.5070091498804998 0)
(0.3645715350834102 -0.5070102225710232 0)
(0.3984443129515442 -0.5070110024344767 0)
(0.4323059428525673 -0.5070115140303898 0)
(0.4661567310298428 -0.5070117731778629 0)
(0.5 -0.5070117864499613 0)
(0.5 0.5086993405102922 0)
(0.4661517221243084 0.5086993240751509 0)
(0.4322960277532719 0.5086990026124988 0)
(0.3984295609196543 0.5086983678881263 0)
(0.3645519144117876 0.5086974002396858 0)
(0.3306630556694268 0.5086960691947596 0)
(0.296762125977265 0.5086943325635377 0)
(0.2628474194916134 0.5086921350369928 0)
(0.2289166959623896 0.5086894062889699 0)
(0.1949674332250744 0.5086860585068772 0)
(0.1609969692799071 0.5086819832611907 0)
(0.1270025810182572 0.5086770475857486 0)
(0.09298154479218121 0.5086710890968815 0)
(0.05893120870572648 0.5086639099287651 0)
(0.02484909927288561 0.5086552691976495 0)
(-0.009266914427355045 0.5086448736210076 0)
(-0.04341837289242505 0.5086323657971827 0)
(-0.07760586954093809 0.5086173094763037 0)
(-0.1118285701468692 0.5085991708840603 0)
(-0.1460836049788477 0.5085772947185477 0)
(-0.1803653184648058 0.5085508726898064 0)
(-0.2146642942248343 0.5085189011581556 0)
(-0.2489659367645709 0.5084801220205459 0)
(-0.2832481890374453 0.5084329362796889 0)
(-0.3174776596820485 0.5083752697374165 0)
(-0.3516028711737012 0.508304346975805 0)
(-0.3855422081119496 0.5082162677518604 0)
(-0.4191617511905053 0.5081050759037082 0)
(-0.4522319894759289 0.5079600685777146 0)
(-0.4843285449378153 0.5077516657987435 0)
(-0.5145451428493368 0.5072528210037983 0)
(-0.5426630234337249 0.5054973149847881 0)
(-0.5697054823822205 0.5023775871212321 0)
(-0.5959942166493901 0.49794836283086 0)
(-0.6216793563371181 0.4922460305492972 0)
(-0.6468295559065577 0.4852945676000585 0)
(-0.6714683806332452 0.4771117691291851 0)
(-0.6955878920612295 0.4677145333408518 0)
(-0.7191611597037451 0.4571212889682821 0)
(-0.7421489733164645 0.4453533275761459 0)
(-0.7645050405665099 0.4324353993988683 0)
(-0.7861777763624209 0.41839662044341 0)
(-0.8071153017801324 0.4032690212002401 0)
(-0.8272630370453415 0.3870897420041208 0)
(-0.8465698515325281 0.3698973859777733 0)
(-0.8649825750691875 0.3517365754035774 0)
(-0.882453233946214 0.3326521133138028 0)
(-0.8989326339684522 0.3126951463962384 0)
(-0.9143779322934648 0.2919153391399901 0)
(-0.9287461616617715 0.2703680517821802 0)
(-0.9419983363110768 0.2481097730425314 0)
(-0.9540995027754463 0.2251971154747101 0)
(-0.9650149674269078 0.2016939427963873 0)
(-0.9747167679298381 0.1776592315173331 0)
(-0.9831790508701564 0.1531548465526723 0)
(-0.9903771213862866 0.1282510508993422 0)
(-0.9962933049145523 0.1030085666477069 0)
(-1.000911951902429 0.07749108031452598 0)
(-1.004218888732762 0.05177665417143049 0)
(-1.006206771475215 0.0259257797970314 0)
(-1.006870239775137 1.31870928125063e-07 0)
(-1.006206817218543 -0.02592488489229695 0)
(-1.004218996787738 -0.0517756025084395 0)
(-1.000912123807873 -0.07748997064019117 0)
(-0.9962935321148593 -0.1030074711949604 0)
(-0.9903773934675357 -0.1282500106121574 0)
(-0.9831793566998595 -0.153153882292858 0)
(-0.9747170963097693 -0.1776583536046913 0)
(-0.9650153083263613 -0.2016931566846842 0)
(-0.954099845509446 -0.2251964235341423 0)
(-0.9419986787088058 -0.2481091624882549 0)
(-0.9287464965941736 -0.2703675203214895 0)
(-0.9143782540205603 -0.2919148818569158 0)
(-0.8989329384137554 -0.3126947576355794 0)
(-0.882453513456797 -0.3326517917856059 0)
(-0.8649827404658379 -0.3517364033661332 0)
(-0.8465700878320275 -0.3698971643508377 0)
(-0.8272632598976859 -0.3870895532287696 0)
(-0.8071155052621279 -0.403268865945587 0)
(-0.7861779603788767 -0.4183964942039849 0)
(-0.7645052059238187 -0.4324352978095143 0)
(-0.7421491211628606 -0.4453532467820981 0)
(-0.7191612912735739 -0.4571212254369615 0)
(-0.6955880087499635 -0.4677144841057933 0)
(-0.6714684837405468 -0.4771117315642698 0)
(-0.646829646671324 -0.4852945396152276 0)
(-0.6216794359568483 -0.4922460103058249 0)
(-0.5959942857062599 -0.497948348922547 0)
(-0.5697055408746323 -0.5023775783649271 0)
(-0.5426630765546283 -0.5054973097749216 0)
(-0.5145451912434181 -0.5072528186913128 0)
(-0.4843285885276673 -0.5077516649100717 0)
(-0.4522320281944409 -0.5079600679567574 0)
(-0.4191617851138372 -0.5081050754374532 0)
(-0.3855422377551713 -0.5082162674037931 0)
(-0.3516028970475302 -0.5083043467060111 0)
(-0.3174776822077706 -0.5083752695229762 0)
(-0.2832482086213124 -0.5084329361104915 0)
(-0.2489659538000439 -0.5084801218887753 0)
(-0.2146643090634357 -0.5085189010558616 0)
(-0.1803653314054742 -0.5085508726100768 0)
(-0.1460836162733757 -0.5085772946560185 0)
(-0.1118285800084723 -0.5085991708347016 0)
(-0.07760587815150496 -0.5086173094371313 0)
(-0.04341838040828726 -0.5086323657660246 0)
(-0.009266920983640105 -0.5086448735962574 0)
(0.0248490935592004 -0.5086552691780426 0)
(0.05893120373358278 -0.508663909913264 0)
(0.09298154047454694 -0.5086710890846246 0)
(0.1270025772803564 -0.5086770475760338 0)
(0.1609969660575832 -0.5086819832534584 0)
(0.1949674304633832 -0.5086860585006948 0)
(0.2289166936144108 -0.5086894062840024 0)
(0.2628474175175224 -0.5086921350329738 0)
(0.2967621243435903 -0.508694332560254 0)
(0.3306630543484659 -0.5086960691920395 0)
(0.3645519133811074 -0.5086974002373852 0)
(0.3984295601617266 -0.5086983678861317 0)
(0.4322960272551508 -0.5086990026107148 0)
(0.4661517218774013 -0.5086993240735055 0)
(0.5 -0.5086993405087809 0)
(0.5 0.5107298371164508 0)
(0.4661456999608237 0.5107298168552867 0)
(0.4322841019202695 0.5107294204091359 0)
(0.3984118110049906 0.5107286375161486 0)
(0.3645283016615699 0.5107274438822582 0)
(0.330633442168479 0.5107258019054814 0)
(0.2967263142397608 0.5107236595412092 0)
(0.2628051749841554 0.510720948546035 0)
(0.2288677538823193 0.5107175821327389 0)
(0.194911498626655 0.5107134519261112 0)
(0.160933715933876 0.5107084240994018 0)
(0.1269316509647308 0.5107023345339181 0)
(0.09290254913445879 0.5106949827906703 0)
(0.05884372986346477 0.5106861246195351 0)
(0.02475269491360736 0.5106754626509085 0)
(-0.009372705573758624 0.5106626348074156 0)
(-0.04353402325948622 0.5106471998246197 0)
(-0.07773185299189346 0.5106286190543777 0)
(-0.1119653498388115 0.5106062333916384 0)
(-0.1462316169197782 0.5105792336193248 0)
(-0.1805249464078771 0.5105466215411301 0)
(-0.2148358289425498 0.5105071576542415 0)
(-0.2491495109797997 0.5104592881422338 0)
(-0.2834436781547681 0.5104010381447958 0)
(-0.317684537223704 0.5103298459542385 0)
(-0.3518200078888383 0.5102422841723928 0)
(-0.3857676113480264 0.510133537166515 0)
(-0.4193922768199247 0.5099962508428706 0)
(-0.4524632168785052 0.5098172076276255 0)
(-0.4845565914305392 0.5095605154930786 0)
(-0.5148000160358901 0.5089915261782207 0)
(-0.5429912216605479 0.5071832283961603 0)
(-0.5701069001069006 0.5040214478355332 0)
(-0.5964670141344997 0.4995542098553337 0)
(-0.6222215379148919 0.4938153499333714 0)
(-0.6474392921481867 0.4868275322774985 0)
(-0.6721439370898435 0.4786077747312127 0)
(-0.6963277279968825 0.4691724222320909 0)
(-0.7199638498659799 0.4585394884319084 0)
(-0.7430131530683234 0.4467299434077561 0)
(-0.7654293067257254 0.4337683006219595 0)
(-0.7871607069608566 0.4196834630890453 0)
(-0.8081552873791402 0.4045073697261077 0)
(-0.8283584102987909 0.3882770160774786 0)
(-0.8477186551393642 0.3710310550915273 0)
(-0.8661827886383444 0.3528140060704961 0)
(-0.8837025249047796 0.3336708189612765 0)
(-0.9002286112063795 0.3136525662204077 0)
(-0.9157178919128214 0.2928091439978789 0)
(-0.9301272909281268 0.2711959451746495 0)
(-0.9434176543446422 0.2488695810551533 0)
(-0.9555537987258389 0.2258869471135619 0)
(-0.9665010128196675 0.2023118381718677 0)
(-0.9762311131182694 0.1782035771564086 0)
(-0.9847181068596145 0.1536243181648125 0)
(-0.9919373218983335 0.1286441576588143 0)
(-0.9978709007823678 0.1033243015929824 0)
(-1.00250310321863 0.0777288531539576 0)
(-1.005819816208322 0.05193542125879239 0)
(-1.007813571530136 0.02600511885161801 0)
(-1.008478988149823 1.60172932066747e-07 0)
(-1.0078136183038 -0.02600420377746259 0)
(-1.005819926378371 -0.051934348821927 0)
(-1.002503278182441 -0.07772772347973148 0)
(-0.9978711320505667 -0.1033231864690312 0)
(-0.9919375989654826 -0.1286430981755483 0)
(-0.9847184184220052 -0.1536233355286519 0)
(-0.9762314476898952 -0.1782026822659956 0)
(-0.9665013600208864 -0.2023110370440809 0)
(-0.9555541480219267 -0.2258862418303433 0)
(-0.9434180036751485 -0.2488689582486764 0)
(-0.9301276330589914 -0.2711954022591317 0)
(-0.9157182206922866 -0.2928086765449466 0)
(-0.9002289222369935 -0.3136521688616113 0)
(-0.8837028098987193 -0.3336704909516059 0)
(-0.8661829646975899 -0.3528138228300874 0)
(-0.847718896094471 -0.3710308289605167 0)
(-0.8283586384039436 -0.3882768227262381 0)
(-0.8081554960341684 -0.4045072103884498 0)
(-0.787160895901631 -0.4196833333425529 0)
(-0.765429476709235 -0.4337681960670262 0)
(-0.7430133052310764 -0.4467298601302185 0)
(-0.7199639854719097 -0.4585394228297539 0)
(-0.696327848424102 -0.4691723712845524 0)
(-0.6721440436147976 -0.4786077357947454 0)
(-0.6474393861060986 -0.4868275031767278 0)
(-0.6222216204501172 -0.493815328805531 0)
(-0.5964670858483554 -0.4995541952703887 0)
(-0.5701069612194418 -0.5040214385328002 0)
(-0.5429912769968317 -0.5071832227991668 0)
(-0.5148000665279719 -0.5089915235651834 0)
(-0.4845566368816778 -0.5095605143700335 0)
(-0.4524632572865293 -0.5098172068612885 0)
(-0.4193923123193847 -0.5099962502581956 0)
(-0.3857676423355941 -0.5101335367230568 0)
(-0.3518200349348902 -0.5102422838364327 0)
(-0.3176845608122079 -0.5103298456914661 0)
(-0.283443698686538 -0.5104010379358406 0)
(-0.2491495288368112 -0.5104592879773926 0)
(-0.2148358444861226 -0.5105071575255787 0)
(-0.1805249599569624 -0.5105466214409644 0)
(-0.1462316287447256 -0.5105792335410635 0)
(-0.1119653601668692 -0.5106062333301224 0)
(-0.07773186201507759 -0.510628619005717 0)
(-0.04353403114144416 -0.5106471997859552 0)
(-0.00937271245513278 -0.5106626347766647 0)
(0.02475268891133754 -0.5106754626264922 0)
(0.05884372463533605 -0.5106861246001977 0)
(0.09290254459003074 -0.5106949827753706 0)
(0.1269316470263356 -0.5107023345217989 0)
(0.1609337125349802 -0.5107084240897686 0)
(0.1949114957103955 -0.5107134519184187 0)
(0.2288677514002309 -0.5107175821265648 0)
(0.2628051728951593 -0.5107209485410422 0)
(0.29672631250936 -0.5107236595371307 0)
(0.3306334407681337 -0.5107258019021035 0)
(0.3645283005681715 -0.5107274438794027 0)
(0.3984118102004826 -0.5107286375136753 0)
(0.4322841013913123 -0.5107294204069256 0)
(0.4661456996985637 -0.5107298168532521 0)
(0.5 -0.510729837114585 0)
(0.5 0.5131633779887508 0)
(0.4661384902805 0.5131633531042692 0)
(0.4322698175462736 0.5131628667826453 0)
(0.3983905420907893 0.5131619062835315 0)
(0.3645000008899004 0.513160441757097 0)
(0.3305979454167931 0.5131584270388362 0)
(0.2966833859910604 0.513155798259004 0)
(0.2627545347321713 0.5131524716599536 0)
(0.2288090843521048 0.5131483407065385 0)
(0.1948444461107042 0.5131432723503759 0)
(0.1608578890300509 0.5131371022866078 0)
(0.1268466200706568 0.5131296290077386 0)
(0.09280784738310964 0.5131206063964718 0)
(0.05873885577672147 0.5131097345207786 0)
(0.02463711703646391 0.5130966481947108 0)
(-0.009499541819835401 0.5130809027361874 0)
(-0.04367268640733672 0.5130619561709251 0)
(-0.07788291401591409 0.5130391468671351 0)
(-0.1121293677404489 0.513011665175469 0)
(-0.146409119139003 0.5129785169781251 0)
(-0.1807163989165853 0.5129384759188425 0)
(-0.2150415878625953 0.5128900191004295 0)
(-0.2493697456150379 0.5128312373860291 0)
(-0.2836782542468129 0.5127597043069082 0)
(-0.3179328479792503 0.5126722725466192 0)
(-0.3520807405468848 0.5125647318856786 0)
(-0.3860384495557 0.51243116792354 0)
(-0.4196695935164897 0.5122625486832152 0)
(-0.4527420451191895 0.5120426472110782 0)
(-0.4848333144296803 0.5117283085754185 0)
(-0.5151098211139247 0.5110769738091461 0)
(-0.5433874755531416 0.5092059006329647 0)
(-0.5705902833781189 0.5059937825122417 0)
(-0.5970356071108625 0.5014809931992565 0)
(-0.6228730965068394 0.4956983481709074 0)
(-0.6481717091862477 0.4886669446693439 0)
(-0.672955196138066 0.4804028679694879 0)
(-0.6972160199282825 0.4709218012665021 0)
(-0.7209274939496894 0.4602412599057426 0)
(-0.7440505299262314 0.4483818305390594 0)
(-0.766538747345097 0.4353677419408971 0)
(-0.7883405119886884 0.4212276444200534 0)
(-0.8094035350795293 0.405993365095511 0)
(-0.8296730978911637 0.3897017323253393 0)
(-0.8490974461213567 0.3723914474778671 0)
(-0.8676232549374172 0.3541069199648931 0)
(-0.8852018745746066 0.3348932649640293 0)
(-0.9017839714275903 0.3148014764674617 0)
(-0.9173260245738286 0.293881717318269 0)
(-0.93178482182337 0.272189425396171 0)
(-0.945121004842116 0.2497813643511719 0)
(-0.9572991207783208 0.2267147560178363 0)
(-0.9682844286696722 0.2030533280501618 0)
(-0.9780484861725575 0.1788568081868564 0)
(-0.9865651350909224 0.154187688940142 0)
(-0.9938097195701853 0.1291158986118077 0)
(-0.9997641708638807 0.1037032005413954 0)
(-1.004412642626848 0.07801417639623288 0)
(-1.007741084667572 0.05212594760962807 0)
(-1.009741886389115 0.02610033999653347 0)
(-1.010409641647503 1.930323861195813e-07 0)
(-1.009741934444541 -0.02609939987850584 0)
(-1.007741197399029 -0.05212485004294627 0)
(-1.004412821293003 -0.07801302254605014 0)
(-0.9997644070322516 -0.1037020616522025 0)
(-0.9938100025641075 -0.1291148160901066 0)
(-0.986565453366375 -0.15418668464352 0)
(-0.9780488281426275 -0.1788558934116482 0)
(-0.9682847841456392 -0.2030525080086075 0)
(-0.9572994791711493 -0.226714032098689 0)
(-0.9451213625224186 -0.2497807261200257 0)
(-0.9317851721695551 -0.2721888692434679 0)
(-0.9173263616658793 -0.2938812379867646 0)
(-0.9017842904204691 -0.3148010687844707 0)
(-0.8852021663579793 -0.3348929289408423 0)
(-0.8676234435029598 -0.3541067235688041 0)
(-0.8490976928552828 -0.3723912157514213 0)
(-0.8296733323170711 -0.3897015334614518 0)
(-0.8094037499497477 -0.405993200847132 0)
(-0.7883407068331956 -0.4212275104634587 0)
(-0.7665389228811204 -0.4353676338277082 0)
(-0.7440506872925566 -0.4483817442654449 0)
(-0.7209276344018862 -0.460241191805596 0)
(-0.6972161448170414 -0.4709217482746873 0)
(-0.672955306798406 -0.4804028273736994 0)
(-0.6481718069799789 -0.4886669142169224 0)
(-0.6228731825095574 -0.4956983259931608 0)
(-0.5970356820876959 -0.5014809777758127 0)
(-0.5705903475502316 -0.505993772566692 0)
(-0.5433875336443026 -0.5092058945503952 0)
(-0.5151098740408044 -0.5110769708347147 0)
(-0.4848333621857681 -0.5117283071723011 0)
(-0.4527420875407957 -0.5120426462514869 0)
(-0.4196696308721917 -0.512262547962649 0)
(-0.3860384822097375 -0.5124311673673179 0)
(-0.3520807690211841 -0.5125647314624686 0)
(-0.3179328728261979 -0.5126722722221109 0)
(-0.283678275909822 -0.5127597040512617 0)
(-0.2493697644719165 -0.5128312371827719 0)
(-0.2150416042722894 -0.5128900189401817 0)
(-0.1807164132120946 -0.5129384757935896 0)
(-0.1464091316110721 -0.5129785168803858 0)
(-0.1121293786345561 -0.5130116650989196 0)
(-0.07788292353795448 -0.5130391468068204 0)
(-0.04367269473102339 -0.5130619561231248 0)
(-0.009499549093152794 -0.5130809026981842 0)
(0.02463711068637971 -0.5130966481644912 0)
(0.05873885024021351 -0.5131097344967976 0)
(0.09280784256567803 -0.5131206063774733 0)
(0.1268466158911399 -0.513129628992689 0)
(0.1608578854189892 -0.5131371022746556 0)
(0.1948444430088447 -0.5131432723408444 0)
(0.2288090817090561 -0.5131483406988978 0)
(0.2627545325053012 -0.5131524716537803 0)
(0.2966833841446148 -0.5131557982539641 0)
(0.3305979439212137 -0.5131584270346623 0)
(0.3644999997212633 -0.5131604417535713 0)
(0.3983905412304016 -0.5131619062804798 0)
(0.4322698169803239 -0.5131628667799218 0)
(0.4661384899998225 -0.5131633531017682 0)
(0.5 -0.5131633779864595 0)
(0.5 0.5160665962181616 0)
(0.4661299010435519 0.5160665657558104 0)
(0.432252790561435 0.5160659722014289 0)
(0.3983651776961352 0.5160647997858687 0)
(0.3644662413503686 0.51606301202569 0)
(0.3305555965048367 0.5160605525233065 0)
(0.2966321683653527 0.5160573432796356 0)
(0.2626941145876981 0.5160532820089749 0)
(0.2287390833358815 0.5160482385905691 0)
(0.1947644419729532 0.5160420505022506 0)
(0.1607674142637978 0.5160345170253852 0)
(0.1267451613496709 0.5160253919764072 0)
(0.09269484665405243 0.5160143746499195 0)
(0.05861371335530388 0.5160010985621324 0)
(0.0244991970194928 0.5159851174606964 0)
(-0.009650903548180496 0.5159658879052358 0)
(-0.04383817144838503 0.5159427475005728 0)
(-0.07806320794284852 0.5159148875403424 0)
(-0.1123251431010165 0.5158813183162719 0)
(-0.1466210122726987 0.5158408245310867 0)
(-0.1809449745684222 0.515791906872478 0)
(-0.2152872821732325 0.5157327033815877 0)
(-0.249632775923342 0.515660879802029 0)
(-0.2839584828929693 0.5155734694280593 0)
(-0.3182295858904254 0.515466624659384 0)
(-0.3523924789866998 0.5153351995364714 0)
(-0.3863625296076997 0.515171966723154 0)
(-0.4200018956185177 0.5149658910611102 0)
(-0.4530771135902789 0.5146971724311628 0)
(-0.485168205524336 0.5143144207002459 0)
(-0.5154854268454689 0.5135671859972659 0)
(-0.5438642986662962 0.5116219275113129 0)
(-0.5711701840017889 0.5083498619825469 0)
(-0.5977166867593973 0.5037827497509398 0)
(-0.6236528857037746 0.4979478637034414 0)
(-0.649047815941674 0.4908644437258969 0)
(-0.673925300759049 0.4825474625190996 0)
(-0.6982780216033354 0.4730118137231054 0)
(-0.7220794233578474 0.4622744207845726 0)
(-0.7452904793606603 0.4503554128234224 0)
(-0.7678647423482023 0.4372786799693668 0)
(-0.7897505300393133 0.4230725745942103 0)
(-0.8108952960896427 0.407768784071487 0)
(-0.8312442104663279 0.3914039464895689 0)
(-0.8507451282649373 0.3740168143445083 0)
(-0.8693446014827017 0.3556516754980609 0)
(-0.8869935643484498 0.3363538252655013 0)
(-0.903642564334201 0.3161741869910407 0)
(-0.9192476614935764 0.2951632218132463 0)
(-0.9337654682995498 0.2733764364379885 0)
(-0.9471563863309304 0.2508707702481666 0)
(-0.9593846498353426 0.2277038205735873 0)
(-0.9704154636072975 0.2039392684357109 0)
(-0.9802200877946921 0.179637302019115 0)
(-0.9887721698468189 0.1548608057632439 0)
(-0.996047060281716 0.1296795454661528 0)
(-1.002026447485515 0.1041559245978772 0)
(-1.006694361189024 0.07835507015223465 0)
(-1.010036813590848 0.05235359316104023 0)
(-1.012046033192902 0.02621412775517303 0)
(-1.01271658346036 2.308470348867192e-07 0)
(-1.01204608283814 -0.02621315660799107 0)
(-1.010036929414637 -0.05235246526373303 0)
(-1.006694544302122 -0.07835388717958343 0)
(-1.002026689485544 -0.1041547572626327 0)
(-0.9960473503152696 -0.1296784355914314 0)
(-0.9887724962545188 -0.1548597756118499 0)
(-0.9802204389501316 -0.179636362607852 0)
(-0.9704158287274438 -0.203938425487419 0)
(-0.9593850178816349 -0.2277030770270027 0)
(-0.9471567546057673 -0.2508701131277693 0)
(-0.9337658288283325 -0.2733758637049315 0)
(-0.9192480083478997 -0.2951627283483994 0)
(-0.9036428927243376 -0.3161737671439618 0)
(-0.8869938644453904 -0.3363534794781743 0)
(-0.8693448046096347 -0.3556514637843252 0)
(-0.8507453821642024 -0.3740165756795692 0)
(-0.8312444524782125 -0.3914037409977317 0)
(-0.8108955183909956 -0.4077686139464616 0)
(-0.7897507319446132 -0.4230724355997291 0)
(-0.7678649245306214 -0.4372785675921387 0)
(-0.7452906429541225 -0.4503553229556235 0)
(-0.7220795695888774 -0.4622743497000033 0)
(-0.6982781518327839 -0.4730117582845918 0)
(-0.6739254163865219 -0.4825474199191604 0)
(-0.649047918284723 -0.4908644116662715 0)
(-0.6236529758924314 -0.4979478402542945 0)
(-0.5977167656214701 -0.5037827333223672 0)
(-0.5711702518365531 -0.5083498512568583 0)
(-0.543864360048439 -0.5116219208472157 0)
(-0.5154854827052697 -0.5135671825710466 0)
(-0.485168255997773 -0.5143144189674727 0)
(-0.4530771584771214 -0.5146971712296307 0)
(-0.4200019351543447 -0.5149658901687271 0)
(-0.3863625642541119 -0.5151719660372517 0)
(-0.3523925092124045 -0.5153351990069994 0)
(-0.3182296122504553 -0.5154666242547927 0)
(-0.2839585058961498 -0.5155734691144663 0)
(-0.2496327959762655 -0.5156608795537839 0)
(-0.2152872996338693 -0.5157327031843773 0)
(-0.1809449897748073 -0.5157919067171105 0)
(-0.1466210255328373 -0.5158408244095096 0)
(-0.1123251546810878 -0.5158813182211979 0)
(-0.07806321806666387 -0.515914887465698 0)
(-0.04383818030328172 -0.515942747441624 0)
(-0.009650911292075924 -0.515965887858456 0)
(0.02449919025210196 -0.5159851174234906 0)
(0.05861370744896549 -0.5160010985325604 0)
(0.09269484150940897 -0.5160143746264536 0)
(0.1267451568813858 -0.5160253919578057 0)
(0.1607674103988643 -0.5160345170106178 0)
(0.1947644386491789 -0.5160420504904878 0)
(0.2287390805004874 -0.5160482385811509 0)
(0.2626941121961318 -0.5160532820013739 0)
(0.2966321663803166 -0.5160573432734361 0)
(0.3305555948955331 -0.5160605525181763 0)
(0.364466240091889 -0.5160630120213587 0)
(0.3983651767690219 -0.5160647997821228 0)
(0.4322527899513129 -0.5160659721980909 0)
(0.4661299007408821 -0.5160665657527514 0)
(0.5 -0.516066596215361 0)
(0.5 0.5195117700978755 0)
(0.4661197258548841 0.5195117329232554 0)
(0.432232607220831 0.5195110121061423 0)
(0.3983350954900182 0.5195095881865504 0)
(0.3644261898853057 0.5195074167976732 0)
(0.3305053473462654 0.5195044293816535 0)
(0.2965713922478566 0.5195005311435992 0)
(0.2626224165773585 0.519495597781968 0)
(0.2286560147023203 0.5194894711521093 0)
(0.1946695012893989 0.5194819537055954 0)
(0.1606600459900396 0.5194728014424457 0)
(0.1266247552212358 0.5194617150690983 0)
(0.09256073894226145 0.5194483289772751 0)
(0.05846519043815933 0.5194321975436667 0)
(0.02433550163282767 0.5194127781007356 0)
(-0.009830563052240161 0.5193894097321453 0)
(-0.04403460867088022 0.5193612867753509 0)
(-0.07827724272183807 0.5193274255179507 0)
(-0.1125575816425343 0.5192866219635395 0)
(-0.1468726199421264 0.5192373975517558 0)
(-0.1812164343987066 0.5191779280417107 0)
(-0.2155791283216487 0.5191059478307128 0)
(-0.2499452888105189 0.5190186166035362 0)
(-0.2842915313872761 0.5189123247101426 0)
(-0.3185824018821962 0.5187823914328358 0)
(-0.3527633563595321 0.5186225581799518 0)
(-0.386748465334315 0.5184240377851389 0)
(-0.4203982930925687 0.5181734192124683 0)
(-0.4534781656734009 0.5178467013266366 0)
(-0.4855721853454712 0.5173833224928259 0)
(-0.5159393530214375 0.516525401814825 0)
(-0.5444358234408828 0.514493102120307 0)
(-0.571862836330155 0.51115007249625 0)
(-0.5985287469348797 0.5065185372995546 0)
(-0.6245817105443534 0.5006216575537253 0)
(-0.6500907373488787 0.4934764887381005 0)
(-0.6750796854965685 0.4850966851508307 0)
(-0.6995414531511929 0.4754962052202294 0)
(-0.7234496176599571 0.4646912708479501 0)
(-0.7467652046271972 0.4527014707722127 0)
(-0.7694416814240855 0.4395502916344081 0)
(-0.7914272933676588 0.4252657375145085 0)
(-0.8126691896518524 0.4098793275259577 0)
(-0.8331123918641288 0.3934274823751012 0)
(-0.8527043077137108 0.3759490014914983 0)
(-0.8713913237272767 0.3574880441593352 0)
(-0.8891238912049565 0.3380901082783775 0)
(-0.9058524019887011 0.3178060465996823 0)
(-0.9215324309689361 0.2966866609003105 0)
(-0.9361203768914315 0.2747875438978779 0)
(-0.9495763494470755 0.2521658560410147 0)
(-0.9618642241332747 0.228879614969391 0)
(-0.9729491245156865 0.204992478334409 0)
(-0.9828019667377567 0.180565164208526 0)
(-0.9913961736754403 0.1556610004818997 0)
(-0.9987070833960442 0.1303496188593572 0)
(-1.00471611026331 0.1046941402013676 0)
(-1.009407140581754 0.07876030823133191 0)
(-1.012766243803395 0.0526242220861239 0)
(-1.014785468897841 0.02634942045849725 0)
(-1.015459342842953 2.739544648688216e-07 0)
(-1.014785520502137 -0.026348411017476 0)
(-1.012766363337692 -0.05262305771002353 0)
(-1.009407328999428 -0.07875909039050288 0)
(-1.004716359201905 -0.1046929390311142 0)
(-0.9987073818870987 -0.1303484763680183 0)
(-0.9913965098777318 -0.1556599391071994 0)
(-0.9828023285930102 -0.1805641956519505 0)
(-0.9729495009101606 -0.2049916092384776 0)
(-0.9618646047153359 -0.2288788457850554 0)
(-0.9495767294436023 -0.2521651776175776 0)
(-0.9361207496716263 -0.2747869515596906 0)
(-0.9215327896918535 -0.296686150226441 0)
(-0.9058527415005958 -0.3178056122503699 0)
(-0.8891242013357458 -0.3380897507123455 0)
(-0.8713915436250289 -0.3574878148130391 0)
(-0.8527045704494374 -0.3759487542810566 0)
(-0.8331126429556013 -0.393427268941026 0)
(-0.8126694208016636 -0.409879150396356 0)
(-0.7914275036854584 -0.4252655925131447 0)
(-0.7694418715239961 -0.439550174166098 0)
(-0.7467653756177054 -0.4527013766243744 0)
(-0.723449770759279 -0.4646911962146481 0)
(-0.6995415897584779 -0.4754961468523891 0)
(-0.6750798070204236 -0.4850966401590489 0)
(-0.6500908450987283 -0.4934764547649854 0)
(-0.6245818057431057 -0.5006216325720712 0)
(-0.5985288303870285 -0.5065185196762773 0)
(-0.5718629085586299 -0.5111500608237425 0)
(-0.5444358886961674 -0.5144930947597665 0)
(-0.5159394124220534 -0.5165253978377289 0)
(-0.485572239008667 -0.5173833203559959 0)
(-0.4534782135117341 -0.5178466998370878 0)
(-0.4203983352410196 -0.5181734181023714 0)
(-0.3867485023190916 -0.5184240369416516 0)
(-0.3527633886894964 -0.5186225575266769 0)
(-0.3185824300752496 -0.5187823909291472 0)
(-0.2842915559867658 -0.5189123243228282 0)
(-0.2499453102796727 -0.5190186163006747 0)
(-0.2155791470387899 -0.5191059475903027 0)
(-0.1812164507052443 -0.5191779278509483 0)
(-0.1468726341570178 -0.5192373974015521 0)
(-0.1125575940515689 -0.5192866218458742 0)
(-0.07827725356968301 -0.5193274254257438 0)
(-0.04403461816241429 -0.5193612867027839 0)
(-0.009830571358667944 -0.5193894096747291 0)
(0.0243354943672449 -0.5194127780551253 0)
(0.05846518409059518 -0.5194321975073932 0)
(0.09256073340744334 -0.5194483289484495 0)
(0.1266247504088457 -0.5194617150462209 0)
(0.1606600418228245 -0.5194728014242793 0)
(0.1946694977016005 -0.519481953691136 0)
(0.2286560116382318 -0.5194894711405442 0)
(0.2626224139900643 -0.519495597772647 0)
(0.2965713900981667 -0.5195005311360055 0)
(0.3305053456018742 -0.5195044293753759 0)
(0.3644261885201157 -0.5195074167923777 0)
(0.3983350944836546 -0.5195095881819761 0)
(0.432232606558245 -0.5195110121020718 0)
(0.4661197255260939 -0.5195117329195331 0)
(0.5 -0.5195117700944683 0)
(0.5 0.5235752430936067 0)
(0.4661077492601128 0.5235751978727941 0)
(0.432208834440823 0.5235743269454238 0)
(0.3982996424158414 0.5235726063785173 0)
(0.3643789707741834 0.5235699824859275 0)
(0.3304460953556898 0.5235663723501576 0)
(0.296499721969558 0.5235616613324772 0)
(0.2625378638266679 0.5235556991244328 0)
(0.2285580505965541 0.5235482944811511 0)
(0.19455753395801 0.523539208477561 0)
(0.1605334191641746 0.5235281459753899 0)
(0.126482747588318 0.5235147449186288 0)
(0.09240256557823959 0.52349856298687 0)
(0.05829000686837071 0.5234790610006415 0)
(0.02414241096066159 0.5234555822923453 0)
(-0.01004249956460798 0.5234273270178286 0)
(-0.04426635736231189 0.5233933200541897 0)
(-0.0785297794584863 0.5233523706492258 0)
(-0.1128318688382712 0.5233030212501852 0)
(-0.1471695749567769 0.5232434817437099 0)
(-0.1815368813729799 0.52317154331908 0)
(-0.2159237211681583 0.5230844626340996 0)
(-0.2503143903399121 0.5229788004897022 0)
(-0.284685033003398 0.5228501865658461 0)
(-0.3189994701871159 0.5226929550144815 0)
(-0.3532021003946095 0.5224995327527948 0)
(-0.3872055553786689 0.5222592919211879 0)
(-0.4208687233795711 0.5219560269047935 0)
(-0.4539559976399808 0.5215608586348848 0)
(-0.4860576032493482 0.5210032286654674 0)
(-0.5164857688087297 0.5200188216163966 0)
(-0.545117730668931 0.5178852342677331 0)
(-0.5726860030017867 0.5144587847779492 0)
(-0.5994918539148164 0.5097513414761977 0)
(-0.6256820268998328 0.5037813540656457 0)
(-0.6513253481124934 0.4965633320649571 0)
(-0.6764456546709706 0.4881093772297601 0)
(-0.7010360384120647 0.4784323500014367 0)
(-0.7250701959500346 0.4675476478337281 0)
(-0.7485091882866701 0.4554742242524741 0)
(-0.7713063738067314 0.4422350886766089 0)
(-0.7934098860650458 0.4278578440800396 0)
(-0.8147665270795568 0.4123738005047179 0)
(-0.8353211144226924 0.3958191399978667 0)
(-0.8550205503069216 0.3782326982744235 0)
(-0.8738109942558625 0.3596585083180763 0)
(-0.8916423567412577 0.3401422781164746 0)
(-0.9084648113282072 0.3197348127349193 0)
(-0.924233389831058 0.2984872805567332 0)
(-0.9389042184843642 0.2764554005177859 0)
(-0.9524370653346079 0.2536965898134466 0)
(-0.9647953928159357 0.2302693433649264 0)
(-0.9759442051724374 0.2062373321057982 0)
(-0.9858540302452339 0.1816618676119973 0)
(-0.9944980271185831 0.1566067893321193 0)
(-1.001851499694136 0.1311416267976213 0)
(-1.007895553845319 0.1053303079939743 0)
(-1.012613911342894 0.07923926116955285 0)
(-1.015992688921454 0.05294409815393099 0)
(-1.018023737832653 0.02650935786815931 0)
(-1.018701541407931 3.226051679230922e-07 0)
(-1.018023791830437 -0.02650830145202288 0)
(-1.015992812883313 -0.05294289011057132 0)
(-1.012614106077852 -0.07923800180897936 0)
(-1.007895811059598 -0.1053290666130922 0)
(-1.001851808267089 -0.1311404453969005 0)
(-0.9944983748367356 -0.1566056910073837 0)
(-0.9858544047322431 -0.181660864967145 0)
(-0.9759445952764431 -0.2062364309297028 0)
(-0.9647957875219514 -0.2302685453544636 0)
(-0.9524374598955392 -0.2536958850468445 0)
(-0.9389046053632435 -0.276454785407781 0)
(-0.9242337626686795 -0.2984867495590239 0)
(-0.9084651641692945 -0.3197343609839203 0)
(-0.891642678961401 -0.340141906302965 0)
(-0.8738112332457408 -0.3596582588825109 0)
(-0.85502082383734 -0.3782324406419826 0)
(-0.8353213763303865 -0.3958189171013557 0)
(-0.8147667687234701 -0.4123736150602871 0)
(-0.7934101063528277 -0.4278576919498855 0)
(-0.7713065732782641 -0.4422349651670084 0)
(-0.7485093680154269 -0.4554741250390245 0)
(-0.7250703571825267 -0.4675475689922798 0)
(-0.7010361825735666 -0.4784322881505372 0)
(-0.6764457831518739 -0.4881093294070325 0)
(-0.6513254622826061 -0.4965632958096337 0)
(-0.6256821280124163 -0.5037813272626539 0)
(-0.599491942810643 -0.5097513224250326 0)
(-0.5726860804141739 -0.514458771975125 0)
(-0.5451178005122705 -0.5178852260641719 0)
(-0.5164858323943461 -0.5200188169803633 0)
(-0.4860576607002444 -0.5210032260316304 0)
(-0.4539560489343167 -0.5215608567990562 0)
(-0.4208687686539589 -0.5219560255306748 0)
(-0.3872055951208171 -0.5222592908803818 0)
(-0.3532021352003704 -0.5224995319526111 0)
(-0.318999500577564 -0.5226929543935901 0)
(-0.2846850595138839 -0.522850186086893 0)
(-0.2503144134838281 -0.5229788001187833 0)
(-0.2159237413703617 -0.5230844623421191 0)
(-0.1815368989910979 -0.5231715430870234 0)
(-0.1471695903178751 -0.5232434815597955 0)
(-0.1128318822437046 -0.5233030211054239 0)
(-0.07852979117416316 -0.5233523705356944 0)
(-0.04426636761391627 -0.5233933199650387 0)
(-0.01004250854041464 -0.5234273269475188 0)
(0.02414240310350204 -0.5234555822366258 0)
(0.0582899999974547 -0.5234790609563565 0)
(0.09240255958091979 -0.5234985629516503 0)
(0.1264827423682771 -0.5235147448906409 0)
(0.1605334146391053 -0.5235281459531494 0)
(0.1945575300578842 -0.5235392084598628 0)
(0.2285580472621211 -0.5235482944670083 0)
(0.2625378610081285 -0.5235556991130487 0)
(0.2964997196254123 -0.5235616613232152 0)
(0.3304460934518003 -0.5235663723425105 0)
(0.3643789692830181 -0.5235699824794857 0)
(0.3982996413159267 -0.5235726063729589 0)
(0.4322088337163085 -0.523574326940486 0)
(0.4661077489004892 -0.5235751978682871 0)
(0.5 -0.52357524308948 0)
(0.5 0.5283350605280506 0)
(0.4660937543520998 0.5283350057143682 0)
(0.4321810348217429 0.5283339589627427 0)
(0.3982581569108706 0.5283318909616259 0)
(0.3643236950897785 0.5283287370767787 0)
(0.330376720069082 0.5283243975503232 0)
(0.2964157994349673 0.5283187344631513 0)
(0.2624388524901076 0.528311566993257 0)
(0.2284433314913334 0.5283026650635888 0)
(0.1944264132070373 0.5282917412027044 0)
(0.1603851266612746 0.5282784402608873 0)
(0.1263164363381102 0.5282623265142879 0)
(0.09221731329353919 0.5282428675826317 0)
(0.05808482051207423 0.5282194144288574 0)
(0.02391623475526728 0.5281911764935552 0)
(-0.01029077221390855 0.5281571907288813 0)
(-0.04453786777911212 0.5281162828983257 0)
(-0.07882568318828329 0.5280670189307066 0)
(-0.1131533094058951 0.5280076432310938 0)
(-0.1475176475800526 0.5279359994171041 0)
(-0.1819125775970111 0.5278494265314704 0)
(-0.2163278406543696 0.527744619555755 0)
(-0.2507474036295363 0.5276174353062608 0)
(-0.2851468794414818 0.5274626096953163 0)
(-0.3194892769329818 0.5272733203123241 0)
(-0.3537178205610381 0.5270404524932751 0)
(-0.3877435875169779 0.5267512240282352 0)
(-0.4214237779520444 0.5263861754096864 0)
(-0.4545223564388902 0.5259108503276086 0)
(-0.486638159210766 0.5252440746402296 0)
(-0.5171403685771707 0.5241166835757434 0)
(-0.5459270484076079 0.5218663211945238 0)
(-0.573658668075324 0.5183425953327327 0)
(-0.6006272363945162 0.5135463722712306 0)
(-0.6269774442792168 0.5074907824432354 0)
(-0.6527777082416599 0.5001874000946135 0)
(-0.6780517384966341 0.4916465213841759 0)
(-0.7027927775978267 0.4818797248041382 0)
(-0.726974617009896 0.4709014451478852 0)
(-0.7505583255777489 0.4587298952085358 0)
(-0.7734971138594121 0.4453875278528901 0)
(-0.7957389573430369 0.4309014845404081 0)
(-0.817230253969911 0.4153028251598612 0)
(-0.8379155597296422 0.39862746370827 0)
(-0.8577412006947879 0.3809142643232767 0)
(-0.8766530428341255 0.3622071321105997 0)
(-0.8946003845640828 0.3425519997210388 0)
(-0.9115331138428278 0.3219996456635557 0)
(-0.9274056466640168 0.3006016443719605 0)
(-0.9421737764955133 0.2784138756844198 0)
(-0.9557968682279191 0.2554940635113288 0)
(-0.968237917875945 0.2319012293088735 0)
(-0.9794617594172416 0.2076991152394423 0)
(-0.9894384837386044 0.1829496933408976 0)
(-0.9981409472503221 0.1577173778584276 0)
(-1.005544385386469 0.1320716609488968 0)
(-1.011629563406242 0.10607735581957 0)
(-1.016380014804835 0.07980164911867617 0)
(-1.019781887115544 0.05331972025414231 0)
(-1.021826817231875 0.02669719900766271 0)
(-1.022509236600698 3.769441686195585e-07 0)
(-1.021826874129894 -0.02669608543417053 0)
(-1.019782016344798 -0.05331846019781249 0)
(-1.016380217054798 -0.07980034050093367 0)
(-1.011629830434874 -0.1060760667610802 0)
(-1.005544705819149 -0.1320704335997617 0)
(-0.9981413085005006 -0.1577162362186503 0)
(-0.9894388732165449 -0.1829486501892498 0)
(-0.9794621654868545 -0.2076981767005739 0)
(-0.9682383293737806 -0.2319003969837737 0)
(-0.9557972797084219 -0.2554933281601332 0)
(-0.9421741801788573 -0.2784132334153906 0)
(-0.9274060359185301 -0.300601089672607 0)
(-0.9115334824879566 -0.3219991733415396 0)
(-0.8946007213761689 -0.3425516106828488 0)
(-0.8766533033726222 -0.36220685994296 0)
(-0.8577414872733036 -0.380913994098352 0)
(-0.8379158344332194 -0.3986272296213815 0)
(-0.8172305079927488 -0.4153026299004726 0)
(-0.7957391893699315 -0.4309013239996052 0)
(-0.7734973243482286 -0.4453873972251051 0)
(-0.7505585155786776 -0.4587297900289627 0)
(-0.7269747878119771 -0.470901361339581 0)
(-0.7027929306282539 -0.4818796588492795 0)
(-0.678051875158066 -0.4916464702216459 0)
(-0.6527778299717572 -0.500187361134024 0)
(-0.6269775523255317 -0.5074907534910438 0)
(-0.600627331719272 -0.5135463515177643 0)
(-0.5736587515366183 -0.5183425811918585 0)
(-0.545927123677876 -0.521866311975152 0)
(-0.5171404370516963 -0.5241166781509388 0)
(-0.4866382211378866 -0.5252440714068585 0)
(-0.4545224117670306 -0.5259108480675516 0)
(-0.4214238268992848 -0.5263861737211559 0)
(-0.3877436305227869 -0.5267512227453088 0)
(-0.3537178582594021 -0.5270404515132786 0)
(-0.3194893099105212 -0.5272733195537488 0)
(-0.2851469082272627 -0.5274626091067041 0)
(-0.2507474287564243 -0.5276174348511156 0)
(-0.2163278626016477 -0.5277446192008106 0)
(-0.1819125967600185 -0.5278494262507564 0)
(-0.1475176643010134 -0.5279359991939412 0)
(-0.1131533239988208 -0.5280076430544267 0)
(-0.07882569593812339 -0.5280670187916676 0)
(-0.04453787893379996 -0.528116282789151 0)
(-0.01029078198224169 -0.5281571906429903 0)
(0.02391622619964468 -0.5281911764256861 0)
(0.05808481302431166 -0.5282194143750123 0)
(0.09221730675161627 -0.5282428675398174 0)
(0.1263164306383627 -0.5282623264802353 0)
(0.1603851217153632 -0.5282784402338034 0)
(0.194426408939867 -0.5282917411811467 0)
(0.2284433278394175 -0.528302665046371 0)
(0.2624388494001699 -0.5283115669794136 0)
(0.2964157968627099 -0.5283187344519048 0)
(0.3303767179781494 -0.5283243975410526 0)
(0.3643236934509123 -0.5283287370689818 0)
(0.398258155701284 -0.5283318909549085 0)
(0.4321810340246318 -0.5283339589567849 0)
(0.4660937539563323 -0.5283350057089398 0)
(0.5 -0.5283350605230772 0)
(0.5 0.5338678216265899 0)
(0.4660775326093415 0.5338677554578886 0)
(0.4321487862629342 0.5338665043837133 0)
(0.3982099981678686 0.533864032688806 0)
(0.3642594995645487 0.5338602629729687 0)
(0.3302961317528519 0.5338550758777999 0)
(0.2963183027584074 0.533848306387249 0)
(0.2623238207835202 0.5338397381545007 0)
(0.2283100460320392 0.5338290958933312 0)
(0.1942740667031498 0.5338160356096733 0)
(0.160212822127775 0.5338001322686622 0)
(0.1261231864448019 0.533780864338055 0)
(0.09200204210460709 0.5337575945110752 0)
(0.05784636846722099 0.533729545728189 0)
(0.02365336751175639 0.5336957713622098 0)
(-0.01057935057140123 0.5336551180852296 0)
(-0.04485349686073766 0.5336061794580185 0)
(-0.07916972339306157 0.5335472375919279 0)
(-0.1135271123687734 0.5334761891761231 0)
(-0.1479225150042586 0.5333904504538259 0)
(-0.1823496983852042 0.5332868328567228 0)
(-0.2167981914958033 0.5331613759907698 0)
(-0.2512515961047781 0.5330091155028513 0)
(-0.2856849367308851 0.5328237454560028 0)
(-0.3200603269245147 0.532597096588531 0)
(-0.3543197179596894 0.5323182618173471 0)
(-0.388372560002928 0.5319719621320242 0)
(-0.4220744613677817 0.5315349966782812 0)
(-0.4551897153801355 0.5309666511865369 0)
(-0.4873286789668775 0.5301748214406442 0)
(-0.517920086008148 0.528887657424803 0)
(-0.546881795649816 0.5265040500776906 0)
(-0.5748005580453357 0.5228679189339929 0)
(-0.6019566903641205 0.5179687274722308 0)
(-0.62849201943302 0.5118137059744083 0)
(-0.6544742216973549 0.5044110926253669 0)
(-0.6799267469024526 0.4957690978822317 0)
(-0.7048429126798563 0.4858978203868796 0)
(-0.7291965557472913 0.4748105834161669 0)
(-0.7529487029847755 0.4625247463792946 0)
(-0.7760523693558175 0.4490621158426713 0)
(-0.7984553198961231 0.4344493029491003 0)
(-0.8201034822726577 0.4187170733955602 0)
(-0.8409410703497695 0.4019010505074129 0)
(-0.8609137651283275 0.3840401087451073 0)
(-0.8799670556652764 0.3651780323309795 0)
(-0.8980495535891314 0.3453609899265219 0)
(-0.9151107770096399 0.3246397655511818 0)
(-0.931104459974245 0.3030663658479296 0)
(-0.9459859850559262 0.2806968856914816 0)
(-0.9597142453004059 0.2575894099859917 0)
(-0.9722517137788997 0.2338035358968776 0)
(-0.9835629934225092 0.2094031489462494 0)
(-0.9936176869506247 0.1844509512610494 0)
(-1.00238830482437 0.1590119992056474 0)
(-1.009849971428 0.133155833305897 0)
(-1.01598307888 0.1069482299360227 0)
(-1.020770947494834 0.08045720405042389 0)
(-1.024199731822825 0.05375759606119571 0)
(-1.026260839595087 0.02691620882726908 0)
(-1.026948641213215 4.370133521928773e-07 0)
(-1.026260899981263 -0.02691502639252344 0)
(-1.02419986730194 -0.053756274354135 0)
(-1.020771158637955 -0.08045583723014633 0)
(-1.015983357437531 -0.1069468847302594 0)
(-1.009850305728845 -0.1331545521871181 0)
(-1.002388681959969 -0.1590108067934323 0)
(-0.9936180939575202 -0.1844498606434725 0)
(-0.9835634181152504 -0.2094021668489907 0)
(-0.9722521449358215 -0.2338026633667132 0)
(-0.959714676461166 -0.2575886390203985 0)
(-0.945986408438376 -0.2806962116234651 0)
(-0.9311048684125083 -0.3030657833791058 0)
(-0.915111164107993 -0.324639269213109 0)
(-0.8980499078788041 -0.3453605802881625 0)
(-0.8799673404096496 -0.3651777345802721 0)
(-0.8609140674575866 -0.3840398233515639 0)
(-0.8409413604539117 -0.4019008030663849 0)
(-0.8201037517567076 -0.4187168660838194 0)
(-0.7984555675945977 -0.4344491314340634 0)
(-0.7760525956761126 -0.4490619751625621 0)
(-0.7529489081849157 -0.4625246323404633 0)
(-0.7291967400251379 -0.4748104924286334 0)
(-0.7048430772429936 -0.4858977489252417 0)
(-0.6799268936026337 -0.4957690425150752 0)
(-0.6544743523963301 -0.5044110503980441 0)
(-0.62849213562057 -0.5118136744674457 0)
(-0.601956793207117 -0.5179687047031335 0)
(-0.5748006485395298 -0.5228679032109178 0)
(-0.5468818772633008 -0.5265040396482867 0)
(-0.5179201601826779 -0.5288876510546519 0)
(-0.4873287461052025 -0.5301748174926099 0)
(-0.4551897754192447 -0.5309666484097433 0)
(-0.4220745145705878 -0.5315349946118701 0)
(-0.3883726068356417 -0.5319719605598348 0)
(-0.3543197590377798 -0.5323182606170878 0)
(-0.3200603629087591 -0.5325970956651868 0)
(-0.2856849681879983 -0.5328237447387865 0)
(-0.2512516235706058 -0.5330091149463236 0)
(-0.2167982154884654 -0.5331613755587448 0)
(-0.1823497193521715 -0.533286832517721 0)
(-0.1479225333189896 -0.5333904501849021 0)
(-0.113527128361314 -0.5334761889624108 0)
(-0.07916973736501817 -0.533547237422912 0)
(-0.04485350908156216 -0.5336061793249949 0)
(-0.0105793612725922 -0.5336551179806552 0)
(0.02365335813655154 -0.5336957712797876 0)
(0.05784636025733265 -0.5337295456629605 0)
(0.09200203492604593 -0.5337575944592763 0)
(0.1261231801847598 -0.5337808642968522 0)
(0.1602128166906411 -0.5338001322358679 0)
(0.1942740620078292 -0.5338160355835559 0)
(0.228310042010037 -0.5338290958724738 0)
(0.2623238173774208 -0.5338397381377477 0)
(0.2963182999205579 -0.5338483063736583 0)
(0.3302961294442318 -0.5338550758666163 0)
(0.3642594977538295 -0.5338602629635805 0)
(0.3982099968306977 -0.5338640326807327 0)
(0.4321487853813767 -0.5338665043765664 0)
(0.4660775321715323 -0.5338677554513864 0)
(0.5 -0.5338678216206273 0)
(0.5 0.5402448761048204 0)
(0.4660588954892183 0.5402447966150709 0)
(0.4321117052746305 0.5402433101809495 0)
(0.3981545811873005 0.5402403735523176 0)
(0.3641855933808164 0.5402358945708283 0)
(0.3302033300657216 0.5402297312563894 0)
(0.2962060170972645 0.5402216873269308 0)
(0.2621913324070229 0.540211505434107 0)
(0.2281565275425767 0.5401988581071122 0)
(0.1940985866865861 0.5401833361028933 0)
(0.1600143443354721 0.5401644336965247 0)
(0.1259005691701124 0.5401415302556106 0)
(0.09175404002009191 0.5401138672618059 0)
(0.05757163795948465 0.5400805197243785 0)
(0.02335047623626063 0.5400403606302385 0)
(-0.01091190935026098 0.5399920166635388 0)
(-0.04521728478373474 0.5399338128597617 0)
(-0.07956633186406589 0.5398637030393231 0)
(-0.1139581297793398 0.5397791816113088 0)
(-0.1483894807191528 0.5396771703159026 0)
(-0.182854032617683 0.5395538700870144 0)
(-0.217341085452689 0.5394045623304656 0)
(-0.2518338442869008 0.5392233331532357 0)
(-0.2863066939975775 0.5390026729131394 0)
(-0.3207207839466875 0.5387328583004615 0)
(-0.3550167245228751 0.5384009190553661 0)
(-0.3891023284472402 0.5379887163482955 0)
(-0.4228318456230065 0.5374688109019293 0)
(-0.4559709662650475 0.5367936226321335 0)
(-0.4881447286187501 0.5358602018858327 0)
(-0.5188426061566929 0.5343966539495999 0)
(-0.5480004494624524 0.5318627161625362 0)
(-0.5761314920380149 0.5280980109773028 0)
(-0.6035017932373086 0.5230805052275402 0)
(-0.6302493224008868 0.51681101561391 0)
(-0.6564405999566565 0.509294039553313 0)
(-0.6820986189910925 0.5005354135602198 0)
(-0.7072166501191434 0.4905435481390205 0)
(-0.7317685026545097 0.4793304935402763 0)
(-0.7557150959878417 0.4669126328679263 0)
(-0.779009186618083 0.4533110324004842 0)
(-0.8015982419775287 0.4385517120911955 0)
(-0.8234276618758709 0.4226650812968886 0)
(-0.8444412249706971 0.4056864520503978 0)
(-0.8645838884953982 0.3876546913849006 0)
(-0.8838006628196396 0.3686134772948977 0)
(-0.9020393985511823 0.3486092177565955 0)
(-0.9192491497878607 0.3276927409548357 0)
(-0.9353828870579355 0.3059165246353922 0)
(-0.9503955032940161 0.2833369252254901 0)
(-0.9642453443418706 0.2600124519793334 0)
(-0.9768942937213698 0.2360033381534905 0)
(-0.9883066535109325 0.2113736951052876 0)
(-0.9984514886830034 0.1861870200058968 0)
(-1.007300915907943 0.1605090840365699 0)
(-1.014829896747538 0.1344095844514148 0)
(-1.021018418013708 0.1079553364428829 0)
(-1.025849559965961 0.08121525145704342 0)
(-1.029309453350427 0.05426396187109876 0)
(-1.031389264034222 0.02716951730704133 0)
(-1.032083291271504 5.027808602807109e-07 0)
(-1.031389328579972 -0.02716825283946247 0)
(-1.029309596206801 -0.05426256749146806 0)
(-1.025849781547056 -0.08121381627642815 0)
(-1.021018710010845 -0.1079539256624167 0)
(-1.014830247202503 -0.1344082407494668 0)
(-1.007301311538196 -0.1605078324675318 0)
(-0.9984519159957087 -0.1861858743624694 0)
(-0.9883070998583718 -0.2113726623467819 0)
(-0.9768947475955236 -0.2360024191304751 0)
(-0.9642457983590932 -0.2600116396040368 0)
(-0.9503959494498131 -0.2833362143905553 0)
(-0.9353833178302025 -0.3059159098215649 0)
(-0.9192495583048464 -0.3276922166917347 0)
(-0.9020397735156798 -0.3486087837915138 0)
(-0.8838009746725848 -0.3686131508951594 0)
(-0.864584209847913 -0.3876543876918056 0)
(-0.8444415334614095 -0.4056861885829082 0)
(-0.8234279491664787 -0.4226648597043524 0)
(-0.8015985053981882 -0.4385515287977022 0)
(-0.7790094252180899 -0.4533108833201992 0)
(-0.7557153116438575 -0.466912512926862 0)
(-0.7317686992266034 -0.4793303966696838 0)
(-0.7072168279940595 -0.4905434707601511 0)
(-0.682098778129498 -0.5005353530744618 0)
(-0.6564407415914416 -0.5092939932979972 0)
(-0.6302494482755693 -0.5168109810090147 0)
(-0.603501904850182 -0.5230804800635054 0)
(-0.5761315906843022 -0.5280979933824788 0)
(-0.5480005384068833 -0.5318627043019164 0)
(-0.5188426869466409 -0.5343966464544412 0)
(-0.4881448017558144 -0.535860197087787 0)
(-0.4559710317631083 -0.5367936192357032 0)
(-0.422831903729278 -0.5374688083789896 0)
(-0.3891023797002177 -0.5379887144331557 0)
(-0.3550167695313167 -0.538400917590753 0)
(-0.3207208234049316 -0.5387328571778505 0)
(-0.2863067285454632 -0.5390026720445978 0)
(-0.2518338744819154 -0.5392233324776522 0)
(-0.2173411118324798 -0.5394045618057228 0)
(-0.1828540556789089 -0.539553869677712 0)
(-0.1483895008822647 -0.5396771699930977 0)
(-0.113958147401557 -0.5397791813547911 0)
(-0.07956634726490747 -0.5398637028356263 0)
(-0.04521729825256843 -0.5399338126988106 0)
(-0.01091192114169022 -0.5399920165368424 0)
(0.02335046590593704 -0.5400403605305114 0)
(0.05757162891033529 -0.5400805196456501 0)
(0.0917540321030676 -0.5401138671994162 0)
(0.1259005622609491 -0.540141530206026 0)
(0.1600143383296853 -0.540164433657053 0)
(0.1940985814959475 -0.5401833360714411 0)
(0.2281565230927057 -0.5401988580819901 0)
(0.2621913286356332 -0.5402115054139407 0)
(0.2962060139527294 -0.5402216873105927 0)
(0.330203327505851 -0.5402297312429691 0)
(0.3641855913718159 -0.5402358945595864 0)
(0.3981545797029565 -0.5402403735426695 0)
(0.4321117042956741 -0.5402433101724262 0)
(0.466058895002921 -0.5402447966073295 0)
(0.5 -0.5402448760977105 0)
(0.5 0.5475281510827237 0)
(0.4660376868459906 0.5475280561303545 0)
(0.4320694721583819 0.5475263011904052 0)
(0.3980914149446048 0.5475228342654537 0)
(0.3641013093883705 0.5475175462984824 0)
(0.3300974684429785 0.5475102694438951 0)
(0.2960779124820949 0.5475007716824531 0)
(0.2620401682472914 0.5474887487924869 0)
(0.2279813601283997 0.5474738136330458 0)
(0.1938983510754394 0.5474554823429442 0)
(0.1597878539440815 0.5474331569027684 0)
(0.1256465151895422 0.5474061032977493 0)
(0.09147099327706319 0.5473734242890167 0)
(0.05725805446268431 0.5473340255363428 0)
(0.02300470723452534 0.5472865734623344 0)
(-0.0112916021725061 0.5472294427639628 0)
(-0.04563270852950157 0.5471606508074034 0)
(-0.08001933536322491 0.5470777751747471 0)
(-0.1144505679078024 0.5469778491533717 0)
(-0.1489231640037025 0.5468572275901982 0)
(-0.1834306506862601 0.5467114115893171 0)
(-0.2179620877848779 0.5465348136882878 0)
(-0.2525002593076255 0.5463204325696887 0)
(-0.2870188721609087 0.5460593815977752 0)
(-0.3214780676864321 0.5457401630896834 0)
(-0.3558170903869132 0.5453474594200972 0)
(-0.3899421898185075 0.5448599000600579 0)
(-0.4237066703414952 0.544245328189421 0)
(-0.4568789811258788 0.5434488277010867 0)
(-0.489102061190438 0.5423571471491662 0)
(-0.5199256835408592 0.5407012787397333 0)
(-0.5493012383408624 0.537999771766335 0)
(-0.577670573209593 0.5340896245564863 0)
(-0.6052829601747163 0.5289375569076367 0)
(-0.6322713752807008 0.5225375646063506 0)
(-0.6587006560395292 0.5148900249779705 0)
(-0.6845930690819131 0.5059981116963751 0)
(-0.7099416861829987 0.4958683261382827 0)
(-0.7347201677612779 0.4845112862939076 0)
(-0.758889237113599 0.4719422689291055 0)
(-0.7824013142651554 0.458181499058118 0)
(-0.805203480158009 0.443254335169759 0)
(-0.827240512965395 0.4271907837610248 0)
(-0.8484556577546889 0.4100258167441383 0)
(-0.8687930660107939 0.3917982725196389 0)
(-0.8881971539637101 0.3725517425185885 0)
(-0.9066149327319309 0.3523328769770639 0)
(-0.9239948749512773 0.3311926042908466 0)
(-0.9402891211102885 0.3091838896692263 0)
(-0.9554519700857761 0.2863634303568903 0)
(-0.969441141492499 0.2627902185012625 0)
(-0.9822178710939582 0.2385251676742633 0)
(-0.993746072437668 0.2136327299328221 0)
(-1.003994219505052 0.1881772639986255 0)
(-1.012933985615703 0.1622253273166895 0)
(-1.020540109995135 0.1358469024392106 0)
(-1.026792143398347 0.109109913775766 0)
(-1.03167289674402 0.08208423894582377 0)
(-1.035168439551384 0.05484446739854758 0)
(-1.037269685345813 0.02745996076264095 0)
(-1.037970851218112 5.741902442446785e-07 0)
(-1.037269754795207 -0.02745859976675679 0)
(-1.035168591046165 -0.05484298794499489 0)
(-1.031673130474986 -0.08208272408772428 0)
(-1.026792450968594 -0.1091084269800191 0)
(-1.020540479144741 -0.135845486315526 0)
(-1.012934402567613 -0.1622240074683683 0)
(-1.003994670197816 -0.1881760549901414 0)
(-0.9937465437408493 -0.2136316387419231 0)
(-0.9822183510075385 -0.2385241953240312 0)
(-0.9694416218427365 -0.262789358395396 0)
(-0.9554524423790067 -0.286362677279698 0)
(-0.940289577609423 -0.3091832376005673 0)
(-0.9239953082462518 -0.3311920476916035 0)
(-0.9066153318926072 -0.3523324145475014 0)
(-0.8881974959680076 -0.3725513842215782 0)
(-0.8687934098213169 -0.391797947078814 0)
(-0.8484559869764912 -0.4100255348910669 0)
(-0.8272408191967041 -0.4271905468833856 0)
(-0.805203761221273 -0.4432541394679996 0)
(-0.7824015722023945 -0.4581813380546261 0)
(-0.7588894731806666 -0.4719421367282421 0)
(-0.7347203786562182 -0.4845111812762418 0)
(-0.7099418766333898 -0.4958682429663142 0)
(-0.684593241453006 -0.5059980460060589 0)
(-0.6587008104863624 -0.5148899741467903 0)
(-0.6322715127091523 -0.5225375263036727 0)
(-0.605283082083814 -0.528937528882925 0)
(-0.5776706812810607 -0.5340896047449259 0)
(-0.5493013357096217 -0.5379997582150228 0)
(-0.5199257719336174 -0.5407012699182974 0)
(-0.4891021411895529 -0.5423571413433166 0)
(-0.4568790528680602 -0.5434488235695391 0)
(-0.4237067340695373 -0.5442453251196192 0)
(-0.3899422461172947 -0.5448598977371386 0)
(-0.3558171399127417 -0.5453474576437106 0)
(-0.3214781111391821 -0.5457401617283375 0)
(-0.2870189102477886 -0.5460593805494658 0)
(-0.2525002926428304 -0.5463204317555208 0)
(-0.2179621169258501 -0.5465348130546128 0)
(-0.1834306761648318 -0.5467114110960229 0)
(-0.1489231862926474 -0.5468572272035072 0)
(-0.1144505874057015 -0.5469778488472299 0)
(-0.08001935241469099 -0.5470777749313074 0)
(-0.04563272344401214 -0.5471606506142923 0)
(-0.01129161522700365 -0.5472294426114952 0)
(0.02300469579984909 -0.5472865733422719 0)
(0.0572580444457418 -0.5473340254417183 0)
(0.09147098451047914 -0.5473734242142048 0)
(0.1256465075348243 -0.5474061032383906 0)
(0.1597878472858437 -0.5474331568555434 0)
(0.1938983453169068 -0.5474554823053056 0)
(0.2279813551882791 -0.5474738136029778 0)
(0.2620401640576153 -0.5474887487683582 0)
(0.2960779089865889 -0.5475007716629262 0)
(0.330097465595725 -0.5475102694278839 0)
(0.3641013071526638 -0.5475175462850983 0)
(0.3980914132920372 -0.5475228342539948 0)
(0.4320694710681136 -0.5475263011803035 0)
(0.4660376863042853 -0.547528056121193 0)
(0.5 -0.5475281510742953 0)
(0.5 0.5557660418525302 0)
(0.4660137948443858 0.5557659291655547 0)
(0.4320218553821972 0.5557638710879145 0)
(0.398020139671748 0.5557598056161468 0)
(0.3640061544461003 0.5557536045431956 0)
(0.329977917590667 0.5557450707503409 0)
(0.2959332206841596 0.5557339317842119 0)
(0.2618694169991243 0.5557198303853788 0)
(0.2277834835562388 0.5557023118785873 0)
(0.1936721431955647 0.5556808079340878 0)
(0.159531968740596 0.5556546160318768 0)
(0.1253594660563063 0.5556228737442204 0)
(0.091151154790651 0.5555845266732176 0)
(0.05690366792942534 0.5555382885577308 0)
(0.02261389094251064 0.5554825916490365 0)
(-0.01172083730210737 0.5554155248900601 0)
(-0.04610243734119416 0.5553347566491709 0)
(-0.08053169001734976 0.5552374376260644 0)
(-0.1150076999615581 0.5551200778240835 0)
(-0.1495271905690278 0.554978388743258 0)
(-0.1840835726144927 0.5548070774053409 0)
(-0.2186656626018508 0.5545995709156142 0)
(-0.2532558112116479 0.5543476357062704 0)
(-0.2878270300144878 0.5540408271309587 0)
(-0.3223384416301063 0.55366564527885 0)
(-0.3567279572824444 0.5532041364393725 0)
(-0.3909004500882782 0.5526313344529161 0)
(-0.4247088818917761 0.5519099382861092 0)
(-0.4579260865082113 0.5509774265533219 0)
(-0.4902159014345744 0.5497112616185866 0)
(-0.5211862964067271 0.5478482886496008 0)
(-0.5508012961540537 0.5449623470318357 0)
(-0.5794352725387455 0.5408896264505085 0)
(-0.6073184283882997 0.5355861944386331 0)
(-0.6345775062397981 0.5290389668878737 0)
(-0.6612750247266106 0.5212438684627292 0)
(-0.6874322008690951 0.5122011275992511 0)
(-0.7130416771127477 0.5019151273387802 0)
(-0.7380768282933646 0.4903948805326401 0)
(-0.7624980620068222 0.4776544302442399 0)
(-0.7862573495005843 0.4637130643857171 0)
(-0.8093012803849421 0.4485954064412321 0)
(-0.8315739190020147 0.4323310054091309 0)
(-0.8530178431632556 0.4149544842354424 0)
(-0.8735763158662234 0.3965046221829165 0)
(-0.8931930429457986 0.3770249402618615 0)
(-0.9118141049007533 0.3565623411116016 0)
(-0.9293872727118553 0.3351679078134104 0)
(-0.9458637704039069 0.3128951288911844 0)
(-0.9611972050584752 0.2898011046929152 0)
(-0.9753445861125053 0.2659453790204785 0)
(-0.9882664244682935 0.2413896146100989 0)
(-0.9999261617708921 0.2161987043891742 0)
(-1.010291626659169 0.1904379405785735 0)
(-1.019333993657698 0.1641747469239885 0)
(-1.027027713101694 0.1374795352575957 0)
(-1.033351871228644 0.1104214007468979 0)
(-1.038288978103854 0.08307126058973449 0)
(-1.041824998617627 0.05550385682465652 0)
(-1.04395058525139 0.02778992118251306 0)
(-1.044659861243561 6.513380263418973e-07 0)
(-1.043950660515085 -0.02778844760064815 0)
(-1.04182516048404 -0.05550227732118939 0)
(-1.038289226676377 -0.08306965062369671 0)
(-1.033352198109545 -0.1104198211679569 0)
(-1.02702810535402 -0.1374780295119514 0)
(-1.019334436254575 -0.1641733438961494 0)
(-1.01029210476026 -0.1904366563080278 0)
(-0.9999266618116986 -0.2161975453522351 0)
(-0.9882669341253264 -0.2413885810965708 0)
(-0.9753450964855825 -0.2659444643976386 0)
(-0.9611977071726873 -0.2898003033610342 0)
(-0.9458642562327215 -0.3128944343303596 0)
(-0.9293877344727497 -0.3351673140565651 0)
(-0.9118145320650199 -0.3565618456801643 0)
(-0.8931934180348755 -0.3770245468137665 0)
(-0.8735766853479296 -0.3965042717253545 0)
(-0.8530181955408448 -0.4149541819219807 0)
(-0.8315742474927861 -0.432330751063886 0)
(-0.8093015842183334 -0.4485951944688438 0)
(-0.7862576279028883 -0.4637128894278813 0)
(-0.7624983133169061 -0.477654289410456 0)
(-0.7380770594161876 -0.4903947652980608 0)
(-0.7130418842460591 -0.5019150359110864 0)
(-0.6874323871750535 -0.5122010560133179 0)
(-0.6612751928773353 -0.5212438127802154 0)
(-0.634577656848053 -0.5290389244529654 0)
(-0.6073185623090289 -0.5355861630747044 0)
(-0.5794353914840222 -0.5408896040294404 0)
(-0.5508014031812432 -0.544962331485733 0)
(-0.5211863934525205 -0.5478482782742815 0)
(-0.4902159892330314 -0.5497112546271354 0)
(-0.4579261653114767 -0.5509774215541903 0)
(-0.4247089520037475 -0.5519099345702023 0)
(-0.3909005121018119 -0.552631331646029 0)
(-0.3567280119300212 -0.5532041342976006 0)
(-0.3223384896353159 -0.5536656436365681 0)
(-0.2878270721236729 -0.5540408258693484 0)
(-0.2532558481139255 -0.5543476347303555 0)
(-0.2186656948964806 -0.5545995701559943 0)
(-0.184083600860267 -0.5548070768136252 0)
(-0.1495272152846757 -0.5549783882811186 0)
(-0.1150077215964464 -0.555120077460139 0)
(-0.08053170895254501 -0.5552374373371917 0)
(-0.04610245391056964 -0.5553347564194981 0)
(-0.0117208518047588 -0.5554155247080855 0)
(0.02261387824249005 -0.5554825915054455 0)
(0.05690365680597786 -0.5555382884445987 0)
(0.0911511450551241 -0.555584526583943 0)
(0.1253594575529771 -0.5556228736735339 0)
(0.1595319613407455 -0.5556546159757143 0)
(0.19367213679212 -0.5556808078893432 0)
(0.227783478059762 -0.5557023118428417 0)
(0.2618694123350503 -0.5557198303566999 0)
(0.2959332167908353 -0.555733931761023 0)
(0.3299779144178457 -0.555745070731358 0)
(0.3640061519536792 -0.5557536045273628 0)
(0.3980201378287521 -0.5557598056026241 0)
(0.4320218541659525 -0.5557638710760211 0)
(0.4660137942399796 -0.5557659291547854 0)
(0.5 -0.555766041842605 0)
(0.5 0.5649898912014777 0)
(0.465987161830528 0.5649897584368058 0)
(0.4319687320017561 0.5649873619032849 0)
(0.3979405584605678 0.5649826283271052 0)
(0.3638998524629188 0.5649754080383448 0)
(0.3298443200356083 0.5649654711502905 0)
(0.2957715014066411 0.564952499954714 0)
(0.2616785532773667 0.5649360778300838 0)
(0.2275622836978982 0.5649156744956818 0)
(0.1934192550642954 0.5648906270344624 0)
(0.1592458803438931 0.5648601158790714 0)
(0.1250385049663275 0.5648231347293562 0)
(0.09079348966709387 0.5647784530499743 0)
(0.05650731378174112 0.564724569408102 0)
(0.02217671916609527 0.5646596534240147 0)
(-0.01220108334412327 0.5645814734531074 0)
(-0.04662812053566987 0.5644873062075693 0)
(-0.08110525046859823 0.5643738232110739 0)
(-0.1156316158750206 0.5642369469963249 0)
(-0.1502039222137768 0.564071666822942 0)
(-0.1848154767882627 0.5638717985013869 0)
(-0.2194548608450178 0.5636296638628124 0)
(-0.2541039972678451 0.5633356488519956 0)
(-0.2887352119857861 0.562977567020239 0)
(-0.3233066403253233 0.5625396880494395 0)
(-0.3577549686297072 0.562001140623136 0)
(-0.3919840052063754 0.5613330275557207 0)
(-0.4258471640725923 0.5604925667384459 0)
(-0.4591234650994968 0.5594096150002388 0)
(-0.4915001338311191 0.5579537843978247 0)
(-0.5226397076827345 0.5558704943102978 0)
(-0.5525157481015053 0.5527841682382504 0)
(-0.5814405040449039 0.548531979421639 0)
(-0.6096232752454989 0.5430602465512215 0)
(-0.637183284924295 0.5363487243311624 0)
(-0.6641800120403173 0.5283886215341755 0)
(-0.6906332240697192 0.5191769665787377 0)
(-0.716534874063109 0.5087158152529236 0)
(-0.7418578611898701 0.4970124160534412 0)
(-0.7665621072848126 0.4840794604297113 0)
(-0.7905990250704397 0.4699351914961855 0)
(-0.813914569566329 0.4546034414551073 0)
(-0.8364519871932892 0.4381132429919073 0)
(-0.8581530723616524 0.4204988427916309 0)
(-0.8789600872059565 0.4017989538025216 0)
(-0.8988158846893263 0.3820570582656499 0)
(-0.917665530053876 0.3613203096136733 0)
(-0.9354559677385644 0.3396400032837282 0)
(-0.9521374205752422 0.317070181473425 0)
(-0.9676626973572462 0.2936684210310301 0)
(-0.9819879980896202 0.2694949019733815 0)
(-0.995073046852492 0.2446120772906912 0)
(-1.006880709943646 0.2190854198670352 0)
(-1.017378119979012 0.1929812104992963 0)
(-1.026535897413187 0.1663678199267179 0)
(-1.034328130005198 0.1393162541762224 0)
(-1.040733407944353 0.111896847149723 0)
(-1.045733909348648 0.08418162110435691 0)
(-1.049315449198288 0.0562456805134227 0)
(-1.051468411337188 0.0281611821092293 0)
(-1.052186812454043 7.346482380240058e-07 0)
(-1.051468493294824 -0.02815957830941131 0)
(-1.049315622753098 -0.05624398498449066 0)
(-1.04573417366574 -0.08417990411828032 0)
(-1.040733753787488 -0.1118951709845131 0)
(-1.034328544728134 -0.1393146614602768 0)
(-1.026536367552117 -0.1663663314438462 0)
(-1.017378629431644 -0.1929798426266748 0)
(-1.006881243123902 -0.2190841831935598 0)
(-0.9950735905071828 -0.2446109737262419 0)
(-0.9819885425014395 -0.269493925364419 0)
(-0.9676632332500681 -0.2936675649419422 0)
(-0.9521379395695564 -0.3170694387922788 0)
(-0.9354564618508875 -0.3396393672596869 0)
(-0.9176659891566231 -0.3613197764261966 0)
(-0.8988162956097285 -0.382056626570683 0)
(-0.878960485705405 -0.4017985751327445 0)
(-0.8581534514802474 -0.4204985170795112 0)
(-0.8364523418788273 -0.438112967784629 0)
(-0.8139148974919918 -0.4546032117521928 0)
(-0.7905993248092031 -0.4699350029987556 0)
(-0.7665623828653094 -0.4840793050935286 0)
(-0.7418581093872283 -0.4970122916625577 0)
(-0.7165351008309638 -0.5087157148891415 0)
(-0.6906334277209779 -0.519176887497379 0)
(-0.6641801951716372 -0.5283885602325004 0)
(-0.6371834498166727 -0.5363486773855478 0)
(-0.6096234227191447 -0.5430602114489387 0)
(-0.5814406354032061 -0.5485319539968379 0)
(-0.5525158661543181 -0.5527841503609399 0)
(-0.5226398145148358 -0.5558704821235727 0)
(-0.4915002304194814 -0.5579537760243971 0)
(-0.4591235518210702 -0.5594096089831653 0)
(-0.4258472413456641 -0.560492562267209 0)
(-0.391984073640573 -0.5613330241803454 0)
(-0.3577550290181853 -0.5620011380540664 0)
(-0.3233066934546206 -0.5625396860811045 0)
(-0.2887352586296075 -0.5629775655088047 0)
(-0.2541040381811434 -0.5633356476870612 0)
(-0.2194548966935204 -0.5636296629583692 0)
(-0.1848155081658965 -0.5638717977964876 0)
(-0.1502039496761723 -0.5640716662729763 0)
(-0.1156316399226348 -0.5642369465651367 0)
(-0.08110527152934381 -0.5643738228701995 0)
(-0.04662813897612075 -0.5644873059366298 0)
(-0.01220109948786836 -0.564581473237856 0)
(0.02217670503122218 -0.5646596532536683 0)
(0.05650730140505718 -0.564724569273735 0)
(0.09079347883651692 -0.5647784529440372 0)
(0.1250384955060501 -0.5648231346456417 0)
(0.1592458721091868 -0.5648601158126818 0)
(0.193419247935705 -0.5648906269816265 0)
(0.2275622775763547 -0.5649156744534884 0)
(0.2616785480806474 -0.5649360777962387 0)
(0.295771497066914 -0.5649524999273692 0)
(0.3298443164976541 -0.564965471127938 0)
(0.3638998496827218 -0.5649754080197428 0)
(0.3979405564041811 -0.564982628311254 0)
(0.4319687306443809 -0.5649873618893796 0)
(0.4659871611558884 -0.5649897584242347 0)
(0.5 -0.5649898911898702 0)
(0.5 0.5752115721039387 0)
(0.4659577907168606 0.5752114169161555 0)
(0.4319101011236798 0.5752086468610031 0)
(0.3978526585353068 0.5752031761655891 0)
(0.3637823738245744 0.5751948313832775 0)
(0.3296966277671439 0.5751833463669174 0)
(0.2955926881711649 0.5751683533323828 0)
(0.2614674918830697 0.5751493699700425 0)
(0.2273176554317276 0.5751257823190965 0)
(0.1931395592780356 0.5750968227431305 0)
(0.1589294355003878 0.5750615420533256 0)
(0.1246834479397804 0.5750187745723861 0)
(0.09039777679746347 0.5749670945779657 0)
(0.05606872549353072 0.5749047621072483 0)
(0.0216928692857487 0.5748296555343222 0)
(-0.0127327327322273 0.574739187577149 0)
(-0.0472102379731559 0.5746302003430354 0)
(-0.08174060659682408 0.5744988335157518 0)
(-0.1163230444330373 0.5743403575336837 0)
(-0.1509542633383684 0.5741489600615075 0)
(-0.1856274902000427 0.5739174681827032 0)
(-0.2203310941663417 0.5736369785646368 0)
(-0.2550465981590881 0.573296349343315 0)
(-0.2897456845125893 0.5728814716227122 0)
(-0.3243855858697489 0.5723741648872469 0)
(-0.3589019583042834 0.5717503796154726 0)
(-0.393197984469505 0.5709770029380281 0)
(-0.4271284963703383 0.5700055600068523 0)
(-0.4604805390322148 0.5687585481673982 0)
(-0.4929664705205377 0.5670994713348693 0)
(-0.5242985376429418 0.5647845505591236 0)
(-0.5544568240609529 0.5614833108000536 0)
(-0.5836977770685639 0.5570355186288062 0)
(-0.6122085439465271 0.5513788855268611 0)
(-0.6400995911324842 0.5444861077254526 0)
(-0.6674266089144208 0.5363434965151178 0)
(-0.6942074417173904 0.5269446717171518 0)
(-0.7204330237477896 0.5162891798659573 0)
(-0.746075536441276 0.5043823575551714 0)
(-0.7710942650079988 0.4912354110572386 0)
(-0.7954398833302576 0.476865465476059 0)
(-0.8190575677136116 0.4612954938314097 0)
(-0.8418896330806931 0.4445539604413687 0)
(-0.863876927806934 0.4266747378861506 0)
(-0.8849606209289801 0.4076964394591685 0)
(-0.9050825840499643 0.3876625291229066 0)
(-0.9241867525331379 0.3666204388668732 0)
(-0.9422191073269491 0.3446217407451903 0)
(-0.959128790719958 0.3217210535614888 0)
(-0.9748676981822062 0.2979765134000825 0)
(-0.9893911314069701 0.2734490048107303 0)
(-1.002657947958159 0.2482018409599014 0)
(-1.014630344459389 0.2223011921845069 0)
(-1.025274699926946 0.195814401884266 0)
(-1.034561021477275 0.1688108740593121 0)
(-1.042462958150886 0.1413623755540466 0)
(-1.048958581183153 0.1135405190809839 0)
(-1.054029699643932 0.08541852645429056 0)
(-1.057661929386219 0.05707208479238521 0)
(-1.059845379132474 0.02857482328316126 0)
(-1.060573946526704 8.261252532520451e-07 0)
(-1.059845468922225 -0.02857306708760109 0)
(-1.057662116815478 -0.05707025181380081 0)
(-1.054029983426052 -0.08541668215993142 0)
(-1.048958952559277 -0.113538721094086 0)
(-1.042463403304199 -0.1413606624676963 0)
(-1.034561522184267 -0.1688092831777261 0)
(-1.025275242659661 -0.1958129432457121 0)
(-1.014630914228317 -0.2222998705668275 0)
(-1.002658529932936 -0.2482006589737962 0)
(-0.9893917142228482 -0.2734479582939606 0)
(-0.9748682720619114 -0.2979755956368512 0)
(-0.9591293469417504 -0.321720256744857 0)
(-0.9422196377593338 -0.3446210571596744 0)
(-0.9241872474924421 -0.3666198631784638 0)
(-0.9050830335868781 -0.3876620561357373 0)
(-0.8849610522612019 -0.4076960289922059 0)
(-0.8638773375433397 -0.4266743852400819 0)
(-0.8418900164843385 -0.4445536620684045 0)
(-0.8190579219903662 -0.4612952451676385 0)
(-0.7954402096725849 -0.4768652594519605 0)
(-0.7710945629913072 -0.4912352425631649 0)
(-0.7460758082692455 -0.5043822205673298 0)
(-0.7204332698197722 -0.5162890702881697 0)
(-0.6942076650980008 -0.5269445844594016 0)
(-0.6674268096233551 -0.5363434285048017 0)
(-0.6400997716622493 -0.544486055624926 0)
(-0.6122087062030588 -0.5513788462941913 0)
(-0.5836979222681858 -0.5570354898409113 0)
(-0.5544569545527673 -0.561483290253604 0)
(-0.5242986554820901 -0.5647845362817513 0)
(-0.4929665769291112 -0.5670994613652329 0)
(-0.4604806345674489 -0.5687585409667639 0)
(-0.4271285815858763 -0.5700055546591136 0)
(-0.3931980600429293 -0.5709769989035529 0)
(-0.3589020250676124 -0.571750376549814 0)
(-0.3243856446926804 -0.5723741625432788 0)
(-0.2897457362141462 -0.5728814698233529 0)
(-0.2550466435423039 -0.5732963479591384 0)
(-0.2203311339720142 -0.5736369774938397 0)
(-0.1856275250765537 -0.5739174673491763 0)
(-0.1509542938773341 -0.5741489594111515 0)
(-0.1163230711801271 -0.5743403570250416 0)
(-0.08174063003147389 -0.5744988331154068 0)
(-0.04721025850407246 -0.5746302000256465 0)
(-0.01273275071307671 -0.5747391873247785 0)
(0.02169285354223877 -0.5748296553340521 0)
(0.05606871171197938 -0.5749047619489284 0)
(0.09039776474121693 -0.5749670944530971 0)
(0.1246834374106579 -0.5750187744738421 0)
(0.1589294263350125 -0.5750615419753295 0)
(0.1931395513422534 -0.5750968226811572 0)
(0.2273176486150913 -0.5751257822696521 0)
(0.2614674860944602 -0.5751493699304024 0)
(0.2955926833356758 -0.5751683533003784 0)
(0.3296966238239 -0.5751833463407889 0)
(0.3637823707251036 -0.5751948313615769 0)
(0.397852656242266 -0.5752031761471419 0)
(0.4319100996098337 -0.5752086468448612 0)
(0.4659577899643672 -0.5752114169015863 0)
(0.5 -0.5752115720904634 0)
(0.5 0.586422557784074 0)
(0.4659257468714262 0.5864223778980018 0)
(0.4318460882612686 0.5864192005269593 0)
(0.3977566187797652 0.5864129262426769 0)
(0.3636539464859793 0.586403355575027 0)
(0.3295351169548368 0.5863901827239015 0)
(0.2953971065952308 0.5863729851443876 0)
(0.2612366096121894 0.5863512086865098 0)
(0.2270500280425364 0.5863241478547598 0)
(0.1928335381434713 0.5862909204293609 0)
(0.1585831691477059 0.5862504353458158 0)
(0.1242948810670954 0.5862013524252345 0)
(0.08996465058295876 0.5861420321585368 0)
(0.05558858114710132 0.5860704732241735 0)
(0.02116305605807288 0.5859842347576908 0)
(-0.0133150442107563 0.5858803395247432 0)
(-0.0478480362843534 0.5857551529560825 0)
(-0.08243701280529572 0.5856042313018933 0)
(-0.1170812746997989 0.5854221296299695 0)
(-0.1517775735952148 0.5852021564153495 0)
(-0.1865190916386608 0.5849360549257262 0)
(-0.2212940272273877 0.5846135803816399 0)
(-0.2560835565620729 0.5842219215146379 0)
(-0.2908587987225404 0.5837448760729416 0)
(-0.3255762290589861 0.5831616115456629 0)
(-0.3601707555187263 0.5824446746886631 0)
(-0.3945454960341155 0.5815565241686973 0)
(-0.4285577860214724 0.5804429320401032 0)
(-0.4620044199825689 0.5790195677552363 0)
(-0.4946237412281788 0.5771457175293527 0)
(-0.5261720244598338 0.574589968125288 0)
(-0.5566331529707881 0.5710611272297834 0)
(-0.5862145464070785 0.5664028535674142 0)
(-0.6150806433690805 0.5605455260517305 0)
(-0.6433320783899432 0.5534550589993431 0)
(-0.671019932732079 0.5451128017135836 0)
(-0.6981596347673354 0.5355087958553304 0)
(-0.7247407303486525 0.5246399236402818 0)
(-0.7507344211000582 0.5125094757396269 0)
(-0.7760991067796641 0.4991270842136636 0)
(-0.8007845708211245 0.4845086568908254 0)
(-0.8247350484263042 0.4686762559151362 0)
(-0.8478917626872498 0.4516577494575458 0)
(-0.8701944860888713 0.4334866094473215 0)
(-0.8915831664820094 0.4142013523384321 0)
(-0.9119985381286049 0.3938454622431946 0)
(-0.9313833262914708 0.3724666395946519 0)
(-0.9496824090534263 0.3501168065040471 0)
(-0.9668437513994476 0.3268511994260114 0)
(-0.9828182236402198 0.3027285894328732 0)
(-0.9975601371867027 0.2778106387248647 0)
(-1.011027405328015 0.2521615872116073 0)
(-1.023181456869971 0.2258484284124893 0)
(-1.033987858899903 0.19893964139164 0)
(-1.043415945177035 0.1715057468543918 0)
(-1.051438860008095 0.1436194185793779 0)
(-1.058034115904404 0.1153536413721375 0)
(-1.063183123356375 0.08678289050928163 0)
(-1.066871249353331 0.05798367931053217 0)
(-1.069088319354148 0.02903115453274436 0)
(-1.069828100560221 9.271699040904857e-07 0)
(-1.06908841715092 -0.02902922471275498 0)
(-1.066871451357104 -0.05798169539259321 0)
(-1.063183428585257 -0.08678090800718054 0)
(-1.058034514906236 -0.1153517073806878 0)
(-1.051439336222306 -0.1436175857714275 0)
(-1.043416484053729 -0.1715040349843246 0)
(-1.033988440318599 -0.1989380751502314 0)
(-1.02318206649289 -0.2258470124113965 0)
(-1.011028029283186 -0.2521603193072758 0)
(-0.9975607627195393 -0.2778095146988547 0)
(-0.9828188398592422 -0.302727602941697 0)
(-0.9668443490637919 -0.3268503422189947 0)
(-0.9496829798060238 -0.3501160699670314 0)
(-0.9313838609864094 -0.3724660167469884 0)
(-0.9119990292936034 -0.3938449447296776 0)
(-0.8915836345922714 -0.4142009061789286 0)
(-0.8701949297592038 -0.4334862267269698 0)
(-0.8478921774760091 -0.4516574258817412 0)
(-0.8247354328758658 -0.4686759853724144 0)
(-0.8007849252847257 -0.4845084323299623 0)
(-0.7760994309751712 -0.4991269001677183 0)
(-0.7507347175604115 -0.5125093256630394 0)
(-0.7247409992550522 -0.5246398030562492 0)
(-0.698159878772485 -0.5355086998825915 0)
(-0.671020153274131 -0.5451127262699689 0)
(-0.6433322765906333 -0.5534550009351795 0)
(-0.615080821686696 -0.5605454821689582 0)
(-0.5862147066726946 -0.5664028210563687 0)
(-0.5566332972253287 -0.5710611036943266 0)
(-0.5261721545600008 -0.5745899514742989 0)
(-0.4946238585193222 -0.5771457057356717 0)
(-0.462004525248819 -0.5790195591938001 0)
(-0.4285578799655918 -0.5804429256831385 0)
(-0.3945455794541459 -0.5815565193785309 0)
(-0.3601708292948181 -0.5824446710523762 0)
(-0.3255762941373282 -0.5831616087714929 0)
(-0.2908588559960107 -0.5837448739459113 0)
(-0.2560836068782629 -0.5842219198797203 0)
(-0.2212940713941122 -0.584613579120614 0)
(-0.1865191303749488 -0.5849360539468562 0)
(-0.151777607538842 -0.5852021556520051 0)
(-0.117081304437147 -0.5854221290335034 0)
(-0.08243703886566082 -0.5856042308339899 0)
(-0.04784805912526069 -0.5857551525865144 0)
(-0.01331506422349227 -0.5858803392312401 0)
(0.02116303853244815 -0.5859842345244073 0)
(0.05558856580798116 -0.5860704730392927 0)
(0.08996463716873639 -0.5861420320125085 0)
(0.1242948693557562 -0.5862013523100298 0)
(0.158583158954963 -0.5862504352547784 0)
(0.1928335293181274 -0.5862909203571629 0)
(0.227050020460819 -0.5863241477972404 0)
(0.2612366031726523 -0.5863512086404392 0)
(0.2953971012148794 -0.5863729851072227 0)
(0.3295351125664019 -0.5863901826935962 0)
(0.3636539430359664 -0.5864033555499037 0)
(0.3977566162269962 -0.5864129262213705 0)
(0.4318460865757468 -0.5864192005083619 0)
(0.4659257460335289 -0.5864223778812423 0)
(0.5 -0.58642255776855 0)
(0.5 0.5985946317394906 0)
(0.4658911551959737 0.5985944250209809 0)
(0.4317769398489256 0.5985908088386982 0)
(0.3976528022397848 0.5985836690555342 0)
(0.3635150468409025 0.5985727780682921 0)
(0.3293603772479211 0.5985577872309014 0)
(0.2951854619837767 0.5985382148279992 0)
(0.260986730959176 0.5985134290718278 0)
(0.2267603488951331 0.5984826255264447 0)
(0.1925022652312803 0.5984447980812651 0)
(0.1582082838026099 0.5983987022195045 0)
(0.1238741377232956 0.5983428089558194 0)
(0.08949557601026115 0.5982752473831414 0)
(0.05506847645603458 0.5981937331820053 0)
(0.02058900273133654 0.59809547968788 0)
(-0.01394617340645405 0.5979770871247871 0)
(-0.04853956076928594 0.5978344042710335 0)
(-0.08319242065232345 0.5976623549237801 0)
(-0.1179041886141 0.5974547187110448 0)
(-0.1526716996821762 0.5972038514046518 0)
(-0.1874881414398099 0.5969003227455862 0)
(-0.2223416028244537 0.5965324376198817 0)
(-0.257212994659418 0.5960855844295161 0)
(-0.2920729960268844 0.5955413131629679 0)
(-0.3268775321547787 0.594875964905088 0)
(-0.3615611284787649 0.5940585051230307 0)
(-0.3960275012788675 0.5930468398990272 0)
(-0.4301376198325624 0.5917810900286984 0)
(-0.4636994865203477 0.5901708538003974 0)
(-0.496477340468598 0.5880730676359139 0)
(-0.5282654339232367 0.5852695157534809 0)
(-0.5590492137517928 0.5815025230788011 0)
(-0.5889938180200436 0.5766205577397761 0)
(-0.6182410833362149 0.5705479767847697 0)
(-0.6468809139092347 0.5632443418460011 0)
(-0.6749590553939315 0.5546860584923566 0)
(-0.7024879588202516 0.5448594997901773 0)
(-0.7294553914569956 0.5337587573321165 0)
(-0.7558312549081752 0.5213849744046748 0)
(-0.7815728389094699 0.5077461100685261 0)
(-0.8066288186850677 0.4928567987183499 0)
(-0.8309423030978499 0.4767381475171252 0)
(-0.85445327998998 0.4594173920682299 0)
(-0.8771002758929618 0.4409276101520365 0)
(-0.8988219108245186 0.4213071998451945 0)
(-0.9195576384852727 0.4005997003189604 0)
(-0.9392488434611084 0.3788531213290904 0)
(-0.957839183789731 0.3561197788330273 0)
(-0.9752753525015582 0.332455570655584 0)
(-0.991507082715344 0.3079199809434011 0)
(-1.006487600814219 0.2825755262015637 0)
(-1.020173799514848 0.2564874383412884 0)
(-1.032526241696944 0.2297236605295705 0)
(-1.043509626482043 0.2023538732376715 0)
(-1.053092558119664 0.1744497973239101 0)
(-1.061247598538067 0.1460851856073768 0)
(-1.067951677086709 0.1173344401196853 0)
(-1.073185761470642 0.08827340614005275 0)
(-1.076934933127814 0.05897958206867396 0)
(-1.079188724534279 0.02952972469696906 0)
(-1.079940756971892 1.03512257321969e-06 0)
(-1.079188831759542 -0.02952760360611983 0)
(-1.076935153322386 -0.05897742387576047 0)
(-1.073186091737369 -0.08827125492032611 0)
(-1.067952105383737 -0.1173323605790926 0)
(-1.061248111924878 -0.146083208782172 0)
(-1.053093136483149 -0.1744479584012912 0)
(-1.043510252547856 -0.2023521860184839 0)
(-1.032526896575303 -0.2297221367510332 0)
(-1.020174469299586 -0.2564860756061556 0)
(-1.006488273027092 -0.282574317363572 0)
(-0.9915077455170316 -0.3079189188948005 0)
(-0.9752759958286756 -0.3324546468370392 0)
(-0.957839798877862 -0.3561189839494938 0)
(-0.9392494217626373 -0.3788524466977531 0)
(-0.9195581744290482 -0.4005991348330621 0)
(-0.8988224193639931 -0.4213067142605734 0)
(-0.8771007565696834 -0.4409271945824845 0)
(-0.8544537295081029 -0.4594170406260925 0)
(-0.830942720656044 -0.4767378527845665 0)
(-0.8066292035684589 -0.4928565540939447 0)
(-0.7815731923278884 -0.5077459086028369 0)
(-0.7558315777756157 -0.5213848101747798 0)
(-0.7294556856912311 -0.5337586245854227 0)
(-0.7024882254911671 -0.5448593940325712 0)
(-0.6749592971620114 -0.5546859750548723 0)
(-0.6468811318291735 -0.5632442771409256 0)
(-0.6182412793173115 -0.570547927636343 0)
(-0.5889939945136404 -0.5766205210867903 0)
(-0.5590493729285484 -0.5815024962408581 0)
(-0.5282655774747717 -0.5852694964592098 0)
(-0.4964774697106933 -0.5880730537881476 0)
(-0.4636996024359733 -0.5901708436941011 0)
(-0.4301377232924489 -0.5917810825213718 0)
(-0.3960275932303877 -0.5930468342502699 0)
(-0.3615612098899231 -0.5940585008393598 0)
(-0.326877604038127 -0.5948759616424826 0)
(-0.2920730593650447 -0.5955413106663294 0)
(-0.257213050359617 -0.5960855825120736 0)
(-0.2223416517510002 -0.5965324361436024 0)
(-0.1874881843862152 -0.5969003216032509 0)
(-0.1526717373471521 -0.5972038505154518 0)
(-0.1179042216272686 -0.5974547180166223 0)
(-0.08319244958866849 -0.5976623543800852 0)
(-0.04853958613697262 -0.5978344038431405 0)
(-0.01394619564125636 -0.5979770867858889 0)
(0.02058898325459338 -0.598095479418534 0)
(0.0550684594096055 -0.5981937329681285 0)
(0.0894955611073026 -0.5982752472138644 0)
(0.1238741247172822 -0.5983428088221798 0)
(0.1582082724867248 -0.5983987021139938 0)
(0.1925022554351728 -0.5984447979977368 0)
(0.2267603404796976 -0.5984826254600186 0)
(0.2609867238110498 -0.5985134290186971 0)
(0.2951854560107333 -0.598538214785187 0)
(0.3293603723754863 -0.5985577871960328 0)
(0.3635150430099666 -0.5985727780394368 0)
(0.3976527994048878 -0.5985836690311179 0)
(0.4317769379769786 -0.5985908088174363 0)
(0.4658911542653539 -0.5985944250018524 0)
(0.5 -0.5985946317217492 0)
(0.5 0.6116821170817277 0)
(0.4658541928558132 0.61168188160199 0)
(0.4317030087965575 0.6116777983738957 0)
(0.39754173480965 0.611669737624807 0)
(0.3633663718360901 0.6116574417118856 0)
(0.3291732773732499 0.6116405162451193 0)
(0.294958798232189 0.6116184163358573 0)
(0.2607190800313922 0.6115904272895187 0)
(0.2264500280456748 0.6115556389920704 0)
(0.1921473423856009 0.6115129129667097 0)
(0.1578065786916542 0.6114608406884774 0)
(0.1234232195676937 0.6113976913030559 0)
(0.08899276130074409 0.6113213464018645 0)
(0.0545108288863131 0.6112292188551397 0)
(0.01997333651889755 0.6111181518496513 0)
(-0.01462328601507323 0.6109842931655831 0)
(-0.04928177706279777 0.6108229382332226 0)
(-0.08400360859916453 0.6106283334110565 0)
(-0.1187883983028893 0.6103934278305179 0)
(-0.1536331193834642 0.6101095573881921 0)
(-0.1885310303840082 0.6097660368196653 0)
(-0.223470192877562 0.6093496227972024 0)
(-0.2584313638497948 0.6088437878356374 0)
(-0.2933849493394129 0.6082277025054641 0)
(-0.328286589495972 0.607474742522004 0)
(-0.3630708662525031 0.6065501724753843 0)
(-0.3976428220941886 0.6054073199742123 0)
(-0.4318681465390788 0.6039809110307459 0)
(-0.4655671217003531 0.6021753806433934 0)
(-0.4985289573134685 0.5998470025957493 0)
(-0.5305799127826156 0.5967908945845819 0)
(-0.5617052166367469 0.5927774993742443 0)
(-0.5920341261732793 0.5876606032208944 0)
(-0.6216865591801839 0.5813597938709869 0)
(-0.6507410553729037 0.5738288137033611 0)
(-0.679237331419292 0.5650392473320264 0)
(-0.7071843602138346 0.5549737502504578 0)
(-0.734567680596894 0.5436235563497446 0)
(-0.7613555602160784 0.5309875806336007 0)
(-0.7875039052941747 0.517072044758951 0)
(-0.8129600787632718 0.5018902494766824 0)
(-0.8376658521284589 0.4854623250174238 0)
(-0.8615598240953605 0.4678148446800169 0)
(-0.8845791212110642 0.4489804929322355 0)
(-0.9066608757017143 0.4289975762003535 0)
(-0.9277431385131563 0.4079097002266092 0)
(-0.9477658452361829 0.3857652101419422 0)
(-0.9666712972911967 0.3626168852625765 0)
(-0.9844048241348802 0.3385213222114187 0)
(-1.000914912885041 0.3135387966932072 0)
(-1.016153610165586 0.2877327581553916 0)
(-1.030076711095444 0.2611694983908244 0)
(-1.04264382188904 0.2339180246838245 0)
(-1.053818719236605 0.2060492859603578 0)
(-1.063569216221135 0.1776363000435866 0)
(-1.071867226561362 0.1487540395936686 0)
(-1.078689061680031 0.1194783961920046 0)
(-1.084015220427226 0.08988664717196619 0)
(-1.087830445518529 0.06005752317815893 0)
(-1.090123971831915 0.03006939799199486 0)
(-1.090889264356659 1.146770185294751e-06 0)
(-1.090124089685085 -0.03006707015234336 0)
(-1.087830683642836 -0.06005517588204391 0)
(-1.08401557503573 -0.08988433445138208 0)
(-1.078689523734183 -0.1194761549862792 0)
(-1.071867778363253 -0.1487519141495459 0)
(-1.063569839196774 -0.1776343191212549 0)
(-1.053819393178149 -0.2060474690537624 0)
(-1.042644527524496 -0.2339163814149428 0)
(-1.030077431625767 -0.2611680302025949 0)
(-1.016154333067729 -0.2877314566510776 0)
(-1.00091562625811 -0.313537652493499 0)
(-0.9844055171786136 -0.3385203258346222 0)
(-0.9666719606993032 -0.3626160267409684 0)
(-0.9477664709806428 -0.3857644791243892 0)
(-0.927743722316315 -0.4079090833081082 0)
(-0.9066614279679253 -0.4289970478221016 0)
(-0.8845796420922115 -0.4489800416765564 0)
(-0.861560311636256 -0.4678144626092496 0)
(-0.8376663052483595 -0.4854620042227428 0)
(-0.812960496957626 -0.5018899828077077 0)
(-0.7875042900692515 -0.5170718245244621 0)
(-0.7613559120233236 -0.5309874007814086 0)
(-0.734568001837291 -0.5436234105772961 0)
(-0.7071846519149952 -0.554973633625679 0)
(-0.6792375958755461 -0.5650391551794713 0)
(-0.6507412945754905 -0.5738287418179087 0)
(-0.6216867745420078 -0.5813597388785393 0)
(-0.592034320161447 -0.587660561952968 0)
(-0.5617053917787453 -0.5927774688979727 0)
(-0.5305800708380792 -0.5967908723879213 0)
(-0.4985290995264973 -0.5998469864731303 0)
(-0.4655672491607049 -0.6021753688088496 0)
(-0.431868260288891 -0.6039809022287059 0)
(-0.397642923237132 -0.605407313358979 0)
(-0.3630709558881362 -0.6065501674656395 0)
(-0.3282866687121352 -0.6074747387112247 0)
(-0.2933850192081173 -0.6082276995953018 0)
(-0.2584314253587198 -0.6088437856037445 0)
(-0.2234702469473867 -0.6093496210807439 0)
(-0.1885310778767956 -0.6097660354949077 0)
(-0.1536331610691379 -0.6101095563597807 0)
(-0.1187884348634038 -0.610393427028304 0)
(-0.08400364065354018 -0.6106283327836255 0)
(-0.04928180516782849 -0.6108229377407524 0)
(-0.0146233106549086 -0.6109842927768165 0)
(0.01997331492974509 -0.6111181515411693 0)
(0.05451080998943105 -0.6112292186099949 0)
(0.08899274478311008 -0.611321346207458 0)
(0.123423205158 -0.611397691149357 0)
(0.1578065661596455 -0.6114608405671302 0)
(0.1921473315401335 -0.6115129128707706 0)
(0.2264500187304343 -0.6115556389159187 0)
(0.2607190721194385 -0.6115904272287163 0)
(0.2949587916208027 -0.6116184162869338 0)
(0.3291732719798595 -0.6116405162053284 0)
(0.3633663675953395 -0.6116574416790126 0)
(0.397541731671341 -0.6116697375970501 0)
(0.4317030067241793 -0.6116777983497799 0)
(0.4658541918255223 -0.6116818815803278 0)
(0.5 -0.6116821170616169 0)
(0.5 0.6256252651718174 0)
(0.4658150787782294 0.6256249992617743 0)
(0.4316247333384246 0.6256204248462535 0)
(0.3974240734645674 0.6256113957355303 0)
(0.3632087967467032 0.6255976225998913 0)
(0.328974912485808 0.6255786627876914 0)
(0.2947184345602398 0.6255539047567865 0)
(0.2604352063115857 0.6255225463191639 0)
(0.2261208526026333 0.6254835658084884 0)
(0.1917708022305227 0.6254356849831986 0)
(0.1573803399484525 0.6253773220808164 0)
(0.1229446739862245 0.625306532936293 0)
(0.088459022170762 0.6252209375094666 0)
(0.05391872833907733 0.6251176284474191 0)
(0.01931942537423715 0.624993057357371 0)
(-0.01534273513178093 0.6248428932289753 0)
(-0.05007076258450281 0.6246618457981392 0)
(-0.08486638744240484 0.6244434443482922 0)
(-0.1197294651390999 0.6241797590996433 0)
(-0.1546571732084567 0.6238610472768544 0)
(-0.1896429219366565 0.6234752978915512 0)
(-0.2246748487783089 0.6230076356908587 0)
(-0.2597336988458492 0.6224395211452677 0)
(-0.2947898125986813 0.6217476415175733 0)
(-0.3297988605823533 0.6209023094937218 0)
(-0.3646959737998779 0.6198650329768287 0)
(-0.3993882641336637 0.6185846331830385 0)
(-0.4337471061310673 0.6169908255612824 0)
(-0.4676057026267896 0.6149838527411513 0)
(-0.5007766413114541 0.6124207251064897 0)
(-0.5331125487756423 0.609109447636955 0)
(-0.564597236062425 0.604843719090385 0)
(-0.5953297627712287 0.5994828059356589 0)
(-0.6254092971818593 0.5929426301961733 0)
(-0.654902709807261 0.5851716947498845 0)
(-0.6838430755967598 0.5761369756854287 0)
(-0.7122353447640938 0.565817442686593 0)
(-0.7400624047379079 0.5542014290336673 0)
(-0.7672905815359405 0.5412855563951715 0)
(-0.7938740883772222 0.52707428080332 0)
(-0.8197587217559942 0.5115795426712126 0)
(-0.8448847289756742 0.4948204637877431 0)
(-0.8691891571082372 0.4768229427650679 0)
(-0.8926075464421802 0.457619295126732 0)
(-0.9150754333707373 0.4372477238718747 0)
(-0.9365293010947313 0.4157519618160093 0)
(-0.9569075345343672 0.3931807078328932 0)
(-0.9761509383932893 0.3695872862141186 0)
(-0.994203391965142 0.3450290261441354 0)
(-1.011012043206493 0.3195670566967546 0)
(-1.02652766782005 0.2932658384147461 0)
(-1.040704883092254 0.2661927980532214 0)
(-1.053502255363132 0.238418110176379 0)
(-1.064882581616769 0.2100140676825708 0)
(-1.074812825332867 0.1810550754325363 0)
(-1.083264191600522 0.1516174530036361 0)
(-1.090212344485394 0.1217786476736603 0)
(-1.09563727304077 0.09161747951862437 0)
(-1.099523350384151 0.06121404844954546 0)
(-1.10185949921094 0.03064844673214499 0)
(-1.102639016938283 1.262807605943649e-06 0)
(-1.101859629079928 -0.03064589685256572 0)
(-1.099523610897834 -0.0612114916668165 0)
(-1.095637658770466 -0.09161496158732006 0)
(-1.090212842028032 -0.1217762257756195 0)
(-1.083264784946627 -0.1516151642196231 0)
(-1.074813495468206 -0.1810529434505102 0)
(-1.064883307144021 -0.2100121112821316 0)
(-1.05350301583992 -0.2384163385980484 0)
(-1.040705659492767 -0.2661912143221618 0)
(-1.026528445848961 -0.2932644357159864 0)
(-1.011012811030285 -0.3195658237013784 0)
(-0.9942041385483807 -0.3450279515580369 0)
(-0.9761516540573003 -0.369586358907449 0)
(-0.9569082117580164 -0.3931799157033578 0)
(-0.9365299368315858 -0.4157512893321811 0)
(-0.9150760358150234 -0.4372471472031589 0)
(-0.8926081182753841 -0.4576187998656408 0)
(-0.8691896980721165 -0.4768225185530664 0)
(-0.8448852345580863 -0.4948201045735787 0)
(-0.8197591863940368 -0.5115792444064159 0)
(-0.7938745117443856 -0.5270740366478817 0)
(-0.7672909667297677 -0.5412853580366368 0)
(-0.740062755318026 -0.5542012688187419 0)
(-0.7122356635788584 -0.5658173142112264 0)
(-0.6838433645550971 -0.5761368739648087 0)
(-0.6549029715749337 -0.585171615141781 0)
(-0.6254095334239618 -0.5929425688748422 0)
(-0.5953299756017066 -0.5994827595882559 0)
(-0.5645974281931847 -0.604843684614597 0)
(-0.5331127222480525 -0.6091094222789102 0)
(-0.5007767974104282 -0.6124207065006984 0)
(-0.4676058424735794 -0.6149838390026915 0)
(-0.4337472309104295 -0.6169908153229071 0)
(-0.3993883750993773 -0.6185846254920337 0)
(-0.364696072208039 -0.6198650271610482 0)
(-0.3297989476245068 -0.6209023050752493 0)
(-0.2947898894330403 -0.6217476381492069 0)
(-0.259733766553709 -0.6224395185668001 0)
(-0.2246749083481142 -0.6230076337101103 0)
(-0.189642974292794 -0.6234752963655505 0)
(-0.154657219193755 -0.6238610460955356 0)
(-0.1197295054982577 -0.6241797581799926 0)
(-0.084866422841801 -0.6244434436297057 0)
(-0.05007079362688675 -0.6246618452350944 0)
(-0.01534276235004452 -0.6248428927858271 0)
(0.01931940152133391 -0.6249930570066464 0)
(0.05391870745797583 -0.6251176281688648 0)
(0.0884590039202237 -0.6252209372882821 0)
(0.1229446580697464 -0.625306532761123 0)
(0.157380326111967 -0.6253773219424115 0)
(0.1917707902610424 -0.6254356848738423 0)
(0.2261208423250829 -0.6254835657218293 0)
(0.2604351975838507 -0.6255225462501071 0)
(0.2947184272677815 -0.6255539047013191 0)
(0.3289749065369853 -0.6255786627426504 0)
(0.3632087920692381 -0.6255976225627458 0)
(0.3974240700030521 -0.6256113957042299 0)
(0.4316247310525982 -0.6256204248191186 0)
(0.4658150776418141 -0.6256249992374369 0)
(0.5 -0.6256252651492061 0)
(0.5 0.6403542997664912 0)
(0.4657740614060976 0.6403540020589727 0)
(0.4315426122192166 0.6403489170643469 0)
(0.3973005686707982 0.6403388815530201 0)
(0.3630433248121384 0.64032357316438 0)
(0.328766541020165 0.6403024989174626 0)
(0.2944658893940069 0.6402749777533505 0)
(0.2601368952063 0.6402401162118436 0)
(0.225774883464305 0.640196776224139 0)
(0.1913749905631564 0.6401435336632522 0)
(0.1569322081045973 0.6400786258778797 0)
(0.1224414461148743 0.6399998858838488 0)
(0.08789761782684886 0.639904660238779 0)
(0.05329575658326 0.6397897068291565 0)
(0.01863118039931295 0.6396510677568238 0)
(-0.01610027620434936 0.6394839111534224 0)
(-0.0509019390632322 0.6392823339525099 0)
(-0.08577585047735681 0.6390391151694407 0)
(-0.1207221672109909 0.6387454056939625 0)
(-0.1557383481009942 0.6383903353216914 0)
(-0.1908180505973879 0.6379605094054803 0)
(-0.2259496119692274 0.6374393537046298 0)
(-0.261113935514327 0.6368062428912632 0)
(-0.296281538084883 0.6360353081199489 0)
(-0.3314084746990759 0.6350937457127699 0)
(-0.3664309441841521 0.6339393151311005 0)
(-0.4012588416282224 0.6325164905402029 0)
(-0.4357700190539823 0.6307504499156654 0)
(-0.4698107974502765 0.6285381954186245 0)
(-0.5032150657960204 0.6257385242845473 0)
(-0.5358568329002547 0.6221714444679798 0)
(-0.5677176475277894 0.6176496908898894 0)
(-0.5988713694596886 0.6120378569357454 0)
(-0.6293978768195458 0.6052491346026575 0)
(-0.6593522416145715 0.5972273963553132 0)
(-0.6887604911721048 0.5879352499766533 0)
(-0.7176230674306939 0.5773480621159461 0)
(-0.7459198085483381 0.5654512629850801 0)
(-0.7736146819382902 0.5522391896047337 0)
(-0.800659966714329 0.5377144798277596 0)
(-0.8269996430091572 0.5218877053869733 0)
(-0.8525722156211692 0.5047769815791451 0)
(-0.8773129660148283 0.4864075580436477 0)
(-0.9011557192183822 0.4668113702644957 0)
(-0.9240342767478759 0.4460265436422992 0)
(-0.9458834193902874 0.4240969763220185 0)
(-0.9666398485116425 0.4010717731506248 0)
(-0.9862427960927984 0.3770048156662403 0)
(-1.004634567528776 0.3519542582999035 0)
(-1.021760873799781 0.325982147639081 0)
(-1.037571142171146 0.2991540164739738 0)
(-1.052018736433035 0.2715385015212211 0)
(-1.065061105032291 0.2432070428897063 0)
(-1.076660008065619 0.2142333544085462 0)
(-1.086781506519519 0.1846933089547743 0)
(-1.095396042883683 0.1546646888887829 0)
(-1.102478599528698 0.1242265755506605 0)
(-1.108008624581015 0.09345941265723054 0)
(-1.111970086813726 0.06244482796223026 0)
(-1.114351586737958 0.03126469338030378 0)
(-1.115146242036347 1.388070409994469e-06 0)
(-1.114351729160009 -0.03126190159892379 0)
(-1.111970369983371 -0.0624420431314086 0)
(-1.108009041562125 -0.09345669052576645 0)
(-1.102479138266788 -0.1242239547103496 0)
(-1.095396682761955 -0.1546622165987989 0)
(-1.08678222716172 -0.1846910128180977 0)
(-1.07666078860013 -0.2142312484923572 0)
(-1.065061924459501 -0.2432051341219084 0)
(-1.052019575341761 -0.2715367906924888 0)
(-1.037571985432329 -0.2991524963265315 0)
(-1.021761709937691 -0.3259808047132582 0)
(-1.004635383388495 -0.351953082366522 0)
(-0.9862435768675339 -0.3770038013371989 0)
(-0.9666405861273171 -0.40107090810045 0)
(-0.9458841133243491 -0.4240962406644981 0)
(-0.9240349338008479 -0.4460259128263055 0)
(-0.9011563385472242 -0.466810830633451 0)
(-0.8773135406436623 -0.4864071040830574 0)
(-0.8525727458334944 -0.5047766046937371 0)
(-0.8270001428640643 -0.5218873860088072 0)
(-0.800660431239798 -0.5377142120729671 0)
(-0.7736151059111428 -0.5522389701589938 0)
(-0.7459201925634 -0.5654510860953559 0)
(-0.7176234157288537 -0.5773479205483072 0)
(-0.68876080665818 -0.5879351377639146 0)
(-0.6593525273031846 -0.5972273083933499 0)
(-0.6293981351493584 -0.605249066510402 0)
(-0.5988716023992784 -0.6120378050977076 0)
(-0.5677178576847657 -0.6176496520547579 0)
(-0.5358570226133551 -0.6221714156827831 0)
(-0.5032152365653896 -0.6257385029975621 0)
(-0.4698109504391252 -0.6285381796127504 0)
(-0.4357701555445471 -0.6307504381070557 0)
(-0.4012589630091796 -0.6325164816673459 0)
(-0.3664310518694875 -0.6339393084297629 0)
(-0.3314085700155521 -0.6350937406283648 0)
(-0.2962816222837867 -0.6360353042495369 0)
(-0.2611140097737833 -0.6368062399342773 0)
(-0.225949677360445 -0.6374393514364928 0)
(-0.1908181081077142 -0.6379605076604032 0)
(-0.1557383986420822 -0.6383903339739563 0)
(-0.1207222115967214 -0.6387454046473805 0)
(-0.08577588942836646 -0.6390391143528334 0)
(-0.0509019732278255 -0.6392823333134278 0)
(-0.0161003061623653 -0.6394839106515843 0)
(0.01863115414279693 -0.6396510673607844 0)
(0.05329573359532689 -0.6397897065151478 0)
(0.08789759773504942 -0.6399046599893764 0)
(0.1224414285965025 -0.6399998856860413 0)
(0.1569321928815772 -0.6400786257213912 0)
(0.1913749774001494 -0.640143533539599 0)
(0.2257748721663764 -0.6401967761262634 0)
(0.2601368856147723 -0.6402401161339959 0)
(0.2944658813812145 -0.6402749776909468 0)
(0.3287665344843745 -0.6403024988668843 0)
(0.363043319673424 -0.6403235731227453 0)
(0.3973005648680532 -0.6403388815180086 0)
(0.4315426097080987 -0.6403489170340565 0)
(0.4657740601576879 -0.6403540020318459 0)
(0.5 -0.6403542997412751 0)
(0.5 0.6557935895013752 0)
(0.4657314062244792 0.6557932589602673 0)
(0.4314571793417112 0.6557876492039346 0)
(0.3971720257801694 0.6557765795082241 0)
(0.3628710352352927 0.6557596934713064 0)
(0.3285495192321178 0.6557364462161606 0)
(0.2942028012808102 0.655706084990295 0)
(0.2598260750018392 0.6556676221824121 0)
(0.2254143478539736 0.6556197996142934 0)
(0.1909624439276842 0.6555610425803494 0)
(0.1564650401198079 0.6554894016545446 0)
(0.121916724720937 0.6554024796926701 0)
(0.08731208008805587 0.6552973407293632 0)
(0.05264579903388084 0.6551703965879651 0)
(0.01791284975978719 0.6550172658884426 0)
(-0.01689129141597861 0.6548325986628599 0)
(-0.05177031557101907 0.6546098578432217 0)
(-0.08672663533695776 0.6543410462507626 0)
(-0.1217607796525056 0.6540163640271941 0)
(-0.1568705754712637 0.6536237760231774 0)
(-0.1920500364732203 0.6531484601964471 0)
(-0.2272878425902049 0.6525720945540248 0)
(-0.2625652489547582 0.6518719183582531 0)
(-0.2978532172353507 0.6510194662854079 0)
(-0.3331085641777691 0.6499788090158477 0)
(-0.3682690749876349 0.6487040245236715 0)
(-0.4032480782316398 0.6471354684663461 0)
(-0.4379304833378754 0.6451942999326756 0)
(-0.4721755164449886 0.642775142510346 0)
(-0.5058360738283909 0.6397392731051197 0)
(-0.5388032277820232 0.635917545353695 0)
(-0.571055771920437 0.6311381413119709 0)
(-0.602646582026237 0.6252706117131149 0)
(-0.6336378771528636 0.618226150313967 0)
(-0.6640730875820914 0.6099445687074747 0)
(-0.6939708086936859 0.6003844131481407 0)
(-0.7233266094262272 0.5895175491879707 0)
(-0.7521168461482615 0.5773265599739432 0)
(-0.7803028242737344 0.5638034869772386 0)
(-0.8078345505249607 0.5489491757003438 0)
(-0.8346539541120949 0.5327728226170516 0)
(-0.8606975638198536 0.5152915579724071 0)
(-0.885898762653119 0.4965299636938111 0)
(-0.9101894688755479 0.4765196477044591 0)
(-0.9335016014052263 0.4552986896236468 0)
(-0.9557681196577316 0.4329111817768738 0)
(-0.9769239350332054 0.4094066775367527 0)
(-0.996906566670365 0.3848397021014118 0)
(-1.015656704197288 0.3592692267766977 0)
(-1.033118494623015 0.3327583402635879 0)
(-1.049239942775536 0.3053736991062026 0)
(-1.063973100436193 0.277185201767739 0)
(-1.077274225243848 0.248265648780661 0)
(-1.089103983286885 0.2186902532213167 0)
(-1.099427483090678 0.1885364351214054 0)
(-1.108214353816708 0.1578835479808903 0)
(-1.115438864489021 0.126812378048596 0)
(-1.121079892811728 0.09540507617740394 0)
(-1.125120972430325 0.06374493499483896 0)
(-1.127550370812509 0.03191567015326646 0)
(-1.128361014807269 1.524091057344898e-06 0)
(-1.127550525303608 -0.03191262060935196 0)
(-1.125121280221331 -0.06374191263558501 0)
(-1.121080345615344 -0.09540212007127943 0)
(-1.115439445231156 -0.1268095494978306 0)
(-1.108215044496454 -0.1578808791218162 0)
(-1.099428259270223 -0.1885339592696568 0)
(-1.089104823075726 -0.2186879853277586 0)
(-1.077275107971543 -0.2482635920532258 0)
(-1.063974006076317 -0.2771833537122473 0)
(-1.049240850856114 -0.3053720573564996 0)
(-1.033119385628309 -0.3327569030918007 0)
(-1.015657567299844 -0.3592679821471979 0)
(-0.9969074053240387 -0.384838615654672 0)
(-0.9769247376575064 -0.4094057369451173 0)
(-0.9557688767543605 -0.4329103771044184 0)
(-0.9335023128153223 -0.4552980036856125 0)
(-0.9101901340953009 -0.476519067152807 0)
(-0.8858993881222967 -0.4965294712704275 0)
(-0.860698155872675 -0.5152911347561456 0)
(-0.8346544907891785 -0.5327724758940284 0)
(-0.8078350479464578 -0.5489488884281504 0)
(-0.7803032856752182 -0.5638032481393732 0)
(-0.752117266825225 -0.5773263653088229 0)
(-0.7233269901374154 -0.5895173931815552 0)
(-0.6939711529290949 -0.6003842894470277 0)
(-0.6640733987902064 -0.6099444716688214 0)
(-0.6336381586525283 -0.6182260749905775 0)
(-0.6026468361490886 -0.6252705540263969 0)
(-0.5710560011020585 -0.6311380977900684 0)
(-0.5388034345158206 -0.6359175128785679 0)
(-0.505836259935516 -0.6397392489444981 0)
(-0.4721756832229935 -0.6427751244868773 0)
(-0.437930632142745 -0.6451942864312392 0)
(-0.4032482105663179 -0.6471354583129107 0)
(-0.3682691924096352 -0.6487040168604434 0)
(-0.3331086681675696 -0.6499788032095 0)
(-0.2978533091552359 -0.6510194618712911 0)
(-0.2625653300797909 -0.6518719149918669 0)
(-0.227287914085132 -0.6525720919764904 0)
(-0.1920500993961378 -0.6531484582159183 0)
(-0.1568706307986661 -0.6536237744963632 0)
(-0.1217608282682265 -0.6540163628445254 0)
(-0.08672667802282431 -0.6543410453297763 0)
(-0.05177035302365577 -0.6546098571233013 0)
(-0.01689132426039286 -0.6548325980984704 0)
(0.01791282097248957 -0.6550172654441873 0)
(0.05264577382858907 -0.6551703962365566 0)
(0.08731205805780376 -0.6552973404504795 0)
(0.1219167055150744 -0.6554024794712993 0)
(0.1564650234358563 -0.6554894014791811 0)
(0.1909624295077838 -0.6555610424416887 0)
(0.2254143354827099 -0.6556197995046011 0)
(0.2598260645029086 -0.6556676220953047 0)
(0.2942027925122384 -0.6557060849206119 0)
(0.3285495120810517 -0.6557364461598005 0)
(0.3628710296133988 -0.6557596934250078 0)
(0.3971720216201227 -0.6557765794693687 0)
(0.4314571765947561 -0.6557876491703866 0)
(0.46573140485885 -0.6557932589302667 0)
(0.5 -0.655793589473478 0)
(0.5 0.6718655024798211 0)
(0.4656873843245679 0.671865138416503 0)
(0.4313689804853817 0.6718589951856571 0)
(0.3970392694534319 0.6718468742871083 0)
(0.3626930350653601 0.6718283846189702 0)
(0.3283252404285724 0.6718029283736782 0)
(0.2939308553161011 0.6717696796588791 0)
(0.2595047302120227 0.6717275547909117 0)
(0.225041539188146 0.6716751729942766 0)
(0.1905357755160101 0.6716108058152778 0)
(0.155981780772717 0.6715323130534318 0)
(0.1213737985100252 0.6714370623830183 0)
(0.08670605402595295 0.6713218290349551 0)
(0.05197286916233225 0.671182670938295 0)
(0.0171688263446375 0.6710147734963304 0)
(-0.01771099925851967 0.6708122565844196 0)
(-0.05267071573372799 0.670567934280912 0)
(-0.08771316900227459 0.6702730150866835 0)
(-0.1228393372703169 0.669916726607488 0)
(-0.1580475110430695 0.6694858431819477 0)
(-0.1933321814344962 0.6689640866079068 0)
(-0.2286825296590686 0.6683313574255836 0)
(-0.2640803741407454 0.6675627344108906 0)
(-0.2994974069431057 0.6666271471200115 0)
(-0.3348915913943141 0.6654855719708529 0)
(-0.3702027959397032 0.6640885215434273 0)
(-0.4053483397639298 0.6623725084412968 0)
(-0.4402205408670612 0.6602551936471638 0)
(-0.4746910033433279 0.6576295472172357 0)
(-0.5086292763787003 0.6543596950713226 0)
(-0.5419398715764859 0.6502860374556952 0)
(-0.574598618435068 0.6452491951211032 0)
(-0.6066409067440244 0.6391231645958766 0)
(-0.6381128932157661 0.6318176950486163 0)
(-0.6690467223528976 0.6232690403054084 0)
(-0.6994533737754899 0.6134319873662744 0)
(-0.729323151392517 0.6022750663563692 0)
(-0.7586285943633603 0.5897780703568213 0)
(-0.7873280003149268 0.575930789605767 0)
(-0.815368813997298 0.5607322994860942 0)
(-0.8426906548432097 0.5441904452556476 0)
(-0.8692279074294669 0.5263213712771857 0)
(-0.8949118103217505 0.5071490648436259 0)
(-0.9196722652164155 0.4867047976062355 0)
(-0.9434391509394967 0.4650266629553861 0)
(-0.9661434715837596 0.4421589948332721 0)
(-0.9877182768452307 0.4181518045122983 0)
(-1.008099252768222 0.3930603464072677 0)
(-1.027225339319001 0.3669445094012119 0)
(-1.045039116390748 0.339868375635541 0)
(-1.061487058019109 0.31189985738883 0)
(-1.076519827310924 0.2831101893568237 0)
(-1.090092434775811 0.2535735957067953 0)
(-1.102164408770285 0.2233668468052325 0)
(-1.112699854602103 0.1925689983603787 0)
(-1.121667538879424 0.1612610792087843 0)
(-1.12904098815873 0.1295256474255843 0)
(-1.1347984821284 0.09744664339871746 0)
(-1.138923093665024 0.06510913760803654 0)
(-1.141402745749108 0.0325987560697387 0)
(-1.142230165544555 1.667191342214307e-06 0)
(-1.141402913756853 -0.03259543307627786 0)
(-1.138923427750491 -0.06510585406498388 0)
(-1.134798971953571 -0.09744344583638258 0)
(-1.129041616308355 -0.129522588526702 0)
(-1.121668284625965 -0.1612581986493286 0)
(-1.11270069583949 -0.1925663186170191 0)
(-1.102165322438238 -0.2233643811850492 0)
(-1.090093397874283 -0.253571350121623 0)
(-1.07652081422737 -0.2831081718663035 0)
(-1.061488046712481 -0.3118980687178167 0)
(-1.045040093661843 -0.3398668014196509 0)
(-1.027226294653442 -0.3669431263888442 0)
(-1.008100157106883 -0.3930591669047436 0)
(-0.9877191399425042 -0.4181507908674033 0)
(-0.9661442904849873 -0.4421581235696826 0)
(-0.943439920323774 -0.4650259205807346 0)
(-0.9196729888054598 -0.4867041657067015 0)
(-0.8949124912673635 -0.5071485249059079 0)
(-0.8692285325819979 -0.5263209240294027 0)
(-0.8426912462931101 -0.5441900633392829 0)
(-0.8153693523943645 -0.5607319857534308 0)
(-0.7873284961025112 -0.5759305317966679 0)
(-0.7586290510121733 -0.5897778585514649 0)
(-0.7293235665416596 -0.6022748952752515 0)
(-0.6994537489505331 -0.6134318513057433 0)
(-0.6690470608805432 -0.6232689334429032 0)
(-0.6381131990358599 -0.6318176119842903 0)
(-0.6066411829527956 -0.6391231007213666 0)
(-0.5745988675260661 -0.6452491466295229 0)
(-0.5419400960707947 -0.6502860010479793 0)
(-0.5086294784059825 -0.6543596678522069 0)
(-0.4746911844459022 -0.6576295268377371 0)
(-0.4402207024969448 -0.660255178343347 0)
(-0.4053484835220143 -0.6623724969189019 0)
(-0.3702029235077888 -0.6640885128481748 0)
(-0.3348917044068629 -0.665485565390069 0)
(-0.2994975068936068 -0.6666271421236502 0)
(-0.2640804624053593 -0.667562730606339 0)
(-0.2286826075006108 -0.6683313545180141 0)
(-0.1933322499922075 -0.6689640843771562 0)
(-0.158047571358494 -0.6694858414647632 0)
(-0.1228393902944198 -0.6699167252802752 0)
(-0.08771321558208446 -0.6702730140554762 0)
(-0.0526707566188576 -0.6705679334760205 0)
(-0.01771103511899375 -0.670812255954222 0)
(0.01716879491320227 -0.6710147730012963 0)
(0.05197284164164102 -0.6711826705476993 0)
(0.0867060299717264 -0.6713218287254769 0)
(0.1213737775414297 -0.6714370621373721 0)
(0.1559817625620389 -0.6715323128586336 0)
(0.1905357597827663 -0.6716108056610974 0)
(0.2250415256962058 -0.6716751728723068 0)
(0.2595047187667733 -0.6717275546941648 0)
(0.2939308457602952 -0.671769679581635 0)
(0.3283252326372771 -0.6718029283113411 0)
(0.362693028941063 -0.6718283845678759 0)
(0.397039264922049 -0.6718468742443183 0)
(0.4313689774933987 -0.6718589951487842 0)
(0.4656873828371712 -0.6718651383835756 0)
(0.5 -0.671865502449197 0)
(0.5 0.6884936393802575 0)
(0.4656422628529938 0.6884932414586084 0)
(0.4312785538480109 0.6884865615894933 0)
(0.3969031138479445 0.688473383389704 0)
(0.3625104187347351 0.6884532807563551 0)
(0.3280950837051022 0.6884256024621542 0)
(0.2936517209506793 0.6883894487789205 0)
(0.2591748282439491 0.6883436390129656 0)
(0.2246587322864039 0.6882866685576243 0)
(0.190097578522639 0.6882166536108111 0)
(0.1554853537037341 0.6881312611419057 0)
(0.1208159343651608 0.6880276210156194 0)
(0.0860831628970723 0.6879022163127366 0)
(0.05128095962821558 0.6877507468267446 0)
(0.016403484613782 0.6875679593972157 0)
(-0.01855463243809108 0.6873474370479884 0)
(-0.05359797076593537 0.6870813367134254 0)
(-0.08872987614112349 0.6867600624958689 0)
(-0.1239518582161711 0.6863718575660959 0)
(-0.1592627737520165 0.6859022923694631 0)
(-0.1946577224756382 0.6853336189070479 0)
(-0.2301265572324039 0.684643949460206 0)
(-0.2656518828660649 0.683806200889516 0)
(-0.3012064153461499 0.6827867182121704 0)
(-0.3367496436387099 0.681543449852122 0)
(-0.3722239763161846 0.6800234960091568 0)
(-0.4075511667212661 0.6781598247539025 0)
(-0.4426310820491567 0.6758670859650282 0)
(-0.4773469522083287 0.6730371621988974 0)
(-0.5115826962147523 0.6695371253624905 0)
(-0.5452533343106631 0.6652155833015856 0)
(-0.5783316853497374 0.6599231054338999 0)
(-0.6108384298955383 0.6535375490275002 0)
(-0.6428053326641989 0.6459675724497721 0)
(-0.6742536344375606 0.6371463349881643 0)
(-0.7051866382551565 0.6270251499456193 0)
(-0.7355891006385588 0.6155693850702346 0)
(-0.7654294095953182 0.6027561417662473 0)
(-0.7946625366002358 0.5885730184304518 0)
(-0.8232330923781943 0.5730173573546822 0)
(-0.8510781597801906 0.5560956844185796 0)
(-0.8781297283129216 0.5378232178127085 0)
(-0.9043167754445252 0.5182233468670352 0)
(-0.9295669667285553 0.497327100436098 0)
(-0.953808047275329 0.4751725863488592 0)
(-0.9769689708872588 0.4518044175388666 0)
(-0.9989807476610397 0.4272731843485497 0)
(-1.019777191234602 0.4016348501456909 0)
(-1.039295441073127 0.3749502534218276 0)
(-1.05747635537764 0.3472846345369919 0)
(-1.074264843328242 0.3187071598604605 0)
(-1.089610128693692 0.2892904573055828 0)
(-1.103465916517222 0.2591102519162032 0)
(-1.11579053075033 0.2282449793643935 0)
(-1.126547042998228 0.1967753677186705 0)
(-1.135703322838215 0.1647841949864169 0)
(-1.143232123470127 0.1323558689191519 0)
(-1.149111097753126 0.09957620517481151 0)
(-1.153322835144333 0.06653214861769127 0)
(-1.155854903221675 0.03331130005997841 0)
(-1.156699821879609 1.81593093910318e-06 0)
(-1.155855086200497 -0.03330768460240961 0)
(-1.153323197048532 -0.06652858672045109 0)
(-1.149111627254704 -0.09957274881605969 0)
(-1.143232802835364 -0.1323525628211766 0)
(-1.135704128141548 -0.1647810827281848 0)
(-1.126547949008541 -0.1967724750423725 0)
(-1.115791507239649 -0.2282423337367214 0)
(-1.103466938742837 -0.2591078650700445 0)
(-1.089611184615296 -0.289288300522049 0)
(-1.074265902173073 -0.3187052426619207 0)
(-1.057477395155948 -0.3472829555070402 0)
(-1.039296454499222 -0.3749487903833051 0)
(-1.019778180143719 -0.4016335628373285 0)
(-0.9989816808841417 -0.4272720836443835 0)
(-0.9769698515984575 -0.4518034786403913 0)
(-0.9538088796156945 -0.4751717830394363 0)
(-0.9295677510343219 -0.4973264131450158 0)
(-0.9043175046049838 -0.5182227680256113 0)
(-0.8781304114879389 -0.5378227271316597 0)
(-0.8510787896790811 -0.5560952762453429 0)
(-0.8232336789012994 -0.5730170150329139 0)
(-0.7946630717033635 -0.5885727381354526 0)
(-0.765429901197746 -0.6027559126084945 0)
(-0.7355895503677233 -0.6155691989377514 0)
(-0.70518704584909 -0.627025001053531 0)
(-0.6742540020055018 -0.6371462176725137 0)
(-0.6428056640782643 -0.645967481121852 0)
(-0.6108387290253039 -0.6535374786224085 0)
(-0.5783319550928492 -0.6599230517243407 0)
(-0.5452535772361624 -0.6652155427502949 0)
(-0.5115829146831978 -0.6695370949147669 0)
(-0.477347148073013 -0.6730371393364077 0)
(-0.4426312569181964 -0.6758670687623065 0)
(-0.4075513222935405 -0.6781598117861073 0)
(-0.3722241143824495 -0.6800234862204472 0)
(-0.3367497659745287 -0.6815434424495638 0)
(-0.3012065235889737 -0.682786712598869 0)
(-0.2656519785028701 -0.6838061966210615 0)
(-0.2301266416253578 -0.6846439462038508 0)
(-0.1946577968534567 -0.6853336164129585 0)
(-0.1592628392259569 -0.6859022904522553 0)
(-0.123951915801419 -0.6863718560869662 0)
(-0.08872992675025206 -0.6867600613492332 0)
(-0.05359801520593822 -0.6870813358200628 0)
(-0.01855467142577834 -0.6873474363493907 0)
(0.01640345043965944 -0.6875679588493182 0)
(0.05128092970673526 -0.6877507463954234 0)
(0.08608313674496645 -0.6879022159717095 0)
(0.1208159115691575 -0.688027620745164 0)
(0.1554853339096045 -0.6881312609273299 0)
(0.1900975614270043 -0.688216653440807 0)
(0.2246587176323944 -0.6882866684230747 0)
(0.259174815818318 -0.6883436389063079 0)
(0.2936517105802205 -0.6883894486939045 0)
(0.3280950752519777 -0.6884256023936951 0)
(0.3625104120915114 -0.6884532807003748 0)
(0.3969031089332294 -0.688473383342928 0)
(0.4312785506031711 -0.6884865615492671 0)
(0.4656422612399616 -0.6884932414227373 0)
(0.5 -0.688493639346891 0)
(0.5 0.7056052979029677 0)
(0.4655962977471723 0.7056048661348423 0)
(0.4311864152396436 0.7055976519388079 0)
(0.3967643398820854 0.7055834211137734 0)
(0.3623242370937638 0.705561712609745 0)
(0.3278603745861364 0.7055318218333207 0)
(0.2933670041242611 0.7054927752733938 0)
(0.2588382628764329 0.7054432952706305 0)
(0.2242681179714967 0.7053817534065002 0)
(0.1896503515708914 0.7053061105005337 0)
(0.1549785773177017 0.7052138405830448 0)
(0.1202462833433202 0.7051018354800473 0)
(0.08544690383690014 0.7049662857197662 0)
(0.05057392726682943 0.7048025323223176 0)
(0.01562105446249253 0.7046048826206623 0)
(-0.0194175755372269 0.7043663814726583 0)
(-0.05454706897570197 0.7040785269549098 0)
(-0.08977134067893272 0.7037309167332979 0)
(-0.1250925178385382 0.7033108074669826 0)
(-0.160510131898818 0.7028025643392007 0)
(-0.1960200296573234 0.7021869706510613 0)
(-0.2316129134346508 0.7014403576484183 0)
(-0.2672724035574375 0.7005335005533319 0)
(-0.302972533195158 0.6994302058297207 0)
(-0.3386746790243486 0.69808548782432 0)
(-0.374324192205393 0.6964432108915439 0)
(-0.4098475853638155 0.6944330980727608 0)
(-0.4451522383399951 0.6919672157106616 0)
(-0.4801321138371491 0.6889367621490594 0)
(-0.5146834028221898 0.68521163963095 0)
(-0.5487292963635031 0.6806473629274056 0)
(-0.5822396029217365 0.6751023955675185 0)
(-0.6152226135139511 0.6684578237231288 0)
(-0.6476971453038806 0.6606214483760748 0)
(-0.6796740865124824 0.6515236923057527 0)
(-0.7111490291506984 0.6411126856097643 0)
(-0.7421009923278066 0.629350802229047 0)
(-0.7724939108618519 0.6162125730787111 0)
(-0.8022791398723659 0.6016834798343951 0)
(-0.8313982021468672 0.5857591858192315 0)
(-0.8597854082965084 0.5684449493926427 0)
(-0.8873701727773379 0.5497550962488609 0)
(-0.9140790199619901 0.5297124787660108 0)
(-0.9398372306265844 0.508347927705147 0)
(-0.9645702990701391 0.4856996091509996 0)
(-0.9882049807715942 0.4618124950902862 0)
(-1.010670200853807 0.4367377514057768 0)
(-1.031897786004945 0.4105321427864096 0)
(-1.051822988213676 0.3832575199888077 0)
(-1.070384882713051 0.3549803224870234 0)
(-1.0875267854169 0.3257709832521378 0)
(-1.103196389669684 0.2957036542858842 0)
(-1.11734602016688 0.2648556543293537 0)
(-1.129932813365087 0.2333070220940288 0)
(-1.140918734640797 0.2011403253999406 0)
(-1.150270718886246 0.1684401548595703 0)
(-1.157960726661003 0.1352928134425222 0)
(-1.163965760783625 0.1017860674368097 0)
(-1.168267906768736 0.06800882464274734 0)
(-1.170854366266087 0.03405072312407571 0)
(-1.171717444064852 1.971883675948885e-06 0)
(-1.170854565177981 -0.03404679800085911 0)
(-1.16826829837942 -0.06800496790497165 0)
(-1.163966332727625 -0.1017823328510808 0)
(-1.157961459339525 -0.1352892461617239 0)
(-1.150271585067303 -0.1684368016034398 0)
(-1.140919705603495 -0.2011372224867225 0)
(-1.129933864970447 -0.2333041791883013 0)
(-1.117347129293182 -0.264853057491688 0)
(-1.10319751100802 -0.2957013549334199 0)
(-1.087527919988128 -0.3257689347417362 0)
(-1.070386015849623 -0.354978493364732 0)
(-1.05182407843322 -0.3832559383379628 0)
(-1.031898837734497 -0.4105307721553293 0)
(-1.010671209912283 -0.4367365620806974 0)
(-0.9882059310961027 -0.4618114802893443 0)
(-0.9645711983407395 -0.4856987399450642 0)
(-0.939838079815167 -0.5083471836264849 0)
(-0.9140798215433946 -0.5297118432748396 0)
(-0.8873709341109965 -0.5497545496068865 0)
(-0.8597861191389519 -0.5684444866881612 0)
(-0.8313988540886134 -0.5857588024407938 0)
(-0.8022797294343488 -0.6016831682280115 0)
(-0.7724944434059082 -0.6162123223780315 0)
(-0.7421014774786229 -0.6293506000620844 0)
(-0.7111494698911339 -0.6411125235499689 0)
(-0.6796744844210525 -0.6515235641047259 0)
(-0.6476975035841497 -0.6606213483227468 0)
(-0.6152229364094817 -0.6684577464440408 0)
(-0.5822398939460005 -0.675102336413493 0)
(-0.5487295582938863 -0.680647318055282 0)
(-0.5146836381954559 -0.6852116058065251 0)
(-0.4801323248232664 -0.6889367366900814 0)
(-0.4451524267712724 -0.6919671965251648 0)
(-0.4098477530587392 -0.6944330835954288 0)
(-0.3743243410580119 -0.6964431999581987 0)
(-0.3386748109345594 -0.6980854795594661 0)
(-0.302972649945458 -0.699430199569364 0)
(-0.2672725067570942 -0.7005334957988947 0)
(-0.2316130045471162 -0.7014403540270283 0)
(-0.1960201100052173 -0.7021869678822966 0)
(-0.1605102026698003 -0.7028025622140202 0)
(-0.1250925801114613 -0.7033108058299358 0)
(-0.08977139542987474 -0.7037309154668556 0)
(-0.0545471170714931 -0.7040785259702032 0)
(-0.01941761774429091 -0.704366380703719 0)
(0.01562101746261397 -0.7046048820183778 0)
(0.05057389487189956 -0.7048025318490792 0)
(0.08544687552427924 -0.704966285346423 0)
(0.1202462586655343 -0.7051018351844073 0)
(0.154978555892485 -0.7052138403485325 0)
(0.1896503330714059 -0.7053061103145994 0)
(0.2242681021201365 -0.7053817532592416 0)
(0.2588382494412595 -0.7054432951539186 0)
(0.2933669929157168 -0.7054927751804783 0)
(0.3278603654528428 -0.7055318217586535 0)
(0.3623242299177009 -0.7055617125488339 0)
(0.3967643345740107 -0.7055834210629973 0)
(0.4311864117354364 -0.705597651895233 0)
(0.4655962960052973 -0.7056048660960389 0)
(0.5 -0.7056052978668744 0)
(0.5 0.7231331550609682 0)
(0.4655497287782421 0.7231326897942741 0)
(0.4310930479768298 0.7231249488639101 0)
(0.3966236796778186 0.7231096804830015 0)
(0.3621354761337087 0.7230863890525742 0)
(0.327622357867021 0.723054317194777 0)
(0.2930782141339131 0.7230124183985643 0)
(0.2584968150601192 0.7229593190415755 0)
(0.2238717576611002 0.7228932681362381 0)
(0.1891964469014487 0.7228120726286736 0)
(0.1544641063294783 0.7227130154056782 0)
(0.1196678153094405 0.7225927523738581 0)
(0.08480057529502179 0.7224471839902952 0)
(0.04985541301641826 0.7222712953944659 0)
(0.01482553331159549 0.7220589577837112 0)
(-0.02029546107406267 0.7218026818019957 0)
(-0.05551326023979546 0.7214933113791712 0)
(-0.09083241897193679 0.7211196435273132 0)
(-0.1262557708521623 0.7206679558102131 0)
(-0.1617836344015181 0.7201214182861205 0)
(-0.1974127463574283 0.7194593605389854 0)
(-0.2331348400235532 0.7186563565031397 0)
(-0.2689347812635374 0.7176810790788933 0)
(-0.3047882066830383 0.7164948629831591 0)
(-0.3406587167246453 0.7150499021577178 0)
(-0.3764949451888462 0.713287012123315 0)
(-0.4122283785751895 0.7111329532749588 0)
(-0.4477737338473385 0.7084975611669004 0)
(-0.4830347532330794 0.7052716014896382 0)
(-0.5179180344043479 0.7013275397211173 0)
(-0.5523530662143006 0.696526578457157 0)
(-0.5863067363775719 0.6907333692996752 0)
(-0.6197768019146603 0.6838315995744124 0)
(-0.6527704349429674 0.6757283276115321 0)
(-0.6852887213687978 0.6663515287551668 0)
(-0.717319596420791 0.6556464077741544 0)
(-0.7488361844623502 0.6435725228719822 0)
(-0.7797977253063541 0.6301019564227116 0)
(-0.8101517068558406 0.6152181576755178 0)
(-0.8398363327521159 0.5989151747658643 0)
(-0.8687829126063998 0.5811970676478995 0)
(-0.8969180432429718 0.5620773594494362 0)
(-0.9241656568175987 0.5415783978303875 0)
(-0.9504485563133804 0.5197308370330787 0)
(-0.975689829332369 0.4965729868274759 0)
(-0.9998139268855257 0.4721502258455906 0)
(-1.022747605322862 0.4465143440340378 0)
(-1.044420614613677 0.4197229722658 0)
(-1.064766253916678 0.3918390099116131 0)
(-1.083721797343722 0.3629301017845045 0)
(-1.101228814251146 0.3330681518646832 0)
(-1.117233472914534 0.3023287757739089 0)
(-1.131686703641287 0.2707909150773045 0)
(-1.144544349405835 0.238536403533991 0)
(-1.155767285025887 0.205649566745924 0)
(-1.16532146185116 0.1722169508861541 0)
(-1.173178015181348 0.1383268288788835 0)
(-1.179313280785675 0.1040689682007981 0)
(-1.183708825452188 0.06953431120962503 0)
(-1.186351475704395 0.03481459259207061 0)
(-1.187233313663326 2.136413170947945e-06 0)
(-1.186351691230759 -0.03481034213827182 0)
(-1.183709248836255 -0.06953014236626855 0)
(-1.179313898018253 -0.1040649364625765 0)
(-1.173178804886247 -0.138322983886344 0)
(-1.165322397844512 -0.1722133335395965 0)
(-1.155768340947491 -0.2056461999472508 0)
(-1.144545495119983 -0.2385332954115054 0)
(-1.131687890419355 -0.270788131122137 0)
(-1.117234690532448 -0.3023262799355033 0)
(-1.101230033271277 -0.3330659388137696 0)
(-1.083722995135119 -0.362928167879605 0)
(-1.064767435751376 -0.3918372973874777 0)
(-1.044421741027266 -0.4197214992366993 0)
(-1.022748684462161 -0.4465130714852968 0)
(-0.9998149528897825 -0.4721491301812539 0)
(-0.9756908008655615 -0.4965720462465677 0)
(-0.9504494758308375 -0.5197300298283002 0)
(-0.9241665233544358 -0.5415777060733066 0)
(-0.8969188390302774 -0.5620767822370221 0)
(-0.8687836390612567 -0.5811965945648704 0)
(-0.8398370238368912 -0.5989147714486958 0)
(-0.810152352493045 -0.6152178173025566 0)
(-0.7797983085649344 -0.6301016800568094 0)
(-0.7488367097451031 -0.6435723019589525 0)
(-0.7173200717205725 -0.6556462316132742 0)
(-0.6852891506034234 -0.6663513892586388 0)
(-0.6527708212007058 -0.6757282184596004 0)
(-0.6197771494284452 -0.68383151510511 0)
(-0.5863070492476111 -0.690733304489806 0)
(-0.5523533476208995 -0.696526529117412 0)
(-0.5179182870805648 -0.7013275023988575 0)
(-0.4830349796370081 -0.705271573337486 0)
(-0.4477739360846866 -0.7084975399276283 0)
(-0.4122285586219034 -0.7111329372359961 0)
(-0.3764951050487514 -0.7132870000049852 0)
(-0.340658858409344 -0.7150498929981525 0)
(-0.3047883321116378 -0.7164948560510065 0)
(-0.2689348921756656 -0.7176810738204729 0)
(-0.2331349379881505 -0.7186563525034867 0)
(-0.1974128327925203 -0.7194593574862357 0)
(-0.161783710577084 -0.7201214159467199 0)
(-0.1262558379129183 -0.7206679540107441 0)
(-0.09083247795507743 -0.7211196421377134 0)
(-0.05551331207209404 -0.7214933103009181 0)
(-0.02029550657416756 -0.7218026809613867 0)
(0.01482549341854293 -0.7220589571260972 0)
(0.04985537808810185 -0.7222712948785396 0)
(0.08480054477007518 -0.7224471835841089 0)
(0.1196677887052466 -0.7225927520528113 0)
(0.1544640832342906 -0.7227130151512267 0)
(0.1891964269641414 -0.7228120724268751 0)
(0.2238717405832138 -0.722893267976305 0)
(0.258496800591105 -0.7229593189147953 0)
(0.2930782020677281 -0.7230124182977146 0)
(0.3276223480383298 -0.7230543171138782 0)
(0.362135468413358 -0.7230863889867339 0)
(0.3966236739682124 -0.7231096804282512 0)
(0.4310930442079911 -0.7231249488170264 0)
(0.4655497269049423 -0.7231326897525846 0)
(0.5 -0.7231331550221923 0)
(0.5 0.7410162465083967 0)
(0.4655027766611319 0.7410157484098803 0)
(0.4309988969865811 0.7410074933384672 0)
(0.3964818074454854 0.7409912123130571 0)
(0.3619450444364467 0.7409663759118976 0)
(0.3273821814864092 0.740932175058582 0)
(0.2927867438562572 0.7408874917234005 0)
(0.2581521294375068 0.7408308582411124 0)
(0.2234715561137532 0.7407604034700268 0)
(0.1887380392363041 0.7406737834597814 0)
(0.1539443966046484 0.7405680935769947 0)
(0.1190832795876827 0.7404397581831499 0)
(0.08414723330713991 0.7402843929156265 0)
(0.04912879359292639 0.7400966333170979 0)
(0.01402063295018104 0.7398699219622158 0)
(-0.02118422771708488 0.7395962442842091 0)
(-0.05649211951405617 0.7392658009213655 0)
(-0.09190830892076 0.7388666014555179 0)
(-0.1274364263522828 0.7383839607402244 0)
(-0.1630776919048941 0.7377998745954807 0)
(-0.1988298768990381 0.7370922465763852 0)
(-0.2346859276298073 0.7362339316240029 0)
(-0.2706321824293095 0.7351915556309619 0)
(-0.3066461549543545 0.7339240643242554 0)
(-0.3426939732936953 0.732380956876245 0)
(-0.3787278306858173 0.7305001859925428 0)
(-0.4146843067777871 0.7282058013839009 0)
(-0.450485182365236 0.725405679365663 0)
(-0.4860430323524531 0.7219902718128571 0)
(-0.5212732439815808 0.7178342370876801 0)
(-0.5561101424332271 0.712803344335615 0)
(-0.5905178038082437 0.706767018429158 0)
(-0.6244848253329303 0.6996109615793067 0)
(-0.6580079450266348 0.6912414982463814 0)
(-0.6910790099044506 0.681584375593392 0)
(-0.7236784260892449 0.6705820914963103 0)
(-0.7557733060942128 0.6581915620518589 0)
(-0.7873179892583808 0.6443825461978478 0)
(-0.8182558598727097 0.6291365628678566 0)
(-0.8485215452127652 0.6124461447584906 0)
(-0.8780431157828124 0.5943142354241859 0)
(-0.9067443011839594 0.5747535419684764 0)
(-0.9345461834828819 0.5537860474301934 0)
(-0.9613689635713908 0.531442273711427 0)
(-0.9871332213097536 0.5077607202136997 0)
(-1.011761023830721 0.4827872101084087 0)
(-1.035176871331332 0.4565742139390924 0)
(-1.05730835740576 0.4291802892565484 0)
(-1.078086725800028 0.4006694873727707 0)
(-1.097447402606819 0.3711106872607814 0)
(-1.115330221648086 0.3405772243452932 0)
(-1.131679749054196 0.3091462975224765 0)
(-1.146445440485329 0.2768985864697248 0)
(-1.15958185953645 0.2439176785119757 0)
(-1.171048710275633 0.2102898412422703 0)
(-1.180810969129425 0.1761035168257806 0)
(-1.188838923882661 0.1414490273212476 0)
(-1.195108217749648 0.1064182192447446 0)
(-1.199599882627156 0.07110413735560867 0)
(-1.202300361027326 0.03560066902486344 0)
(-1.203201505896033 2.309884695641123e-06 0)
(-1.202300593884753 -0.03559607734132769 0)
(-1.199600339828475 -0.07109963823115673 0)
(-1.195108883155602 -0.1064138717869036 0)
(-1.188839773938569 -0.141444885744754 0)
(-1.180811974330812 -0.1760996234104077 0)
(-1.171049832539961 -0.2102862414486428 0)
(-1.159583061050304 -0.2439144180698602 0)
(-1.146446712498697 -0.2768956149062202 0)
(-1.13168105666062 -0.3091436175411267 0)
(-1.115331528344451 -0.3405748508434393 0)
(-1.097448689754717 -0.3711086042997402 0)
(-1.078087982293983 -0.4006676648793286 0)
(-1.05730956943791 -0.4291787037878717 0)
(-1.035178025139845 -0.4565728509272158 0)
(-1.011762126321391 -0.4827860319328413 0)
(-0.9871342670550908 -0.5077597055827301 0)
(-0.961369948532609 -0.5314414054647264 0)
(-0.934547101166281 -0.5537853133332115 0)
(-0.9067451555500035 -0.5747529261013302 0)
(-0.8780439336567036 -0.5943136997493951 0)
(-0.8485222730756158 -0.612445713987974 0)
(-0.8182565402675959 -0.6291362042908003 0)
(-0.7873186202712661 -0.6443822476609753 0)
(-0.7557738761594981 -0.6581913209773386 0)
(-0.7236789388534836 -0.6705818998468925 0)
(-0.6910794717306804 -0.6815842241793103 0)
(-0.6580083602358091 -0.6912413796469989 0)
(-0.6244851982823464 -0.6996108696403219 0)
(-0.5905181390579888 -0.7067669477654462 0)
(-0.5561104437002353 -0.7128032904027524 0)
(-0.521273514284577 -0.7178341961734203 0)
(-0.4860432744145879 -0.7219902408907064 0)
(-0.4504853985864658 -0.7254056560154289 0)
(-0.4146844993337042 -0.7282057837429409 0)
(-0.3787280017076142 -0.7305001726595949 0)
(-0.3426941249005152 -0.7323809467983659 0)
(-0.3066462891896037 -0.733924056701705 0)
(-0.2706323011646147 -0.7351915498549698 0)
(-0.234686032545006 -0.736233927236236 0)
(-0.1988299695081256 -0.7370922432326598 0)
(-0.1630777735637897 -0.7377998720373347 0)
(-0.1274364982753373 -0.7383839587753457 0)
(-0.09190837220507414 -0.7388665999405709 0)
(-0.05649217514479479 -0.739265799748118 0)
(-0.02118427656654829 -0.7395962433711842 0)
(0.01402059011179176 -0.7398699212488848 0)
(0.04912875608384538 -0.7400966327581702 0)
(0.08414720052844178 -0.7402843924763599 0)
(0.1190832510215494 -0.7404397578366418 0)
(0.1539443718087909 -0.7405680933027344 0)
(0.1887380178343611 -0.7406737832423318 0)
(0.2234715377861087 -0.7407604032976084 0)
(0.2581521139150991 -0.7408308581043824 0)
(0.2927867309166117 -0.740887491614682 0)
(0.3273821709500332 -0.7409321749714947 0)
(0.3619450361626541 -0.7409663758411746 0)
(0.3964818013278905 -0.7409912122543919 0)
(0.4309988929489939 -0.7410074932883434 0)
(0.4655027746544027 -0.7410157483653756 0)
(0.5 -0.7410162464670093 0)
(0.5 0.7592003717653267 0)
(0.4654556418511979 0.7591998417999195 0)
(0.4309043663427073 0.7591910898439752 0)
(0.3963393356272693 0.7591738302640654 0)
(0.3617537677671543 0.7591475008499445 0)
(0.3271408894541021 0.7591112423868154 0)
(0.2924938609573127 0.759063867465023 0)
(0.2578057038146601 0.7590038171615388 0)
(0.2230692491416758 0.758929103700964 0)
(0.1882771116930209 0.7588372366027532 0)
(0.1534216892131935 0.7587251290633542 0)
(0.1184951870706031 0.7585889804044244 0)
(0.08348967154996356 0.7584241293130203 0)
(0.04839715935432043 0.7582248712233524 0)
(0.0132097550608047 0.7579842315123486 0)
(-0.02208014725878937 0.7576936841685836 0)
(-0.05747957652327086 0.7573428031667241 0)
(-0.09299458266324728 0.7569188308346337 0)
(-0.128629683785661 0.7564061440154366 0)
(-0.1643871163947508 0.7557855950031819 0)
(-0.2002658306453546 0.7550337003378385 0)
(-0.2362601658162451 0.7541216467987688 0)
(-0.2723581531432493 0.7530140814549742 0)
(-0.3085394402226062 0.75166765498484 0)
(-0.344772951909756 0.7500293023032392 0)
(-0.3810146595256534 0.7480342890662735 0)
(-0.4172062798596544 0.7456041672057038 0)
(-0.4532763286272408 0.742645044620492 0)
(-0.4891453187091787 0.7390470681446007 0)
(-0.5247360373473612 0.7346866586616253 0)
(-0.5599864583985918 0.7294331448521829 0)
(-0.5948579206964544 0.7231595379175457 0)
(-0.6293311495287005 0.7157529662090519 0)
(-0.6633933568076044 0.7071190003586548 0)
(-0.6970276653651146 0.6971813141010206 0)
(-0.7302071332468684 0.6858798800446191 0)
(-0.7628927024739819 0.6731691668566021 0)
(-0.7950337033418979 0.6590167114544566 0)
(-0.8265692243266648 0.6434022067836214 0)
(-0.8574300785855224 0.6263167689254785 0)
(-0.8875409878203351 0.6077622636076931 0)
(-0.9168224918458125 0.5877507486003877 0)
(-0.9451928132952452 0.5663038073743534 0)
(-0.9725693678922677 0.5434519474971417 0)
(-0.9988701244616268 0.5192339062093565 0)
(-1.024014699154943 0.4936959894427767 0)
(-1.047925228045046 0.4668914379417253 0)
(-1.070527050820823 0.4388798091040929 0)
(-1.091749413392266 0.4097262195540212 0)
(-1.111525741113146 0.3795009795701746 0)
(-1.129794103931417 0.3482788701077518 0)
(-1.146497407635987 0.3161387506588946 0)
(-1.161583670536635 0.283162959458391 0)
(-1.175006055019535 0.2494370847090537 0)
(-1.186723136220966 0.2150492012124601 0)
(-1.196698852473391 0.1800898364001786 0)
(-1.204902630177148 0.1446513730404857 0)
(-1.211309409419885 0.1088277789060587 0)
(-1.215899673447427 0.07271426596333298 0)
(-1.218659471350255 0.0364069307788475 0)
(-1.219580421169213 2.492181784163372e-06 0)
(-1.218659722364142 -0.03640198069006202 0)
(-1.215900166124192 -0.07270941848496196 0)
(-1.211310124734585 -0.108823100209875 0)
(-1.204903540671107 -0.1446469268629738 0)
(-1.196699924625968 -0.1800856768907401 0)
(-1.186724336479225 -0.2150453622202543 0)
(-1.17500735654468 -0.2494335510822946 0)
(-1.161585021184511 -0.283159790990253 0)
(-1.146498796013236 -0.3161359041425583 0)
(-1.129795500826126 -0.3482763354073993 0)
(-1.111527120340397 -0.3794987449703979 0)
(-1.091750751597481 -0.4097242753757895 0)
(-1.070528346092896 -0.4388781144314082 0)
(-1.047926463918243 -0.4668899761422581 0)
(-1.024015878167974 -0.4936947269294417 0)
(-0.9988712420105057 -0.5192328194472451 0)
(-0.9725704164844513 -0.5434510217101058 0)
(-0.9451937961102479 -0.5663030221076581 0)
(-0.9168234203486441 -0.5877500746812093 0)
(-0.8875418342495913 -0.607761708870299 0)
(-0.8574308804667431 -0.6263162947220713 0)
(-0.8265699472589432 -0.6434018218208302 0)
(-0.7950343725575583 -0.6590163941436998 0)
(-0.7628933157365549 -0.6731689071417447 0)
(-0.7302076858144159 -0.6858796722708922 0)
(-0.6970281614740199 -0.697181150073751 0)
(-0.6633938019744627 -0.7071188719275584 0)
(-0.6293315486876057 -0.7157528665506807 0)
(-0.5948582788444322 -0.7231594612271229 0)
(-0.5599867798503231 -0.7294330862197276 0)
(-0.5247363255267392 -0.7346866140849041 0)
(-0.4891455766149183 -0.739047034396626 0)
(-0.4532765589549476 -0.7426450191170259 0)
(-0.4172064850201178 -0.7456041479339962 0)
(-0.381014841802176 -0.7480342744993503 0)
(-0.3447731135339313 -0.7500292912923965 0)
(-0.3085395833515971 -0.7516676466599818 0)
(-0.272358279776166 -0.7530140751525367 0)
(-0.2362602777480937 -0.7541216420166182 0)
(-0.2002659294871045 -0.7550336966987199 0)
(-0.1643872035895886 -0.7557855922235575 0)
(-0.1286297606213012 -0.7564061418836414 0)
(-0.09299465029712108 -0.7569188291933705 0)
(-0.05747963599687503 -0.7573428018978692 0)
(-0.02208019949802156 -0.7576936831829776 0)
(0.01320970923930012 -0.7579842307434284 0)
(0.04839711922926146 -0.7582248706215743 0)
(0.08348963648604386 -0.7584241288407698 0)
(0.1184951565154513 -0.7585889800325927 0)
(0.1534216626934851 -0.7587251287695396 0)
(0.1882770888062914 -0.7588372363699823 0)
(0.223069229546691 -0.758929103516376 0)
(0.2578056872238667 -0.7590038170151021 0)
(0.2924938471319548 -0.7590638673485987 0)
(0.3271408782005144 -0.7591112422936548 0)
(0.3617537589328828 -0.7591475007744366 0)
(0.3963393290967924 -0.7591738302015808 0)
(0.4309043620332988 -0.759191089790708 0)
(0.4654556397095583 -0.7591998417526966 0)
(0.5 -0.7592003717214232 0)
(0.5 0.7776380688273998 0)
(0.465408504606135 0.7776375082356316 0)
(0.430809819374798 0.777628280945135 0)
(0.3961968149849758 0.7776100853521525 0)
(0.3615623890373714 0.7775823277780286 0)
(0.3268994216064069 0.7775441008702031 0)
(0.2922007074055892 0.777494150588815 0)
(0.2574588884344202 0.77743083034292 0)
(0.2226664026586723 0.7773520402730189 0)
(0.1878154546164499 0.7772551490289915 0)
(0.152898009040572 0.7771368945967989 0)
(0.117905808586013 0.7769932597507231 0)
(0.08283041941610694 0.7768193165380093 0)
(0.04766331201534645 0.7766090327603609 0)
(0.01239598849273986 0.7763550316666883 0)
(-0.02297982790003918 0.7760482939949804 0)
(-0.05847191979253342 0.7756777890295162 0)
(-0.09408719159153123 0.7752300184218969 0)
(-0.1298311392320496 0.7746884532904631 0)
(-0.1657071292823205 0.7740328419285971 0)
(-0.2017154329297602 0.7732383627494605 0)
(-0.2378519583925745 0.7722745956409145 0)
(-0.2741066411044039 0.7711042869090637 0)
(-0.3104615003719792 0.7696818929539975 0)
(-0.3468884929350763 0.7679519138751479 0)
(-0.3833475370869923 0.7658470871090409 0)
(-0.4197854749455986 0.7632866367435708 0)
(-0.4561372004131552 0.76017501905061 0)
(-0.4923303294454847 0.7564019992019531 0)
(-0.5282938578579548 0.7518452975489008 0)
(-0.5639685231030334 0.7463768858997145 0)
(-0.5993131153048346 0.7398723503053385 0)
(-0.634301192012837 0.7322197537097862 0)
(-0.6689114491819478 0.7233237815368948 0)
(-0.7031186704608169 0.713106181322441 0)
(-0.7368886433905083 0.7015045721830647 0)
(-0.7701763220184522 0.6884710482889752 0)
(-0.8029257582580043 0.6739711144735532 0)
(-0.8350715305356572 0.6579827489253471 0)
(-0.8665405219940403 0.6404957111038825 0)
(-0.8972538926748901 0.6215108951354982 0)
(-0.9271288815523873 0.6010397562030677 0)
(-0.9560806398805112 0.5791036036874943 0)
(-0.9840237242192678 0.5557329597139777 0)
(-1.010873391154262 0.5309668693484961 0)
(-1.036546706942207 0.5048521944684331 0)
(-1.060963360103429 0.4774430027533552 0)
(-1.084046462022264 0.4487998165983126 0)
(-1.105723078924517 0.4189890271568969 0)
(-1.125924689846034 0.38808227566382 0)
(-1.144587502268478 0.3561559321865748 0)
(-1.16165277923925 0.3232904774017309 0)
(-1.177066973219978 0.2895701276670477 0)
(-1.190781940560524 0.2550822543505624 0)
(-1.202755003383148 0.2199170579751211 0)
(-1.212949088101696 0.1841670274028823 0)
(-1.221332731778334 0.147926720892411 0)
(-1.227880154400157 0.111292273924049 0)
(-1.232571281241755 0.07436110863609795 0)
(-1.235391760399557 0.03723158139983633 0)
(-1.236332970042087 2.683235484286385e-06 0)
(-1.235392030359959 -0.03722625482486418 0)
(-1.232571810473699 -0.07435589662143809 0)
(-1.227880920665414 -0.111287253651642 0)
(-1.221333704657988 -0.1479219651780689 0)
(-1.212950234437118 -0.1841625834252799 0)
(-1.20275628820362 -0.2199129394533031 0)
(-1.19078331686277 -0.2550785175950483 0)
(-1.177068423600506 -0.2895667264496827 0)
(-1.161654252276782 -0.3232874499258402 0)
(-1.144588986558638 -0.3561532381949144 0)
(-1.125926159902064 -0.3880798936637953 0)
(-1.10572450602458 -0.4189869515142103 0)
(-1.084047840379985 -0.4487980117609867 0)
(-1.060964680853883 -0.4774414389628547 0)
(-1.036547963067364 -0.504850846268172 0)
(-1.010874579324389 -0.5309657121969122 0)
(-0.9840248419870299 -0.5557319725210186 0)
(-0.9560816934642716 -0.579102759491763 0)
(-0.9271298637725441 -0.6010390422491644 0)
(-0.8972548056476467 -0.6215102950459765 0)
(-0.8665413677938731 -0.6404952097369173 0)
(-0.8350723109389759 -0.6579823322897137 0)
(-0.8029264683294237 -0.6739707754133272 0)
(-0.7701769743397965 -0.6884707712481321 0)
(-0.7368892354501271 -0.7015043487589346 0)
(-0.703119202169908 -0.713106004323555 0)
(-0.6689119253520167 -0.7233236429153843 0)
(-0.6343016181311116 -0.7322196461010492 0)
(-0.5993134968569168 -0.7398722674342646 0)
(-0.5639688650276058 -0.7463768224808137 0)
(-0.5282941640991121 -0.7518452492625153 0)
(-0.4923306033256886 -0.7564019625944336 0)
(-0.456137444922118 -0.7601749913679505 0)
(-0.41978569275347 -0.7632866158242537 0)
(-0.383347730656095 -0.7658470712986369 0)
(-0.3468886646215784 -0.7679519019253891 0)
(-0.3104616524415544 -0.76968188392188 0)
(-0.2741067756756123 -0.7711042800762796 0)
(-0.2378520773768559 -0.7722745904618001 0)
(-0.2017155380366312 -0.7732383588132746 0)
(-0.1657072220421526 -0.7740328389266605 0)
(-0.1298312210084577 -0.7746884509916889 0)
(-0.09408726360387464 -0.7752300166545538 0)
(-0.05847198313703707 -0.775677787665334 0)
(-0.02297988355497404 -0.776048292937225 0)
(0.01239593966356351 -0.7763550308427842 0)
(0.04766326925062229 -0.7766090321163192 0)
(0.08283038204500097 -0.776819316033214 0)
(0.117905776022642 -0.7769932593539258 0)
(0.1528979807806835 -0.7771368942838122 0)
(0.1878154302308732 -0.7772551487813311 0)
(0.222666381784025 -0.7773520400766849 0)
(0.2574588707645628 -0.7774308301871277 0)
(0.2922006926856532 -0.777494150464946 0)
(0.3268994096286703 -0.7775441007711548 0)
(0.3615623796375327 -0.7775823276978804 0)
(0.3961968080381415 -0.7776100852859767 0)
(0.4308098147914327 -0.7776282808888485 0)
(0.4654085023285745 -0.7776375081858127 0)
(0.5 -0.7776380687811001 0)
(0.5 0.7962882928894446 0)
(0.4653615259177364 0.7962877031640675 0)
(0.430715580544023 0.7962780259991998 0)
(0.3960547373984632 0.7962589446319762 0)
(0.3613715719680191 0.796229835497773 0)
(0.326658618080138 0.7961897455115755 0)
(0.2919083047389293 0.7961373573147247 0)
(0.2571128920534808 0.7960709409786927 0)
(0.222264419604178 0.7959882900571439 0)
(0.1873546733901413 0.7958866391833387 0)
(0.1523751735195273 0.7957625595761639 0)
(0.1173171845663464 0.7956118277870902 0)
(0.08217175261895723 0.7954292617847041 0)
(0.04692977617101884 0.7952085169682583 0)
(0.01158212166768665 0.7949418328851392 0)
(-0.02388020104844465 0.7946197192848425 0)
(-0.05946578280110246 0.7942305676256053 0)
(-0.09518245205432654 0.7937601712840476 0)
(-0.1310367709651624 0.7931911347684454 0)
(-0.1670333474651117 0.7925021496803653 0)
(-0.2031739126508423 0.7916671136556471 0)
(-0.2394561139521822 0.7906540694611039 0)
(-0.2758719913086384 0.789423947872624 0)
(-0.3124061537746895 0.7879291148824312 0)
(-0.3490337945430818 0.7861117595128013 0)
(-0.3857189091790963 0.7839022284472158 0)
(-0.4224134206967358 0.7812175435989741 0)
(-0.4590582525134922 0.7779605586806626 0)
(-0.4955873832494206 0.774020511101619 0)
(-0.5319350134725314 0.7692759454769967 0)
(-0.5680438811647203 0.7636006696281428 0)
(-0.6038702748258166 0.756871985921614 0)
(-0.6393814662402204 0.7489783828396431 0)
(-0.6745481798576514 0.7398235773144378 0)
(-0.7093373360484696 0.7293274330328338 0)
(-0.7437077271305975 0.7174253208298627 0)
(-0.777608080093669 0.7040671755948803 0)
(-0.8109771150804188 0.6892165584504898 0)
(-0.8437448060850875 0.6728498187634708 0)
(-0.8758339555241239 0.6549554562087314 0)
(-0.9071618533676689 0.6355335638152876 0)
(-0.9376423940295333 0.6145950071737434 0)
(-0.9671875597689759 0.592160881541705 0)
(-0.9957089544289993 0.5682617770301026 0)
(-1.023119001396791 0.5429371347185099 0)
(-1.049332092647667 0.5162344688434048 0)
(-1.074265446844387 0.4882086854855163 0)
(-1.097839859096003 0.4589213635122726 0)
(-1.119980203511833 0.4284401720704994 0)
(-1.140615934462101 0.3968381803827651 0)
(-1.15968140323409 0.3641933295320764 0)
(-1.17711614905592 0.3305878490862474 0)
(-1.192865077134384 0.2961077875920178 0)
(-1.206878666352349 0.2608424454006467 0)
(-1.219113007656663 0.2248840820443671 0)
(-1.229529963395565 0.1883273006221267 0)
(-1.238097181048829 0.1512688104981831 0)
(-1.244788144679883 0.1138069902801669 0)
(-1.249582210447673 0.07604151653306956 0)
(-1.252464619406632 0.03807304474268967 0)
(-1.253426505932573 2.883085282577577e-06 0)
(-1.252464908977353 -0.03806732380759757 0)
(-1.249582777147065 -0.07603592621055535 0)
(-1.244788963689229 -0.1138016189819752 0)
(-1.238098220213398 -0.1512637310267898 0)
(-1.229531186856777 -0.1883225519644009 0)
(-1.219114372794918 -0.2248797045660962 0)
(-1.206880134276362 -0.2608384574661823 0)
(-1.192866614596551 -0.296104179605677 0)
(-1.177117717740944 -0.3305846235850038 0)
(-1.159682976357715 -0.3641904697849387 0)
(-1.140617493097174 -0.3968356543066097 0)
(-1.119981722670184 -0.4284379615357939 0)
(-1.0978413231044 -0.4589194443666246 0)
(-1.074266852133529 -0.4882070196747552 0)
(-1.049333426880903 -0.5162330343348929 0)
(-1.023120262208492 -0.5429359056308773 0)
(-0.995710145126086 -0.5682607241494169 0)
(-0.9671886796128422 -0.5921599821256813 0)
(-0.9376434365974804 -0.6145942483800682 0)
(-0.9071628278492205 -0.6355329217705322 0)
(-0.875834852321681 -0.6549549229439594 0)
(-0.8437456374040635 -0.6728493741096711 0)
(-0.810977872761115 -0.6892161948908138 0)
(-0.7776087711745814 -0.7040668805219978 0)
(-0.743708356861334 -0.7174250823463703 0)
(-0.7093379035317624 -0.7293272431586773 0)
(-0.674548687831796 -0.7398234283002266 0)
(-0.6393819200109071 -0.7489782670915869 0)
(-0.6038706802704041 -0.7568718967427702 0)
(-0.5680442438299382 -0.7636006013481598 0)
(-0.5319353379101637 -0.7692758934477776 0)
(-0.4955876731818682 -0.7740204716191122 0)
(-0.4590585112346451 -0.7779605288090151 0)
(-0.4224136511503523 -0.7812175210273203 0)
(-0.3857191140311264 -0.7839022113933808 0)
(-0.3490339762905862 -0.7861117466264408 0)
(-0.3124063147928378 -0.7879291051450337 0)
(-0.2758721338271873 -0.7894239405107362 0)
(-0.2394562399967668 -0.7906540638861956 0)
(-0.2031740240309065 -0.7916671094235425 0)
(-0.1670334457976553 -0.7925021464572775 0)
(-0.1310368576906774 -0.7931911323040619 0)
(-0.09518252845600458 -0.7937601693920319 0)
(-0.05946585002918836 -0.7942305661672857 0)
(-0.02388026013180799 -0.7946197181559908 0)
(0.01158206981825159 -0.7949418320073034 0)
(0.04692973075363467 -0.7952085162829368 0)
(0.08217171292769476 -0.7954292612481511 0)
(0.1173171499829295 -0.7956118273659231 0)
(0.1523751435093789 -0.795762559244527 0)
(0.1873546474971619 -0.7958866389213104 0)
(0.222264397442361 -0.7959882898495716 0)
(0.2571128732979052 -0.7960709408139854 0)
(0.2919082891187382 -0.7961373571837536 0)
(0.3266586053737439 -0.7961897454068968 0)
(0.3613715619993237 -0.7962298354131796 0)
(0.3960547300330813 -0.7962589445622716 0)
(0.4307155756854042 -0.7962780259400416 0)
(0.4653615235036613 -0.7962877031117952 0)
(0.5 -0.7962882928408861 0)
(0.5 0.8151159127208354 0)
(0.465314848979698 0.8151152955834773 0)
(0.4306219384065165 0.8151051975313662 0)
(0.3959135403344218 0.8150852875718211 0)
(0.3611819070402794 0.8150549140753245 0)
(0.3264192267169302 0.8150130809979526 0)
(0.2916175629176533 0.81495841148501 0)
(0.2567687922709975 0.8148890972753673 0)
(0.2218645517959737 0.814802831697193 0)
(0.1868962018705863 0.8146967233077594 0)
(0.1518548077000505 0.8145671863564047 0)
(0.1167311417967424 0.8144098031688971 0)
(0.08151571164804351 0.8142191522512042 0)
(0.04619881947609821 0.8139885943444163 0)
(0.01077066447313699 0.8137100067819878 0)
(-0.02477849777340193 0.813373454287443 0)
(-0.06045811889716624 0.812966781790128 0)
(-0.09627701889796925 0.8124751120397593 0)
(-0.1322429119616482 0.8118802281316557 0)
(-0.1683617554423785 0.8111598190815441 0)
(-0.2046368748845888 0.8102865662598853 0)
(-0.2410678202276845 0.8092270518605058 0)
(-0.277648924366967 0.8079404812058457 0)
(-0.314367585851365 0.8063772338160998 0)
(-0.3512024152611712 0.8044773022284849 0)
(-0.3881215928997485 0.8021687559084686 0)
(-0.4250820669565418 0.7993664977384962 0)
(-0.4620304458780758 0.7959717723185487 0)
(-0.4989063519727248 0.7918730975221249 0)
(-0.5356483381980421 0.786949362326806 0)
(-0.5722007793930632 0.7810754589479361 0)
(-0.608517335618651 0.7741296980232774 0)
(-0.644559538582448 0.7660005406901118 0)
(-0.6802907577793705 0.7565905862401027 0)
(-0.7156704861031201 0.745817837728334 0)
(-0.750650546455388 0.733615567217858 0)
(-0.7851734237697794 0.7199316661210932 0)
(-0.8191725956565804 0.7047278001555398 0)
(-0.852573127919022 0.6879788890111539 0)
(-0.885293472586915 0.6696723140374263 0)
(-0.917247225534391 0.649807277480398 0)
(-0.948344615391252 0.6283942703457497 0)
(-0.9784943715551409 0.6054542221688374 0)
(-1.007604917865154 0.5810179633180219 0)
(-1.035585895054202 0.5551252743920951 0)
(-1.06234900605422 0.5278243345886301 0)
(-1.08780888718138 0.4991709964860019 0)
(-1.1118839162001 0.4692279941725013 0)
(-1.134496753129731 0.4380642944285296 0)
(-1.155574786539648 0.405754450711565 0)
(-1.175050485514002 0.3723780087332262 0)
(-1.192861631327567 0.3380189971205503 0)
(-1.208951571377792 0.302765316876496 0)
(-1.223269360832125 0.2667082868846435 0)
(-1.235769862167813 0.2299422091341107 0)
(-1.246413845934807 0.1925638866467656 0)
(-1.25516805602817 0.1546722112249512 0)
(-1.26200523227882 0.1163678394990486 0)
(-1.26690415129711 0.07775275653324978 0)
(-1.269849641053187 0.03892995236198003 0)
(-1.270832588850072 3.091715604808829e-06 0)
(-1.269849950861797 -0.03892382014514399 0)
(-1.26690475668994 -0.07774677502723978 0)
(-1.262006106457798 -0.1163621046021361 0)
(-1.255169164296559 -0.1546667919100339 0)
(-1.246415147237214 -0.1925588299627338 0)
(-1.23577131143523 -0.2299375613213715 0)
(-1.223270921315276 -0.2667040444404244 0)
(-1.208953198302269 -0.3027614956787377 0)
(-1.192863295879908 -0.3380155739976241 0)
(-1.1750521518217 -0.3723749756308958 0)
(-1.155576434016611 -0.40575177860128 0)
(-1.134498364037851 -0.4380619497485116 0)
(-1.111885468679807 -0.4692259568855099 0)
(-1.087810376120992 -0.4991692293062685 0)
(-1.062350419627466 -0.5278228131869523 0)
(-1.035587231485742 -0.5551239702725554 0)
(-1.007606181388849 -0.5810168440917426 0)
(-0.9784955565144777 -0.6054532689459495 0)
(-0.9483457225328216 -0.6283934632143009 0)
(-0.9172482576725349 -0.6498065960769658 0)
(-0.885294425531165 -0.6696717458847756 0)
(-0.8525740072135695 -0.6879784174431921 0)
(-0.8191734019851461 -0.7047274121110528 0)
(-0.7851741561616026 -0.7199313517320354 0)
(-0.7506512128427265 -0.7336153136943399 0)
(-0.7156710886024482 -0.7458176352547491 0)
(-0.6802912978139307 -0.7565904268376664 0)
(-0.6445600205279666 -0.7660004167004708 0)
(-0.6085177653948464 -0.7741296024455755 0)
(-0.5722011630506207 -0.7810753857557697 0)
(-0.5356486809319398 -0.7869493065415459 0)
(-0.4989066579885798 -0.7918730551673885 0)
(-0.4620307188015957 -0.7959717402635635 0)
(-0.4250823100156556 -0.7993664735216313 0)
(-0.3881218089844707 -0.8021687376204437 0)
(-0.3512026070270946 -0.8044772884155875 0)
(-0.3143677557893622 -0.8063772233820843 0)
(-0.27764907481207 -0.8079404733212987 0)
(-0.2410679533148167 -0.8092270458947536 0)
(-0.2046369925233593 -0.8102865617358396 0)
(-0.1683618593358718 -0.8111598156405192 0)
(-0.1322430036269079 -0.8118802255044706 0)
(-0.09627709968344808 -0.8124751100255887 0)
(-0.06045819000723041 -0.8129667802397591 0)
(-0.02477856028579069 -0.8133734530891834 0)
(0.0107706096016368 -0.8137100058517113 0)
(0.04619877140281184 -0.8139885936191558 0)
(0.08151566963206359 -0.8142191516839977 0)
(0.1167311051883697 -0.8144098027242044 0)
(0.1518547759352985 -0.8145671860067897 0)
(0.1868961744666099 -0.814696723031973 0)
(0.2218645283438359 -0.8148028314789592 0)
(0.2567687724267539 -0.8148890971022618 0)
(0.2916175463945105 -0.8149584113473592 0)
(0.3264192132796453 -0.815013080887963 0)
(0.3611818965011063 -0.8150549139865285 0)
(0.3959135325494728 -0.8150852874987837 0)
(0.4306219332720968 -0.8151051974695089 0)
(0.4653148464288823 -0.8151152955289113 0)
(0.5 -0.8151159126701805 0)
(0.5 0.8340911128385575 0)
(0.4652686009315926 0.8340904702169094 0)
(0.4305291491363519 0.8340799834173059 0)
(0.3957736121768979 0.834059308253417 0)
(0.360993918634783 0.8340277670670989 0)
(0.3261819120018247 0.8339843239611656 0)
(0.291329291068302 0.8339275468690669 0)
(0.2564275481089878 0.8338555548111657 0)
(0.221467914400289 0.8337659480322445 0)
(0.1864413188108782 0.8336557179374764 0)
(0.1513383626900547 0.8335211328287809 0)
(0.1161493139288392 0.833357594316588 0)
(0.08086412440376968 0.8331594579200814 0)
(0.04547247743561673 0.8329198097418433 0)
(0.009963875212216193 0.8326301891562031 0)
(-0.02567221973772918 0.8322802451613038 0)
(-0.06144617019017584 0.8318573114412712 0)
(-0.09736785247723208 0.8313458824579554 0)
(-0.1334462153743446 0.8307269704667193 0)
(-0.1696886698016469 0.8299773219002571 0)
(-0.2061002651127166 0.8290684723981923 0)
(-0.2426826092818002 0.8279656254359056 0)
(-0.279432505203452 0.8266263538867933 0)
(-0.3163403262445508 0.8249991524960669 0)
(-0.3533882666638781 0.823021920693782 0)
(-0.3905487852890958 0.8206205403923339 0)
(-0.4277837783998349 0.8177078410477077 0)
(-0.465045176798916 0.814183403607442 0)
(-0.5022776664564776 0.8099347870109329 0)
(-0.5394236427872851 0.8048407475576809 0)
(-0.576428354420218 0.7987766318019544 0)
(-0.6132431338897217 0.7916210675438518 0)
(-0.6498240492854351 0.7832621158877884 0)
(-0.6861276182819966 0.7736010927653716 0)
(-0.7221061903485971 0.7625541646519294 0)
(-0.7577047171702386 0.7500525940244963 0)
(-0.7928596301989334 0.7360422848001194 0)
(-0.8274987740317539 0.7204832490035732 0)
(-0.861542383851675 0.703348976667168 0)
(-0.8949044822346943 0.6846258242497086 0)
(-0.9274946223719056 0.6643123127123681 0)
(-0.9592194457771556 0.6424185176398236 0)
(-0.9899841266928326 0.6189654158114735 0)
(-1.019694125400642 0.5939839052303464 0)
(-1.04825601065539 0.5675143711632229 0)
(-1.075578620115995 0.5396058043485065 0)
(-1.101574118420658 0.510314889980153 0)
(-1.126158428098129 0.4797055690385845 0)
(-1.149251919999427 0.447848192006093 0)
(-1.170779877983132 0.4148188460727083 0)
(-1.190672846087227 0.3806987416105625 0)
(-1.208866840131487 0.3455737163568963 0)
(-1.225303618795815 0.3095335844159941 0)
(-1.239930794929378 0.2726717176728105 0)
(-1.25270198370727 0.235084501992828 0)
(-1.263576854702614 0.196870966858262 0)
(-1.272521229329551 0.1581322496108093 0)
(-1.279507095994852 0.1189713064522218 0)
(-1.284512643896186 0.07949247800254824 0)
(-1.287522282114428 0.03980112661968971 0)
(-1.28852664769493 3.308993166340071e-06 0)
(-1.287522612890055 -0.03979456706303074 0)
(-1.284513289574652 -0.079486091606599 0)
(-1.279508027661402 -0.1189651931729413 0)
(-1.272522408481702 -0.158126479012988 0)
(-1.263578235397569 -0.1968655979733099 0)
(-1.252703520721496 -0.2350795710811154 0)
(-1.239932447421505 -0.2726672219772143 0)
(-1.225305339247722 -0.3095295407141559 0)
(-1.208868599499418 -0.345570096707591 0)
(-1.190674608046622 -0.3806955319790428 0)
(-1.170781616648964 -0.4148160232064738 0)
(-1.149253621451188 -0.4478457143365087 0)
(-1.12616007040222 -0.4797034119795673 0)
(-1.101575690850556 -0.5103130215576667 0)
(-1.075580114172566 -0.5396041951785153 0)
(-1.04825742460214 -0.567512989708377 0)
(-1.019695460564482 -0.5939827205348498 0)
(-0.9899853781733463 -0.6189644078600551 0)
(-0.9592206179460478 -0.6424176615433992 0)
(-0.9274957117754619 -0.6643115922051127 0)
(-0.894905492115271 -0.6846252208380124 0)
(-0.8615433121080389 -0.7033484773843978 0)
(-0.8274996273529998 -0.7204828373370806 0)
(-0.792860405858653 -0.7360419504474252 0)
(-0.7577054205971276 -0.7500523250534846 0)
(-0.7221068269797544 -0.7625539497565756 0)
(-0.6861281900739871 -0.7736009231192135 0)
(-0.6498245596304232 -0.7832619836632073 0)
(-0.6132435883303362 -0.7916209655314133 0)
(-0.5764287592926742 -0.7987765536732907 0)
(-0.5394240038912963 -0.8048406880156495 0)
(-0.5022779885470591 -0.8099347418037111 0)
(-0.4650454638775333 -0.8141833693911792 0)
(-0.4277840339903243 -0.8177078152049826 0)
(-0.390549012521644 -0.8206205208882957 0)
(-0.3533884683696878 -0.8230219059716336 0)
(-0.3163405050398429 -0.8249991413803518 0)
(-0.2794326635261807 -0.8266263454911259 0)
(-0.2426827493701428 -0.8279656190880366 0)
(-0.2061003889749774 -0.8290684675889839 0)
(-0.1696887792264388 -0.8299773182465757 0)
(-0.1334463119541426 -0.8307269676809941 0)
(-0.09736793762627578 -0.8313458803252234 0)
(-0.06144624516746044 -0.8318573098017972 0)
(-0.02567228566854798 -0.8322802438959652 0)
(0.00996381732658194 -0.8326301881754062 0)
(0.04547242671198778 -0.8329198089783095 0)
(0.08086408006627371 -0.8331594573236147 0)
(0.1161492752970772 -0.8333575938494523 0)
(0.1513383291716608 -0.8335211324620242 0)
(0.1864412898967996 -0.833655717648631 0)
(0.221467889658597 -0.8337659478039837 0)
(0.2564275271765001 -0.8338555546302333 0)
(0.291329273642274 -0.8339275467252174 0)
(0.3261818978335463 -0.8339843238462439 0)
(0.3609939075250658 -0.8340277669743908 0)
(0.3957736039724369 -0.8340593081772748 0)
(0.4305291437262621 -0.8340799833529416 0)
(0.465268598244139 -0.8340904701602262 0)
(0.5 -0.8340911127859771 0)
(0.5 0.8531887651917618 0)
(0.4652228946905659 0.8531880991976337 0)
(0.4304374402257937 0.8531772585828371 0)
(0.3956352978341889 0.8531558870994248 0)
(0.3608080725619509 0.85312328328929 0)
(0.3259472645216582 0.8530783748044839 0)
(0.291044208883074 0.8530196790634967 0)
(0.2560900133859322 0.8529452485273407 0)
(0.2210755013318472 0.8528525981987458 0)
(0.1859911653503294 0.8527386121356655 0)
(0.1508271352993546 0.8525994248124971 0)
(0.1155731633406087 0.8524302719921226 0)
(0.08021863032904941 0.8522253043520893 0)
(0.04475257984939277 0.8519773554184785 0)
(0.009163789371587091 0.8516776533430856 0)
(-0.02655910812917004 0.8513154636890718 0)
(-0.06242743424174237 0.8508776477416407 0)
(-0.09845218325997503 0.8503481181837852 0)
(-0.1346436173599728 0.8497071717347792 0)
(-0.1710107007072687 0.8489306773547199 0)
(-0.2075603300295317 0.8479891005450519 0)
(-0.2442963190115885 0.8468463520183658 0)
(-0.2812181080520942 0.8454584666742719 0)
(-0.3183192210309154 0.8437721525214272 0)
(-0.3555855920647484 0.8417233075401591 0)
(-0.392994033805748 0.8392356933092673 0)
(-0.4305112925084011 0.8362200759982458 0)
(-0.4680943278311746 0.832574272351438 0)
(-0.5056924881003027 0.828184615680686 0)
(-0.5432513083372625 0.8229292783088371 0)
(-0.5807166693445055 0.8166834515856956 0)
(-0.61803744707631 0.8093255217220623 0)
(-0.6551646554496638 0.8007427570778191 0)
(-0.692048285263035 0.7908350502987345 0)
(-0.7286337401747471 0.7795167358392744 0)
(-0.7648593145733584 0.766717109942101 0)
(-0.8006552754215097 0.7523802352974074 0)
(-0.8359438188415808 0.7364645574431077 0)
(-0.8706402215641185 0.7189422520994505 0)
(-0.9046540610351854 0.6997986961185977 0)
(-0.9378906654233312 0.6790318664686892 0)
(-0.9702528549833228 0.6566515707526793 0)
(-1.001642401691817 0.6326787473856277 0)
(-1.031961436707441 0.6071446656925616 0)
(-1.061113476179296 0.5800902774643034 0)
(-1.089004640053731 0.5515652721443676 0)
(-1.11554431593701 0.5216274900499656 0)
(-1.140646011408873 0.4903420171737367 0)
(-1.164227791856968 0.4577806233128752 0)
(-1.186212791354041 0.4240209970364559 0)
(-1.206529597995826 0.3891460524955275 0)
(-1.225112495862253 0.3532433745710444 0)
(-1.241901584680335 0.3164048228085415 0)
(-1.256843011044878 0.2787258678237953 0)
(-1.269889121051884 0.2403050344187102 0)
(-1.280998484812253 0.2012435764171554 0)
(-1.29013598749476 0.1616449337194865 0)
(-1.297272858014974 0.1216143892791339 0)
(-1.302386692452212 0.08125867407026058 0)
(-1.305461476015444 0.04068556166755643 0)
(-1.306487592301005 3.534764453488219e-06 0)
(-1.305461828637508 -0.04067855898145609 0)
(-1.302387380168095 -0.0812518677175838 0)
(-1.297273849121031 -0.1216078830354778 0)
(-1.290137239009009 -0.1616388036492273 0)
(-1.280999947195576 -0.2012378878477255 0)
(-1.269890748042221 -0.2402998117562654 0)
(-1.256844755681885 -0.2787211185550901 0)
(-1.241903401519163 -0.3164005503339007 0)
(-1.225114350075552 -0.3532395572386058 0)
(-1.206531456194738 -0.3891426661033137 0)
(-1.186214623694088 -0.4240180193286709 0)
(-1.164229583294644 -0.4577780126151729 0)
(-1.140647743347948 -0.4903397406839809 0)
(-1.115545972372294 -0.5216255199719887 0)
(-1.089006215386585 -0.551563574288199 0)
(-1.061114968124422 -0.5800888179648729 0)
(-1.031962842989274 -0.6071434161337377 0)
(-1.001643721234835 -0.632677683301594 0)
(-0.9702540909365789 -0.6566506665476975 0)
(-0.9378918135138749 -0.6790311058573564 0)
(-0.9046551264730103 -0.6997980583096101 0)
(-0.8706412006307259 -0.7189417241074511 0)
(-0.8359447178053202 -0.7364641226441646 0)
(-0.800656094655345 -0.7523798810702392 0)
(-0.7648600560039995 -0.7667168251127865 0)
(-0.7286344104830292 -0.7795165085224489 0)
(-0.6920488882008607 -0.7908348705885956 0)
(-0.6551651940764961 -0.800742616719929 0)
(-0.6180379263429683 -0.8093254133038554 0)
(-0.5807170955951924 -0.8166833685295203 0)
(-0.5432516878605331 -0.8229292150309949 0)
(-0.5056928262245093 -0.8281845676531074 0)
(-0.4680946289830132 -0.8325742360103605 0)
(-0.430511560525725 -0.8362200485617177 0)
(-0.3929942720715685 -0.839235672616554 0)
(-0.3555858036010335 -0.8417232919329058 0)
(-0.3183194085905238 -0.8437721407447079 0)
(-0.2812182741771785 -0.8454584577838821 0)
(-0.2442964660379916 -0.8468463453008266 0)
(-0.2075604600611005 -0.8479890954602003 0)
(-0.171010815617248 -0.8489306734957052 0)
(-0.1346437188147978 -0.8497071687962252 0)
(-0.09845227273924113 -0.8503481159371187 0)
(-0.06242751305952016 -0.8508776460168164 0)
(-0.02655917745748787 -0.8513154623596088 0)
(0.009163728488607912 -0.8516776523141163 0)
(0.04475252648889672 -0.8519773546186378 0)
(0.08021858368032647 -0.8522253037280125 0)
(0.1155731226930585 -0.8524302715038522 0)
(0.1508271000332206 -0.8525994244295996 0)
(0.1859911349311375 -0.8527386118345599 0)
(0.2210754753048901 -0.8528525979611485 0)
(0.2560899913686743 -0.8529452483391947 0)
(0.2910441905567682 -0.8530196789139767 0)
(0.325947249624273 -0.8530783746850576 0)
(0.3608080608830807 -0.8531232831930016 0)
(0.3956352892112694 -0.8531558870204374 0)
(0.4304374345407828 -0.853177258516181 0)
(0.4652228918668746 -0.8531880991390272 0)
(0.5 -0.8531887651374428 0)
(0.5 0.8723878132183449 0)
(0.4651778307435621 0.8723871261267241 0)
(0.4303470141051586 0.8723759690784059 0)
(0.3954989042277207 0.8723539749810252 0)
(0.3606247834455581 0.8723204209755951 0)
(0.3257158102569433 0.872274201928766 0)
(0.2907629578374603 0.8722137898066489 0)
(0.255756949892543 0.8721371771532604 0)
(0.2206882004359739 0.8720418021909146 0)
(0.1855467622609988 0.8719244522172822 0)
(0.1503222874119082 0.8717811409742848 0)
(0.1150040026951741 0.8716069544520622 0)
(0.07958070421067041 0.8713958581173642 0)
(0.04404077689579115 0.8711404567999974 0)
(0.008372248001662577 0.8708316963749434 0)
(-0.02743711299428591 0.87045849392168 0)
(-0.06339963116571899 0.8700072803399499 0)
(-0.0995274768390097 0.8694614367355084 0)
(-0.1358323002568705 0.8688006037551984 0)
(-0.1723247136047744 0.8679998424352496 0)
(-0.2090135784637162 0.8670286280035304 0)
(-0.245905054743824 0.8658496675492999 0)
(-0.2830013807400834 0.8644175530224918 0)
(-0.3202993996235182 0.8626772995616215 0)
(-0.3577889301768266 0.8605628839737055 0)
(-0.3954511982329267 0.8579959930338713 0)
(-0.4332577249585722 0.8548853060174693 0)
(-0.4711702969875644 0.8511267392618037 0)
(-0.5091424911866869 0.8466051155194291 0)
(-0.5471224901613192 0.8411975799882501 0)
(-0.5850565264216907 0.834778609594651 0)
(-0.6228909502962507 0.8272258472526587 0)
(-0.6605719606024985 0.8184254165750863 0)
(-0.6980432905376399 0.8082756374173603 0)
(-0.7352435820828014 0.7966889996207203 0)
(-0.7721045817084853 0.7835928897720714 0)
(-0.8085503399403164 0.7689296374920961 0)
(-0.8444974731397688 0.7526561703406491 0)
(-0.8798561714642744 0.7347434848390284 0)
(-0.9145311842126385 0.7151762134736225 0)
(-0.9484237568240275 0.6939517385304625 0)
(-0.9814328115008255 0.6710796882351816 0)
(-1.013456553205268 0.6465810956139891 0)
(-1.0443936843504 0.6204876780114013 0)
(-1.074144800552971 0.5928408568226802 0)
(-1.102613014292135 0.5636912979509712 0)
(-1.129705016545396 0.5330979119264311 0)
(-1.15533176884773 0.501127097278858 0)
(-1.179409037905883 0.4678520288429092 0)
(-1.201857829841122 0.4333519680525143 0)
(-1.22260476645378 0.3977115688687045 0)
(-1.241582201427566 0.3610205039665919 0)
(-1.258728703587167 0.3233724200679586 0)
(-1.273988950543416 0.2848649184187163 0)
(-1.287313969680206 0.2455987775069687 0)
(-1.298661218467308 0.2056775029087104 0)
(-1.307994637006596 0.165206875141046 0)
(-1.31528468657061 0.1242945387200561 0)
(-1.32050836564056 0.0830496411639329 0)
(-1.323649231615968 0.04158240370347781 0)
(-1.324697411637652 3.768996101588942e-06 0)
(-1.323649607069799 -0.04157494176586018 0)
(-1.320509097116739 -0.08304239888344241 0)
(-1.315285738799762 -0.1242876263312184 0)
(-1.307995962497058 -0.1652003781508944 0)
(-1.298662764904655 -0.2056714856403378 0)
(-1.287315687763602 -0.2455932586303137 0)
(-1.273990788537816 -0.2848599123476545 0)
(-1.25873061791489 -0.3233679163317407 0)
(-1.24158415142689 -0.3610164864519799 0)
(-1.222606720567403 -0.397708006174155 0)
(-1.201859757252807 -0.4333488334832156 0)
(-1.179410919554734 -0.467849284156877 0)
(-1.155333589427811 -0.5011247026129464 0)
(-1.129706757630329 -0.5330958396867427 0)
(-1.102614671210237 -0.5636895108172107 0)
(-1.074146370024229 -0.5928393196950054 0)
(-1.044395162027396 -0.6204863635339233 0)
(-1.013457941348099 -0.6465799747643033 0)
(-0.9814341102068453 -0.6710787367152801 0)
(-0.9484249646243991 -0.6939509370802098 0)
(-0.9145323039617426 -0.7151755419618119 0)
(-0.879857202119583 -0.7347429277891093 0)
(-0.8444984174925289 -0.7526557123743314 0)
(-0.8085512019901595 -0.7689292637997296 0)
(-0.7721053618097394 -0.7835925889370541 0)
(-0.7352442860753459 -0.7966887597913404 0)
(-0.6980439239969872 -0.8082754477880401 0)
(-0.6605725271142147 -0.8184252682432044 0)
(-0.6228914543391664 -0.8272257325207465 0)
(-0.5850569741205773 -0.8347785216615059 0)
(-0.547122888118214 -0.8411975130170233 0)
(-0.5091428452759388 -0.8466050647193799 0)
(-0.4711706120998446 -0.851126700844567 0)
(-0.4332580052701612 -0.8548852770309483 0)
(-0.3954514473915443 -0.857995971189166 0)
(-0.3577891514078038 -0.8605628675122741 0)
(-0.3202995958276714 -0.8626772871499645 0)
(-0.2830015545679359 -0.8644175436583161 0)
(-0.2459052086248801 -0.8658496604781244 0)
(-0.2090137145930654 -0.8670286226552271 0)
(-0.1723248339387056 -0.8679998383802118 0)
(-0.1358324065341786 -0.8688006006709598 0)
(-0.09952757060345102 -0.8694614343805428 0)
(-0.06339971378647272 -0.8700072785342955 0)
(-0.02743718568966009 -0.8704584925316461 0)
(0.0083721841462459 -0.8708316953005776 0)
(0.04404072091904131 -0.8711404559660997 0)
(0.07958065526743376 -0.8713958574675482 0)
(0.1150039600450231 -0.8716069539441652 0)
(0.1503222504085515 -0.8717811405764072 0)
(0.1855467303454573 -0.8719244519048173 0)
(0.2206881731312269 -0.872041801944726 0)
(0.2557569267967404 -0.8721371769585506 0)
(0.2907629386158082 -0.8722137896520188 0)
(0.3257157946341877 -0.8722742018053001 0)
(0.3606247712002974 -0.8723204208760946 0)
(0.3954988951883341 -0.8723539748994817 0)
(0.4303470081465525 -0.8723759690096927 0)
(0.4651778277843043 -0.8723871260664012 0)
(0.5 -0.8723878131624838 0)
(0.5 0.8916706947329087 0)
(0.4651334988212856 0.8916699889620436 0)
(0.4302580515229707 0.8916585549857997 0)
(0.3953647054190604 0.8916360161593954 0)
(0.360444421626245 0.8916016307713984 0)
(0.3254880192806239 0.8915542647987156 0)
(0.2904861117037837 0.8914923501382319 0)
(0.2554290397500701 0.8914138264831336 0)
(0.2203068077339626 0.8913160642814374 0)
(0.1851090261309473 0.8911957653445109 0)
(0.1498248641620014 0.8910488366344127 0)
(0.1144430151659042 0.8908702315063348 0)
(0.07895167850377528 0.8906537511571242 0)
(0.04333856359039421 0.8903917972052026 0)
(0.007590924324728715 0.8900750641460093 0)
(-0.02830436448608407 0.8896921578804282 0)
(-0.06436067278223334 0.8892291237390975 0)
(-0.1005914011220032 0.8886688647155586 0)
(-0.1370096580147709 0.8879904285147801 0)
(-0.1736277932272042 0.88716814168576 0)
(-0.2104567446681345 0.8861705727146189 0)
(-0.2475051528984039 0.8849593167898293 0)
(-0.2847782090238675 0.8834876181024788 0)
(-0.3222762374765111 0.8816988887188718 0)
(-0.3599930763900037 0.8795252536449406 0)
(-0.39791442827992 0.8768863496335143 0)
(-0.4360165608841809 0.8736887159727201 0)
(-0.4742659087221281 0.8698262034521288 0)
(-0.5126198916825853 0.8651818243483389 0)
(-0.5510289877329724 0.8596312552456231 0)
(-0.5894394600206134 0.8530477527191849 0)
(-0.6277951098100218 0.8453077476575102 0)
(-0.6660374310013467 0.8362959088533318 0)
(-0.7041041016884797 0.8259088300923376 0)
(-0.7419271696793177 0.8140571313524897 0)
(-0.7794318687984676 0.800666350458906 0)
(-0.8165360710035696 0.7856771544590055 0)
(-0.8531507449564772 0.769045070104424 0)
(-0.8891806962566522 0.7507401055629035 0)
(-0.9245261963779899 0.7307460238215668 0)
(-0.9590839254706629 0.7090599395737169 0)
(-0.9927489444810796 0.6856912950218632 0)
(-1.025415843874643 0.6606612703647619 0)
(-1.056979949670609 0.634002022681869 0)
(-1.087338482107862 0.6057558488778216 0)
(-1.116391800415996 0.5759741523338596 0)
(-1.144043848996632 0.5447169936695968 0)
(-1.170202977570958 0.5120521610083559 0)
(-1.194782613116935 0.4780542886488683 0)
(-1.217701616827963 0.4428042521693649 0)
(-1.238884500132847 0.4063886527581566 0)
(-1.25826193557053 0.3688988360655992 0)
(-1.275770713309219 0.3304307386043066 0)
(-1.291354096319845 0.2910839405129064 0)
(-1.304961799503244 0.2509614832099867 0)
(-1.316550146028311 0.2101691882067536 0)
(-1.326082120666972 0.1688152121060298 0)
(-1.333527408779224 0.1270096000903732 0)
(-1.338862407159512 0.08486393967026155 0)
(-1.342070242339653 0.0424909315530045 0)
(-1.343140782396184 4.011855963049408e-06 0)
(-1.342070641641073 -0.04248299355081631 0)
(-1.33886318401376 -0.08485624528078602 0)
(-1.333528523733838 -0.1270022697127895 0)
(-1.326083521940587 -0.1688083401573699 0)
(-1.31655177849485 -0.210162833908439 0)
(-1.304963609393949 -0.2509556655993145 0)
(-1.291356029213245 -0.29107867341015 0)
(-1.275772725219756 -0.3304260031463907 0)
(-1.258263982400444 -0.3688946162083653 0)
(-1.238886549896255 -0.4063849139723542 0)
(-1.217703639514465 -0.4428009606432907 0)
(-1.194784585472596 -0.4780514089703116 0)
(-1.170204885694997 -0.5120496494621783 0)
(-1.14404567502617 -0.5447148190674573 0)
(-1.116393538720121 -0.5759722758628172 0)
(-1.087340128281847 -0.6057542350010352 0)
(-1.056981499190429 -0.6340006429001293 0)
(-1.025417300182546 -0.6606600929551627 0)
(-0.9927503055679417 -0.6856902964970634 0)
(-0.9590851929250176 -0.7090590972825769 0)
(-0.924527369960135 -0.7307453188516595 0)
(-0.8891817781216702 -0.7507395197674259 0)
(-0.8531517350229293 -0.7690445887742201 0)
(-0.8165369749049847 -0.7856767616877798 0)
(-0.7794326875877143 -0.8006660337505226 0)
(-0.7419279075466426 -0.8140568789547038 0)
(-0.7041047652015515 -0.825908630643183 0)
(-0.6660380248462646 -0.8362957527268212 0)
(-0.6277956383714721 -0.8453076267550869 0)
(-0.5894399291145564 -0.8530476600021222 0)
(-0.5510294040873206 -0.8596311846492031 0)
(-0.5126202616407043 -0.8651817708395504 0)
(-0.4742662376548099 -0.8698261630198278 0)
(-0.4360168533316445 -0.8736886854906514 0)
(-0.3979146881676333 -0.8768863266825073 0)
(-0.3599933071572124 -0.8795252363670106 0)
(-0.3222764421821987 -0.881698875703442 0)
(-0.2847783904328318 -0.8834876082896497 0)
(-0.2475053135319022 -0.8849593093844523 0)
(-0.2104568868078346 -0.8861705671176248 0)
(-0.1736279189099872 -0.8871681374459153 0)
(-0.137009769050069 -0.8879904252933961 0)
(-0.1005914991160459 -0.8886688622589085 0)
(-0.06436075915876632 -0.8892291218578483 0)
(-0.02830444050936749 -0.8896921564339376 0)
(0.007590857529259899 -0.8900750630294363 0)
(0.04333850502448248 -0.8903917963397726 0)
(0.07895162728854541 -0.8906537504836362 0)
(0.1144429705314758 -0.890870230980493 0)
(0.1498248254362537 -0.8910488362228663 0)
(0.1851089927313317 -0.8911957650216922 0)
(0.2203067791618094 -0.8913160640274591 0)
(0.2554290155844338 -0.8914138262825408 0)
(0.2904860915938322 -0.8914923499790783 0)
(0.3254880029379493 -0.891554264671703 0)
(0.3604444088186449 -0.8916016306690822 0)
(0.3953646959660863 -0.8916360160756097 0)
(0.4302580452926372 -0.8916585549152877 0)
(0.4651334957273877 -0.8916699889002246 0)
(0.5 -0.8916706946757117 0)
(0.5 0.9110228180109339 0)
(0.4650899794110225 0.9110220961034275 0)
(0.4301707145998621 0.9110104265206592 0)
(0.3952329472425719 0.9109874244222637 0)
(0.3602673194031923 0.9109523319220217 0)
(0.3252643136297031 0.9109039902019098 0)
(0.2902141860725637 0.910840796750146 0)
(0.2551068966079437 0.9107606458422661 0)
(0.2199320403325932 0.9106608496299776 0)
(0.184678784028417 0.9105380363085143 0)
(0.1493358104004152 0.9103880207579844 0)
(0.1138912727528401 0.9102056417619969 0)
(0.07833276354045193 0.9099845583311941 0)
(0.04264730191501485 0.9097169957598225 0)
(0.006821347798435736 0.9093934297709034 0)
(-0.02915914687210385 0.9090021944606883 0)
(-0.06530863474870914 0.9085289968773119 0)
(-0.1016417966964327 0.9079563182503388 0)
(-0.1381732649665953 0.9072626797238561 0)
(-0.1749172110987523 0.9064217502485697 0)
(-0.2118867551162907 0.9054012783494997 0)
(-0.2490931474165541 0.904161841338601 0)
(-0.2865446817593681 0.9026554310567739 0)
(-0.3242453193955235 0.900823942650969 0)
(-0.3621930508101031 0.8985977085044642 0)
(-0.4003781409992918 0.8958943213058006 0)
(-0.438781608605912 0.8926181020262883 0)
(-0.477374372681063 0.8886606464297402 0)
(-0.5161174062991174 0.8839028386884414 0)
(-0.5549631706846965 0.8782184532420798 0)
(-0.5938576716698611 0.8714790545041765 0)
(-0.6327421039728939 0.8635594293267416 0)
(-0.6715533059532756 0.8543425064407359 0)
(-0.7102230290128747 0.8437230079929658 0)
(-0.7486768541309157 0.8316096527568184 0)
(-0.7868335197643431 0.8179261852181205 0)
(-0.824604725197279 0.8026116906158649 0)
(-0.8618956327067736 0.7856204305522496 0)
(-0.8986058303073934 0.7669214259779875 0)
(-0.9346306806392588 0.7464978456388555 0)
(-0.9698625409188204 0.7243464348071501 0)
(-1.004192378019728 0.7004766488163694 0)
(-1.037511094157339 0.6749098928900203 0)
(-1.069710448776613 0.6476789219780962 0)
(-1.100684634854774 0.6188266416161325 0)
(-1.130330825092761 0.5884056271981398 0)
(-1.158550290911561 0.5564770039224707 0)
(-1.18524880790137 0.5231099314587155 0)
(-1.210337399228389 0.4883806039135843 0)
(-1.233732691407195 0.4523716262906708 0)
(-1.255357205185056 0.4151713830354137 0)
(-1.275139753638446 0.3768732089426312 0)
(-1.293015465863042 0.3375751043525652 0)
(-1.30892608676806 0.2973788861831171 0)
(-1.322820045603336 0.2563897659930853 0)
(-1.334652574490739 0.2147157550092302 0)
(-1.344385645273104 0.1724675794189058 0)
(-1.351988144913208 0.1297577703630937 0)
(-1.35743587055189 0.08670035962345872 0)
(-1.360711520301478 0.04341053873451044 0)
(-1.361804702762494 4.263768371644436e-06 0)
(-1.36071194456118 -0.04340210665991418 0)
(-1.357436695029204 -0.08669219495502831 0)
(-1.351989327761857 -0.1297499998620785 0)
(-1.344387137740399 -0.1724602810178494 0)
(-1.334654331616772 -0.2147089383997193 0)
(-1.322822008372276 -0.2563834526709873 0)
(-1.308928151198073 -0.2973732390690956 0)
(-1.293017587513031 -0.3375700965796871 0)
(-1.27514190100827 -0.376868775418838 0)
(-1.255359351004097 -0.4151674659746374 0)
(-1.23373480884973 -0.4523681785853575 0)
(-1.210339462572364 -0.4883775888353716 0)
(-1.185250802698255 -0.5231073040148264 0)
(-1.15855220162407 -0.5564747272494486 0)
(-1.130332644159447 -0.58840366189324 0)
(-1.100686356893487 -0.6188249519203286 0)
(-1.069712070309581 -0.6476774767666451 0)
(-1.037512617732865 -0.6749086596051943 0)
(-1.004193801418013 -0.7004756033359355 0)
(-0.9698638672038292 -0.7243455522126959 0)
(-0.9346319079875293 -0.7464971072479167 0)
(-0.8986069624010244 -0.7669208119909783 0)
(-0.861896668702363 -0.7856199258223782 0)
(-0.8246056702304287 -0.8026112790298311 0)
(-0.7868343767131538 -0.8179258529420028 0)
(-0.7486776259479039 -0.8316093878485741 0)
(-0.7102237222775261 -0.8437227988086012 0)
(-0.6715539265453616 -0.8543423426969254 0)
(-0.6327426566284293 -0.863559302430952 0)
(-0.5938581619686888 -0.8714789571352314 0)
(-0.5549636053328563 -0.8782183791166873 0)
(-0.5161177919978461 -0.8839027825516298 0)
(-0.4773747152689825 -0.8886606040558426 0)
(-0.4387819130072592 -0.892618070113266 0)
(-0.400378411431229 -0.8958942973026498 0)
(-0.3621932909352537 -0.898597690454306 0)
(-0.3242455324397083 -0.9008239290678461 0)
(-0.2865448706080975 -0.9026554208243206 0)
(-0.2490933146829327 -0.9041618336216314 0)
(-0.211886903164282 -0.905401272521022 0)
(-0.1749173420425964 -0.9064217458369599 0)
(-0.1381733806844015 -0.9072626763752106 0)
(-0.1016418988549511 -0.9079563156995681 0)
(-0.06530872482514057 -0.908528994926379 0)
(-0.02915922617622847 -0.9090021929623738 0)
(0.006821278102200835 -0.9093934286157059 0)
(0.04264724079296179 -0.9097169948656536 0)
(0.07833271008100824 -0.9099845576362797 0)
(0.1138912261571568 -0.9102056412200342 0)
(0.1493357699711316 -0.9103880203342147 0)
(0.1846787491602954 -0.9105380359764501 0)
(0.2199320105061031 -0.9106608493690723 0)
(0.2551068713834424 -0.9107606456364985 0)
(0.2902141650832827 -0.910840796587076 0)
(0.325264296574144 -0.9109039900718637 0)
(0.3602673060385172 -0.9109523318173122 0)
(0.395232937379735 -0.9109874243365722 0)
(0.4301707081001879 -0.9110104264486181 0)
(0.4650899761836534 -0.9110220960403443 0)
(0.5 -0.9110228179526163 0)
(0.5 0.9304320970149567 0)
(0.4650473450905422 0.9304313616197794 0)
(0.430085149520529 0.9304194992758146 0)
(0.3951038513889533 0.9303961183592201 0)
(0.3600937765380437 0.9303604475965916 0)
(0.3250450742505676 0.9303113076391994 0)
(0.2899476467579356 0.930247067463314 0)
(0.2547910755317956 0.9301655836726794 0)
(0.2195645478236214 0.9300641200031822 0)
(0.1842567864475499 0.9299392434134943 0)
(0.1488559852253063 0.929786692037915 0)
(0.1133497524377243 0.929601208946472 0)
(0.07772506534107268 0.9293763340310786 0)
(0.04196824030664403 0.9291041443601638 0)
(0.006064925292551407 0.9287749309750729 0)
(-0.02999987568112233 0.9283767973464992 0)
(-0.0662417320821462 0.9278951616946887 0)
(-0.1026766508229552 0.9273121423834148 0)
(-0.1393208484464971 0.9266058032823149 0)
(-0.1761903970460168 0.9257492357593969 0)
(-0.2133006991574104 0.9247094581732793 0)
(-0.250665739253609 0.9234461262843677 0)
(-0.2882970585619806 0.9219100755592352 0)
(-0.3262024073667971 0.9200417674010311 0)
(-0.364384070567062 0.9177697917610872 0)
(-0.4028369879119409 0.9150096869544975 0)
(-0.4415469537293702 0.9116634556870798 0)
(-0.480489249745276 0.9076202260135362 0)
(-0.5196281899124338 0.9027584189861344 0)
(-0.5589179217917783 0.8969494817942838 0)
(-0.598303951233387 0.8900628353309701 0)
(-0.637724750630584 0.8819712271541827 0)
(-0.6771125131915894 0.8725555769068039 0)
(-0.7163931282378674 0.8617086013596928 0)
(-0.7554857813939441 0.8493370890877591 0)
(-0.7943027218423564 0.8353630422696328 0)
(-0.8327494318772921 0.819724053902477 0)
(-0.8707252496433149 0.8023732059007482 0)
(-0.9081244632076382 0.7832786415299754 0)
(-0.9448374394683587 0.7624230413519505 0)
(-0.9807521607457206 0.7398028575215916 0)
(-1.015755444648612 0.7154276426223678 0)
(-1.049734309971052 0.6893191895723275 0)
(-1.082577127966328 0.6615107469045595 0)
(-1.114174756764712 0.6320461155001573 0)
(-1.144421377356232 0.6009788745577356 0)
(-1.173215394486138 0.5683714417637473 0)
(-1.200460048315114 0.534294309422648 0)
(-1.226063919863721 0.4988252988939392 0)
(-1.249941378255856 0.4620487837414601 0)
(-1.272012954310557 0.4240549472907866 0)
(-1.292205549799809 0.3849392103347428 0)
(-1.310452646359492 0.3448016082884483 0)
(-1.326694484877116 0.3037461594788504 0)
(-1.340878230822488 0.261880220955391 0)
(-1.352957826501521 0.2193145789025711 0)
(-1.362894385031576 0.1761619787851959 0)
(-1.370655982681055 0.1325375491523479 0)
(-1.376217787632843 0.08855789099745988 0)
(-1.379562063495597 0.04434071784044404 0)
(-1.38067815932336 4.525548266639255e-06 0)
(-1.379562514056669 -0.04433177134983189 0)
(-1.376218662757125 -0.08854923268714533 0)
(-1.370657238420161 -0.1325293058423718 0)
(-1.362895966734877 -0.1761542259859195 0)
(-1.352959657212791 -0.2193074172931106 0)
(-1.340880215610998 -0.2618738359805654 0)
(-1.326696658614736 -0.3037402515041071 0)
(-1.310454892228559 -0.344796311704948 0)
(-1.292207807161238 -0.3849345435030397 0)
(-1.272015198996759 -0.4240508449441709 0)
(-1.249943590055288 -0.4620451798284646 0)
(-1.226066074077533 -0.4988221486505795 0)
(-1.200462129146033 -0.5342915667855725 0)
(-1.173217389090846 -0.568369063814012 0)
(-1.144423276249544 -0.600976821391409 0)
(-1.114176553884767 -0.6320443508462462 0)
(-1.082578821102133 -0.6615092365696744 0)
(-1.049735899837005 -0.6893179012585845 0)
(-1.015756930156904 -0.7154265503211166 0)
(-0.9807535447608665 -0.7398019353672065 0)
(-0.9448387204143981 -0.7624222696564286 0)
(-0.9081256444853756 -0.7832779999313683 0)
(-0.8707263313271598 -0.8023726779812397 0)
(-0.8327504175847508 -0.8197236236937636 0)
(-0.7943036161462731 -0.8353626947951729 0)
(-0.7554865869565534 -0.8493368118562686 0)
(-0.716393851026495 -0.8617083825506299 0)
(-0.6771131599831096 -0.8725554057175252 0)
(-0.6377253268484117 -0.8819710944606641 0)
(-0.5983044624153011 -0.8900627334742487 0)
(-0.5589183745491975 -0.8969494042639609 0)
(-0.5196285911845778 -0.9027583603203035 0)
(-0.4804896057982722 -0.907620181783929 0)
(-0.4415472698808662 -0.9116634224175422 0)
(-0.4028372686838084 -0.9150096619613777 0)
(-0.3643843198541983 -0.9177697729892855 0)
(-0.3262026285691252 -0.9200417532910158 0)
(-0.2882972546917988 -0.9219100649398244 0)
(-0.2506659130174511 -0.9234461182813499 0)
(-0.2133008529981477 -0.92470945213282 0)
(-0.1761905331515142 -0.9257492311907844 0)
(-0.1393209687612225 -0.9266057998175639 0)
(-0.1026767570720858 -0.9273121397469922 0)
(-0.06624182579476881 -0.9278951596806154 0)
(-0.02999995821183972 -0.9283767958014745 0)
(0.006064852741198821 -0.928774929785205 0)
(0.0419681766669346 -0.9291041434403023 0)
(0.0777250096699825 -0.9293763333171504 0)
(0.1133497039080978 -0.9296012083903408 0)
(0.1488559431150802 -0.9297866916034743 0)
(0.1842567501295867 -0.9299392430733848 0)
(0.219564516758372 -0.9300641197362731 0)
(0.2547910492614719 -0.9301655834624745 0)
(0.289947624900048 -0.9302470672969466 0)
(0.3250450564906165 -0.9303113075066445 0)
(0.3600937626226969 -0.9303604474899231 0)
(0.395103841120789 -0.9303961182719758 0)
(0.4300851427544046 -0.9304194992025305 0)
(0.4650473417311088 -0.9304313615556762 0)
(0.5 -0.9304320969557351 0)
(0.5 0.9498885461850505 0)
(0.4650056616818952 0.9498878000403791 0)
(0.4300014888615556 0.9498757890274125 0)
(0.3949776189360802 0.9498521161970265 0)
(0.3599240650148916 0.949815999767714 0)
(0.3248306470078487 0.9497662442652473 0)
(0.2896869170720614 0.9497011962473203 0)
(0.2544820815617297 0.9496186826524654 0)
(0.2192049221484071 0.9495159290173887 0)
(0.18384371850654 0.949389453870269 0)
(0.1483861745442491 0.9492349344717843 0)
(0.112819350139093 0.9490470377061428 0)
(0.07712960098494584 0.9488192082465189 0)
(0.0413025304578277 0.9485434040644199 0)
(0.005322959322901275 0.9482097668819386 0)
(-0.03082507805439233 0.9478062122838777 0)
(-0.06715829814800114 0.9473179210110454 0)
(-0.1036940751455351 0.9467267097192144 0)
(-0.1404502653489482 0.946010256915328 0)
(-0.1774449147560846 0.9451411593043362 0)
(-0.214695803501346 0.9440857978187276 0)
(-0.2522197693237355 0.9428030055102635 0)
(-0.2900317414797366 0.9412425585799389 0)
(-0.3281434132560359 0.9393435658533162 0)
(-0.3665615221218411 0.9370329178017511 0)
(-0.4052858182796667 0.9342240745588617 0)
(-0.4443069210474856 0.9308166012877575 0)
(-0.4836044108220793 0.9266969224285092 0)
(-0.5231457761715618 0.9217406451152806 0)
(-0.5628865799978675 0.9158164669922219 0)
(-0.6027716033883279 0.9087912294529787 0)
(-0.642736435661471 0.9005352751390588 0)
(-0.6827085905214799 0.8909272621068766 0)
(-0.7226081075229093 0.879857779887505 0)
(-0.7623477904006974 0.8672316660222139 0)
(-0.8018333914028242 0.8529692277061152 0)
(-0.8409641370572875 0.8370066505943221 0)
(-0.8796335252483413 0.8192959235562614 0)
(-0.9177304231878433 0.7998044379732787 0)
(-0.9551402128728617 0.7785144467113272 0)
(-0.991746366707398 0.755422243548437 0)
(-1.027431507423105 0.7305375467498681 0)
(-1.062078729011046 0.7038826097354526 0)
(-1.095572956845474 0.6754912528672247 0)
(-1.127801659060538 0.6454082434838081 0)
(-1.158656015613166 0.6136881960960401 0)
(-1.188031534179731 0.5803948770050729 0)
(-1.215828860692797 0.5456001949196496 0)
(-1.241954129532094 0.5093836146339819 0)
(-1.266319453923022 0.4718312969510262 0)
(-1.288843328435433 0.4330353063156435 0)
(-1.309450750465465 0.3930931439371488 0)
(-1.328073546887097 0.3521069007941395 0)
(-1.344650470911297 0.3101827962347532 0)
(-1.359127251157018 0.2674307513582781 0)
(-1.371456785846497 0.2239636328705863 0)
(-1.381599130668387 0.1798969330396741 0)
(-1.389521658204628 0.1353478197005985 0)
(-1.395198864338185 0.09043574185042984 0)
(-1.398612557158509 0.04528105825525906 0)
(-1.399751829925296 4.800710146051983e-06 0)
(-1.398613037871377 -0.0452715616035275 0)
(-1.395199802836367 -0.0904265138364725 0)
(-1.389523017090071 -0.1353389362487162 0)
(-1.38160084275902 -0.1798885095044178 0)
(-1.371458724708127 -0.2239560461507988 0)
(-1.359129393234383 -0.2674238373573793 0)
(-1.344652708291882 -0.3101766837818323 0)
(-1.328075895787646 -0.3521013721404326 0)
(-1.30945312204871 -0.3930882428902649 0)
(-1.288845676575535 -0.4330310107617473 0)
(-1.266321760631195 -0.4718275351806703 0)
(-1.241956374250937 -0.5093803297033997 0)
(-1.215831027017226 -0.5455973376848068 0)
(-1.188033611497069 -0.5803923989851222 0)
(-1.158657993168278 -0.6136860563728046 0)
(-1.127803530421837 -0.6454064047244787 0)
(-1.095574720665375 -0.6754896782063974 0)
(-1.062080384220976 -0.7038812672286177 0)
(-1.027433054474729 -0.7305364080433345 0)
(-0.9917478073657835 -0.7554212825830816 0)
(-0.9551415468895548 -0.7785136420642831 0)
(-0.9177316527354105 -0.7998037692736879 0)
(-0.8796346519260975 -0.8192953728774206 0)
(-0.8409651630629198 -0.8370062019706408 0)
(-0.8018343222024567 -0.8529688654031846 0)
(-0.7623486292098012 -0.8672313767585622 0)
(-0.7226088595697838 -0.8798575516192884 0)
(-0.6827092630193433 -0.8909270836477652 0)
(-0.6427370348587799 -0.9005351368523715 0)
(-0.6027721350206834 -0.9087911232964505 0)
(-0.5628870505929748 -0.9158163862065387 0)
(-0.5231461928036335 -0.9217405840383583 0)
(-0.4836047801235006 -0.9266968764417644 0)
(-0.4443072487247937 -0.9308165667457309 0)
(-0.4052861091692613 -0.934224048645629 0)
(-0.3665617803590429 -0.9370328983649023 0)
(-0.3281436424210306 -0.9393435512617268 0)
(-0.2900319447168457 -0.9412425476096409 0)
(-0.2522199494353101 -0.9428029972494388 0)
(-0.2146959630068695 -0.9440857915879168 0)
(-0.1774450559131775 -0.9451411545950964 0)
(-0.1404503901657162 -0.9460102533468252 0)
(-0.1036941854033779 -0.9467267070064708 0)
(-0.06715839542600668 -0.9473179189409739 0)
(-0.03082516375095181 -0.9478062106976884 0)
(0.005322883967931724 -0.9482097656616896 0)
(0.04130246434400902 -0.9485434031221619 0)
(0.07712954313916651 -0.9488192075161452 0)
(0.1128192997067508 -0.949047037137897 0)
(0.1483861307791358 -0.9492349340283206 0)
(0.183843680760316 -0.9493894535233981 0)
(0.2192048898623397 -0.9495159287454629 0)
(0.2544820542605495 -0.9496186824385949 0)
(0.2896868943578975 -0.949701196078286 0)
(0.3248306285533398 -0.9497662441307152 0)
(0.359924050556344 -0.9498159996595323 0)
(0.3949776082678982 -0.9498521161085978 0)
(0.4300014818323626 -0.9498757889531845 0)
(0.4650056581920378 -0.9498877999755044 0)
(0.5 -0.9498885461251465 0)
(0.5 0.9693839318422616 0)
(0.4649649892340883 0.9693831777590413 0)
(0.4299198535734713 0.9693710631523754 0)
(0.3948544333549392 0.9693471872432771 0)
(0.3597584330929632 0.9693107606950041 0)
(0.3246213478014417 0.9692605764267567 0)
(0.2894323840206279 0.9691949648298241 0)
(0.2541803770004774 0.9691117313950262 0)
(0.2188537059954744 0.969008073949138 0)
(0.1834402094747482 0.9688804757430783 0)
(0.1479271017528808 0.968724569474399 0)
(0.1123008925620486 0.9685349659196264 0)
(0.07654731164477607 0.9683050391216238 0)
(0.04065124154257458 0.9680266579433857 0)
(0.004596663464327083 0.9676898512224571 0)
(-0.03163337617235037 0.9672823907304691 0)
(-0.06805676697872994 0.9667892727217692 0)
(-0.1046922869733373 0.9661920753088087 0)
(-0.1415594824580966 0.9654681659500022 0)
(-0.1786784411608087 0.9645897323798737 0)
(-0.2160694104090674 0.9635226138585609 0)
(-0.2537521952741005 0.9622249224687617 0)
(-0.2917452511460202 0.9606454741497 0)
(-0.3300643748947798 0.9587221056321051 0)
(-0.3687209331258123 0.9563800458087132 0)
(-0.4077196446986946 0.9535306419025315 0)
(-0.4470560400708692 0.950070884132507 0)
(-0.4867139914236359 0.9458842343681836 0)
(-0.5266640257403076 0.9408431189575771 0)
(-0.5668628821333954 0.9348130598709883 0)
(-0.6072543833197044 0.9276578961381245 0)
(-0.6477710445536941 0.9192452214702163 0)
(-0.6883356130566948 0.9094511990625251 0)
(-0.7288622434168833 0.898164181386656 0)
(-0.7692573231999609 0.8852870436029103 0)
(-0.8094200889114906 0.8707384434875932 0)
(-0.8492434793607926 0.8544532417577104 0)
(-0.888615104629854 0.8363824327784926 0)
(-0.9274183295327343 0.8164927664768791 0)
(-0.9655335476190061 0.7947661394236962 0)
(-1.002839598111681 0.7711988191938151 0)
(-1.039214863031622 0.7458007607118894 0)
(-1.07453852227084 0.7185947216225885 0)
(-1.108691918436375 0.6896152365470755 0)
(-1.141559151135009 0.6589080534854953 0)
(-1.173028292908512 0.6265289575889944 0)
(-1.202992003337764 0.5925430293470739 0)
(-1.231348455761473 0.5570234684628932 0)
(-1.258001154305888 0.5200516157282707 0)
(-1.282859917518608 0.481715486904504 0)
(-1.305841184284927 0.4421090756798037 0)
(-1.326868088789591 0.4013319115861388 0)
(-1.345870783904552 0.3594882050303329 0)
(-1.362786478355921 0.3166864960408521 0)
(-1.377559537539925 0.2730391001176131 0)
(-1.390141747171517 0.2286611386881809 0)
(-1.400492227202765 0.1836704611333236 0)
(-1.408577399721034 0.1381873749121742 0)
(-1.41437124794705 0.09233323635771572 0)
(-1.417855117843278 0.04623123354149789 0)
(-1.419017823832688 5.098790900930255e-06 0)
(-1.417855633652002 -0.04622112159654246 0)
(-1.414372256775844 -0.09232333513523873 0)
(-1.408578848113013 -0.1381778313149837 0)
(-1.400494017679328 -0.1836616589656051 0)
(-1.390143840927268 -0.2286529750518653 0)
(-1.377561803522572 -0.2730317731498071 0)
(-1.362788840946082 -0.316680025405628 0)
(-1.345873220830641 -0.3594824582130501 0)
(-1.326870566459779 -0.4013267949086108 0)
(-1.305843638091692 -0.4421045854414872 0)
(-1.282862320391647 -0.4817115652004452 0)
(-1.258003489181519 -0.5200481965305733 0)
(-1.2313507070337 -0.5570204972841184 0)
(-1.202994161988413 -0.592540452786539 0)
(-1.173030347800065 -0.6265267328495503 0)
(-1.141561095743945 -0.6589061416029931 0)
(-1.108693751644662 -0.6896135987282831 0)
(-1.074540241873372 -0.7185933257655502 0)
(-1.039216470668808 -0.7457995763212081 0)
(-1.002841094401059 -0.7711978201295855 0)
(-0.9655349337983312 -0.7947653024204254 0)
(-0.9274196065331121 -0.81649207115125 0)
(-0.8886162753069401 -0.8363818599039244 0)
(-0.8492445451874222 -0.8544527750114609 0)
(-0.8094210553931145 -0.8707380667119836 0)
(-0.7692581945322431 -0.88528674266366 0)
(-0.7288630243363111 -0.8981639438906367 0)
(-0.688336310798253 -0.909451013526655 0)
(-0.6477716661358282 -0.9192450778008132 0)
(-0.6072549348875576 -0.927657785886234 0)
(-0.5668633702098809 -0.9348129760013879 0)
(-0.526664457466672 -0.9408430556060619 0)
(-0.4867143737278475 -0.9458841867358396 0)
(-0.4470563790294433 -0.9500708484114283 0)
(-0.407719945467117 -0.9535306151464208 0)
(-0.3687212000865948 -0.9563800257691494 0)
(-0.3300646118135923 -0.9587220906085474 0)
(-0.2917454613034545 -0.960645462867768 0)
(-0.2537523815709009 -0.9622249139808452 0)
(-0.2160695754400405 -0.9635226074609784 0)
(-0.1786785872496632 -0.9645897275478696 0)
(-0.1415596116735026 -0.9654681622912129 0)
(-0.1046924011505816 -0.9661920725298803 0)
(-0.06805686774482114 -0.9667892706033967 0)
(-0.03163346496810301 -0.967282389109053 0)
(0.004596585362611236 -0.9676898499764234 0)
(0.04065117300289538 -0.9680266569822518 0)
(0.07654725166532153 -0.9683050383775176 0)
(0.112300840261807 -0.9685349653414114 0)
(0.1479270563621335 -0.9687245690236306 0)
(0.1834401703245855 -0.9688804753908 0)
(0.218853672508771 -0.9690080736732333 0)
(0.254180348685211 -0.9691117311782915 0)
(0.2894323604640029 -0.9691949646587638 0)
(0.3246213286634465 -0.9692605762907818 0)
(0.3597584180996827 -0.9693107605857607 0)
(0.3948544222927892 -0.9693471871540361 0)
(0.4299198462850692 -0.9693710630775109 0)
(0.4649649856156788 -0.9693831776936521 0)
(0.5 -0.9693839317818993 0)
(0.5 0.9889114753991586 0)
(0.4649253828492962 0.9889107162453037 0)
(0.4298403546467613 0.9888985438513999 0)
(0.394734463035783 0.9888745551327303 0)
(0.3595971087123427 0.988837956206927 0)
(0.324417466866796 0.9887875329930733 0)
(0.2891844035090655 0.988721606090655 0)
(0.2538863875358905 0.9886379679233599 0)
(0.2185113998509231 0.9885337993089353 0)
(0.1830468407647689 0.9884055616453278 0)
(0.1474794366826905 0.9882488597219592 0)
(0.1117951471125879 0.9880582687217609 0)
(0.07597907347298406 0.9878271171965022 0)
(0.04001537207365644 0.9875472155859181 0)
(0.003887175165398786 0.9872085171612761 0)
(-0.03242347351638483 0.986798695073616 0)
(-0.06893565866260415 0.9863026155002497 0)
(-0.1056695938521484 0.9857016829606786 0)
(-0.1426465602302974 0.9849730304064904 0)
(-0.17988874932972 0.9840885250112 0)
(-0.217418959454984 0.9830135633000947 0)
(-0.2552600721933236 0.9817056415268777 0)
(-0.2934342069430345 0.9801127172377697 0)
(-0.3319614343910316 0.9781714365589478 0)
(-0.37085794546781 0.9758054021126349 0)
(-0.4101336126149398 0.9729238048043071 0)
(-0.44978901104317 0.9694209051523427 0)
(-0.4898123475520552 0.9651769204773391 0)
(-0.5301770796182078 0.9600607105181866 0)
(-0.5708409074222796 0.9539341864344656 0)
(-0.611746439848353 0.9466577720227761 0)
(-0.6528228996025187 0.9380959846671418 0)
(-0.6939881260252698 0.9281222802231562 0)
(-0.7351503054747554 0.9166226784263483 0)
(-0.7762093350437311 0.9034980928684078 0)
(-0.8170578808878654 0.8886655911633748 0)
(-0.857582517742553 0.8720588126246982 0)
(-0.8976649471221724 0.8536278405335088 0)
(-0.9371832688240185 0.8333387462232968 0)
(-0.9760125674089588 0.8111733053346423 0)
(-1.014026857687575 0.7871279309469916 0)
(-1.051100306759025 0.7612128494394159 0)
(-1.087108477315881 0.7334511643601805 0)
(-1.121928745617273 0.7038784615162412 0)
(-1.15544177567098 0.6725415559930034 0)
(-1.18753261709614 0.6394973412880381 0)
(-1.218091508832819 0.6048118047719651 0)
(-1.247013214814297 0.5685605206501466 0)
(-1.274199155163958 0.5308260221051007 0)
(-1.299556802903677 0.4916983041011439 0)
(-1.323000453473692 0.4512734261268782 0)
(-1.344451391755163 0.4096529358754201 0)
(-1.363838067058191 0.3669432406119384 0)
(-1.381096133628979 0.3232552204984945 0)
(-1.396168646611055 0.2787034692688876 0)
(-1.409006243587698 0.2334055082839345 0)
(-1.419566993549521 0.1874818868185072 0)
(-1.427816575675963 0.1410552062126642 0)
(-1.43372829260353 0.09424971691520403 0)
(-1.437283072141231 0.04719095749570681 0)
(-1.438469457485685 5.429796452704493e-06 0)
(-1.437283621906278 -0.04718016532629835 0)
(-1.433729356219489 -0.09423916320582486 0)
(-1.427818071315175 -0.1410452766353003 0)
(-1.419568838125447 -0.1874728255043476 0)
(-1.409008423864836 -0.2333970402742727 0)
(-1.396171041868985 -0.2786957530961486 0)
(-1.381098632932703 -0.3232483729978039 0)
(-1.363840607213847 -0.3669372366673675 0)
(-1.344453967172067 -0.4096476153480199 0)
(-1.323003010749518 -0.4512687467150766 0)
(-1.299559302689333 -0.4916942219537678 0)
(-1.274201579889184 -0.5308224691184644 0)
(-1.247015550352 -0.5685574363179917 0)
(-1.218093747238525 -0.6048091313133899 0)
(-1.187534747846111 -0.6394950332389521 0)
(-1.155443792316283 -0.6725395722133001 0)
(-1.121930646694709 -0.7038767619581096 0)
(-1.087110260268925 -0.7334497160924466 0)
(-1.051101973739437 -0.7612116203609055 0)
(-1.01402840861286 -0.7871268945191756 0)
(-0.9760140045678303 -0.8111724367565102 0)
(-0.9371845924477757 -0.8333380247920865 0)
(-0.8976661606699344 -0.8536272461065517 0)
(-0.8575836227172007 -0.8720583281695891 0)
(-0.8170588822860938 -0.8886652002759479 0)
(-0.7762102380444432 -0.9034977806443141 0)
(-0.7351511147271099 -0.9166224319953352 0)
(-0.6939888485371897 -0.9281220878324649 0)
(-0.6528235429807391 -0.9380958358332111 0)
(-0.6117470107829961 -0.9466576578911997 0)
(-0.570841412548357 -0.9539340996700818 0)
(-0.5301775261181918 -0.9600606450458828 0)
(-0.4898127425817071 -0.9651768713239477 0)
(-0.4497893610180231 -0.9694208683549677 0)
(-0.4101339230074652 -0.9729237772896541 0)
(-0.3708582209122951 -0.9758053815381529 0)
(-0.3319616788428547 -0.9781714211570922 0)
(-0.2934344238223353 -0.9801127056864238 0)
(-0.2552602645015487 -0.9817056328448309 0)
(-0.2174191298617193 -0.9830135567610848 0)
(-0.1798889002215262 -0.9840885200756531 0)
(-0.1426466937331121 -0.984973026671895 0)
(-0.1056697118526464 -0.985701680126448 0)
(-0.06893576283351827 -0.9863026133417908 0)
(-0.03242356533931125 -0.9867986934232635 0)
(0.003887094378726424 -0.9872085158943147 0)
(0.04001530116073349 -0.9875472146096358 0)
(0.07597901140464057 -0.987827116441516 0)
(0.1117950929825689 -0.9880582681358011 0)
(0.1474793896985133 -0.9882488592656582 0)
(0.1830468002375613 -0.9884055612890459 0)
(0.2185113651858959 -0.9885337990301355 0)
(0.2538863582250213 -0.9886379677045929 0)
(0.2891843791251821 -0.9887216059182233 0)
(0.324417447057532 -0.9887875328561914 0)
(0.3595970931937288 -0.9888379560970705 0)
(0.3947344515864203 -0.9888745550430507 0)
(0.4298403471034761 -0.9888985437762097 0)
(0.4649253791044362 -0.988910716179659 0)
(0.5 -0.9889114753385603 0)
(0.5 1.008465602741904 0)
(0.4648868933697987 1.008464841427042 0)
(0.4297630944966999 1.008452657542072 0)
(0.3946178633874361 1.008428647241154 0)
(0.3594403023238167 1.008392015146241 0)
(0.3242192723475472 1.008341544845031 0)
(0.2889433046665589 1.008275553607217 0)
(0.2536005073232046 1.008191829286981 0)
(0.2181784678461024 1.008087546546958 0)
(0.1826641525534539 1.007959158554214 0)
(0.1470438030022328 1.007802259099233 0)
(0.1113028300820751 1.007611408611371 0)
(0.07542570656751919 1.007379915709288 0)
(0.03939585964070742 1.007099563635921 0)
(0.003195566236135692 1.006760268118084 0)
(-0.03319414367091521 1.006349649797341 0)
(-0.06979356748263844 1.005852500388857 0)
(-0.1066243810760777 1.005250117358764 0)
(-0.1437096396570874 1.004519477783269 0)
(-0.1810736945448508 1.00363221939969 0)
(-0.2187419726836624 1.002553398361322 0)
(-0.2567405370096972 1.001240004244958 0)
(-0.2950953104008067 0.9996392421258377 0)
(-0.3338308183929765 0.9976866520355105 0)
(-0.372968290867878 0.9953042456360868 0)
(-0.4125229728690385 0.9923990074820841 0)
(-0.4525006712471568 0.9888622970108021 0)
(-0.492894015326248 0.9845707810841939 0)
(-0.5336793155846696 0.9793893434578933 0)
(-0.5748150269814434 0.9731758364581732 0)
(-0.6162422610422935 0.965786862247685 0)
(-0.6578866872843715 0.9570835521784601 0)
(-0.6996610163644589 0.9469364725946727 0)
(-0.7414672878965903 0.9352292470939525 0)
(-0.7831988571684626 0.921860820669739 0)
(-0.8247421013804518 0.9067466128623081 0)
(-0.8659770223045204 0.889819170773843 0)
(-0.9067794502409798 0.8710277385767893 0)
(-0.9470212433811698 0.8503382449898254 0)
(-0.9865730346728043 0.8277319753333798 0)
(-1.025304007798336 0.8032055643768046 0)
(-1.06308413309457 0.7767695598150257 0)
(-1.099784366717407 0.7484481538260049 0)
(-1.135278933569673 0.7182773873432423 0)
(-1.169445088978581 0.6863051553887054 0)
(-1.202164944050259 0.6525894293908638 0)
(-1.233325070582198 0.6171983915270396 0)
(-1.262818307368963 0.5802083286004278 0)
(-1.290543193629206 0.5417040344007928 0)
(-1.316405033954202 0.5017771990596546 0)
(-1.340315969397423 0.4605260001421369 0)
(-1.36219540072281 0.4180540790018306 0)
(-1.381970048600383 0.3744700972663368 0)
(-1.399574032697267 0.3298872414443664 0)
(-1.414949110091156 0.2844223779709257 0)
(-1.428044702056756 0.238195624529816 0)
(-1.438817884642281 0.1913300318988791 0)
(-1.447233550961581 0.1439507000286188 0)
(-1.453264347135236 0.09618464655291321 0)
(-1.456890758061493 0.04815996457604109 0)
(-1.458101061447047 5.792270540475101e-06 0)
(-1.456891336635855 -0.04814846959235954 0)
(-1.453265457419321 -0.09617354136176692 0)
(-1.44723511638278 -0.1439403741145193 0)
(-1.43881986219757 -0.1913203159132654 0)
(-1.428046945735786 -0.2381868640160565 0)
(-1.414951604297999 -0.2844143631665419 0)
(-1.399576662971493 -0.3298800481849977 0)
(-1.381972706773135 -0.3744638073580072 0)
(-1.362198073331238 -0.4180485515603173 0)
(-1.340318625833595 -0.4605211388374207 0)
(-1.316407629980139 -0.5017729583651842 0)
(-1.290545707692471 -0.5417003485657017 0)
(-1.262820726311852 -0.5802051321952048 0)
(-1.233327387195257 -0.6171956230049294 0)
(-1.202167148944673 -0.652587039749115 0)
(-1.16944717614205 -0.6863031011696185 0)
(-1.135280900851609 -0.7182756276060037 0)
(-1.09978621176952 -0.74844665420967 0)
(-1.063085857920827 -0.7767682871348853 0)
(-1.025305612252964 -0.8032044913718891 0)
(-0.9865745214595203 -0.8277310760667829 0)
(-0.9470226126659512 -0.850337498039851 0)
(-0.9067807054595547 -0.8710271232073453 0)
(-0.8659781655277523 -0.889818669113293 0)
(-0.8247431369299953 -0.9067462082591281 0)
(-0.7831997909282397 -0.9218604975837297 0)
(-0.7414681247977281 -0.9352289920782433 0)
(-0.699661763125623 -0.9469362736087313 0)
(-0.6578873518760261 -0.9570833984107139 0)
(-0.616242850744305 -0.965786744460711 0)
(-0.5748155486633235 -0.9731757470019174 0)
(-0.5336797764832153 -0.9793892760340381 0)
(-0.4928944227700598 -0.9845707305470116 0)
(-0.4525010319522511 -0.9888622592491165 0)
(-0.4125232926156761 -0.9923989793000889 0)
(-0.3729685745437692 -0.9953042245996887 0)
(-0.3338310701462106 -0.997686636312862 0)
(-0.2950955337934274 -0.9996392303500532 0)
(-0.2567407351456261 -1.001239995403777 0)
(-0.2187421483071376 -1.002553391707804 0)
(-0.1810738501025728 -1.003632214381033 0)
(-0.1437097773289009 -1.004519473988264 0)
(-0.1066245027973763 -1.005250114480787 0)
(-0.06979367496960648 -1.005852498198999 0)
(-0.0331942384440826 -1.006349648124664 0)
(0.003195482830801013 -1.006760266835284 0)
(0.03939578641121253 -1.007099562648397 0)
(0.07542564245859684 -1.007379914946407 0)
(0.1113027741634655 -1.007611408019969 0)
(0.1470437544595568 -1.007802258639216 0)
(0.1826641106785008 -1.007959158195367 0)
(0.2181784320270896 -1.008087546266386 0)
(0.2536004770368494 -1.008191829067041 0)
(0.2889432794719301 -1.008275553434081 0)
(0.3242192518803008 -1.008341544707778 0)
(0.3594402862901383 -1.008392015036216 0)
(0.3946178515582852 -1.008428647151412 0)
(0.4297630867033101 -1.008452657466869 0)
(0.4648868895008157 -1.008464841361402 0)
(0.5 -1.008465602681293 0)
(0.5 1.028041733976331 0)
(0.4648495679434229 1.028040973437025 0)
(0.4296881681029611 1.028028824614799 0)
(0.3945047785643754 1.028004884459789 0)
(0.3592882092163289 1.02796835917269 0)
(0.3240270132329036 1.027918034716473 0)
(0.2887093933993138 1.027852231546647 0)
(0.2533231031579971 1.027768741518165 0)
(0.217855342553501 1.027664744088915 0)
(0.1822926492034602 1.027536697944272 0)
(0.1466207842647934 1.027380202951978 0)
(0.1108246133173956 1.027189825847593 0)
(0.07488798225578028 1.026958881166233 0)
(0.0387935887908471 1.026679156571772 0)
(0.002522851294507043 1.026340568798885 0)
(-0.03394422135395066 1.025930732817196 0)
(-0.0706291524660855 1.025434422501754 0)
(-0.1075551017731432 1.024832896214978 0)
(-0.144746931837881 1.024103055765795 0)
(-0.1822312032462824 1.023216403327966 0)
(-0.2200360428989506 1.022137760760269 0)
(-0.2581907961118452 1.020823724837763 0)
(-0.2967253312152865 1.019220859538635 0)
(-0.335668820517186 1.017263688596902 0)
(-0.3750477693569936 1.014872670736525 0)
(-0.4148830561288286 1.011952529625486 0)
(-0.4551859625294766 1.00839153632509 0)
(-0.4959536742929328 1.004062475135143 0)
(-0.5371653072996855 0.9988258154959839 0)
(-0.5787798580427601 0.9925348863824331 0)
(-0.6207366220430125 0.9850420650203637 0)
(-0.6629574028351553 0.9762048034342192 0)
(-0.7053495397872251 0.965890605314599 0)
(-0.7478089085641856 0.9539805889054098 0)
(-0.7902224356411157 0.9403716983965534 0)
(-0.8324690704208334 0.9249781009375658 0)
(-0.8744232881734959 0.9077309583646443 0)
(-0.9159542854197362 0.8885790700311854 0)
(-0.956928635786326 0.8674878621269267 0)
(-0.9972114189207311 0.844438774856725 0)
(-1.036667517175914 0.819428420816309 0)
(-1.075162115417065 0.7924681058311207 0)
(-1.112562475262798 0.763582523134131 0)
(-1.148738771917932 0.7328089163672663 0)
(-1.183565348226417 0.700195871374871 0)
(-1.216920749995479 0.6658030488998168 0)
(-1.248688816486935 0.6296998925722929 0)
(-1.278759536271763 0.5919644965258259 0)
(-1.307029035194393 0.5526833211768591 0)
(-1.333400285234975 0.5119500253059813 0)
(-1.357783322399878 0.4698648323947456 0)
(-1.38009562695808 0.4265335623750428 0)
(-1.400262175565493 0.3820671686664982 0)
(-1.418215574313626 0.3365811176867143 0)
(-1.433896254301457 0.2901946312463142 0)
(-1.447252409844843 0.2430304535725122 0)
(-1.458240149863074 0.195214072697567 0)
(-1.466823544430753 0.1468732401175247 0)
(-1.472974605213466 0.0981376233549936 0)
(-1.476673358603164 0.04913802542532356 0)
(-1.477907815794499 6.173110323962818e-06 0)
(-1.476673964929363 -0.04912583572457344 0)
(-1.472975769562301 -0.09812598332500207 0)
(-1.466825197563966 -0.1468623454990957 0)
(-1.458242214029999 -0.1952039271029959 0)
(-1.447254762170002 -0.2430212589559555 0)
(-1.433898832848065 -0.290186334826545 0)
(-1.418218316940751 -0.3365736301359334 0)
(-1.400264956880703 -0.3820605890593543 0)
(-1.38009840097761 -0.4265278187407165 0)
(-1.357786074407408 -0.4698597942274597 0)
(-1.333402975454735 -0.5119456297907916 0)
(-1.307031637605764 -0.5526795042404715 0)
(-1.278762037528345 -0.5919611895467597 0)
(-1.248691209641539 -0.6296970308875618 0)
(-1.216923027335811 -0.6658005796367462 0)
(-1.18356750414217 -0.7001937484195234 0)
(-1.148740803618955 -0.7328070980887198 0)
(-1.112564380928244 -0.7635809734197545 0)
(-1.075163896532116 -0.7924667908346341 0)
(-1.03666917389371 -0.8194273121289302 0)
(-0.9972129538843545 -0.8444378458339765 0)
(-0.9569300495941484 -0.8674870903566225 0)
(-0.9159555811258894 -0.8885784344081302 0)
(-0.8744244685649349 -0.9077304400747475 0)
(-0.8324701392881675 -0.9249776830353441 0)
(-0.7902233992154811 -0.9403713648367317 0)
(-0.7478097723032484 -0.9539803256771137 0)
(-0.705350310200925 -0.9658904000283022 0)
(-0.6629580880523818 -0.9762046449804204 0)
(-0.620737229897225 -0.985041943810481 0)
(-0.5787803957393309 -0.9925347944478926 0)
(-0.537165782171222 -0.9988257463030707 0)
(-0.4959540938045916 -1.004062423363455 0)
(-0.4551863336570084 -1.008391497720177 0)
(-0.4148833849446327 -1.011952500873998 0)
(-0.3750480610003737 -1.014872649316158 0)
(-0.3356690793304253 -1.017263672614571 0)
(-0.2967255609037698 -1.019220847585935 0)
(-0.2581909998830758 -1.020823715874268 0)
(-0.2200362235717995 -1.022137754020544 0)
(-0.1822313633253753 -1.023216398247705 0)
(-0.1447470735536973 -1.024103051926587 0)
(-0.1075552271069819 -1.024832893305416 0)
(-0.07062926317524591 -1.025434420289614 0)
(-0.03394431899590979 -1.025930731129084 0)
(0.002522765340932543 -1.026340567505525 0)
(0.0387935133052099 -1.026679155577061 0)
(0.07488791615788945 -1.026958880398547 0)
(0.1108245556542417 -1.027189825253122 0)
(0.1466207342010781 -1.027380202490094 0)
(0.1822926060123066 -1.027536697584327 0)
(0.2178553056067647 -1.027664743807721 0)
(0.2533230719178422 -1.027768741297935 0)
(0.2887093674117014 -1.027852231373485 0)
(0.3240269921219663 -1.027918034579384 0)
(0.3592881926786684 -1.027968359062936 0)
(0.3945047663634931 -1.028004884370353 0)
(0.4296881600646806 -1.02802882453989 0)
(0.4648495639528667 -1.028040973371649 0)
(0.5 -1.028041733915927 0)
(0.5 1.047636107955377 0)
(0.464813450484617 1.047635351140782 0)
(0.4296156639386334 1.047623283969132 0)
(0.3943953428741567 1.047599505748417 0)
(0.3591410114128747 1.047563227341604 0)
(0.3238409217490302 1.04751324180796 0)
(0.288482955280984 1.047447879325374 0)
(0.2530545178668079 1.047364944349569 0)
(0.2175424288773403 1.047261632125813 0)
(0.1819328036519524 1.047134420665662 0)
(0.1462109287901705 1.046978933072848 0)
(0.1103611295864302 1.046789763565939 0)
(0.0743666289287267 1.046560258614448 0)
(0.03820939730678824 1.04628224216682 0)
(0.001869994451073678 1.045945670880547 0)
(-0.03467259537053131 1.045538201431763 0)
(-0.07144113001253383 1.045044647294367 0)
(-0.108460269213498 1.044446296917044 0)
(-0.1457567099209353 1.043720059324665 0)
(-0.1833592645473079 1.042837397794785 0)
(-0.2212988247452687 1.041763010002744 0)
(-0.2596081156851102 1.040453219321153 0)
(-0.2983210955498885 1.038854067036798 0)
(-0.3374717861477895 1.036899158141632 0)
(-0.3770922302894096 1.03450744205866 0)
(-0.4172092486205858 1.03158132496164 0)
(-0.4578399007019597 1.028005786864487 0)
(-0.4989861136090121 1.023649367593615 0)
(-0.5406297865469027 1.018367648952534 0)
(-0.5827302243832772 1.01200895104661 0)
(-0.6252245494855727 1.004421021354405 0)
(-0.6680303573958435 0.9954573483981605 0)
(-0.71104941263696 0.9849822037106206 0)
(-0.7541712646356649 0.9728741588704064 0)
(-0.7972756276677651 0.9590283418380616 0)
(-0.8402353349733087 0.94335732776615 0)
(-0.8829177743890575 0.9257915286851068 0)
(-0.9251863430762574 0.9062790266385747 0)
(-0.9669020377088744 0.8847849761763568 0)
(-1.007924559269874 0.8612909682869334 0)
(-1.048114026774404 0.8357939231450786 0)
(-1.087331196275186 0.8083057399346849 0)
(-1.125439414140291 0.7788518222344966 0)
(-1.162305022045845 0.7474705024220804 0)
(-1.197799052777002 0.71421143641836 0)
(-1.231796732638078 0.6791357662519533 0)
(-1.264179104207211 0.6423143183855794 0)
(-1.294833192062417 0.6038271604977528 0)
(-1.323652712242135 0.5637624327665123 0)
(-1.350538693655144 0.5222152145624083 0)
(-1.375398693146175 0.4792883442230692 0)
(-1.398148221199218 0.4350899119000355 0)
(-1.418710557584869 0.3897331082446082 0)
(-1.437016821127204 0.3433356593807562 0)
(-1.453006087743323 0.2960192255385007 0)
(-1.466625346819759 0.247909124371974 0)
(-1.477829732761596 0.1991333298242224 0)
(-1.486582478484715 0.1498222975107999 0)
(-1.492854968173313 0.1001083144777796 0)
(-1.496626764931737 0.05012495355982979 0)
(-1.497885610375153 6.559347612985671e-06 0)
(-1.496627402399834 -0.05011207164144046 0)
(-1.492856193857938 -0.1000960854505391 0)
(-1.486584218972917 -0.1498108181847234 0)
(-1.477831881258862 -0.1991227631632208 0)
(-1.466627809803128 -0.2478994997236933 0)
(-1.453008759916808 -0.2960106129701734 0)
(-1.437019660472081 -0.3433279113102923 0)
(-1.418713457154437 -0.3897262551227355 0)
(-1.398151100878694 -0.4350839454930015 0)
(-1.375401538896175 -0.4792831313420804 0)
(-1.350541475317694 -0.522210668729264 0)
(-1.323655401477605 -0.5637584874347966 0)
(-1.294835774243534 -0.6038237449768389 0)
(-1.264181572227459 -0.6423113656143503 0)
(-1.231799080518476 -0.6791332194041058 0)
(-1.197801275495115 -0.7142092466925768 0)
(-1.162307116290042 -0.7474686273257501 0)
(-1.12544137872176 -0.7788502238711673 0)
(-1.087333031988029 -0.8083043839358084 0)
(-1.048115734314257 -0.8357927798288541 0)
(-1.00792614090851 -0.8612900104820825 0)
(-0.9669034947340462 -0.8847841803974923 0)
(-0.9251876780391661 -0.9062783714357486 0)
(-0.882918990739933 -0.9257909944105143 0)
(-0.8402364362295162 -0.9433568970377392 0)
(-0.7972766201155769 -0.9590279982525745 0)
(-0.7541721543182609 -0.9728738878204527 0)
(-0.7110502060195903 -0.9849819924447886 0)
(-0.6680310626294936 -0.9954571855240949 0)
(-0.625225174867721 -1.004420896962766 0)
(-0.5827307775194803 -1.012008856855893 0)
(-0.5406302749215264 -1.018367578184165 0)
(-0.4989865448074849 -1.023649314747772 0)
(-0.4578402819218192 -1.028005747546263 0)
(-0.4172095862058205 -1.031581295744966 0)
(-0.3770925296254006 -1.034507420336969 0)
(-0.3374720517706772 -1.036899141964095 0)
(-0.298321331308862 -1.038854054957036 0)
(-0.2596083248916538 -1.040453210273788 0)
(-0.2212990102927307 -1.041763003206306 0)
(-0.1833594289964137 -1.042837392675332 0)
(-0.145756855549725 -1.043720055458156 0)
(-0.1084603980462736 -1.044446293988582 0)
(-0.07144124384531275 -1.045044645069442 0)
(-0.03467269579566529 -1.045538199735358 0)
(0.001869906023472451 -1.045945669582069 0)
(0.0382093196289159 -1.046282241169098 0)
(0.0743665608965705 -1.046560257845145 0)
(0.1103610702254605 -1.046789762970822 0)
(0.1462108772452285 -1.046978932610979 0)
(0.1819327591782383 -1.047134420306099 0)
(0.217542390830963 -1.047261631845163 0)
(0.2530544856960437 -1.047364944129951 0)
(0.2884829285193498 -1.047447879152875 0)
(0.3238409000096474 -1.047513241671572 0)
(0.3591409943830811 -1.047563227232557 0)
(0.394395330310196 -1.047599505659649 0)
(0.4296156556610925 -1.047623283894823 0)
(0.4648134463752526 -1.047635351075926 0)
(0.5 -1.047636107895402 0)
(0.5 1.067245636448562 0)
(0.4647785820469586 1.067244886306459 0)
(0.4295456647205629 1.067232947191386 0)
(0.394289681913661 1.067209422328331 0)
(0.3589988792001789 1.067173530320316 0)
(0.3236612152869002 1.067124076035468 0)
(0.2882642578801459 1.06705940589997 0)
(0.252795073033052 1.066977345558501 0)
(0.2172401071747029 1.066875117024635 0)
(0.1815850609210894 1.066749231436245 0)
(0.1458147535548703 1.066595352292399 0)
(0.1099129768336198 1.066408122488673 0)
(0.07386233664086989 1.066180946495466 0)
(0.03764408111990412 1.06590571651335 0)
(0.001237914492739338 1.065572468236155 0)
(-0.0353782032034823 1.065168947784399 0)
(-0.07222826829263482 1.064680066299764 0)
(-0.1093384510215308 1.064087212579143 0)
(-0.1467373031067112 1.063367387118794 0)
(-0.1844559240206912 1.062492113806441 0)
(-0.2225280282079645 1.061426080612322 0)
(-0.2609898143430981 1.060125463302356 0)
(-0.2998794764796985 1.05853590762813 0)
(-0.3392360996040134 1.056590207811974 0)
(-0.379097555349707 1.054205856466602 0)
(-0.4194969689960694 1.051282886479021 0)
(-0.4604575468244755 1.047702769032736 0)
(-0.5019862004184591 1.043329402921713 0)
(-0.5440676095158132 1.038012966905348 0)
(-0.5866611254309273 1.031596259805246 0)
(-0.6297013025190689 1.023921988978997 0)
(-0.6731011619198964 1.014839407035182 0)
(-0.7167565988051884 1.004209422880484 0)
(-0.760550368113925 0.99190808517025 0)
(-0.804355219108112 0.9778286562303833 0)
(-0.8480373905269178 0.9618823092244709 0)
(-0.8914573912368847 0.9439987237838506 0)
(-0.9344726559251965 0.92412542231013 0)
(-0.976938551788991 0.9022273944418192 0)
(-1.018709538489307 0.8782863944453415 0)
(-1.059640695298866 0.8522998860838478 0)
(-1.099588540162291 0.8242803051078889 0)
(-1.138412334666191 0.7942539398136327 0)
(-1.175974761731541 0.7622601258752506 0)
(-1.212143247961695 0.7283498868192569 0)
(-1.246789906990676 0.6925856882205718 0)
(-1.279792827530663 0.6550399375658887 0)
(-1.311036242000912 0.6157944720972111 0)
(-1.340411709553046 0.5749388393920686 0)
(-1.367817193570063 0.5325711339356612 0)
(-1.393158811601437 0.4887952232328301 0)
(-1.416349870081637 0.4437219113826206 0)
(-1.43731185346054 0.397466794737054 0)
(-1.455974390743228 0.3501498817096466 0)
(-1.472275191369669 0.301895310803964 0)
(-1.486160067683888 0.2528309120901864 0)
(-1.497583158100155 0.2030872357691259 0)
(-1.506506861082115 0.1527974283120817 0)
(-1.512901927961212 0.1020964352803326 0)
(-1.516747460023982 0.05112059902232274 0)
(-1.518030926480299 6.946103897202903e-06 0)
(-1.516748133025564 -0.05110700910924415 0)
(-1.512903219703927 -0.1020835625147556 0)
(-1.506508685932991 -0.1527853794148533 0)
(-1.497585395553907 -0.2030762249446213 0)
(-1.486162634528241 -0.2528208853867649 0)
(-1.472277966235342 -0.3018863575203266 0)
(-1.455977320511182 -0.3501418826523859 0)
(-1.43731486145267 -0.3974596913067798 0)
(-1.41635285669916 -0.4437157225113454 0)
(-1.39316175053871 -0.4887898363350345 0)
(-1.367820063731257 -0.5325664421841321 0)
(-1.340414483254275 -0.574934768957321 0)
(-1.311038903277799 -0.6157909505809893 0)
(-1.27979536861437 -0.655036895977956 0)
(-1.246792323383037 -0.6925830659804937 0)
(-1.212145535348868 -0.728347632469875 0)
(-1.175976916550669 -0.7622581957881174 0)
(-1.138414356254739 -0.7942522944131909 0)
(-1.099590428699511 -0.8242789094990449 0)
(-1.059642452031134 -0.8522987093137907 0)
(-1.018711165255638 -0.8782854088798197 0)
(-0.976940050565828 -0.9022265755481578 0)
(-0.9344740288640013 -0.924124748244913 0)
(-0.8914586422479215 -0.9439981741989185 0)
(-0.8480385231418428 -0.9618818662080642 0)
(-0.8043562394567095 -0.9778283030558608 0)
(-0.7605512827932863 -0.9919078067179152 0)
(-0.7167574143925438 -1.004209205981721 0)
(-0.6731018865260271 -1.014839240024501 0)
(-0.6297019447960517 -1.023921861655914 0)
(-0.586661693408274 -1.031596163587617 0)
(-0.5440681108866329 -1.038012894764321 0)
(-0.5019866428897199 -1.043329349172026 0)
(-0.4604579377841172 -1.047702729139579 0)
(-0.4194973150363354 -1.05128285690773 0)
(-0.3790978620930238 -1.054205834530688 0)
(-0.3392363717779976 -1.056590191506833 0)
(-0.299879718076735 -1.05853589547328 0)
(-0.2609900287783313 -1.060125454210979 0)
(-0.2225282184487707 -1.061426073789674 0)
(-0.1844560926823165 -1.062492108670974 0)
(-0.1467374525119318 -1.063367383242464 0)
(-0.1093385832347315 -1.064087209644901 0)
(-0.07222838514610019 -1.064680064071868 0)
(-0.03537830632231757 -1.065168946087057 0)
(0.001237823668813321 -1.065572466938131 0)
(0.03764400131691754 -1.065905715516883 0)
(0.07386226673204663 -1.066180945727806 0)
(0.1099129158240881 -1.066408121895392 0)
(0.1458147005707163 -1.066595351832444 0)
(0.1815850152004104 -1.066749231078552 0)
(0.2172400680584854 -1.066875116745695 0)
(0.2527950399563119 -1.0669773453404 0)
(0.2882642303646083 -1.067059405728827 0)
(0.3236611929352297 -1.067124075900317 0)
(0.3589988616908238 -1.067173530212401 0)
(0.3942896689958368 -1.067209422240583 0)
(0.4295456562097855 -1.067232947117974 0)
(0.464778577821755 -1.067244886242374 0)
(0.5 -1.067245636389229 0)
(0.5 1.086867783358237 0)
(0.4647450090247359 1.086867042823976 0)
(0.4294782637605181 1.086855277785532 0)
(0.3941879369560489 1.086832096935003 0)
(0.3588620033667864 1.086796729673651 0)
(0.3234881362231082 1.08674799736098 0)
(0.2880535977961923 1.086684269156673 0)
(0.2525451227631648 1.086603400431097 0)
(0.2169487931285796 1.086502650885048 0)
(0.1812499033101403 1.086378578511195 0)
(0.1454328137189236 1.086226904284367 0)
(0.1094807908214066 1.08604234089089 0)
(0.07337583136481926 1.085818376798574 0)
(0.03709846834753889 1.085547004389315 0)
(0.0006275564992808844 1.08521837753812 0)
(-0.03605996444528611 1.084820379717462 0)
(-0.07298932886199483 1.084338078230977 0)
(-0.110188222750756 1.083753033355886 0)
(-0.14768706682188 1.083042422927302 0)
(-0.1855192761578144 1.082177933746566 0)
(-0.223721439873245 1.081124363154859 0)
(-0.2623333196831198 1.079837872280648 0)
(-0.301397491671777 1.078263848886309 0)
(-0.3409583283589526 1.076334397443521 0)
(-0.3810598543457784 1.073965618437667 0)
(-0.421741921590147 1.071055119195666 0)
(-0.4630343274375716 1.067480627623224 0)
(-0.5049492780065593 1.063100961568192 0)
(-0.5474742460375744 1.057760329400064 0)
(-0.5905683321493018 1.051295461483567 0)
(-0.6341630838373405 1.043543606376156 0)
(-0.6781665265734723 1.034349525484195 0)
(-0.7224682639446597 1.023570669586799 0)
(-0.7669439398802114 1.011080572936125 0)
(-0.8114593424359091 0.9967706499219943 0)
(-0.8558737153963943 0.9805508658555043 0)
(-0.9000408774432311 0.9623501810356475 0)
(-0.9438121310225723 0.9421157398748853 0)
(-0.9870372763278499 0.9198124245538428 0)
(-1.029565492295783 0.8954222534225545 0)
(-1.071246768461003 0.8689433466290523 0)
(-1.111933353886329 0.8403887690531909 0)
(-1.151480469639484 0.8097857202433312 0)
(-1.189747112624679 0.7771746111691729 0)
(-1.226597017032458 0.7426079561925275 0)
(-1.261899218948953 0.706149557697349 0)
(-1.295528876276846 0.6678734007488599 0)
(-1.327367630801728 0.6278629046969053 0)
(-1.357304191965033 0.5862099164671619 0)
(-1.385234232559423 0.5430145218046145 0)
(-1.411061797882799 0.4983826642739502 0)
(-1.434698451923013 0.4524270435218559 0)
(-1.456063782172026 0.4052658895738147 0)
(-1.475085854239468 0.3570216478969861 0)
(-1.491701008057854 0.3078209526229577 0)
(-1.505853885971107 0.2577941577540548 0)
(-1.517497626063006 0.2070744287370523 0)
(-1.526593804213884 0.1557975690798195 0)
(-1.53311252879897 0.1041012610241306 0)
(-1.537032444586326 0.05212460173076407 0)
(-1.538340750220259 7.332237695789586e-06 0)
(-1.53703315701788 -0.05211028082825815 0)
(-1.533113892362398 -0.1040876926562399 0)
(-1.526595721937904 -0.1557849041082085 0)
(-1.517499969449769 -0.2070628924335587 0)
(-1.505856567006306 -0.2577836820371314 0)
(-1.491703894710003 -0.3078116297888809 0)
(-1.475088877810285 -0.3570133840596065 0)
(-1.456066892904696 -0.405258546211546 0)
(-1.43470154548557 -0.4524206339132635 0)
(-1.411064831146822 -0.4983771016332324 0)
(-1.385237190592512 -0.5430096847440935 0)
(-1.357307049812392 -0.5862057216366814 0)
(-1.327370370999094 -0.6278592774846871 0)
(-1.295531490435868 -0.6678702704266434 0)
(-1.261901703761121 -0.7061468601726143 0)
(-1.226599368889373 -0.7426056374774044 0)
(-1.18974932832539 -0.7771726259106577 0)
(-1.151482548831296 -0.8097840273914164 0)
(-1.111935295961073 -0.8403873333993127 0)
(-1.071248575319684 -0.8689421358688332 0)
(-1.029567165110656 -0.8954212396316287 0)
(-0.9870388177930851 -0.9198115821278597 0)
(-0.9438135428297155 -0.9421150465957006 0)
(-0.9000421634862045 -0.962349616069789 0)
(-0.8558748797475436 -0.9805504105309222 0)
(-0.8114603908159803 -0.9967702872143457 0)
(-0.7669448790779927 -1.011080287327697 0)
(-0.7224691009766785 -1.023570447390754 0)
(-0.6781672698350623 -1.034349354644031 0)
(-0.6341637424049774 -1.043543476378643 0)
(-0.5905689144832846 -1.051295363459699 0)
(-0.5474747600391385 -1.057760256078937 0)
(-0.5049497314687883 -1.063100907079655 0)
(-0.4630347278904459 -1.067480587292614 0)
(-0.4217422758466126 -1.071055089381316 0)
(-0.3810601682594216 -1.073965596376154 0)
(-0.3409586068509592 -1.076334381079944 0)
(-0.3013977388803301 -1.078263836709761 0)
(-0.2623335391287727 -1.07983786318637 0)
(-0.2237216345986248 -1.081124356337656 0)
(-0.1855194488334038 -1.082177928619359 0)
(-0.1476872198155509 -1.083042419059651 0)
(-0.1101883581675394 -1.08375303042989 0)
(-0.07298944857119227 -1.084338076010695 0)
(-0.03606007010532444 -1.084820378027152 0)
(0.0006274634185109722 -1.085218376246589 0)
(0.03709838654513027 -1.08554700339872 0)
(0.07337575969068633 -1.08581837603609 0)
(0.1094807282605277 -1.086042340302122 0)
(0.145432759379431 -1.086226903828364 0)
(0.1812498564139479 -1.086378578156941 0)
(0.2169487530023689 -1.086502650609046 0)
(0.2525450888295305 -1.086603400215465 0)
(0.2880535695660643 -1.086684268987613 0)
(0.3234881132897999 -1.08674799722762 0)
(0.3588619854009265 -1.086796729567301 0)
(0.3941879237007554 -1.086832096848623 0)
(0.4294782550269813 -1.086855277713305 0)
(0.4647450046887891 -1.086867042760906 0)
(0.5 -1.086867783299757 0)
(0.5 1.106500464958234 0)
(0.4647127636048221 1.10649973699867 0)
(0.4294135260053226 1.106488191480615 0)
(0.3940902068737036 1.106465444107394 0)
(0.3587305184732458 1.106430738130913 0)
(0.323321857198098 1.106382916046062 0)
(0.2878511888418377 1.106320376161089 0)
(0.2523049259534568 1.106241012014719 0)
(0.2166687956169102 1.106142131798933 0)
(0.1809276957827912 1.106020353953577 0)
(0.1450655379224887 1.105871473852527 0)
(0.1090650733045061 1.105690294911568 0)
(0.07290769970932491 1.105470415408702 0)
(0.03657324503308328 1.105203959662993 0)
(3.972399622200506e-05 1.104881238750643 0)
(-0.03671693580856723 1.104490321399378 0)
(-0.0737232011724028 1.104016489811743 0)
(-0.1110082726156692 1.103441547578941 0)
(-0.1486044460954104 1.102742937249416 0)
(-0.1865474715248095 1.101892613697492 0)
(-0.2248768550349104 1.100855607719286 0)
(-0.2636360037262903 1.09958820699634 0)
(-0.3028720213888153 1.098035691241138 0)
(-0.3426348058071389 1.09612961249624 0)
(-0.3829748933926334 1.093784760648451 0)
(-0.4239393448200633 1.090896273846017 0)
(-0.4655650793274845 1.087337889096504 0)
(-0.5078699885389071 1.082962861461232 0)
(-0.5508443560343268 1.077608798453287 0)
(-0.5944466887015349 1.071105774232209 0)
(-0.638605026772311 1.063285156932601 0)
(-0.6832218664567798 1.053986994000065 0)
(-0.7281799975223243 1.043065225026684 0)
(-0.7733477471962242 1.030390876603976 0)
(-0.8185839217625143 1.015853556582513 0)
(-0.8637403031467219 0.9993622444654782 0)
(-0.9086643860499062 0.9808451313371102 0)
(-0.9532011619302292 0.960249165509794 0)
(-0.9971945972066012 0.9375393383362388 0)
(-1.040488789980558 0.9126979137462321 0)
(-1.082928646303642 0.8857237490989112 0)
(-1.124362142132157 0.856630612393847 0)
(-1.164640302517959 0.8254467834848856 0)
(-1.203618537517678 0.7922137215107675 0)
(-1.241156832038326 0.7569855303036703 0)
(-1.277121230873142 0.7198273088984832 0)
(-1.311383896012959 0.6808147210113732 0)
(-1.343823775052649 0.6400329248905361 0)
(-1.374326671819501 0.5975761564301312 0)
(-1.402786486249118 0.5535457894336973 0)
(-1.429104637193976 0.5080507177072124 0)
(-1.4531909875183 0.4612054821351035 0)
(-1.474963397524223 0.4131306549320021 0)
(-1.494348319043203 0.3639512524877087 0)
(-1.511280689689418 0.3137964925199152 0)
(-1.525704014809141 0.2627991708128339 0)
(-1.537570406227112 0.2110951675528223 0)
(-1.546840615926648 0.1588229616260816 0)
(-1.553484112690223 0.1061229586966936 0)
(-1.557479084257697 0.05313702688881165 0)
(-1.558812454412418 7.727913391880161e-06 0)
(-1.557479839830293 -0.05312192449067951 0)
(-1.5534855509632 -0.1061086433928794 0)
(-1.546842621406884 -0.1588097109670109 0)
(-1.537572857813722 -0.2110830934545437 0)
(-1.525706796948521 -0.2627882987681606 0)
(-1.511283699102703 -0.3137867744057851 0)
(-1.494351442387875 -0.3639427049080321 0)
(-1.474966601841549 -0.4131230894982962 0)
(-1.453194185310266 -0.4611988588641543 0)
(-1.429107765469908 -0.5080449787305483 0)
(-1.402789529471656 -0.55354081111124 0)
(-1.374329611148863 -0.5975718410920066 0)
(-1.343826592339514 -0.6400291946357811 0)
(-1.311386581752351 -0.680811503848894 0)
(-1.277123782248194 -0.7198245381313626 0)
(-1.241159246655596 -0.7569831489649038 0)
(-1.203620812437583 -0.7922116826048099 0)
(-1.164642437296912 -0.8254450448984225 0)
(-1.124364136630694 -0.8566291376029982 0)
(-1.082930501631978 -0.8857225055388527 0)
(-1.040490507910961 -0.9126968723829725 0)
(-0.997196179891169 -0.9375384732532914 0)
(-0.9532026114903989 -0.9602484536818967 0)
(-0.9086657064468884 -0.9808445513837494 0)
(-0.8637414981061591 -0.999361777375366 0)
(-0.8185849972020783 -1.015853184813508 0)
(-0.773348710387942 -1.030390584141539 0)
(-0.7281808556014565 -1.043064997788385 0)
(-0.6832226278608874 -1.053986819590665 0)
(-0.6386057009823113 -1.063285024519177 0)
(-0.5944472847135289 -1.071105674644886 0)
(-0.5508448820742862 -1.077608724167431 0)
(-0.5078704525293403 -1.082962806414746 0)
(-0.4655654889139503 -1.087337848474754 0)
(-0.4239397069909554 -1.090896243905387 0)
(-0.382975214203347 -1.093784738553373 0)
(-0.3426350903627756 -1.096129596145763 0)
(-0.3028722739727995 -1.098035679097915 0)
(-0.263636227965534 -1.099588197941365 0)
(-0.2248770540484562 -1.100855600939929 0)
(-0.1865476480386504 -1.10189260860337 0)
(-0.1486046025204686 -1.102742933409361 0)
(-0.1110084110945658 -1.103441544675549 0)
(-0.07372332360951908 -1.104016487609924 0)
(-0.0367170438947958 -1.104490319724271 0)
(3.962876169223907e-05 -1.104881237471773 0)
(0.03657316132347048 -1.105203958682972 0)
(0.07290762635202441 -1.105470414654987 0)
(0.1090650092647579 -1.105690294330049 0)
(0.1450654822907863 -1.105871473402544 0)
(0.1809276477653301 -1.106020353604343 0)
(0.2166687545267351 -1.106142131527094 0)
(0.2523048912015312 -1.106241011802506 0)
(0.2878511599290631 -1.106320375994837 0)
(0.323321833709049 -1.106382915915043 0)
(0.3587305000711487 -1.10643073802655 0)
(0.3940901932958579 -1.106465444022719 0)
(0.4294135170588114 -1.10648819140985 0)
(0.4647127591629686 -1.106499736936848 0)
(0.5 -1.106500464900817 0)
(0.5 1.126141967683798 0)
(0.4646818807649375 1.126141255110016 0)
(0.4293515219313453 1.126129973805289 0)
(0.3939965986995286 1.126107747892666 0)
(0.358604569717632 1.126073837394334 0)
(0.3231625637660474 1.126027110517651 0)
(0.2876572597632703 1.125966001061433 0)
(0.2520747581258579 1.125888449059842 0)
(0.2164004414202375 1.125791821840895 0)
(0.1806188219679576 1.125672811686272 0)
(0.1447133736091272 1.12552730505805 0)
(0.1086663442174522 1.125350216771727 0)
(0.07245854488893491 1.125135280431937 0)
(0.03606911106790604 1.124874783743295 0)
(-0.0005247698092583043 1.124559233722034 0)
(-0.03734817005973576 1.124176932073393 0)
(-0.07442877809477133 1.123713434687975 0)
(-0.1117973011783124 1.123150860821412 0)
(-0.1494879087639362 1.122467006482811 0)
(-0.1875386960242423 1.121634202643771 0)
(-0.2259921202331592 1.120617842981857 0)
(-0.2648953098158897 1.119374492113017 0)
(-0.3043000394331864 1.117849486079095 0)
(-0.3442619785558679 1.115973981776849 0)
(-0.3848385694671544 1.113661562307431 0)
(-0.4260846408871464 1.110804867131119 0)
(-0.4680448731406268 1.107273379807761 0)
(-0.5107433179107332 1.102914245076474 0)
(-0.5541730915097132 1.097557768051017 0)
(-0.5982916985158415 1.091026733363417 0)
(-0.6430230605868118 1.083146208727876 0)
(-0.688263511614205 1.073751335254374 0)
(-0.7338885516759204 1.062692500802485 0)
(-0.7797590628992241 1.049838239559184 0)
(-0.8257263779360492 1.035076532143481 0)
(-0.8716350203890355 1.01831539636789 0)
(-0.9173259238266281 0.9994824422179057 0)
(-0.9626377911773231 0.9785245120979403 0)
(-1.007408812370259 0.9554067880555229 0)
(-1.051477754822977 0.9301119936803323 0)
(-1.094684776929022 0.9026396134696725 0)
(-1.136873287217719 0.8730043820442726 0)
(-1.177890296110017 0.8412355947625093 0)
(-1.217587415672947 0.8073759762176407 0)
(-1.255821128972967 0.7714810554027367 0)
(-1.292454318211872 0.7336174369386104 0)
(-1.327356192603091 0.693862454229814 0)
(-1.360402872363297 0.6523031790604349 0)
(-1.391477619630296 0.6090358191269605 0)
(-1.420472035154616 0.5641637927232219 0)
(-1.447285371176211 0.5177982483940963 0)
(-1.471825513024432 0.4700560873137426 0)
(-1.494008677105133 0.421060066217089 0)
(-1.51375969620566 0.3709378086747698 0)
(-1.531012117248429 0.3198211056392029 0)
(-1.545708289137152 0.2678452650651413 0)
(-1.557799292258962 0.2151489100425356 0)
(-1.567245066950874 0.1618731599116658 0)
(-1.574014429096453 0.1081612301067909 0)
(-1.578085112161235 0.05415775560927631 0)
(-1.579443765984022 8.147007976499766e-06 0)
(-1.578085912077861 -0.05414182207823189 0)
(-1.574015942727579 -0.108146161140345 0)
(-1.567247164903393 -0.1618592946528085 0)
(-1.557801851779449 -0.2151363014071416 0)
(-1.54571117839753 -0.2678339703296704 0)
(-1.531015241142442 -0.3198110194552446 0)
(-1.51376292916694 -0.3709289549022988 0)
(-1.494011973395529 -0.4210522788795868 0)
(-1.471828808984921 -0.470049262331895 0)
(-1.447288593949936 -0.5177923351998928 0)
(-1.420475162753783 -0.5641586744401328 0)
(-1.391480638010427 -0.6090313866630055 0)
(-1.360405764889584 -0.652299348361039 0)
(-1.327358948441843 -0.6938591521571924 0)
(-1.292456934895843 -0.7336145943491598 0)
(-1.255823604932804 -0.7714786128808468 0)
(-1.217589748381239 -0.807373885024687 0)
(-1.177892485536541 -0.8412338112743277 0)
(-1.136875332838845 -0.8730028691693614 0)
(-1.094686680184791 -0.9026383375732419 0)
(-1.051479516851113 -0.9301109254568014 0)
(-1.007410435779477 -0.9554059007025392 0)
(-0.9626392778293892 -0.9785237821459644 0)
(-0.9173272777459071 -0.9994818477598324 0)
(-0.8716362455003805 -1.01831491783526 0)
(-0.8257274798605714 -1.035076151645236 0)
(-0.7797600493484248 -1.049837940592861 0)
(-0.7338894302023409 -1.062692268827341 0)
(-0.6882642906549579 -1.073751157543682 0)
(-0.6430237498826544 -1.083146074151012 0)
(-0.598292307601165 -1.091026632454531 0)
(-0.5541736290212304 -1.097557693023872 0)
(-0.5107437919557778 -1.102914189666535 0)
(-0.468045291478178 -1.107273339054902 0)
(-0.4260850106545839 -1.110804837190061 0)
(-0.3848388968964963 -1.113661540276038 0)
(-0.3442622689200788 -1.115973965513869 0)
(-0.3043002971553213 -1.117849474025668 0)
(-0.2648955386294418 -1.11937448314009 0)
(-0.2259923233342757 -1.12061783627276 0)
(-0.1875388761943579 -1.121634197607318 0)
(-0.1494880684564425 -1.122467002688937 0)
(-0.1117974425719921 -1.123150857954633 0)
(-0.07442890312699703 -1.123713432515155 0)
(-0.03734828045203512 -1.124176930421388 0)
(-0.0005248670891156593 -1.124559232461756 0)
(0.03606902554825148 -1.12487478277834 0)
(0.07245846993477283 -1.12513527969043 0)
(0.1086662787749576 -1.125350216200082 0)
(0.1447133167518998 -1.125527304616077 0)
(0.18061877288704 -1.125672811343578 0)
(0.2164003994154614 -1.125791821574394 0)
(0.2520747225970598 -1.125888448851965 0)
(0.287657230201999 -1.125966000898699 0)
(0.3231625397488558 -1.126027110389511 0)
(0.358604550900918 -1.126073837292369 0)
(0.3939965848151318 -1.126107747810017 0)
(0.4293515127824366 -1.126129973736253 0)
(0.4646818762224378 -1.126141255049674 0)
(0.5 -1.126141967627646 0)
(0.5 1.145790880513137 0)
(0.4646523933559281 1.145790186197719 0)
(0.4292923177443481 1.145779212707303 0)
(0.3939072130161193 1.145757594254242 0)
(0.3584842936108315 1.145724610523272 0)
(0.3230104304814265 1.145679159829418 0)
(0.2874720259035677 1.145619717645238 0)
(0.2518548788942073 1.14554427867344 0)
(0.2161440387975765 1.145450279828806 0)
(0.180323644241999 1.145334500379919 0)
(0.1443767441017186 1.145192934260694 0)
(0.1082850963407595 1.14502062799727 0)
(0.07202893974614225 1.144811475628701 0)
(0.03558673257423402 1.14455795924926 0)
(-0.001065149017599082 1.144250820108422 0)
(-0.03795276084966621 1.14387864023548 0)
(-0.07510499677596658 1.143427307825894 0)
(-0.1125540562045111 1.142879330421464 0)
(-0.1503359721818957 1.142212947374053 0)
(-0.1884911865253276 1.141400976485038 0)
(-0.2270651321752598 1.14040930917554 0)
(-0.2661087251494004 1.139194947229211 0)
(-0.3056785481440336 1.13770346359986 0)
(-0.3458362974625729 1.135865800897489 0)
(-0.3866467541477295 1.133594467304217 0)
(-0.4281731534874186 1.130779593571837 0)
(-0.4704686945459788 1.127286130949315 0)
(-0.5135641772762112 1.122954502355213 0)
(-0.5574555675422218 1.117606913644625 0)
(-0.6020988568715105 1.111058176040895 0)
(-0.6474131202443353 1.103126640999603 0)
(-0.6932878281282081 1.093642380111633 0)
(-0.739590751382457 1.082452213359714 0)
(-0.7861750075944759 1.069422265621234 0)
(-0.8328841577740179 1.054439042160266 0)
(-0.8795555497857029 1.037409667208784 0)
(-0.9260233565852971 1.018261358293823 0)
(-0.972120037515336 0.9969409359647761 0)
(-1.017678001480088 0.9734138808106226 0)
(-1.062530630139348 0.9476635006774785 0)
(-1.106513389835579 0.9196899562074332 0)
(-1.149465083487557 0.8895090493934261 0)
(-1.19122872376825 0.8571511455323192 0)
(-1.23165206546414 0.8226603355771848 0)
(-1.270588198028632 0.7860935306227483 0)
(-1.30789675586727 0.7475189675027112 0)
(-1.343443996852037 0.7070156829189863 0)
(-1.377103206995117 0.6646727008250847 0)
(-1.408755196456835 0.6205881224870957 0)
(-1.438289104465665 0.5748676619918631 0)
(-1.465602142864066 0.5276245464498169 0)
(-1.490600172024506 0.4789781542589611 0)
(-1.513197737267091 0.4290534960566187 0)
(-1.533318078644772 0.3779807610335296 0)
(-1.550893363537747 0.325894311064273 0)
(-1.565864759530612 0.2729320497384964 0)
(-1.578182324804195 0.2192353224325838 0)
(-1.587805183445797 0.1649479268344217 0)
(-1.594701497039167 0.1102159060380477 0)
(-1.598848541708803 0.05518671016555596 0)
(-1.600232695696689 8.597313929305254e-06 0)
(-1.598849386737488 -0.05516990107573588 0)
(-1.594703087508474 -0.1102000716400441 0)
(-1.587807377875188 -0.1649334218891784 0)
(-1.578184991777859 -0.2192221824794185 0)
(-1.565867760095623 -0.2729203154069892 0)
(-1.55089659733878 -0.3258838701481757 0)
(-1.533321424129889 -0.3779715966521689 0)
(-1.513201127660316 -0.4290454806841778 0)
(-1.490603560842967 -0.4789711371038987 0)
(-1.465605457987438 -0.527618463772665 0)
(-1.438292315514641 -0.5748624055187694 0)
(-1.408758291787132 -0.6205835758312437 0)
(-1.377106172556789 -0.6646687726720549 0)
(-1.343446821210858 -0.7070122979904887 0)
(-1.307899436464665 -0.7475160546796152 0)
(-1.270590733833666 -0.7860910284607848 0)
(-1.231654454666661 -0.822658193324041 0)
(-1.191230966594298 -0.8571493182356893 0)
(-1.149467179198022 -0.8895074992865666 0)
(-1.106515340087536 -0.9196886486970701 0)
(-1.062532435531649 -0.9476624061426185 0)
(-1.017679664852995 -0.9734129717083528 0)
(-0.9721215606614571 -0.9969401882957869 0)
(-0.9260247432790868 -1.018260749774299 0)
(-0.8795568044230588 -1.037409177612817 0)
(-0.8328852856667734 -1.05443865325059 0)
(-0.7861760166282725 -1.069421960485547 0)
(-0.739591649688133 -1.082451976970079 0)
(-0.6932886242639021 -1.093642199381282 0)
(-0.6474138241002211 -1.103126504512542 0)
(-0.602099478458941 -1.111058074049246 0)
(-0.5574561159620572 -1.117606838099724 0)
(-0.5135646608837294 -1.122954446780946 0)
(-0.4704691212295591 -1.127286090231965 0)
(-0.4281735305162357 -1.130779563762516 0)
(-0.3866470879073722 -1.133594445437818 0)
(-0.3458365933767491 -1.135865784798614 0)
(-0.3056788107659326 -1.137703451693843 0)
(-0.2661089583160787 -1.139194938381626 0)
(-0.2270653391601242 -1.140409302569366 0)
(-0.1884913701656392 -1.141400971530976 0)
(-0.150336134973129 -1.142212943645039 0)
(-0.1125542003605656 -1.142879327605366 0)
(-0.07510512426573158 -1.143427305692645 0)
(-0.03795287342367012 -1.143878638614503 0)
(-0.001065248230322398 -1.144250818872674 0)
(0.03558664534573332 -1.144557958303853 0)
(0.07202886328531861 -1.144811474902816 0)
(0.1082850295751726 -1.145020627438102 0)
(0.1443766860888183 -1.145192933828707 0)
(0.1803235941583969 -1.145334500045263 0)
(0.2161439959303797 -1.145450279568797 0)
(0.2518548426325181 -1.145544278470795 0)
(0.2874719957301051 -1.145619717486715 0)
(0.3230104059653859 -1.145679159704688 0)
(0.3584842744024112 -1.145724610424107 0)
(0.3939071988421365 -1.145757594173937 0)
(0.4292923084042878 -1.145779212640256 0)
(0.4646523887183943 -1.145790186139073 0)
(0.5 -1.145790880458451 0)
(0.5 1.165446039439312 0)
(0.4646243324172863 1.165445366120912 0)
(0.4292359759963472 1.165434743019533 0)
(0.3938221448628141 1.165413815708044 0)
(0.3583698191711515 1.165381886495205 0)
(0.3228656223863933 1.165337888167718 0)
(0.2872956909926895 1.165280343858499 0)
(0.2516455340649295 1.165207310879618 0)
(0.2158998798973517 1.1651163059306 0)
(0.1800425064378827 1.165004208108377 0)
(0.144056051591759 1.164867134829682 0)
(0.1079217985552216 1.164700284195739 0)
(0.0716194302541068 1.164497735269487 0)
(0.03512674562342052 1.164252194959899 0)
(-0.001580671146340794 1.163954676433827 0)
(-0.0385298386987418 1.163594088818819 0)
(-0.07575083463011803 1.163156710827014 0)
(-0.1132773289618178 1.162625510915117 0)
(-0.1511472001058939 1.161979262524002 0)
(-0.1894032281560177 1.161191383529698 0)
(-0.228093834777837 1.160228403461492 0)
(-0.267273777393997 1.159047932033321 0)
(-0.3070045755916828 1.157595977783895 0)
(-0.3473542145514068 1.155803477490313 0)
(-0.3883952836298716 1.153582031131908 0)
(-0.4302001499308541 1.15081927820057 0)
(-0.4728314378018712 1.147375346937824 0)
(-0.5163274203947599 1.143083243419849 0)
(-0.5606869047964583 1.137756164599542 0)
(-0.6058637299418188 1.131200206671839 0)
(-0.6517712642916541 1.123226597245761 0)
(-0.6982913634036738 1.113660209871145 0)
(-0.7452835896641764 1.102344324565195 0)
(-0.792592902637699 1.089142787590435 0)
(-0.8400549159888616 1.073940766830641 0)
(-0.887499766697861 1.056644615063385 0)
(-0.9347547564607238 1.037181318991397 0)
(-0.9816461146303069 1.015497783071236 0)
(-1.02800047148581 0.9915598910656868 0)
(-1.073645842037134 0.9653516250421684 0)
(-1.118412941477521 0.9368739399943955 0)
(-1.162136028448509 0.9061437419076144 0)
(-1.2046540861474 0.8731925573590636 0)
(-1.245811022769376 0.8380658918429122 0)
(-1.285456554441492 0.8008220726265005 0)
(-1.323447042203469 0.7615310375364304 0)
(-1.359645788175764 0.720273568166264 0)
(-1.393923274919845 0.6771406403283781 0)
(-1.42615783236232 0.6322323139984946 0)
(-1.456236134402989 0.5856566334405339 0)
(-1.484053345780346 0.5375289397597424 0)
(-1.50951333743479 0.4879710540280578 0)
(-1.532528930706603 0.4371103670170675 0)
(-1.553021798383538 0.3850795933541747 0)
(-1.570922737735071 0.3320156675699751 0)
(-1.586171717044759 0.2780591531657968 0)
(-1.598717781093072 0.2233541009646005 0)
(-1.608519230357659 0.1680470347802292 0)
(-1.615543572946751 0.1122868313357539 0)
(-1.619767623779045 0.05622381429636858 0)
(-1.621177492485742 9.082694881905575e-06 0)
(-1.619768514983898 -0.05620608635601209 0)
(-1.615545242337552 -0.1122702133833704 0)
(-1.608521524415549 -0.1680318703163873 0)
(-1.598720555863787 -0.2233404282308802 0)
(-1.586174831463992 -0.2780469697362633 0)
(-1.570926079793739 -0.3320048756243094 0)
(-1.553025255344936 -0.3850701231437135 0)
(-1.532532417951272 -0.4371021176098159 0)
(-1.509516815455385 -0.4879638508391941 0)
(-1.484056750075555 -0.5375226937172333 0)
(-1.456239427577575 -0.5856512413274577 0)
(-1.426161002780116 -0.6322276558332787 0)
(-1.393926311244683 -0.6771366177570034 0)
(-1.359648679347395 -0.7202701025671592 0)
(-1.323449785225748 -0.7615280561910684 0)
(-1.285459148622402 -0.8008195123536339 0)
(-1.245813467213303 -0.8380636997174502 0)
(-1.204656381100288 -0.8731906873748551 0)
(-1.162138173308402 -0.9061421553502865 0)
(-1.118414937741312 -0.9368726016302553 0)
(-1.073647690146864 -0.9653505046956112 0)
(-1.028002174070653 -0.991558960730085 0)
(-0.9816476736756672 -1.015497018097495 0)
(-0.9347561753015869 -1.037180696802474 0)
(-0.887501050189067 -1.056644114796526 0)
(-0.8400560693334493 -1.07394036983209 0)
(-0.7925939336535334 -1.089142476602661 0)
(-0.7452845070620945 -1.102344084084832 0)
(-0.6982921760436381 -1.113660026414664 0)
(-0.6517719821848247 -1.123226459107387 0)
(-0.6058643634896361 -1.131200103836402 0)
(-0.560687463576069 -1.137756088761319 0)
(-0.5163279130656402 -1.143083187884563 0)
(-0.4728318724098065 -1.14737530642863 0)
(-0.4302005338705157 -1.1508192486607 0)
(-0.3883956234212991 -1.153582009535722 0)
(-0.3473545157519 -1.155803461634306 0)
(-0.307004842873047 -1.157595966083892 0)
(-0.2672740146911087 -1.15904792335474 0)
(-0.22809404544012 -1.160228396990965 0)
(-0.1894034150769904 -1.161191378682697 0)
(-0.1511473658230216 -1.161979258878464 0)
(-0.1132774757232656 -1.162625508163716 0)
(-0.07575096443521788 -1.16315670874387 0)
(-0.03852995332582438 -1.163594087236767 0)
(-0.001580772175619242 -1.163954675228515 0)
(0.03512665679098198 -1.164252194038478 0)
(0.07161935238051548 -1.164497734562589 0)
(0.1079217305496973 -1.164700283651612 0)
(0.1440559924961676 -1.164867134409629 0)
(0.1800424554151511 -1.165004207783233 0)
(0.2158998362224754 -1.165116305678207 0)
(0.2516454971166985 -1.165207310683074 0)
(0.2872956602454199 -1.165280343704857 0)
(0.3228655974024834 -1.165337888046911 0)
(0.3583697995952091 -1.165381886399234 0)
(0.3938221304171206 -1.165413815630385 0)
(0.429235966476977 -1.165434742954717 0)
(0.4646243276906293 -1.165445366064178 0)
(0.5 -1.165446039386287 0)
(0.5 1.185106481932896 0)
(0.4645977272370332 1.185105832300748 0)
(0.4291825557197364 1.185095600769929 0)
(0.3937414839491006 1.185075445719942 0)
(0.3582612682154908 1.185044694758587 0)
(0.3227282953717135 1.185002319428366 0)
(0.2871284475681931 1.184946896382745 0)
(0.2514469561077541 1.184876553231471 0)
(0.2156682412648994 1.184788896339245 0)
(0.1797757343702818 1.184680917102739 0)
(0.1437516776582927 1.184548871990023 0)
(0.1075768963259518 1.1843881300108 0)
(0.07123053592884068 1.184192979216273 0)
(0.03468975653362515 1.18395638104258 0)
(-0.002070626995526475 1.183669657483458 0)
(-0.03907857111302671 1.183322090761904 0)
(-0.07636530987695564 1.182900407662356 0)
(-0.1139659553907132 1.182388109893118 0)
(-0.1519202045719654 1.181764596268217 0)
(-0.1902731566759203 1.181004000213884 0)
(-0.229076221746611 1.180073635160181 0)
(-0.2683880374753663 1.178931900511017 0)
(-0.3082751779218337 1.177525458883457 0)
(-0.348812181455726 1.175785481562495 0)
(-0.3900799489372204 1.173622869954162 0)
(-0.4321608026093421 1.170922827777866 0)
(-0.4751278777462202 1.167540360797171 0)
(-0.5190278144827329 1.163300261421412 0)
(-0.5638622081667797 1.15800566954819 0)
(-0.6095819377175627 1.151453160267873 0)
(-0.6560936630780764 1.143446445355076 0)
(-0.7032708130747276 1.133805118289013 0)
(-0.7509642028238032 1.122369001628972 0)
(-0.7990102375085675 1.10899982729154 0)
(-0.8472364591792242 1.093581572321374 0)
(-0.8954656973992445 1.076019976064181 0)
(-0.9435183421803721 1.056241936090932 0)
(-0.9912143811987988 1.034194565259063 0)
(-1.038374686783807 1.009844248355638 0)
(-1.084821946244948 0.9831757227980938 0)
(-1.13038204008829 0.954190873380938 0)
(-1.174884762148296 0.922907736195158 0)
(-1.218165040653641 0.8893590867476645 0)
(-1.26006297020308 0.8535918779425291 0)
(-1.300424868627311 0.8156659269544444 0)
(-1.339103835038824 0.7756529062010943 0)
(-1.375960218535978 0.7336353783066599 0)
(-1.410861725094849 0.6897062756029063 0)
(-1.443684139233134 0.643967727530714 0)
(-1.474311730163276 0.5965300548994896 0)
(-1.502637559962445 0.547510827511571 0)
(-1.528563562865833 0.4970342414514718 0)
(-1.552000794792499 0.4452301737068986 0)
(-1.572869375558044 0.3922338518997128 0)
(-1.591098738871096 0.3381847896830297 0)
(-1.606627646354015 0.2832262457908645 0)
(-1.619404132223516 0.2275049819670508 0)
(-1.629385668755804 0.1711702819703731 0)
(-1.636539110106579 0.1143738702796968 0)
(-1.640840806852069 0.05726899811654735 0)
(-1.642276603438313 9.605363910578411e-06 0)
(-1.640841745882431 -0.05725030573395188 0)
(-1.636540860877466 -0.1143564451888175 0)
(-1.629388064692686 -0.1711544437862988 0)
(-1.619407015800088 -0.2274907714704259 0)
(-1.606630875665791 -0.2832136099599165 0)
(-1.591102189448773 -0.3381736448133876 0)
(-1.572872941259695 -0.3922240839110455 0)
(-1.552004380583672 -0.4452216874138257 0)
(-1.52856712793559 -0.4970268557148405 0)
(-1.502641049867042 -0.54750442453036 0)
(-1.474315103596494 -0.5965245305782372 0)
(-1.44368738294235 -0.6439629605460037 0)
(-1.410864829964271 -0.6897021615636415 0)
(-1.37596317468338 -0.7336318343471269 0)
(-1.339106638909884 -0.7756498581576773 0)
(-1.300427519747934 -0.8156633100740718 0)
(-1.260065468621461 -0.853589637149478 0)
(-1.218167386510602 -0.8893571751592617 0)
(-1.17488695522459 -0.9229061139645721 0)
(-1.130384081428012 -0.9541895048909144 0)
(-1.084823836420143 -0.9831745771438588 0)
(-1.038376427899145 -1.009843297266471 0)
(-0.991215975533114 -1.034193783401624 0)
(-0.943519792626464 -1.056241300590869 0)
(-0.8954670090831944 -1.076019465510179 0)
(-0.847237637428278 -1.093581167567596 0)
(-0.7990112899529913 -1.10899951075893 0)
(-0.7509651386447564 -1.122368757374725 0)
(-0.7032716415904219 -1.133804932406333 0)
(-0.6560943944696601 -1.143446305831224 0)
(-0.6095825827015737 -1.151453056829924 0)
(-0.5638627767752629 -1.15800559364235 0)
(-0.5190283157189062 -1.163300206131896 0)
(-0.4751283198463335 -1.167540320674133 0)
(-0.4321611930968492 -1.170922798650077 0)
(-0.3900802944524134 -1.173622848736882 0)
(-0.3488124876732025 -1.175785466030061 0)
(-0.3082754496196282 -1.177525447448896 0)
(-0.2683882786786858 -1.178931892045294 0)
(-0.2290764358780176 -1.180073628857912 0)
(-0.1902733466850736 -1.1810039954984 0)
(-0.1519203730384875 -1.181764592724573 0)
(-0.1139661045964746 -1.182388107220275 0)
(-0.07636544185087893 -1.182900405639733 0)
(-0.03907868766038013 -1.183322089226585 0)
(-0.002070729721229427 -1.18366965631442 0)
(0.03468966620569787 -1.183956380149515 0)
(0.07123045673982627 -1.184192978531662 0)
(0.10757682716699 -1.18438812948423 0)
(0.1437516175560532 -1.184548871583814 0)
(0.179775682474669 -1.184680916788548 0)
(0.2156681968394797 -1.184788896095559 0)
(0.2514469185215117 -1.184876553041867 0)
(0.2871284162874495 -1.184946896234633 0)
(0.3227282699525419 -1.185002319311982 0)
(0.358261248297457 -1.185044694666193 0)
(0.3937414692504442 -1.185075445645225 0)
(0.4291825460334447 -1.185095600707581 0)
(0.464597722427427 -1.185105832246125 0)
(0.5 -1.185106481881726 0)
(0.5 1.20477140964268 0)
(0.4645726054144326 1.204770786300037 0)
(0.4291321125452169 1.204760986032344 0)
(0.393665314827926 1.204741681388494 0)
(0.3581587555880712 1.204712227928082 0)
(0.3225985964613703 1.204671640003647 0)
(0.286970477310251 1.204618553469351 0)
(0.251259364528275 1.204551173678655 0)
(0.2154493842356209 1.204467206193064 0)
(0.1795236362306307 1.204363766747152 0)
(0.1434639836430683 1.204237265912071 0)
(0.107250812028692 1.204083262322547 0)
(0.07086275006975254 1.203896276252072 0)
(0.03427634198146922 1.203669552531254 0)
(-0.002534340727522077 1.203394757947644 0)
(-0.03959816296943606 1.203061592826237 0)
(-0.07694748240197141 1.202657288652702 0)
(-0.1146188175952867 1.202165952097733 0)
(-0.1526536480570742 1.20156769878422 0)
(-0.1910993612543898 1.200837495005398 0)
(-0.2300103400230665 1.19994358904908 0)
(-0.2694491236727223 1.19884536296907 0)
(-0.3094874427870687 1.197490373309084 0)
(-0.3502066488906544 1.195810302596629 0)
(-0.3916964874729042 1.193715615576942 0)
(-0.4340501677543128 1.191089187151195 0)
(-0.4773526366114506 1.187780597973788 0)
(-0.5216600123690066 1.183605505857743 0)
(-0.5669765507948852 1.178355771972479 0)
(-0.6132491482749041 1.17181757508705 0)
(-0.6603765957554272 1.163786746985278 0)
(-0.7082230082891591 1.154077580117074 0)
(-0.7566298686804066 1.14252658102773 0)
(-0.8054246591548635 1.128993561577921 0)
(-0.854426732227312 1.113361477514452 0)
(-0.903451511061552 1.09553562892082 0)
(-0.9523124658731357 1.075442961224997 0)
(-1.000823326809553 1.053030928609535 0)
(-1.048799247905152 1.028266508959514 0)
(-1.096057619516233 1.001135280623717 0)
(-1.142419424485293 0.9716401844465504 0)
(-1.187710051459918 0.9398004274939434 0)
(-1.231760379964979 0.9056500994049037 0)
(-1.274406716887239 0.8692376404156661 0)
(-1.315491945855712 0.8306244412953573 0)
(-1.354865930879208 0.7898839290114041 0)
(-1.392386082897067 0.7471004719683341 0)
(-1.427917340617224 0.7023689825513532 0)
(-1.461332882735814 0.6557937659623968 0)
(-1.49251463997142 0.6074873589878824 0)
(-1.521353518500693 0.5575696730801811 0)
(-1.54774955623181 0.5061672329369815 0)
(-1.571612022496307 0.4534124679257627 0)
(-1.592859487423061 0.3994431342175916 0)
(-1.611420025700066 0.3444013341167438 0)
(-1.627231193718556 0.2884330329330355 0)
(-1.64024001158323 0.2316877321010817 0)
(-1.650403123382389 0.1743174878089361 0)
(-1.657686726289685 0.1164769006810808 0)
(-1.662066704348275 0.05832219737968083 0)
(-1.663528640778859 1.016769558223198e-05 0)
(-1.662067693446028 -0.05830249072573791 0)
(-1.657688561042554 -0.1164586419436759 0)
(-1.650405622816489 -0.1743009656033158 0)
(-1.640243005199682 -0.2316729777482037 0)
(-1.627234538101839 -0.2884199446562131 0)
(-1.611423585740549 -0.344389832866823 0)
(-1.59286315889183 -0.3994330763838603 0)
(-1.571615707014158 -0.4534037455081151 0)
(-1.54775320709606 -0.5061596668136141 0)
(-1.521357090514393 -0.5575631192622272 0)
(-1.492518091300616 -0.6074817066161844 0)
(-1.461336197868283 -0.6557888930344021 0)
(-1.427920511901666 -0.7023647798859377 0)
(-1.392389102083699 -0.7470968520517215 0)
(-1.354868793954013 -0.7898808161786149 0)
(-1.315494652498679 -0.8306217692960267 0)
(-1.274409267990116 -0.8692353521873091 0)
(-1.231762775578703 -0.9056481472349095 0)
(-1.187712291803015 -0.9397987703815227 0)
(-1.142421510050731 -0.9716387865005828 0)
(-1.096059551080236 -1.001134110180687 0)
(-1.048801026950193 -1.028265537555448 0)
(-1.000824955828022 -1.053030130285325 0)
(-0.9523139474270892 -1.075442312755977 0)
(-0.9034528503244265 -1.095535108442754 0)
(-0.8544279348078653 -1.113361065345247 0)
(-0.8054257324955165 -1.128993239804787 0)
(-0.7566308222857134 -1.142526333307601 0)
(-0.7082238520313991 -1.154077392109202 0)
(-0.6603773400828216 -1.163786606347692 0)
(-0.6132498041769419 -1.171817471291471 0)
(-0.5669771287178758 -1.178355696226796 0)
(-0.5216605216788607 -1.183605451024229 0)
(-0.4773530857665167 -1.187780558419897 0)
(-0.4340505644174743 -1.191089158582562 0)
(-0.3916968383956374 -1.193715594850243 0)
(-0.3502069598501072 -1.195810287470067 0)
(-0.3094877186549883 -1.197490362200001 0)
(-0.2694493685562258 -1.198845354760065 0)
(-0.2300105574135924 -1.199943582947399 0)
(-0.1910995541567342 -1.20083749044553 0)
(-0.1526538190932009 -1.20156769536056 0)
(-0.1146189690805535 -1.20216594951705 0)
(-0.07694761639423936 -1.202657286700822 0)
(-0.0395982813002463 -1.203061591345319 0)
(-0.002534445025740247 -1.20339475682061 0)
(0.03427625026995911 -1.203669551670822 0)
(0.07086266966591907 -1.203896275592966 0)
(0.1072507418059394 -1.204083261815972 0)
(0.1434639226131673 -1.204237265521559 0)
(0.1795235835309983 -1.204363766445316 0)
(0.2154493391190748 -1.204467205959142 0)
(0.251259326354578 -1.204551173496795 0)
(0.2869704455381699 -1.204618553327394 0)
(0.3225985706410771 -1.204671639892168 0)
(0.3581587353545728 -1.204712227839632 0)
(0.393665299895895 -1.204741681317001 0)
(0.4291321027049099 -1.204760985972688 0)
(0.4645726005282943 -1.204770786247722 0)
(0.5 -1.204771409593549 0)
(0.5 1.224440157877331 0)
(0.4645489928989714 1.224439563329335 0)
(0.4290846987825797 1.224430232368769 0)
(0.3935937170160645 1.224411852999622 0)
(0.3580623893176139 1.224383811297925 0)
(0.3224766640019126 1.2243451683193 0)
(0.2868219512583006 1.224294624542783 0)
(0.251082966102317 1.224230470227402 0)
(0.2152435551712738 1.224150519292642 0)
(0.1792865028056379 1.224052023369524 0)
(0.1431933108276253 1.22393156159706 0)
(0.1069439450555721 1.223784900248205 0)
(0.07051653975730408 1.223606814217114 0)
(0.03388704884331988 1.223390859618635 0)
(-0.002971170260085306 1.223129082887993 0)
(-0.0400878572683347 1.222811646246042 0)
(-0.07749645502371971 1.222426341293357 0)
(-0.1152348457565758 1.221957950379633 0)
(-0.1533462461205065 1.22138739707126 0)
(-0.1918802879628523 1.220690599167701 0)
(-0.2308942943628172 1.219836895443264 0)
(-0.2704547071745685 1.21878685464333 0)
(-0.3106384945073636 1.217489189672115 0)
(-0.3515340684463285 1.21587641200084 0)
(-0.3932405762203501 1.213858874688634 0)
(-0.4358631626764054 1.21131729944598 0)
(-0.4795001467558854 1.208095545841427 0)
(-0.5242185237284892 1.203999063018181 0)
(-0.5700249610604309 1.198806993005876 0)
(-0.616861074974894 1.192294171829747 0)
(-0.6646164468414227 1.184248232942249 0)
(-0.7131449091217755 1.174478223893281 0)
(-0.7622780050126816 1.162817538472682 0)
(-0.8118339588232026 1.149124294900906 0)
(-0.8616238095900799 1.13328062482517 0)
(-0.9114555074735501 1.115191567452316 0)
(-0.9611356007704823 1.094784258819642 0)
(-1.01047155823203 1.072006627867174 0)
(-1.059272871183599 1.046826333660433 0)
(-1.10735164927355 1.019229888413562 0)
(-1.154523944245084 0.9892214002163895 0)
(-1.200610773862636 0.9568213066408172 0)
(-1.245439010415926 0.9220650516901898 0)
(-1.288841180935703 0.8850026175268353 0)
(-1.330656705965342 0.8456970468912269 0)
(-1.370732243465284 0.8042235406550582 0)
(-1.408922293889961 0.760668284819271 0)
(-1.445089021823352 0.715128212143426 0)
(-1.479102953716363 0.6677098946191888 0)
(-1.510843735453858 0.6185280425170214 0)
(-1.540200080370171 0.5677049973762045 0)
(-1.567070155357961 0.515369593628157 0)
(-1.591361437211091 0.4616568483524341 0)
(-1.612990942413789 0.4067070807169429 0)
(-1.631885390676075 0.3506649919229104 0)
(-1.64798114014432 0.2936792497416378 0)
(-1.661224188280761 0.2359021422734033 0)
(-1.671570355605523 0.1774884899204702 0)
(-1.678985176746002 0.1185958104700436 0)
(-1.683444067492176 0.05938335257320627 0)
(-1.684932354544042 1.077331790298762e-05 0)
(-1.683445109385228 -0.05936257694253876 0)
(-1.678987098065383 -0.1185766909404378 0)
(-1.671572959755661 -0.1774712757847948 0)
(-1.661227293003567 -0.2358868388815132 0)
(-1.647984599439984 -0.2936657100857442 0)
(-1.631889061033807 -0.350653131584826 0)
(-1.612994717038253 -0.4066967396969371 0)
(-1.591365219295978 -0.4616478934752618 0)
(-1.567073891052624 -0.5153618491084918 0)
(-1.540203731259668 -0.567698298286146 0)
(-1.510847261947671 -0.61852226674622 0)
(-1.479106338250394 -0.6677049188954239 0)
(-1.445092257463203 -0.7151239236219867 0)
(-1.408925374119904 -0.7606645914038214 0)
(-1.370735164047852 -0.804220364998441 0)
(-1.330659466712 -0.8456943212652553 0)
(-1.288843783423065 -0.8850002831114092 0)
(-1.245441454706219 -0.922063059906415 0)
(-1.200613060519878 -0.9568196154422978 0)
(-1.154526073266204 -0.9892199734298819 0)
(-1.107353621543589 -1.019228693703444 0)
(-1.059274687621513 -1.046825342347568 0)
(-1.010473221362167 -1.072005813475268 0)
(-0.9611371129539188 -1.094783597717282 0)
(-0.9114568737585316 -1.115191037390501 0)
(-0.8616250359223722 -1.133280205578533 0)
(-0.8118350525295865 -1.149123968192148 0)
(-0.7622789757915939 -1.162817287587235 0)
(-0.7131457674350438 -1.174478034058655 0)
(-0.6646172035184915 -1.184248091466349 0)
(-0.6168617412740942 -1.192294067925302 0)
(-0.570025547796783 -1.198806917650948 0)
(-0.5242190406299674 -1.203999008854736 0)
(-0.4795006025282378 -1.208095507044666 0)
(-0.4358635651371722 -1.211317271587666 0)
(-0.3932409322278697 -1.213858854566651 0)
(-0.3515343838675573 -1.215876397363606 0)
(-0.3106387742956273 -1.217489178948842 0)
(-0.2704549555101159 -1.218786846734703 0)
(-0.2308945148007711 -1.219836889574056 0)
(-0.1918804835612055 -1.220690594787043 0)
(-0.1533464195434993 -1.221387393785226 0)
(-0.1152349993531056 -1.221957947904353 0)
(-0.07749659088017359 -1.222426339422164 0)
(-0.04008797724199893 -1.222811644826987 0)
(-0.002971276003224631 -1.223129081808548 0)
(0.03388695586353078 -1.223390858795002 0)
(0.07051645824238335 -1.223606813586629 0)
(0.1069438738616388 -1.223784899763978 0)
(0.1431932489518409 -1.223931561224029 0)
(0.1792864493733647 -1.224052023081389 0)
(0.2152435094252071 -1.2241505190695 0)
(0.2510829273936231 -1.224230470054056 0)
(0.2868219190386843 -1.22429462440757 0)
(0.3224766378160606 -1.224345168213182 0)
(0.3580623687964067 -1.22438381121377 0)
(0.3935937018710514 -1.224411852931621 0)
(0.4290846888016595 -1.224430232312021 0)
(0.4645489879429509 -1.224439563279514 0)
(0.5 -1.224440157830422 0)
(0.5 1.24411217066091 0)
(0.4645269140167311 1.244111607306939 0)
(0.4290403634720023 1.244102781891004 0)
(0.3935267650701016 1.244085399098542 0)
(0.3579722707163157 1.244058877960532 0)
(0.3223626277796883 1.244022329961969 0)
(0.2866830299382408 1.243974525369605 0)
(0.2509179550030993 1.243913846174092 0)
(0.2150509855737835 1.243838223403296 0)
(0.1790646075591711 1.243745055622475 0)
(0.1429399804586118 1.243631104355084 0)
(0.1066566717531695 1.243492360739225 0)
(0.07019234566570187 1.243323875747863 0)
(0.03352239382781868 1.243119543559658 0)
(-0.003380507901704619 1.242871823825411 0)
(-0.04054693616189015 1.242571383013792 0)
(-0.07801137505683423 1.242206626733986 0)
(-0.1158130203642183 1.2417630823345 0)
(-0.1539967704595452 1.241222571633169 0)
(-0.1926144439254461 1.240562083231159 0)
(-0.2317262529154621 1.239752205936988 0)
(-0.2714025190052318 1.238754909806205 0)
(-0.3117255012180441 1.23752034989898 0)
(-0.3527908970381225 1.235982229728457 0)
(-0.3947078267535725 1.234051190908203 0)
(-0.4375945413367786 1.231606068377439 0)
(-0.4815646075320411 1.228484727349545 0)
(-0.5266976848894973 1.22448114330198 0)
(-0.5730024123941264 1.219360020887719 0)
(-0.6204134763212905 1.212883838231443 0)
(-0.6688097055050339 1.204831783178109 0)
(-0.7180336025467348 1.195007808679861 0)
(-0.7679061673357388 1.183242464022149 0)
(-0.8182360620689306 1.169392435956753 0)
(-0.8688258887075991 1.153339255489864 0)
(-0.9194761059020298 1.134987877997225 0)
(-0.969986331236905 1.1142657832799 0)
(-1.020157787251193 1.091121505314398 0)
(-1.069794373497434 1.065523468410292 0)
(-1.11870292296137 1.037459217661053 0)
(-1.166694544792954 1.006934128384047 0)
(-1.213585902843546 0.9739699418070108 0)
(-1.259199934608838 0.9386034746611653 0)
(-1.303365375127499 0.900886320965786 0)
(-1.345918166402655 0.860883243256289 0)
(-1.386701785302962 0.8186712412945221 0)
(-1.425567862401234 0.7743383168079597 0)
(-1.462375770741066 0.7279834735021081 0)
(-1.496993345975298 0.6797156336642037 0)
(-1.529297993874523 0.6296516518013273 0)
(-1.559176209394626 0.5779163705082431 0)
(-1.586524307120907 0.524640928414557 0)
(-1.611247971846345 0.4699629518069603 0)
(-1.633262658940951 0.4140253669948132 0)
(-1.652493738162028 0.3569754827025337 0)
(-1.668876379365142 0.2989646561226061 0)
(-1.682355545006584 0.2401480232993411 0)
(-1.692886241074109 0.1806831412013443 0)
(-1.700433331796514 0.1207304952645451 0)
(-1.704971762808082 0.06045240774127291 0)
(-1.70648660998952 1.142772516320801e-05 0)
(-1.704972860581206 -0.06043050371501404 0)
(-1.700435342136296 -0.1207104889134561 0)
(-1.692888950885464 -0.1806652288345315 0)
(-1.682358761477521 -0.2401321678607582 0)
(-1.668879953375462 -0.2989506661215218 0)
(-1.652497519262354 -0.3569632622008671 0)
(-1.63326653454243 -0.414014748273638 0)
(-1.611251849387582 -0.4699537700501542 0)
(-1.586528126536125 -0.524633008063825 0)
(-1.559179936215243 -0.5779095312403326 0)
(-1.529301592570644 -0.629645757562289 0)
(-1.496996797706176 -0.679710558575363 0)
(-1.462379068706867 -0.7279791018788441 0)
(-1.425571001654814 -0.7743345523741074 0)
(-1.386704761661726 -0.8186680048141225 0)
(-1.345920979817648 -0.8608804655145316 0)
(-1.303368027706543 -0.9008839416105499 0)
(-1.25920242654508 -0.9386014441908792 0)
(-1.213588234882761 -0.9739682173045635 0)
(-1.166696716562091 -1.006932673329759 0)
(-1.118704935275677 -1.037457999191506 0)
(-1.069796226836067 -1.065522457571538 0)
(-1.020159483971859 -1.09112067522705 0)
(-0.9699878735814197 -1.114265109875385 0)
(-0.9194774987039466 -1.134987338672087 0)
(-0.8688271382241881 -1.153338829495121 0)
(-0.8182371756039934 -1.169392104618109 0)
(-0.7679071546958122 -1.183242210266911 0)
(-0.7180344747773776 -1.195007617312505 0)
(-0.6688104739261587 -1.204831641140467 0)
(-0.6204141524888069 -1.212883734470188 0)
(-0.5730030074519732 -1.219359946157472 0)
(-0.5266982089114312 -1.224481090027145 0)
(-0.4815650694872194 -1.228484689503314 0)
(-0.4375949492144544 -1.231606041384484 0)
(-0.3947081875184951 -1.234051171507028 0)
(-0.352791216636533 -1.235982215664648 0)
(-0.3117257846734665 -1.237520339621778 0)
(-0.2714027705623205 -1.238754902241179 0)
(-0.2317264761873495 -1.239752200331528 0)
(-0.1926146420206075 -1.240562079052669 0)
(-0.1539969460840029 -1.24122256850184 0)
(-0.1158131759005838 -1.241763079977415 0)
(-0.0780115126198663 -1.24220662495308 0)
(-0.04054705763423125 -1.242571381663805 0)
(-0.003380614958622018 -1.242871822798947 0)
(0.03352229969838325 -1.243119542776842 0)
(0.07019226314646065 -1.243323875148999 0)
(0.1066565996834765 -1.243492360279603 0)
(0.1429399178213566 -1.243631104001242 0)
(0.1790645534680364 -1.243745055349331 0)
(0.2150509392618982 -1.243838223191903 0)
(0.2509179158136614 -1.243913846009992 0)
(0.2866829973164342 -1.243974525241694 0)
(0.3223626012651485 -1.244022329861641 0)
(0.357972249936204 -1.244058877881001 0)
(0.3935267497332602 -1.244085399034289 0)
(0.4290403533643468 -1.24410278183737 0)
(0.4645269089977004 -1.244111607259792 0)
(0.5 -1.244112170616401 0)
(0.5 1.26378698036484 0)
(0.4645063914850746 1.263786450489791 0)
(0.428999152413294 1.263778164905162 0)
(0.3934645286285888 1.263761846141578 0)
(0.3578884944324938 1.263736948489755 0)
(0.3222566090799515 1.263702637398142 0)
(0.2865538634201726 1.263657757812916 0)
(0.2507645128463937 1.26360078991721 0)
(0.2148718921044692 1.263529790141511 0)
(0.1788582066080701 1.263442314455975 0)
(0.1427042936562569 1.263335319879999 0)
(0.1063893452328191 1.263205038780198 0)
(0.06989058173446769 1.263046818624568 0)
(0.03318286294815773 1.262854917192888 0)
(-0.003761781170054208 1.262622239458981 0)
(-0.04097472218315374 1.262339996814698 0)
(-0.07849143608668548 1.261997260932721 0)
(-0.1163523746921513 1.261580371646514 0)
(-0.1546040523215749 1.261072137903408 0)
(-0.1933004020521335 1.260450738233931 0)
(-0.2325044537005851 1.259688173911281 0)
(-0.2722903583278434 1.258748040531205 0)
(-0.3127456842409646 1.257582244593734 0)
(-0.3539736043853419 1.256126094121305 0)
(-0.3960937826313103 1.254291008315412 0)
(-0.439238868224864 1.251954320943626 0)
(-0.4835399340255435 1.24894767769156 0)
(-0.5290916266864343 1.245052075286921 0)
(-0.5759038162494176 1.240015706419928 0)
(-0.6239021591203739 1.233587618147444 0)
(-0.6729529679716161 1.225538410259144 0)
(-0.7228863033983104 1.21566720413555 0)
(-0.773512046396938 1.203802041310663 0)
(-0.8246290219774386 1.18979847744824 0)
(-0.8760312838327066 1.173537689033708 0)
(-0.9275118358578581 1.154924720425364 0)
(-0.9788633441237579 1.133887560008411 0)
(-1.029880819923516 1.110375473297678 0)
(-1.080362660629995 1.084357727671419 0)
(-1.130110417649643 1.055823004404307 0)
(-1.178930255885924 1.024778041419101 0)
(-1.22663449482328 0.9912459640125348 0)
(-1.273042237547211 0.9552649603311466 0)
(-1.317978394597747 0.9168883210735396 0)
(-1.361275428084387 0.8761825855116333 0)
(-1.40277365200263 0.8332265854915031 0)
(-1.442321882247748 0.7881101208086808 0)
(-1.479776676912339 0.740934321497647 0)
(-1.515003139008178 0.6918105500765959 0)
(-1.54787648233987 0.6408577722967727 0)
(-1.578280957486524 0.5882034035125364 0)
(-1.60611104988527 0.5339808752323603 0)
(-1.631270651457831 0.4783304460415714 0)
(-1.653673647888346 0.4213976973327286 0)
(-1.67324406624895 0.363332550194318 0)
(-1.689915899731847 0.3042890320632399 0)
(-1.70363305959359 0.2444252028585603 0)
(-1.71434975123296 0.1839013071795418 0)
(-1.722030158260016 0.12288085653051 0)
(-1.726648753474497 0.06152930918980683 0)
(-1.728190368908334 1.213869223942247e-05 0)
(-1.726649910454081 -0.06150621325781895 0)
(-1.722032259843969 -0.1228599398351522 0)
(-1.714352567407377 -0.1838826917505174 0)
(-1.703636387887872 -0.2444087952054634 0)
(-1.689919588350917 -0.3042745922747028 0)
(-1.673247958026729 -0.3633199701237149 0)
(-1.653677622545404 -0.4213868058382746 0)
(-1.631274621769359 -0.4783210440580779 0)
(-1.606114951523503 -0.5339727825470428 0)
(-1.578284757499332 -0.5881964288939296 0)
(-1.547880150156835 -0.64085176464545 0)
(-1.515006655555181 -0.6918053793036044 0)
(-1.479780035164866 -0.7409298695607878 0)
(-1.442325078506558 -0.7881062878367563 0)
(-1.402776682382592 -0.8332232902056881 0)
(-1.361278292706709 -0.8761797571918142 0)
(-1.317981095996157 -0.9168858980110797 0)
(-1.273044776133545 -0.9552628920734472 0)
(-1.226636871353032 -0.9912442069592158 0)
(-1.178932469742497 -1.024776558637309 0)
(-1.130112469389203 -1.055821762655527 0)
(-1.08036455040947 -1.084356697672065 0)
(-1.029882549774214 -1.110374627856297 0)
(-0.978864916172365 -1.133886874626395 0)
(-0.9275132547123824 -1.154924172141599 0)
(-0.8760325559924605 -1.173537256607038 0)
(-0.8246301547971687 -1.189798141784485 0)
(-0.7735130497528768 -1.203801784978244 0)
(-0.722887188896752 -1.215667011524615 0)
(-0.6729537475165784 -1.225538267935217 0)
(-0.6239028446171058 -1.233587514783511 0)
(-0.5759044191426594 -1.240015632551753 0)
(-0.5290921573687197 -1.245052023124529 0)
(-0.4835404017349988 -1.248947640995497 0)
(-0.4392392811390599 -1.251954294974895 0)
(-0.3960941478236242 -1.254290989752564 0)
(-0.3539739278729453 -1.256126080715098 0)
(-0.3127459711072386 -1.257582234822351 0)
(-0.2722906128734791 -1.258748033352279 0)
(-0.2325046795909388 -1.259688168600057 0)
(-0.1933006024429303 -1.260450734279797 0)
(-0.1546042299596426 -1.261072134943185 0)
(-0.1163525319939543 -1.261580369419872 0)
(-0.07849157519542709 -1.261997259251279 0)
(-0.04097484500660934 -1.262339995540662 0)
(-0.003761889406211229 -1.262622238490658 0)
(0.03318276779094725 -1.262854916454742 0)
(0.06989049832062993 -1.263046818060191 0)
(0.1063892723854757 -1.263205038347324 0)
(0.1427042303444258 -1.263335319546967 0)
(0.1788581519341214 -1.263442314199047 0)
(0.214871845292462 -1.263529789942788 0)
(0.2507644732321628 -1.263600789763048 0)
(0.2865538304429516 -1.26365775769283 0)
(0.3222565822747919 -1.263702637304005 0)
(0.3578884734232442 -1.263736948415158 0)
(0.3934645131217822 -1.263761846081316 0)
(0.4289991421932338 -1.263778164854838 0)
(0.4645063864101212 -1.263786450445492 0)
(0.5 -1.263786980322904 0)
(0.5 1.283464191094057 0)
(0.46448744641884 1.283463696860056 0)
(0.4289611081777644 1.283455983307491 0)
(0.3934070724283859 1.283440791908109 0)
(0.3578111484684307 1.283417614376829 0)
(0.3221587207014543 1.283385673448763 0)
(0.2864345913227103 1.283343893351117 0)
(0.2506228086740975 1.283290858531831 0)
(0.2147064765331074 1.283224758623841 0)
(0.1786675386192157 1.283143316857843 0)
(0.1424865312364916 1.283043698098849 0)
(0.1061422950873286 1.2829223913687 0)
(0.06961163473692669 1.282775059907314 0)
(0.03286891087833412 1.282596349260784 0)
(-0.004114453738637638 1.282379640198489 0)
(-0.04137057960928861 1.282116727796195 0)
(-0.07893587988497056 1.281797399675224 0)
(-0.1168519974534481 1.281408873336426 0)
(-0.1551669862065158 1.280935031623762 0)
(-0.1939368062620379 1.280355360973401 0)
(-0.2332272118851026 1.279643439099861 0)
(-0.2731161021342079 1.278764719468857 0)
(-0.3136963298728737 1.277673192031906 0)
(-0.3550786840294006 1.276306234235655 0)
(-0.3973939201263036 1.274576635265954 0)
(-0.4407904906328681 1.272360768646018 0)
(-0.4854196943985588 1.269483922956008 0)
(-0.5313942400756286 1.265712306743232 0)
(-0.5787240190762041 1.260775064066495 0)
(-0.6273229854167649 1.254406704200116 0)
(-0.6770429433136287 1.246369245428403 0)
(-0.7277003569896875 1.236457373356372 0)
(-0.7790934662101022 1.224497029879779 0)
(-0.8310110147610558 1.210342978509686 0)
(-0.8832384199248368 1.193876306270911 0)
(-0.935561329705931 1.175002312007167 0)
(-0.9877654211828802 1.153649669649007 0)
(-1.039639547127097 1.129768499758517 0)
(-1.09097671808681 1.103328980245523 0)
(-1.141573190542879 1.074321035535503 0)
(-1.191230182445779 1.042752862998144 0)
(-1.23975567764219 1.008649055537104 0)
(-1.286965075550256 0.9720491499047983 0)
(-1.332679406170443 0.933008235002512 0)
(-1.376727663689076 0.8915946737912194 0)
(-1.418947009150896 0.847889173143037 0)
(-1.459183517695745 0.8019832930290121 0)
(-1.497290905008686 0.7539803472315325 0)
(-1.533131484284333 0.7039942501316806 0)
(-1.566578344239005 0.6521460208525588 0)
(-1.597513450926002 0.5985657411112748 0)
(-1.625829498902986 0.5433890996855629 0)
(-1.65142857883556 0.486759023826202 0)
(-1.674222998099743 0.4288237993488118 0)
(-1.694135451634385 0.3697359588028599 0)
(-1.711098769295913 0.3096521734674197 0)
(-1.725055789676392 0.2487335233436041 0)
(-1.735959938014565 0.1871428638114493 0)
(-1.743774704074105 0.1250468000473132 0)
(-1.748474083891548 0.06261400411144902 0)
(-1.750042674177938 1.291671360615549e-05 0)
(-1.748475303547681 -0.06258964964512395 0)
(-1.743776898784486 -0.1250249532794804 0)
(-1.735962860981151 -0.1871235422227931 0)
(-1.725059229226126 -0.2487165664916643 0)
(-1.711102572553663 -0.30963728386086 0)
(-1.69413945361004 -0.3697230210882019 0)
(-1.674227069899798 -0.4288126401647671 0)
(-1.651432638932486 -0.4867494087756993 0)
(-1.625833480790335 -0.543380839172239 0)
(-1.597517321474191 -0.5985586359393844 0)
(-1.566582078049438 -0.6521399048819249 0)
(-1.533135063118535 -0.7039889875520667 0)
(-1.497294321468778 -0.7539758178373854 0)
(-1.45918676895707 -0.801979393986911 0)
(-1.418950091783328 -0.8478858210774067 0)
(-1.376730578028877 -0.891591796460302 0)
(-1.33268215514438 -0.9330057694418235 0)
(-1.286967659817197 -0.9720470447375342 0)
(-1.239758097824386 -1.008647266647041 0)
(-1.191232437768104 -1.042751353002012 0)
(-1.141575281144377 -1.074319770952217 0)
(-1.090978643874885 -1.103327931434757 0)
(-1.039641309710492 -1.129767639272799 0)
(-0.987767022495838 -1.153648972604088 0)
(-0.9355627741788727 -1.175001755057318 0)
(-0.8832397142211285 -1.193875867713051 0)
(-0.8310121663185086 -1.210342638822031 0)
(-0.7790944849738406 -1.224496771261265 0)
(-0.7277012551080578 -1.236457179786504 0)
(-0.6770437333515263 -1.246369103090733 0)
(-0.6273236796932422 -1.254406601488139 0)
(-0.578724629321981 -1.260774991300962 0)
(-0.5313947769688399 -1.265712255923263 0)
(-0.4854201674415563 -1.26948388761727 0)
(-0.4407909082061324 -1.272360743864282 0)
(-0.3973942894153746 -1.274576617659841 0)
(-0.3550790111159238 -1.276306221570676 0)
(-0.3136966198909962 -1.277673182825087 0)
(-0.2731163594328923 -1.278764712717475 0)
(-0.2332274401763183 -1.279643434112375 0)
(-0.1939370087452759 -1.280355357264914 0)
(-0.1551671656680065 -1.280935028850273 0)
(-0.1168521563434923 -1.281408871251849 0)
(-0.07893602037545004 -1.281797398101941 0)
(-0.04137070363306958 -1.282116726604628 0)
(-0.004114563016251731 -1.282379639293193 0)
(0.03286881481835103 -1.282596348570957 0)
(0.06961155054109538 -1.28277505938014 0)
(0.106142221563032 -1.282922390964599 0)
(0.1424864673393247 -1.283043697788146 0)
(0.1786674834406304 -1.283143316618278 0)
(0.2147064292885569 -1.283224758438648 0)
(0.2506227686926243 -1.28329085838825 0)
(0.2864345580381805 -1.283343893239347 0)
(0.3221586936448351 -1.283385673361191 0)
(0.3578111272606823 -1.283417614307454 0)
(0.3934070567741247 -1.283440791852066 0)
(0.4289610978600533 -1.283455983260665 0)
(0.4644874412952568 -1.283463696818772 0)
(0.5 -1.283464191054861 0)
(0.5 1.303143465150579 0)
(0.4644700983301735 1.303143008589346 0)
(0.4289262701073263 1.303135897057768 0)
(0.3933544563015977 1.303121891991128 0)
(0.3577403141723323 1.303100524546698 0)
(0.3220690669384237 1.303071077842936 0)
(0.2863253427779394 1.30303255968008 0)
(0.2504929988926325 1.302983664431231 0)
(0.2145549256365495 1.302922722203922 0)
(0.1784928246508883 1.302847632685375 0)
(0.142286953472597 1.302755780118382 0)
(0.105915827042703 1.302643924599522 0)
(0.06935586377799356 1.30250806318496 0)
(0.03258096023243014 1.30234325185416 0)
(-0.004438026463132664 1.302143375837495 0)
(-0.04173391590235887 1.301900850501628 0)
(-0.07934399840744452 1.301606226791486 0)
(-0.1173110355754734 1.301247662253936 0)
(-0.1556845337873949 1.300810197532615 0)
(-0.1945223770965309 1.300274742657799 0)
(-0.2338929277653658 1.299616615658072 0)
(-0.273877716307974 1.298803366150802 0)
(-0.3145748037730711 1.297791420362088 0)
(-0.3561026685651934 1.296520744139778 0)
(-0.3986036536297175 1.294906207405764 0)
(-0.4422435097010322 1.292823965115268 0)
(-0.4871970312940433 1.290092959716488 0)
(-0.5335991395859899 1.28646241330576 0)
(-0.5814578045179799 1.281639278423909 0)
(-0.6306718838443219 1.275342433139868 0)
(-0.6810764624216585 1.267325526516744 0)
(-0.7324732427537232 1.257379357904782 0)
(-0.7846483829700224 1.245328249855959 0)
(-0.8373803369746833 1.231026549432248 0)
(-0.8904458265696326 1.214355535214486 0)
(-0.9436233167783497 1.195220913653051 0)
(-0.9966914324727267 1.173552234959051 0)
(-1.049432936196895 1.149300596285147 0)
(-1.101635603537962 1.122437137369594 0)
(-1.153090370737365 1.092953137590721 0)
(-1.203593497086698 1.060858356559905 0)
(-1.252948640469008 1.026178940631326 0)
(-1.300967667320609 0.9889557237856416 0)
(-1.347467639142658 0.9492457172121592 0)
(-1.392274108019659 0.9071191443185825 0)
(-1.435221081301733 0.8626586420886542 0)
(-1.476151993025692 0.8159574652050248 0)
(-1.514917684447636 0.7671211702619645 0)
(-1.551377593956004 0.7162663730333318 0)
(-1.585402787958293 0.6635160394176876 0)
(-1.616872878878854 0.6090030558760813 0)
(-1.64567883425994 0.5528652905161771 0)
(-1.671720922564659 0.4952483980862687 0)
(-1.694909864315466 0.4363034196679673 0)
(-1.715167037050088 0.3761854908691316 0)
(-1.732424123527731 0.3150538884517132 0)
(-1.7466228599277 0.2530728403869725 0)
(-1.757715921149659 0.1904076957405769 0)
(-1.765666085569789 0.1272282345292984 0)
(-1.770446866919986 0.0637064390985321 0)
(-1.772042636972293 1.377562803195356e-05 0)
(-1.770448152771818 -0.06368075777339791 0)
(-1.765668374808115 -0.1272054431647735 0)
(-1.757718951010922 -0.1903876670487196 0)
(-1.746626409463945 -0.253055340800969 0)
(-1.73242804161627 -0.3150385483433975 0)
(-1.715171148451153 -0.3761721983317839 0)
(-1.694914031115538 -0.4362919986679767 0)
(-1.671725069332305 -0.4952385773224653 0)
(-1.645682893955301 -0.5528568676096304 0)
(-1.616876817263324 -0.6089958251331813 0)
(-1.585406584625474 -0.6635098202252562 0)
(-1.551381232436967 -0.7162610226629672 0)
(-1.514921156978475 -0.7671165663515861 0)
(-1.476155297309087 -0.8159535025426403 0)
(-1.435224214411314 -0.862655235269113 0)
(-1.392277070557988 -0.9071162195720662 0)
(-1.347470434480619 -0.9492432103338637 0)
(-1.300970296322649 -0.9889535825673348 0)
(-1.252951103524854 -1.026177120574946 0)
(-1.203595793290198 -1.060856819836431 0)
(-1.153092499698698 -1.09295185057874 0)
(-1.101637564930787 -1.12243607007936 0)
(-1.049434731178361 -1.14929972103345 0)
(-0.9966930626335651 -1.173551526552585 0)
(-0.9436247864573212 -1.195220348319883 0)
(-0.8904471425342229 -1.214355090809863 0)
(-0.8373815067256679 -1.231026206015687 0)
(-0.7846494165428423 -1.245327989241564 0)
(-0.7324741528404833 -1.257379163656859 0)
(-0.6810772623130462 -1.267325384433626 0)
(-0.6306725863418465 -1.275342331333232 0)
(-0.581458421635304 -1.281639207004071 0)
(-0.533599682250902 -1.286462364065207 0)
(-0.4871975092589546 -1.290092925951549 0)
(-0.4422439315611335 -1.292823941687432 0)
(-0.3986040266862219 -1.29490619087508 0)
(-0.3561029989592364 -1.296520732298426 0)
(-0.3145750966818575 -1.297791411777038 0)
(-0.2738779761217919 -1.298803359867001 0)
(-0.2338931582375782 -1.299616611022621 0)
(-0.1945225814668905 -1.300274739215221 0)
(-0.1556847148798265 -1.300810194960617 0)
(-0.1173111958738895 -1.301247660322342 0)
(-0.07934414011271788 -1.301606225334509 0)
(-0.04173404097258074 -1.301900849398629 0)
(-0.004438136641314063 -1.302143374999796 0)
(0.0325808633976931 -1.302343251216071 0)
(0.06935577891556569 -1.302508062697527 0)
(0.1059157529446484 -1.302643924226084 0)
(0.1422868890815592 -1.30275577983142 0)
(0.1784927690478391 -1.302847632464239 0)
(0.2145548780287951 -1.302922722033061 0)
(0.2504929586029658 -1.302983664298835 0)
(0.2863253092354366 -1.303032559577072 0)
(0.322069039670498 -1.303071077762271 0)
(0.3577402927975069 -1.30310052448281 0)
(0.393354440522978 -1.303121891939512 0)
(0.4289262597071027 -1.30313589701461 0)
(0.4644700931654444 -1.303143008551236 0)
(0.5 -1.303143465114287 0)
(0.5 1.322824512018258 0)
(0.4644543651237362 1.322824095024323 0)
(0.4288946743043629 1.322817613174075 0)
(0.3933067351585551 1.322804848810168 0)
(0.357676066211527 1.322785374397771 0)
(0.3219877435392596 1.322758536296012 0)
(0.2862262363687351 1.322723429841376 0)
(0.250375227179751 1.322678864558151 0)
(0.2144174110626114 1.32262331774219 0)
(0.1783342679569363 1.322554874032637 0)
(0.1421057998175991 1.322471147712106 0)
(0.1057102225686059 1.322369183296564 0)
(0.06912359974871299 1.322245328380897 0)
(0.03231940080064405 1.322095070425685 0)
(-0.004732038446112906 1.321912825812736 0)
(-0.04206418318083357 1.321691664415411 0)
(-0.07971513582454728 1.321422945020544 0)
(-0.117728697039748 1.321095824272014 0)
(-0.1561557279714114 1.320696580837954 0)
(-0.195055917614487 1.32020766046705 0)
(-0.2345000953455585 1.319606283300968 0)
(-0.2745732680136522 1.318862336479306 0)
(-0.315378568116685 1.317935052786433 0)
(-0.3570421498858195 1.316767558920291 0)
(-0.3997183475520877 1.315277648897857 0)
(-0.4435917512421744 1.313342257580868 0)
(-0.4888645608245063 1.310774234436991 0)
(-0.5356996251996213 1.307303116143887 0)
(-0.5840999026336606 1.302609715848417 0)
(-0.6339448659486681 1.296396283094289 0)
(-0.6850504898457984 1.288408587027259 0)
(-0.7372025785446056 1.278434264483115 0)
(-0.7901748848545934 1.266296568439514 0)
(-0.8437354038489135 1.251849838337327 0)
(-0.8976521318678671 1.234975839393297 0)
(-0.951696618676334 1.215580818144756 0)
(-1.00564033073945 1.193595409789204 0)
(-1.059260023380984 1.168971808320449 0)
(-1.112338440377416 1.141682142807456 0)
(-1.164661152296167 1.111719167418164 0)
(-1.216019433997646 1.079094315672961 0)
(-1.266212624851127 1.043835378163239 0)
(-1.315049286726471 1.00598439310826 0)
(-1.362342377357011 0.9656004518128575 0)
(-1.407914050148137 0.9227556618183783 0)
(-1.451595142649267 0.8775346621897154 0)
(-1.493226583636001 0.8300322984332564 0)
(-1.532656301019618 0.7803564318246174 0)
(-1.569740731231243 0.7286265860159709 0)
(-1.604349077743376 0.6749674894997645 0)
(-1.636358483629135 0.6195150438376686 0)
(-1.665658290956849 0.562409155703971 0)
(-1.692146907155341 0.5037982978644301 0)
(-1.715733457137458 0.4438363204340937 0)
(-1.73633802078239 0.3826809446203038 0)
(-1.753891155233427 0.3204939939452654 0)
(-1.768333451418187 0.2574430219907444 0)
(-1.779616877641223 0.1936956949751049 0)
(-1.787703476946093 0.1294250703373114 0)
(-1.792566273339601 0.06480655846365146 0)
(-1.79418942617505 1.473355498789888e-05 0)
(-1.792567628840649 -0.06477948240612742 0)
(-1.787705861457194 -0.129401326744056 0)
(-1.779620014123688 -0.1936749607686516 0)
(-1.768337108896511 -0.2574249899475483 0)
(-1.75389518856333 -0.3204782017949087 0)
(-1.736342240662748 -0.3826673005860666 0)
(-1.715737716357864 -0.4438246448048609 0)
(-1.692151137436021 -0.5037882787982605 0)
(-1.665662425611903 -0.5624005766135285 0)
(-1.636362487002569 -0.6195076928606166 0)
(-1.604352934129476 -0.6749611721937102 0)
(-1.569744426644957 -0.7286211519550813 0)
(-1.532659827420077 -0.7803517564259831 0)
(-1.493229938985105 -0.8300282745807269 0)
(-1.451598324459326 -0.8775312026385679 0)
(-1.40791705933764 -0.9227526912785272 0)
(-1.362345217881525 -0.9655979047665975 0)
(-1.315051959543591 -1.005982216676603 0)
(-1.266215130062381 -1.043833527566217 0)
(-1.216021770537487 -1.079092752680856 0)
(-1.164663319176993 -1.111717858343905 0)
(-1.112340437002552 -1.141681057350279 0)
(-1.059261850488084 -1.168970918550018 0)
(-1.005641989358625 -1.193594690307419 0)
(-0.9516981131647697 -1.21558024470265 0)
(-0.8976534690723385 -1.234975389409919 0)
(-0.8437365912575873 -1.251849491478393 0)
(-0.79017593262103 -1.266296306118774 0)
(-0.7372034999374152 -1.278434069835137 0)
(-0.6850512989429014 -1.288408445461793 0)
(-0.6339455761009964 -1.296396182443296 0)
(-0.5841005261431622 -1.302609646018717 0)
(-0.535700173206977 -1.307303068727575 0)
(-0.4888650433097076 -1.310774202474096 0)
(-0.4435921770240692 -1.313342235678282 0)
(-0.3997187240498143 -1.315277633560913 0)
(-0.3570424832959959 -1.316767547982986 0)
(-0.3153788636533199 -1.317935044878249 0)
(-0.2745735301024282 -1.31886233070132 0)
(-0.2345003277765652 -1.319606279044406 0)
(-0.1950561236643973 -1.320207657309472 0)
(-0.1561559104999751 -1.320696578481242 0)
(-0.1177288585640649 -1.321095822503543 0)
(-0.07971527857480261 -1.321422943687417 0)
(-0.04206430914062461 -1.321691663406619 0)
(-0.00473214938098227 -1.321912825046857 0)
(0.03231930332207505 -1.322095069842494 0)
(0.06912351433778764 -1.322245327935563 0)
(0.1057101480023983 -1.322369182955536 0)
(0.1421057350262689 -1.32247114745019 0)
(0.1783342120114596 -1.322554873830906 0)
(0.2144173631626277 -1.322623317586396 0)
(0.2503751866423297 -1.322678864437486 0)
(0.2862262026187308 -1.322723429747539 0)
(0.3219877161010796 -1.32275853622256 0)
(0.3576760447017442 -1.322785374339611 0)
(0.3933067192791886 -1.322804848763171 0)
(0.4288946638371093 -1.322817613134747 0)
(0.4644543599255164 -1.322824094989536 0)
(0.5 -1.322824511985025 0)
(0.5 1.34250707941204 0)
(0.4644402630887749 1.342506703737119 0)
(0.428866353615275 1.342500876792357 0)
(0.3932639589612774 1.342489402689835 0)
(0.3576184725329666 1.342471896908367 0)
(0.3219148376496044 1.342447771655403 0)
(0.2861373800480002 1.342416213420116 0)
(0.2502696243711767 1.342376151648174 0)
(0.2142940891723747 1.34232621695105 0)
(0.1781920537689417 1.34226468667686 0)
(0.1419432886049614 1.342189414891054 0)
(0.1055257384677415 1.34209774273506 0)
(0.068915144761535 1.341986383658382 0)
(0.03208458877155132 1.341851275915559 0)
(-0.004996068104899176 1.341687391593596 0)
(-0.04236087968247716 1.341488486664274 0)
(-0.08004869054142393 1.341246769070426 0)
(-0.1181042537304961 1.340952449737891 0)
(-0.1565796770176909 1.340593121046348 0)
(-0.1955363194541384 1.34015287162576 0)
(-0.2350473113843112 1.339610981174175 0)
(-0.2752009393150241 1.338939915184217 0)
(-0.3161052016250813 1.338102095683598 0)
(-0.3578938053185929 1.337044432407244 0)
(-0.4007333371771407 1.335688631015821 0)
(-0.444828738495102 1.333913728957794 0)
(-0.4904142396980153 1.331527121359005 0)
(-0.5376886442385357 1.328235310804057 0)
(-0.5866450086142327 1.32368794101282 0)
(-0.6371380478705947 1.31756987184095 0)
(-0.6889621382286103 1.309619845756714 0)
(-0.7418861252609369 1.299623252790477 0)
(-0.7956711925489849 1.287402887816181 0)
(-0.8500747484953682 1.272813519456921 0)
(-0.9048560560913693 1.255737708215637 0)
(-0.9597801455737699 1.236082340024308 0)
(-1.014611146756148 1.213779369742026 0)
(-1.069119906813563 1.188782207252624 0)
(-1.123084412121625 1.161063964642355 0)
(-1.176284788542294 1.130619004323736 0)
(-1.228507284047021 1.097460555850123 0)
(-1.27954691653395 1.061618156003044 0)
(-1.329209257031124 1.023134892507449 0)
(-1.377302952382739 0.9820721463978633 0)
(-1.423646827127632 0.9385039129564956 0)
(-1.468068508978082 0.8925169307522078 0)
(-1.510406608337338 0.8442074784419602 0)
(-1.55050609044645 0.7936857885361067 0)
(-1.588220201859371 0.741074581055272 0)
(-1.623416526525142 0.686500046926006 0)
(-1.655969552144851 0.6301014214634739 0)
(-1.685767150757968 0.5720204190769538 0)
(-1.712705804905208 0.5124084649077476 0)
(-1.736693034687216 0.4514222764833732 0)
(-1.757647647885511 0.3892221328101677 0)
(-1.775499106333714 0.3259723123674451 0)
(-1.790186792708427 0.26184394827489 0)
(-1.801662033028719 0.1970067599109998 0)
(-1.809886101565573 0.1316372182594265 0)
(-1.814831523151661 0.06591430224836206 0)
(-1.816482259611441 1.581426577107558e-05 0)
(-1.814832951525333 -0.0658857673499614 0)
(-1.80988858122033 -0.1316125237622314 0)
(-1.801665275462073 -0.1969853244850276 0)
(-1.790190555191363 -0.2618253984512589 0)
(-1.775503255651759 -0.3259560653176705 0)
(-1.757651975222367 -0.3892081408077374 0)
(-1.736697383130756 -0.451410355176216 0)
(-1.712710115536772 -0.5123982549623268 0)
(-1.685771357195778 -0.5720116906174141 0)
(-1.655973617429463 -0.6300939560679238 0)
(-1.623420439480908 -0.6864936366534092 0)
(-1.58822395145348 -0.7410690674422759 0)
(-1.550509668452758 -0.7936810447560836 0)
(-1.510410012820032 -0.8442033958087362 0)
(-1.468071737714237 -0.8925134204861865 0)
(-1.4236498813918 -0.9385008982719562 0)
(-1.377305836951995 -0.9820695603001758 0)
(-1.329211972772457 -1.023132681675833 0)
(-1.27954946324156 -1.061616275447373 0)
(-1.22850966042299 -1.097458967016133 0)
(-1.176286992962213 -1.130617673515229 0)
(-1.123086443641274 -1.161062861309314 0)
(-1.069121765838136 -1.188781303178476 0)
(-1.014612833471707 -1.213778639455565 0)
(-0.959781664486868 -1.236081758739878 0)
(-0.9048574141479917 -1.255737252904959 0)
(-0.8500759530388395 -1.272813169431919 0)
(-0.7956722538716325 -1.287402624077941 0)
(-0.7418870572783804 -1.299623058018456 0)
(-0.688962955873666 -1.309619704966156 0)
(-0.6371387651056131 -1.317569772590973 0)
(-0.5866456380388319 -1.323687873017575 0)
(-0.5376891971692903 -1.328235265465356 0)
(-0.4904147263126035 -1.331527091441507 0)
(-0.4448291678426304 -1.333913708756596 0)
(-0.4007337167946043 -1.335688616989718 0)
(-0.3578941414545934 -1.337044422451584 0)
(-0.3161054995256665 -1.338102088504651 0)
(-0.2752012034365168 -1.338939909948077 0)
(-0.235047545549543 -1.339610977321655 0)
(-0.1955365269736522 -1.340152868770958 0)
(-0.1565798607851688 -1.340593118917668 0)
(-0.1181044162956566 -1.340952448141845 0)
(-0.08004883416405499 -1.341246767868032 0)
(-0.04236100637206696 -1.341488485754829 0)
(-0.004996179649685953 -1.341687390903384 0)
(0.03208449078287131 -1.341851275390145 0)
(0.06891505892281777 -1.34198638325729 0)
(0.1055256635413053 -1.342097742428032 0)
(0.1419432235089265 -1.342189414655363 0)
(0.1781919975648138 -1.342264686495417 0)
(0.2142940410526457 -1.342326216810986 0)
(0.250269583647717 -1.342376151539733 0)
(0.286137346142001 -1.342416213335824 0)
(0.3219148100830282 -1.342447771589443 0)
(0.3576184509209542 -1.342471896856149 0)
(0.3932639430052201 -1.342489402647631 0)
(0.4288663430967685 -1.34250087675701 0)
(0.4644402578648668 -1.342506703705796 0)
(0.5 -1.342507079382018 0)
(0.5 1.362190946017154 0)
(0.4644278068892274 1.362190613265857 0)
(0.428841337610087 1.362185463916358 0)
(0.3932261726910457 1.362175324628972 0)
(0.357567594316011 1.362159855435208 0)
(0.3218504277461505 1.362138536739396 0)
(0.2860588710475874 1.362110649437484 0)
(0.2501763083364524 1.362075247190246 0)
(0.2141851008718829 1.362031119440178 0)
(0.1780663490689739 1.361976743228719 0)
(0.1417996167420964 1.361910221183097 0)
(0.1053626064613004 1.361829202078665 0)
(0.0687307715871799 1.361730779049615 0)
(0.03187684596601697 1.361611358613529 0)
(-0.005229734212879128 1.361466490825851 0)
(-0.04262355118532492 1.361290646499384 0)
(-0.08034411716727964 1.361076920500453 0)
(-0.1184370442344611 1.360816628814219 0)
(-0.156955568623776 1.360498747795071 0)
(-0.1959625689390263 1.360109109664328 0)
(-0.2355332847552168 1.359629204199494 0)
(-0.2757590418568715 1.359034311136202 0)
(-0.3167524224796098 1.358290429822012 0)
(-0.3586544305475099 1.357348916951957 0)
(-0.4016439617196986 1.356136527506822 0)
(-0.4459476709112364 1.354536126324871 0)
(-0.4918371865159741 1.352350897143085 0)
(-0.5395587565373932 1.349260110563476 0)
(-0.5890878142017206 1.344875738021734 0)
(-0.6402476775555194 1.338864955146008 0)
(-0.6928086850651546 1.330960796347514 0)
(-0.7465217913741001 1.320947524202491 0)
(-0.8011356602465284 1.308648134205376 0)
(-0.8563970219640588 1.293918282693125 0)
(-0.9120564047268273 1.276641649154588 0)
(-0.9678728934828984 1.256725806820026 0)
(-1.023602985614055 1.234104304157931 0)
(-1.079011739675884 1.208731884190826 0)
(-1.133872757510651 1.180582588480472 0)
(-1.187960587397709 1.149652543418506 0)
(-1.241056391110176 1.115956907427816 0)
(-1.292950837620965 1.079527087071159 0)
(-1.343446946445088 1.040406973807704 0)
(-1.392348737598283 0.9986605271209807 0)
(-1.439471819129641 0.9543636005155346 0)
(-1.484640530531389 0.90760516921052 0)
(-1.527691422558408 0.8584827121343978 0)
(-1.568466433799253 0.8071089061559262 0)
(-1.606815346279032 0.7536100732914683 0)
(-1.642604490556468 0.6981133965418319 0)
(-1.675705408659024 0.6407619239327902 0)
(-1.706004735507235 0.5816988173360848 0)
(-1.733396929212636 0.5210786507204757 0)
(-1.75778789568388 0.4590610730143864 0)
(-1.779095202736079 0.3958088821210033 0)
(-1.797247261247604 0.3314886681088007 0)
(-1.812182152334067 0.2662755119284387 0)
(-1.823850654135816 0.2003407946176129 0)
(-1.832213224754535 0.1338645883657421 0)
(-1.837241878416316 0.06702960375897407 0)
(-1.838920396783274 1.704913804840544e-05 0)
(-1.837243382404333 -0.06699955479943223 0)
(-1.832215798289842 -0.1338389557343362 0)
(-1.823854001484055 -0.2003186647900203 0)
(-1.812186015807211 -0.2662564643256206 0)
(-1.797251527841484 -0.3314719611736176 0)
(-1.779099636499804 -0.3957945456763974 0)
(-1.757792329359577 -0.4590489171905676 0)
(-1.733401317050839 -0.5210682573039076 0)
(-1.706009010300266 -0.5816899467734489 0)
(-1.675709532484988 -0.6407543505024417 0)
(-1.642608456900921 -0.698106898525941 0)
(-1.606819147294381 -0.7536044842646324 0)
(-1.568470061091936 -0.8071040971661274 0)
(-1.52769487426731 -0.8584785731071766 0)
(-1.484643804424029 -0.9076016102402329 0)
(-1.439474916859342 -0.9543605433636021 0)
(-1.392351665109111 -0.9986579030521845 0)
(-1.343449704253148 -1.04040472936117 0)
(-1.292953425222814 -1.079525177097131 0)
(-1.24105880687245 -1.115955293142309 0)
(-1.187962829033639 -1.14965119116684 0)
(-1.133874823622857 -1.180581467540332 0)
(-1.079013630479748 -1.208730965992866 0)
(-1.023604700088174 -1.234103563323281 0)
(-0.9678744364443747 -1.256725217952661 0)
(-0.912057783290856 -1.276641188750981 0)
(-0.8563982431364422 -1.293917929766702 0)
(-0.8011367344614932 -1.30864786933767 0)
(-0.7465227333069955 -1.320947329581206 0)
(-0.6928095105872641 -1.330960656582753 0)
(-0.6402484012966039 -1.338864857535639 0)
(-0.5890884490679811 -1.344875672103163 0)
(-0.5395593139835198 -1.349260067564825 0)
(-0.4918376768804922 -1.352350869534056 0)
(-0.4459481034786116 -1.354536108006247 0)
(-0.4016443441415252 -1.356136514906432 0)
(-0.3586547691210437 -1.357348908051796 0)
(-0.3167527224796725 -1.35829042342131 0)
(-0.2757593077669799 -1.359034306475316 0)
(-0.2355335204277484 -1.359629200774212 0)
(-0.1959627777157143 -1.360109107128606 0)
(-0.1569557534304279 -1.360498745906032 0)
(-0.1184372076527874 -1.360816627399002 0)
(-0.08034426148692593 -1.361076919434978 0)
(-0.04262367844211356 -1.361290645693881 0)
(-0.005229846218001759 -1.361466490214738 0)
(0.03187674760365497 -1.361611358148461 0)
(0.06873068544388805 -1.361730778694684 0)
(0.105362531284785 -1.36182920180706 0)
(0.1417995514388498 -1.361910220974683 0)
(0.1780662926915916 -1.361976743068346 0)
(0.2141850526062751 -1.362031119316429 0)
(0.2501762674898325 -1.362075247094471 0)
(0.2860588370380342 -1.362110649363061 0)
(0.3218504000937509 -1.36213853668118 0)
(0.357567572635022 -1.362159855389124 0)
(0.3932261566827253 -1.362175324591716 0)
(0.4288413270563476 -1.362185463885125 0)
(0.464427801647556 -1.36219061323813 0)
(0.5 -1.362190945990489 0)
(0.5 1.381875915611152 0)
(0.46441700955285 1.381875627238198 0)
(0.4288196525600884 1.381871175550911 0)
(0.3931934163130774 1.38186241045336 0)
(0.3575234859215976 1.38184903789654 0)
(0.3217945835664544 1.381830608561874 0)
(0.2859907957833304 1.381806500630528 0)
(0.2500953838516671 1.38177589577677 0)
(0.2140905714423105 1.381737747154168 0)
(0.1779573023634388 1.381690737678497 0)
(0.1416749594088575 1.381633226312747 0)
(0.1052210327850612 1.381563179223083 0)
(0.06857072311104515 1.381478081499816 0)
(0.03169645910436347 1.381374823447954 0)
(-0.005432696889441996 1.381249552920065 0)
(-0.04285179235787587 1.381097481249926 0)
(-0.08060092839591682 1.38091262411807 0)
(-0.1187264765337522 1.380687448406839 0)
(-0.1572826738914519 1.380412378393918 0)
(-0.1963337530986513 1.380075082600538 0)
(-0.2359568459332013 1.379659401696699 0)
(-0.2762460323537738 1.379143655487957 0)
(-0.3173181139623287 1.378497804985706 0)
(-0.3593209801240672 1.377678345996728 0)
(-0.4024456137539584 1.376618366572965 0)
(-0.4469414164100005 1.375206770096712 0)
(-0.4931234363786264 1.373244709872052 0)
(-0.5413021090519001 1.370378909279929 0)
(-0.5914230558378394 1.36617513536355 0)
(-0.6432701672994717 1.360283424070075 0)
(-0.6965875915204524 1.352432996197476 0)
(-0.751107636821937 1.34240831101923 0)
(-0.8065667768610859 1.330033247835438 0)
(-0.862700994333396 1.315164824140026 0)
(-0.9192520603446381 1.297688181656953 0)
(-0.9759739425820676 1.277511551294519 0)
(-1.032615023980626 1.254570409134409 0)
(-1.088934723185267 1.228820945299187 0)
(-1.14470276626091 1.200238011792165 0)
(-1.199687907575685 1.16881968997303 0)
(-1.253666149718489 1.134583209127667 0)
(-1.306423738586689 1.09756200708401 0)
(-1.357761765000335 1.057800400287805 0)
(-1.407479142935658 1.015365334881625 0)
(-1.455388445943131 0.9703344380053182 0)
(-1.501310585475197 0.9227991210297368 0)
(-1.545080412206635 0.8728577253013974 0)
(-1.586536754776551 0.8206254529731004 0)
(-1.625525531988332 0.7662328013495305 0)
(-1.661912365789099 0.7098072264563576 0)
(-1.695565407962683 0.6514963047197939 0)
(-1.726370401678546 0.5914440973822102 0)
(-1.754219629107676 0.5298086139505557 0)
(-1.779017373724263 0.4667525035961418 0)
(-1.800680002618456 0.4024410334490322 0)
(-1.819134941695759 0.3370428834835467 0)
(-1.834318832388231 0.2707376195120956 0)
(-1.846182043050281 0.2036977082973956 0)
(-1.854684147843364 0.1361070889647218 0)
(-1.859796637372732 0.06815238641476892 0)
(-1.861503132846412 1.847989456157689e-05 0)
(-1.859798218847907 -0.0681207849004576 0)
(-1.854686812561669 -0.136080545319827 0)
(-1.846185494021803 -0.2036748926911169 0)
(-1.83432279148259 -0.2707181008485343 0)
(-1.819139327711805 -0.3370257082862996 0)
(-1.800684541814236 -0.402426355973994 0)
(-1.779021887649499 -0.4667401271409649 0)
(-1.754224091060581 -0.5297980443849194 0)
(-1.726374741216432 -0.5914350923073823 0)
(-1.695569586620488 -0.6514886302752686 0)
(-1.661916382285931 -0.7098006460332987 0)
(-1.625529381687429 -0.7662271410144649 0)
(-1.586540428989517 -0.8206205819934275 0)
(-1.545083909261692 -0.872853532239421 0)
(-1.501313902761333 -0.9227955153596497 0)
(-1.455391585488576 -0.9703313400986796 0)
(-1.407482112329637 -1.015362673880206 0)
(-1.357764564054643 -1.05779812297926 0)
(-1.306426366535324 -1.097560068192483 0)
(-1.253668604473274 -1.13458156974016 0)
(-1.199690186159579 -1.168818316533615 0)
(-1.144704866697535 -1.200236873492495 0)
(-1.088936645711832 -1.22882001311661 0)
(-1.032616765892251 -1.254569657996853 0)
(-0.9759755092204103 -1.277510955096945 0)
(-0.9192534591182422 -1.29768771637649 0)
(-0.8627022316481974 -1.315164468564326 0)
(-0.8065678632726145 -1.330032982125833 0)
(-0.7511085879242757 -1.342408116823026 0)
(-0.6965884242313947 -1.352432857702563 0)
(-0.6432708969665081 -1.360283328329243 0)
(-0.591423695677846 -1.366175071759235 0)
(-0.5413026706178392 -1.370378868892958 0)
(-0.4931239301259958 -1.373244684860704 0)
(-0.4469418518631322 -1.375206753846843 0)
(-0.4024459986719733 -1.376618355509608 0)
(-0.3593213208496103 -1.377678338221129 0)
(-0.3173184157972502 -1.378497799408233 0)
(-0.2762462998067313 -1.379143651432696 0)
(-0.235957082883787 -1.379659398719631 0)
(-0.1963339629175177 -1.380075080398577 0)
(-0.1572828595348859 -1.380412376754902 0)
(-0.1187266406148669 -1.380687447179902 0)
(-0.08060107323446822 -1.380912623194955 0)
(-0.04285192001648492 -1.381097480552391 0)
(-0.005432809202571885 -1.381249552391053 0)
(0.03169636050738102 -1.381374823045474 0)
(0.06857063678881826 -1.381478081192723 0)
(0.1052209574707426 -1.381563178988146 0)
(0.1416748939976906 -1.381633226132529 0)
(0.1779572458997021 -1.381690737539876 0)
(0.2140905231059514 -1.381737747047241 0)
(0.250095342945809 -1.381775895694038 0)
(0.2859907617234929 -1.381806500566258 0)
(0.3217945558714221 -1.381830608511612 0)
(0.3575234642053224 -1.381849037856758 0)
(0.3931934002772193 -1.38186241042119 0)
(0.4288196419873225 -1.381871175523916 0)
(0.464417004301431 -1.381875627214185 0)
(0.5 -1.381875915587975 0)
(0.5 1.401561812317239 0)
(0.4644078824601433 1.401561569626481 0)
(0.4288013214151095 1.401557832966844 0)
(0.393165724740778 1.401550476100397 0)
(0.3574861948411444 1.401539252087924 0)
(0.3217473660390532 1.401523783691055 0)
(0.2859332297614563 1.401503548867317 0)
(0.2500269424753565 1.401477860590974 0)
(0.2140106103760651 1.401445839950144 0)
(0.1778650434667578 1.40140638108547 0)
(0.1415694697712698 1.40135810602847 0)
(0.1051011978085751 1.401299306792955 0)
(0.06843521182439705 1.401227871072434 0)
(0.03154367912488495 1.401141186447381 0)
(-0.005604658517626935 1.401036015829486 0)
(-0.04304524801279413 1.400908333492639 0)
(-0.08081869676072927 1.40075310563496 0)
(-0.1189720305342953 1.400563990425629 0)
(-0.1575603510834122 1.400332916829444 0)
(-0.1966490654668563 1.400049472815943 0)
(-0.2363169563803396 1.399699978122335 0)
(-0.2766605285245033 1.399266002669451 0)
(-0.3178003524363641 1.398721838493657 0)
(-0.3598906160826163 1.398029820683177 0)
(-0.4031338101124771 1.397130780112283 0)
(-0.4478025301817407 1.395922436043717 0)
(-0.4942615973130954 1.394207538924634 0)
(-0.5429104308297813 1.391593471083671 0)
(-0.5936455843912336 1.387588433303853 0)
(-0.6462021308520146 1.381827299968759 0)
(-0.7002965230411795 1.374038054200571 0)
(-0.7556418755684785 1.364006866136499 0)
(-0.811963167200116 1.351559173697945 0)
(-0.8689855572127464 1.336553837253949 0)
(-0.9264419725173807 1.318877832798746 0)
(-0.9840824568525472 1.29843990439326 0)
(-1.041646508382975 1.275177881318158 0)
(-1.098888099006126 1.249049508636384 0)
(-1.155573775479497 1.220030239137094 0)
(-1.211466155427685 1.188120354641604 0)
(-1.266336004229593 1.153339301904231 0)
(-1.319964989573805 1.115722774145114 0)
(-1.372153162874414 1.075314941133063 0)
(-1.422693610002723 1.032186322580273 0)
(-1.471396164857715 0.9864161443838492 0)
(-1.518078073656126 0.938098550830696 0)
(-1.562572987916925 0.8873322614844181 0)
(-1.604716518964127 0.8342350922951547 0)
(-1.644350145644065 0.7789425298976629 0)
(-1.681339586039133 0.7215812213400222 0)
(-1.715548929090553 0.6623043366153462 0)
(-1.746863535992179 0.6012560138021954 0)
(-1.7751732848055 0.5385981180089999 0)
(-1.800380832590753 0.4744963683622359 0)
(-1.822401392053496 0.4091184432705888 0)
(-1.841161502804349 0.3426347737426273 0)
(-1.85659616293525 0.2752301938380663 0)
(-1.868655532132484 0.2070774148175744 0)
(-1.877298203224206 0.1383646257192808 0)
(-1.882495129638726 0.06928255962099346 0)
(-1.884229793615239 2.016240610881706e-05 0)
(-1.88249678901636 -0.06924939561664759 0)
(-1.877300954661129 -0.1383372157805904 0)
(-1.868659085403706 -0.207053922382575 0)
(-1.856600210518813 -0.2752102395923771 0)
(-1.841166011713618 -0.3426171166674327 0)
(-1.822406035733227 -0.4091034280475622 0)
(-1.800385420543503 -0.4744837885440402 0)
(-1.775177817905087 -0.5385873793601024 0)
(-1.746867936534431 -0.6012468820380847 0)
(-1.715553158489495 -0.6622965688779144 0)
(-1.681343649374691 -0.7215745639880115 0)
(-1.644354041338209 -0.7789368022977571 0)
(-1.604720237693153 -0.8342301625783891 0)
(-1.562576528471552 -0.8873280167107215 0)
(-1.51808143258093 -0.9380949004593498 0)
(-1.47139934451447 -0.9864130074830846 0)
(-1.422696620276845 -1.03218362563342 0)
(-1.372156002393538 -1.075312631680577 0)
(-1.31996765737487 -1.115720806799636 0)
(-1.26633849764415 -1.153337637719203 0)
(-1.211468470745767 -1.188118960234545 0)
(-1.155575909999394 -1.220029083707883 0)
(-1.098890053298899 -1.249048562558797 0)
(-1.041648277414992 -1.275177120117092 0)
(-0.9840840467962688 -1.298439301112866 0)
(-0.9264433912582055 -1.318877362836638 0)
(-0.8689868102050347 -1.336553479267631 0)
(-0.811964265073803 -1.351558907434206 0)
(-0.7556428350476757 -1.364006672640132 0)
(-0.7002973622302041 -1.374037917212316 0)
(-0.6462028658619271 -1.38182720631692 0)
(-0.593646228744809 -1.387588372243528 0)
(-0.5429109961345482 -1.391593433588602 0)
(-0.4942620940900244 -1.394207516835453 0)
(-0.4478029681994379 -1.39592242205311 0)
(-0.4031341972264333 -1.397130770691978 0)
(-0.3598909586779153 -1.398029814095271 0)
(-0.3178006558416943 -1.398721833779702 0)
(-0.2766607972730377 -1.399265999246757 0)
(-0.236317194377465 -1.399699975611994 0)
(-0.1966492761102837 -1.400049470960646 0)
(-0.1575605373584495 -1.40033291544952 0)
(-0.1189721950850083 -1.400563989393423 0)
(-0.08081884193729773 -1.40075310485887 0)
(-0.04304537590509883 -1.400908332906499 0)
(-0.005604770983737541 -1.401036015385118 0)
(0.03154358043491696 -1.401141186109388 0)
(0.0684351254512167 -1.401227870814598 0)
(0.1051011224707551 -1.401299306595739 0)
(0.1415694043531608 -1.40135810587723 0)
(0.1778649870049509 -1.401406380969174 0)
(0.2140105620452204 -1.401445839860466 0)
(0.2500269015751099 -1.401477860521607 0)
(0.2859331957053263 -1.40150354881344 0)
(0.3217473383451001 -1.401523783648925 0)
(0.3574861731236222 -1.40153925205458 0)
(0.3931657087023268 -1.401550476073424 0)
(0.4288013108396546 -1.40155783294419 0)
(0.4644078772070544 -1.401561569606293 0)
(0.5 -1.401561812297677 0)
(0.5 1.421248476555758 0)
(0.4644004353338164 1.421248280701278 0)
(0.4287863637819068 1.421245273663905 0)
(0.3931431278018044 1.421239353602201 0)
(0.3574557616482603 1.421230321697037 0)
(0.321708827217797 1.421217874308379 0)
(0.2858862374912041 1.421201591263539 0)
(0.2499710624333474 1.42118091959733 0)
(0.2139453112256202 1.421155151880729 0)
(0.1777896833029 1.421123397975573 0)
(0.1414832787200518 1.421084548642035 0)
(0.1050032556889795 1.421037228855869 0)
(0.06832441936424061 1.420979737878596 0)
(0.03141872056998145 1.420909971936655 0)
(-0.005745364570286678 1.42082532357819 0)
(-0.04320361423918245 1.420722548996729 0)
(-0.08099705622743318 1.420597590140327 0)
(-0.1191732603731432 1.420445330934967 0)
(-0.1577880490824386 1.420259253789766 0)
(-0.19690781151098 1.420030938199145 0)
(-0.2366127175643729 1.419749295553105 0)
(-0.2770013249938507 1.419399334051434 0)
(-0.3181974369645544 1.418960017986721 0)
(-0.3603607645867077 1.418400202130441 0)
(-0.403704290048847 1.417669952017931 0)
(-0.4485233226030366 1.416679198949817 0)
(-0.4952383605948918 1.415238140175196 0)
(-0.5443750671621757 1.412906057430672 0)
(-0.5957504619100999 1.409118230898879 0)
(-0.6490404233417001 1.403498725486992 0)
(-0.7039333715171654 1.395777616608391 0)
(-0.7601228758742891 1.385744452861588 0)
(-0.8173235928101021 1.373226852733423 0)
(-0.8752497282126005 1.358086004090568 0)
(-0.9336251446503254 1.340211134594774 0)
(-0.9921976853515942 1.319511188306502 0)
(-1.050696754526531 1.295926911987784 0)
(-1.108871140475808 1.269417702294862 0)
(-1.166485166695654 1.239959277791611 0)
(-1.223294782091422 1.207554449249527 0)
(-1.279065449705202 1.172225022421459 0)
(-1.333573970115364 1.134009270260075 0)
(-1.386620630275591 1.092950365411373 0)
(-1.437991607057658 1.049123253318844 0)
(-1.487494469870017 1.002608438325522 0)
(-1.534942410157208 0.9535032446183882 0)
(-1.580168579185907 0.9019060818999378 0)
(-1.623005235146829 0.8479374732087863 0)
(-1.663288584060989 0.7917390548723241 0)
(-1.700885622916934 0.7334350539635067 0)
(-1.735655368804585 0.6731858143493241 0)
(-1.767483551753038 0.6111343262093025 0)
(-1.79625730387528 0.5474469287411903 0)
(-1.821877662209688 0.4822924721310139 0)
(-1.844258737340172 0.4158409863043967 0)
(-1.863326330203717 0.3482641405506373 0)
(-1.879013496747264 0.2797531777039837 0)
(-1.891270479629953 0.2104798321396294 0)
(-1.900054749972689 0.1406371009995871 0)
(-1.905336712064893 0.07042001326455197 0)
(-1.90709973115117 2.217195007532735e-05 0)
(-1.905338447421338 -0.07038532302350269 0)
(-1.900057581551187 -0.140608890492883 0)
(-1.891274134227912 -0.2104556696148277 0)
(-1.879017623331463 -0.2797328350757252 0)
(-1.863330967465119 -0.3482459801153294 0)
(-1.844263484576891 -0.415825636593854 0)
(-1.821882316400582 -0.4822797104876703 0)
(-1.796261905412725 -0.5474360274903194 0)
(-1.76748800946353 -0.6111250757549349 0)
(-1.735659644429346 -0.6731779618144396 0)
(-1.700889729683512 -0.7334283253192033 0)
(-1.663292523138473 -0.7917332639585853 0)
(-1.623008995954483 -0.8479324880295209 0)
(-1.580172161438055 -0.9019017876872537 0)
(-1.534945808975811 -0.953499551538157 0)
(-1.487497687856849 -1.002605264259526 0)
(-1.437994657281775 -1.049120521347214 0)
(-1.386623509516439 -1.092948024497395 0)
(-1.333576677327368 -1.134007274888534 0)
(-1.279067981511937 -1.172223333694461 0)
(-1.223297133985437 -1.207553034058781 0)
(-1.166487335070955 -1.239958105452712 0)
(-1.108873126706959 -1.269416742349025 0)
(-1.050698550347463 -1.295926140964108 0)
(-0.9921992982218388 -1.319510578187374 0)
(-0.9336265831844792 -1.340210660121528 0)
(-0.8752509964404058 -1.358085643918132 0)
(-0.8173247013642185 -1.373226586204895 0)
(-0.7601238428811994 -1.385744260341099 0)
(-0.703934216445237 -1.395777481355802 0)
(-0.6490411631084336 -1.403498634131382 0)
(-0.5957511103270222 -1.409118172600452 0)
(-0.5443756358419918 -1.412906023114445 0)
(-0.495238860064089 -1.415238121381131 0)
(-0.4485237628780855 -1.416679187411393 0)
(-0.4037046790666982 -1.417669944339103 0)
(-0.3603611087729729 -1.418400196786175 0)
(-0.3181977416761793 -1.418960014171213 0)
(-0.2770015947892934 -1.419399331284435 0)
(-0.2366129563743146 -1.419749293525305 0)
(-0.1969080227586952 -1.420030936701491 0)
(-0.1577882357809807 -1.420259252676607 0)
(-0.1191734251973103 -1.420445330102894 0)
(-0.08099720155829443 -1.420597589515123 0)
(-0.04320374219432644 -1.420722548524793 0)
(-0.005745477031688091 -1.420825323220537 0)
(0.03141862193119402 -1.420909971664689 0)
(0.06832433307036066 -1.420979737671165 0)
(0.1050031804438834 -1.421037228697233 0)
(0.1414832133975452 -1.421084548520402 0)
(0.177789626932569 -1.421123397882067 0)
(0.2139452629775752 -1.421155151808643 0)
(0.2499710216043727 -1.421180919541584 0)
(0.2858862034933816 -1.421201591220245 0)
(0.3217087995690539 -1.421217874274529 0)
(0.3574557399637863 -1.421230321670243 0)
(0.3931431117858439 -1.42123935358052 0)
(0.4287863532201688 -1.42124527364568 0)
(0.464400430087163 -1.421248280685008 0)
(0.5 -1.421248476539928 0)
(0.5 1.440935760834347 0)
(0.4643946762293414 1.440935612823363 0)
(0.4287747959047944 1.440933347171363 0)
(0.3931256502077097 1.440928886906628 0)
(0.3574322199556594 1.440922082156926 0)
(0.3216790102234485 1.440912704106622 0)
(0.2858498724073906 1.440900436139398 0)
(0.2499278085170824 1.440884861573505 0)
(0.2138947514704545 1.440865447320252 0)
(0.1777313137311337 1.440841522584619 0)
(0.1414164946416177 1.440812251416376 0)
(0.1049273340687703 1.440776597488969 0)
(0.06823849611297444 1.440733278864973 0)
(0.03132176105292959 1.440680709600152 0)
(-0.005854604328799863 1.440616923669965 0)
(-0.04332663939146975 1.440539474571762 0)
(-0.08113570359140962 1.440445300515045 0)
(-0.1193297964532097 1.440330539312669 0)
(-0.1579653104696217 1.440190266824434 0)
(-0.1971094135412859 1.440018113672932 0)
(-0.2368433793147275 1.439805677065856 0)
(-0.2772674085734983 1.439541563596459 0)
(-0.3185079194795515 1.439209708441324 0)
(-0.3607291795221145 1.4387861112464 0)
(-0.4041531463575313 1.438231569271831 0)
(-0.4490960147415171 1.437472221636572 0)
(-0.4960377915039043 1.436334967474529 0)
(-0.5456870846718718 1.434319606505616 0)
(-0.5977330908156938 1.430767447325977 0)
(-0.6517821808708751 1.425299949191265 0)
(-0.7074962788596736 1.417653349866337 0)
(-0.7645491569788403 1.407622334190913 0)
(-0.8226469521075325 1.395037212618395 0)
(-0.8814926581314187 1.379761985453944 0)
(-0.9408006160174042 1.361688622508121 0)
(-1.000318965490923 1.340725708490998 0)
(-1.059765147513746 1.316817680442221 0)
(-1.118883141668889 1.289925663233493 0)
(-1.177436363297479 1.260025132795059 0)
(-1.235173280247863 1.227121882430121 0)
(-1.291854034557601 1.191240194956159 0)
(-1.34725005588839 1.152421404594529 0)
(-1.401163698843595 1.110706434362347 0)
(-1.453372622836193 1.066175899138925 0)
(-1.50368289188807 1.018911030995937 0)
(-1.551903017726036 0.9690130106864656 0)
(-1.597866627401773 0.9165789660976007 0)
(-1.641402458509089 0.8617322182185168 0)
(-1.682340242642147 0.8046222118049786 0)
(-1.720549987212046 0.7453683736252839 0)
(-1.755884133718423 0.6841405589069562 0)
(-1.788229885128966 0.6210787958291468 0)
(-1.817471117125297 0.5563548117845074 0)
(-1.843507274403438 0.4901406219686764 0)
(-1.866251420234875 0.4226085596645573 0)
(-1.885628837351828 0.3539307630204228 0)
(-1.901570203310645 0.2843065392946237 0)
(-1.914026264963608 0.213904881333955 0)
(-1.92295316904964 0.1429244135630252 0)
(-1.928320764300036 0.07156461026191666 0)
(-1.930112318965985 2.461046714589073e-05 0)
(-1.928322570070005 -0.07152850220515031 0)
(-1.922956071756214 -0.1428954924345724 0)
(-1.914030020868377 -0.2138800492488813 0)
(-1.901574396193671 -0.2842858714705599 0)
(-1.885633611343393 -0.3539120661910838 0)
(-1.86625627004458 -0.4225928789838865 0)
(-1.843511985032485 -0.4901277055145495 0)
(-1.817475784880697 -0.5563437532724054 0)
(-1.788234396088096 -0.6210694348475683 0)
(-1.755888450575737 -0.684132630942293 0)
(-1.720554133899759 -0.7453615794822098 0)
(-1.682344222600469 -0.8046163614014386 0)
(-1.641406258922739 -0.8617271808701547 0)
(-1.597870249611737 -0.9165746246471488 0)
(-1.551906454706097 -0.9690092768822962 0)
(-1.503686146313934 -1.018907821692749 0)
(-1.453375712179928 -1.066173132973351 0)
(-1.401166617096738 -1.110704062635693 0)
(-1.347252802124193 -1.152419381590184 0)
(-1.291856604556852 -1.191238481890381 0)
(-1.235175668619409 -1.227120446600995 0)
(-1.177438565291094 -1.260023943768296 0)
(-1.118885160180934 -1.289924689363901 0)
(-1.059766969750838 -1.316816899849166 0)
(-1.000320600890765 -1.340725091777468 0)
(-0.9408020742602965 -1.361688143663499 0)
(-0.8814939411767655 -1.379761623304684 0)
(-0.8226480705007019 -1.39503694611837 0)
(-0.7645501305970672 -1.407622142924865 0)
(-0.707497128753707 -1.41765321656989 0)
(-0.6517829248051347 -1.425299860325278 0)
(-0.5977337428576833 -1.430767391990607 0)
(-0.5456876563829743 -1.434319575657743 0)
(-0.4960382933475368 -1.436334952416365 0)
(-0.4490964569815122 -1.437472212741539 0)
(-0.4041535369951425 -1.438231563422335 0)
(-0.3607295250238604 -1.438786107193205 0)
(-0.3185082252336892 -1.439209705553206 0)
(-0.2772676791658253 -1.439541561504127 0)
(-0.2368436187016137 -1.439805675533505 0)
(-0.1971096251703516 -1.440018112541842 0)
(-0.1579654973805173 -1.440190265984234 0)
(-0.1193299613515695 -1.440330538685036 0)
(-0.08113584888992073 -1.440445300043755 0)
(-0.04332676723586523 -1.440539474216199 0)
(-0.005854716625159071 -1.440616923400611 0)
(0.03132166261199696 -1.44068070939538 0)
(0.06823841003086538 -1.440733278708816 0)
(0.1049272590344437 -1.440776597369559 0)
(0.1414164295186954 -1.44081225132483 0)
(0.1777312575429575 -1.440841522514255 0)
(0.2138947033833938 -1.440865447266019 0)
(0.2499277678257361 -1.440884861531571 0)
(0.2858498385229771 -1.440900436106833 0)
(0.321678982664358 -1.440912704081159 0)
(0.3574321983386861 -1.44092208213677 0)
(0.3931256342393793 -1.440928886890311 0)
(0.428774785373184 -1.440933347157638 0)
(0.4643946709972238 -1.440935612811087 0)
(0.5 -1.440935760822352 0)
(0.5 1.460623524284583 0)
(0.4643906115266351 1.460623424979439 0)
(0.4287666306486038 1.460621909591004 0)
(0.3931133115272922 1.460618926440847 0)
(0.3574155963774698 1.460614375242227 0)
(0.3216579491928235 1.460608102931432 0)
(0.2858241768033082 1.460599897720658 0)
(0.2498972319959175 1.46058948088724 0)
(0.2138589924027629 1.460576495836947 0)
(0.1776900073969434 1.460560493848996 0)
(0.1413692032230015 1.460540915702914 0)
(0.1048735338196502 1.460517068097777 0)
(0.06817756086060453 1.460488093358074 0)
(0.03125294080892126 1.460452930308066 0)
(-0.005932211488626631 1.460410263271063 0)
(-0.043414124924439 1.460358454707663 0)
(-0.08123439966042525 1.460295454670095 0)
(-0.119441347171016 1.46021867629282 0)
(-0.158091774156496 1.460124819504073 0)
(-0.1972534149656501 1.460009611958716 0)
(-0.2370083472214078 1.459867409874231 0)
(-0.2774579722574321 1.45969054447686 0)
(-0.3187306340037604 1.459468163046503 0)
(-0.3609940104082872 1.459183938387885 0)
(-0.4044769931110268 1.458810783458467 0)
(-0.4495130465783914 1.458295466064324 0)
(-0.4966402873071548 1.457496056050496 0)
(-0.5468375001877221 1.455837986918268 0)
(-0.5995893796032079 1.452539328741368 0)
(-0.6544248547138037 1.447233301171014 0)
(-0.7109836622491789 1.439666919069339 0)
(-0.7689193805281265 1.429641760671573 0)
(-0.8279322793521 1.416991157029729 0)
(-0.8877136420117256 1.401582408374041 0)
(-0.947967436630712 1.383310834577235 0)
(-1.008445728906279 1.362083743078558 0)
(-1.068851142783088 1.337850345380124 0)
(-1.128923402988481 1.310573535998584 0)
(-1.188426828144578 1.28022780007344 0)
(-1.247101179519079 1.246822554184335 0)
(-1.304701365101187 1.210384620087872 0)
(-1.360992600600051 1.170959118260582 0)
(-1.415781944571167 1.128582890329889 0)
(-1.468836157845818 1.083344039799801 0)
(-1.519960999525226 1.035323615917286 0)
(-1.56895931685147 0.984627680612794 0)
(-1.615666576419893 0.931350712946672 0)
(-1.659907795552233 0.8756189058396027 0)
(-1.701504499218177 0.8175918879154517 0)
(-1.740332231374238 0.7573807895699198 0)
(-1.776234629484164 0.6951684237233763 0)
(-1.809101990344819 0.6310891804708106 0)
(-1.838814172994388 0.5653215291446954 0)
(-1.865269097299951 0.4980406235251126 0)
(-1.888378829323368 0.4294210887877164 0)
(-1.908068462060897 0.3596343850625432 0)
(-1.924265660690155 0.2888902796933573 0)
(-1.936922282442954 0.2173524847220605 0)
(-1.945992856763455 0.1452264587197932 0)
(-1.951446682807817 0.0727161763776781 0)
(-1.953266945543887 2.76165643200908e-05 0)
(-1.951448547880045 -0.07267886901823056 0)
(-1.945995818908423 -0.145196943542085 0)
(-1.93692614148901 -0.2173269714134292 0)
(-1.92426990272401 -0.2888693719792383 0)
(-1.908073385379149 -0.3596151021143017 0)
(-1.888383780507306 -0.4294050814531253 0)
(-1.86527385195751 -0.4980275863878224 0)
(-1.838818905600599 -0.5653103166954825 0)
(-1.809106550532035 -0.6310797173344359 0)
(-1.776238982031395 -0.6951604307066644 0)
(-1.740336414374895 -0.7573739358531044 0)
(-1.701508517703666 -0.8175859816759339 0)
(-1.659911633051114 -0.8756138196438934 0)
(-1.615670236937011 -0.9313463263577209 0)
(-1.568962790277349 -0.9846239080590342 0)
(-1.519964288341766 -1.035320373448772 0)
(-1.468839285618604 -1.083341240146832 0)
(-1.415784901150447 -1.128580488411647 0)
(-1.360995385530466 -1.170957067982489 0)
(-1.304703973162712 -1.210382882830999 0)
(-1.247103604338321 -1.246821097818505 0)
(-1.188429063474921 -1.280226594601336 0)
(-1.128925454353857 -1.310572548040166 0)
(-1.068852990985334 -1.337849555498048 0)
(-1.008447386405117 -1.362083120020204 0)
(-0.9479689146168248 -1.383310351461938 0)
(-0.8877149394817914 -1.401582044440718 0)
(-0.8279334066669164 -1.416990890858829 0)
(-0.7689203597623324 -1.429641570942634 0)
(-0.7109845162963602 -1.439666787940087 0)
(-0.6544256022227822 -1.447233214972903 0)
(-0.599590034845546 -1.452539276547519 0)
(-0.5468380746088479 -1.455837959822709 0)
(-0.4966407912322251 -1.45749604526566 0)
(-0.4495134905059578 -1.458295459994171 0)
(-0.4044773850911484 -1.45881077951184 0)
(-0.3609943569527843 -1.45918393566334 0)
(-0.3187309405367705 -1.459468161108168 0)
(-0.2774582433952301 -1.459690543073726 0)
(-0.2370085869472794 -1.459867408847155 0)
(-0.1972536267504786 -1.46000961120094 0)
(-0.1580919610654041 -1.460124818941471 0)
(-0.1194415119410009 -1.460218675872801 0)
(-0.08123454473692679 -1.460295454354893 0)
(-0.04341425248175921 -1.460358454469989 0)
(-0.00593232345697375 -1.46041026309109 0)
(0.03125284271502457 -1.460452930171279 0)
(0.06817747512491283 -1.460488093253778 0)
(0.104873459115855 -1.460517068018027 0)
(0.1413691384049415 -1.460540915641779 0)
(0.1776899514825952 -1.46056049380201 0)
(0.2138589445556485 -1.460576495800738 0)
(0.2498971915091422 -1.460589480859244 0)
(0.2858241430877924 -1.460599897698917 0)
(0.3216579217680285 -1.460608102914428 0)
(0.357415574862502 -1.460614375228765 0)
(0.3931132956316971 -1.460618926429947 0)
(0.4287666201634728 -1.460621909581827 0)
(0.464390606317111 -1.460623424971219 0)
(0.5 -1.460623524276519 0)
(0.5 1.48031162594423 0)
(0.4643882459220688 1.480311576051357 0)
(0.428761877482382 1.480310816871654 0)
(0.393106126161259 1.480309322406796 0)
(0.3574059104937315 1.480307042397666 0)
(0.321645669231437 1.480303900155536 0)
(0.2858091817690558 1.480299789572803 0)
(0.2498793705376509 1.48029457100701 0)
(0.2138380790253065 1.480288065799664 0)
(0.1776658176006052 1.480280049131963 0)
(0.1413414672824124 1.480270240815998 0)
(0.1048419288233806 1.480258293474302 0)
(0.06814170051956014 1.480243777351171 0)
(0.03121236231969194 1.480226160690676 0)
(-0.005978064662070371 1.480204784149683 0)
(-0.04346592608244394 1.480178826986458 0)
(-0.08129297022563667 1.480147261583816 0)
(-0.1195077003294256 1.480108790858669 0)
(-0.1581671775363281 1.480061759531751 0)
(-0.1973394837887035 1.480004023507661 0)
(-0.2371071888143494 1.479932748126297 0)
(-0.2775724272439328 1.479844076604408 0)
(-0.3188647230361277 1.479732538446625 0)
(-0.3611538698511346 1.479589866818554 0)
(-0.4046731674105503 1.479402198554158 0)
(-0.4497676476640321 1.479141294297082 0)
(-0.497021027141432 1.478718846080059 0)
(-0.5478177203499299 1.477466359360864 0)
(-0.601315945203615 1.474437428036521 0)
(-0.6569662327022178 1.469301158410135 0)
(-0.7143942423087586 1.461819961975364 0)
(-0.7732323348882798 1.451803957269731 0)
(-0.8331787422952123 1.43908955343881 0)
(-0.8939121362495567 1.423547850306116 0)
(-0.9551246321360816 1.405078311975405 0)
(-1.016577511399523 1.383585529059576 0)
(-1.077954268161603 1.359025034031201 0)
(-1.138991212229359 1.331361471750345 0)
(-1.199456061908833 1.300567257259976 0)
(-1.259078039991824 1.266656349584104 0)
(-1.317607113185545 1.229658059309938 0)
(-1.374800911389206 1.189622391722858 0)
(-1.430474993385237 1.146579441322277 0)
(-1.484381712312812 1.100627462223895 0)
(-1.536328401145183 1.051845855170572 0)
(-1.58611071309208 1.000347110669261 0)
(-1.63356786012793 0.9462211425025213 0)
(-1.678520911886641 0.8895970464926383 0)
(-1.720780691900108 0.8306480398924496 0)
(-1.760231954092062 0.7694718476214398 0)
(-1.796706246354652 0.7062693038637738 0)
(-1.83009933394281 0.6411652274064299 0)
(-1.860285930346953 0.574346835047105 0)
(-1.887162568454849 0.5059922757770893 0)
(-1.910640348730497 0.4362785360403812 0)
(-1.930644662480956 0.3653746977628164 0)
(-1.947099244983105 0.2935044434631029 0)
(-1.959957933399811 0.2208225627275922 0)
(-1.969173216377619 0.1475431294150744 0)
(-1.97471387331106 0.07387448632898752 0)
(-1.976563006110428 3.137929383126388e-05 0)
(-1.974715778268565 -0.07383636319581088 0)
(-1.969176223541875 -0.1475131639627271 0)
(-1.959961900578669 -0.2207963356927545 0)
(-1.947103512804868 -0.2934834120738026 0)
(-1.930649753750655 -0.3653547551241594 0)
(-1.910645399594525 -0.4362622081148566 0)
(-1.887167351316481 -0.5059791613990683 0)
(-1.860290727840779 -0.5743354686489827 0)
(-1.830103939177379 -0.6411556708238721 0)
(-1.796710628401632 -0.7062612573766759 0)
(-1.760236169719127 -0.7694649403309073 0)
(-1.720784746759084 -0.830642081243971 0)
(-1.678524783872808 -0.8895919148273044 0)
(-1.633571557428885 -0.9462167127300946 0)
(-1.586114221271868 -1.000343301323268 0)
(-1.536331722079727 -1.05184258181552 0)
(-1.484384878022012 -1.100624629616042 0)
(-1.430477987609341 -1.146577009817231 0)
(-1.374803734749309 -1.189620314495663 0)
(-1.317609759248576 -1.229656297950991 0)
(-1.25908050131195 -1.266654872731549 0)
(-1.199458330197132 -1.300566035633649 0)
(-1.138993297335418 -1.331360469389567 0)
(-1.077956141747318 -1.359024235188493 0)
(-1.016579190511521 -1.383584899918345 0)
(-0.9551261300617264 -1.405077824639377 0)
(-0.8939134477773274 -1.423547484763108 0)
(-0.8331798775161178 -1.439089287909859 0)
(-0.7732333186516185 -1.451803769366818 0)
(-0.7143950996514569 -1.461819833213665 0)
(-0.656966983189562 -1.469301075042264 0)
(-0.6013166032361168 -1.474437379133128 0)
(-0.5478182971834398 -1.4774663362812 0)
(-0.4970215328881649 -1.478718840245965 0)
(-0.4497680930156793 -1.479141291208824 0)
(-0.4046735604608702 -1.479402196565182 0)
(-0.3611542171674609 -1.479589865449119 0)
(-0.3188650300841325 -1.47973253747344 0)
(-0.2775726986742815 -1.479844075900326 0)
(-0.2371074286392329 -1.479932747611107 0)
(-0.1973396955010968 -1.480004023127693 0)
(-0.1581673642255686 -1.48006175924977 0)
(-0.119507864764945 -1.480108790648263 0)
(-0.0812931148873451 -1.480147261426007 0)
(-0.04346605317361755 -1.480178826867529 0)
(-0.005978176136791574 -1.480204784059664 0)
(0.03121226472454449 -1.480226160622275 0)
(0.06814161526708583 -1.480243777299025 0)
(0.104841854571488 -1.48025829343443 0)
(0.1413414028756332 -1.480270240785431 0)
(0.1776657620526034 -1.480280049108471 0)
(0.2138380314977568 -1.480288065781562 0)
(0.2498793303228658 -1.480294570993014 0)
(0.285809148278204 -1.480299789561933 0)
(0.321645641985664 -1.480303900147033 0)
(0.357405889115214 -1.480307042390932 0)
(0.3931061103633733 -1.480309322401342 0)
(0.4287618670599517 -1.480310816867059 0)
(0.4643882407431196 -1.480311576047237 0)
(0.5 -1.480311625940173 0)
(0.5 1.5 0)
(0.4643875824208143 1.5 0)
(0.4287605424638177 1.5 0)
(0.3931041033181762 1.5 0)
(0.3574031748170042 1.5 0)
(0.3216421863694829 1.5 0)
(0.2858049071350211 1.5 0)
(0.2498742481367894 1.5 0)
(0.2138320399606515 1.5 0)
(0.1776587781823529 1.5 0)
(0.1413333266239806 1.5 0)
(0.1048325657877392 1.5 0)
(0.06813096988957693 1.5 0)
(0.03120009000861846 1.5 0)
(-0.005992087781247974 1.5 0)
(-0.04348195244440838 1.5 0)
(-0.08131130681921017 1.5 0)
(-0.1195287242255571 1.5 0)
(-0.1581913581220808 1.5 0)
(-0.1973674152643446 1.5 0)
(-0.2371396382804828 1.5 0)
(-0.277610412298524 1.5 0)
(-0.3189096589346318 1.5 0)
(-0.361207893107782 1.5 0)
(-0.4047399475657872 1.5 0)
(-0.4498548544956572 1.5 0)
(-0.4971476408532162 1.5 0)
(-0.5486203363110526 1.499211787357829 0)
(-0.6029103496098891 1.496465630529177 0)
(-0.6594044473437756 1.491505993738296 0)
(-0.7177270907373374 1.484114153159289 0)
(-0.7774869276869756 1.474110204395096 0)
(-0.8383856601900037 1.461333313809027 0)
(-0.9000878109477504 1.445658912937374 0)
(-0.9622711849232818 1.42699169508351 0)
(-1.02471400346957 1.405231336164648 0)
(-1.087074166087326 1.380341919138017 0)
(-1.149085862390678 1.352289716920252 0)
(-1.210523649833347 1.321043538491414 0)
(-1.271103493982185 1.28662321666402 0)
(-1.330571083498354 1.249060296618871 0)
(-1.388674274256489 1.208411336035623 0)
(-1.445242593594834 1.164695816578602 0)
(-1.500008835811646 1.118026035324733 0)
(-1.552784818819854 1.068477431421193 0)
(-1.603356654223958 1.016171251173818 0)
(-1.6515699625136 0.9611901630198683 0)
(-1.697241623862767 0.9036661090650333 0)
(-1.740168171169475 0.8437907757925667 0)
(-1.780248893230761 0.7816410491402067 0)
(-1.817298427442086 0.7174431971430918 0)
(-1.851221477879517 0.6513067064594728 0)
(-1.881885941080904 0.583430509703658 0)
(-1.909187220144188 0.5139953975809338 0)
(-1.933035438613619 0.4431809425391158 0)
(-1.953357009176134 0.3711513395087037 0)
(-1.970070414377106 0.2981491533254225 0)
(-1.983132714982674 0.2243150436087596 0)
(-1.992493746565218 0.1498743287539922 0)
(-1.998121840868769 0.07503924975746877 0)
(-1.999999991909974 3.615713792301989e-05 0)
(-1.998123754017878 -0.07500093840475699 0)
(-1.992496781897456 -0.1498440811213383 0)
(-1.983136800277211 -0.2242880373328323 0)
(-1.970074675879604 -0.298128157949145 0)
(-1.953362295570849 -0.3711306297967282 0)
(-1.933040586498888 -0.4431643034062546 0)
(-1.909192010898547 -0.5139822616487245 0)
(-1.881890805712966 -0.5834189840786654 0)
(-1.851226123699814 -0.6512970657239752 0)
(-1.817302832017232 -0.717435110238388 0)
(-1.780253137760443 -0.7816340942536023 0)
(-1.740172260516174 -0.8437847678596841 0)
(-1.69724552760947 -0.9036609354162218 0)
(-1.651573695255821 -0.9611856918172061 0)
(-1.603360195501377 -1.01616740696437 0)
(-1.552788169282252 -1.068474129752884 0)
(-1.500012039245729 -1.118023170049677 0)
(-1.445245624757751 -1.16469335609418 0)
(-1.388677135855497 -1.208409232148606 0)
(-1.330573767570062 -1.249058511184759 0)
(-1.271105991962402 -1.28662171931044 0)
(-1.210525950526529 -1.321042301091083 0)
(-1.149087982559857 -1.352288699640273 0)
(-1.08707606427069 -1.380341111740473 0)
(-1.024715703624872 -1.405230701224076 0)
(-0.9622727032058479 -1.426991203510214 0)
(-0.9000891361924409 -1.445658545938133 0)
(-0.8383868021739642 -1.461333049253559 0)
(-0.7774879147872059 -1.474110018616302 0)
(-0.7177279504691059 -1.484114026953087 0)
(-0.6594052002104849 -1.491505913347281 0)
(-0.6029110100371492 -1.496465585028302 0)
(-0.5486209152807578 -1.499211768511202 0)
(-0.4971481482079947 -1.5 0)
(-0.4498553010177121 -1.5 0)
(-0.4047403414159266 -1.5 0)
(-0.3612082409255084 -1.5 0)
(-0.3189099662329559 -1.5 0)
(-0.2776106837667905 -1.5 0)
(-0.237139877962487 -1.5 0)
(-0.1973676266735748 -1.5 0)
(-0.158191544370455 -1.5 0)
(-0.1195288881167353 -1.5 0)
(-0.0813114508701084 -1.5 0)
(-0.0434820788876269 -1.5 0)
(-0.005992198594063291 -1.5 0)
(0.03119999306652847 -1.5 0)
(0.06813088525927544 -1.5 0)
(0.1048324921106196 -1.5 0)
(0.1413332627358685 -1.5 0)
(0.1776587230939002 -1.5 0)
(0.2138319928328188 -1.5 0)
(0.249874208261789 -1.5 0)
(0.2858048739247681 -1.5 0)
(0.321642159347421 -1.5 0)
(0.3574031536092007 -1.5 0)
(0.3931040876427409 -1.5 0)
(0.4287605321201064 -1.5 0)
(0.4643875772803048 -1.5 0)
(0.5 -1.5 0)
)
