/*--------------------------------*- C++ -*----------------------------------*\
| =========                 |                                                 |
| \\      /  F ield         | OpenFOAM: The Open Source CFD Toolbox           |
|  \\    /   O peration     | Version:  2312                                  |
|   \\  /    A nd           | Website:  www.openfoam.com                      |
|    \\/     M anipulation  |                                                 |
\*---------------------------------------------------------------------------*/
FoamFile
{
    version     2.0;
    format      ascii;
    arch        "LSB;label=32;scalar=64";
    class       volScalarField;
    location    "0";
    object      alphat;
}
// * * * * * * * * * * * * * * * * * * * * * * * * * * * * * * * * * * * * * //

dimensions      [1 -1 -1 0 0 0 0];

internalField   nonuniform List<scalar> 
8880
(
2.2224161e-05
2.2193387e-05
2.2162686e-05
2.2132017e-05
2.2101345e-05
2.2070634e-05
2.2039849e-05
2.2008956e-05
2.197792e-05
2.194672e-05
2.1915283e-05
2.1883614e-05
2.1851666e-05
2.1819404e-05
2.1786795e-05
1.9910378e-05
1.9908332e-05
1.9906239e-05
1.9904082e-05
1.9901846e-05
1.9899511e-05
1.9897058e-05
1.9894468e-05
1.9891712e-05
1.9888771e-05
1.9885617e-05
1.9882228e-05
1.9878588e-05
1.987471e-05
1.9870684e-05
1.9866741e-05
1.9863018e-05
1.9859461e-05
1.9856092e-05
1.9852949e-05
1.9850115e-05
1.9847682e-05
1.9845793e-05
1.9844604e-05
1.9844312e-05
0.00053610187
0.00053761363
0.0005392224
0.00054096372
0.00054288133
0.0034737695
0.0034826642
0.0034922456
0.0035026356
0.0091704398
0.0091832195
0.013935322
0.013943723
0.013470852
0.0090279764
0.00902472
0.0041964113
0.00023895228
3.1432618e-05
1.6696643e-05
1.6664052e-05
1.6582315e-05
1.6544453e-05
1.646965e-05
1.6428288e-05
1.6428152e-05
1.6384469e-05
1.6344007e-05
1.6343892e-05
1.6308955e-05
1.630884e-05
1.6277829e-05
1.6277728e-05
1.6277628e-05
1.6277527e-05
1.6246405e-05
1.6246297e-05
1.6246189e-05
1.6246077e-05
1.6245959e-05
1.6212065e-05
1.621201e-05
1.6211954e-05
1.6211896e-05
1.621183e-05
1.6211756e-05
1.6211669e-05
1.6211569e-05
1.6211453e-05
1.6211318e-05
1.6211156e-05
1.6210961e-05
1.621073e-05
1.6210466e-05
1.6210172e-05
1.6209848e-05
1.6209495e-05
1.6209113e-05
1.6208703e-05
1.6208266e-05
1.6207801e-05
1.6207308e-05
1.6206788e-05
1.620624e-05
1.6205665e-05
1.6123615e-05
1.6122647e-05
1.6121706e-05
1.612079e-05
1.61199e-05
1.6119032e-05
1.6118189e-05
1.6117367e-05
1.6116567e-05
1.6115787e-05
1.6115028e-05
1.6114288e-05
1.6113567e-05
1.6112865e-05
1.611218e-05
2.2224112e-05
2.2193341e-05
2.2162642e-05
2.2131975e-05
2.2101304e-05
2.2070595e-05
2.2039812e-05
2.200892e-05
2.1977885e-05
2.1946663e-05
2.191526e-05
2.1883582e-05
2.1851634e-05
2.1819383e-05
2.1786764e-05
1.9910359e-05
1.9908314e-05
1.9906218e-05
1.9904061e-05
1.9901823e-05
1.9899486e-05
1.9897034e-05
1.9894439e-05
1.9891684e-05
1.9888739e-05
1.9885583e-05
1.988219e-05
1.9878552e-05
1.9874671e-05
1.9870642e-05
1.9866695e-05
1.9862968e-05
1.9859411e-05
1.9856036e-05
1.9852889e-05
1.9850046e-05
1.9847611e-05
1.9845714e-05
1.9844521e-05
1.9844223e-05
0.00053609487
0.00053760519
0.00053921366
0.0005409559
0.00054287015
0.0034737527
0.003482648
0.0034922232
0.0035026148
0.0091704356
0.0091832179
0.013935415
0.013943815
0.013470969
0.0090280013
0.0090247387
0.0041963511
0.00023892761
3.1431022e-05
1.669665e-05
1.6664059e-05
1.6582321e-05
1.6544459e-05
1.6469654e-05
1.6428291e-05
1.6428155e-05
1.6384471e-05
1.6344008e-05
1.6343893e-05
1.6308955e-05
1.6308841e-05
1.627783e-05
1.6277728e-05
1.6277628e-05
1.6277528e-05
1.6246404e-05
1.6246297e-05
1.6246189e-05
1.6246077e-05
1.6245959e-05
1.6212064e-05
1.6212009e-05
1.6211954e-05
1.6211895e-05
1.621183e-05
1.6211755e-05
1.6211669e-05
1.6211569e-05
1.6211453e-05
1.6211317e-05
1.6211156e-05
1.621096e-05
1.621073e-05
1.6210466e-05
1.6210172e-05
1.6209848e-05
1.6209495e-05
1.6209113e-05
1.6208703e-05
1.6208266e-05
1.6207801e-05
1.6207308e-05
1.6206788e-05
1.620624e-05
1.6205665e-05
1.6123616e-05
1.6122647e-05
1.6121706e-05
1.6120791e-05
1.61199e-05
1.6119033e-05
1.6118189e-05
1.6117367e-05
1.6116567e-05
1.6115788e-05
1.6115028e-05
1.6114288e-05
1.6113567e-05
1.6112865e-05
1.611218e-05
2.2224054e-05
2.2193286e-05
2.216259e-05
2.2131925e-05
2.2101257e-05
2.2070558e-05
2.2039768e-05
2.2008877e-05
2.1977844e-05
2.1946642e-05
2.1915202e-05
2.1883552e-05
2.1851596e-05
2.1819335e-05
2.1786736e-05
1.9910338e-05
1.990829e-05
1.9906194e-05
1.9904035e-05
1.9901795e-05
1.9899458e-05
1.9897002e-05
1.9894407e-05
1.9891648e-05
1.9888702e-05
1.9885543e-05
1.9882149e-05
1.9878506e-05
1.9874622e-05
1.9870592e-05
1.9866644e-05
1.9862913e-05
1.9859349e-05
1.9855968e-05
1.9852818e-05
1.9849968e-05
1.9847526e-05
1.9845622e-05
1.9844421e-05
1.9844117e-05
1.9844933e-05
0.00053759634
0.00053920355
0.00054094418
0.0005428603
0.0034737291
0.0034826185
0.0034922031
0.0035025921
0.0091704291
0.0091832218
0.013935524
0.013943919
0.013471108
0.0090280296
0.0090247602
0.0041962812
0.00023889813
3.1429111e-05
1.6696658e-05
1.6664068e-05
1.6582328e-05
1.6544466e-05
1.6469659e-05
1.6428294e-05
1.6428158e-05
1.6384474e-05
1.634401e-05
1.6343895e-05
1.6308956e-05
1.6308842e-05
1.627783e-05
1.6277728e-05
1.6277629e-05
1.6277528e-05
1.6246404e-05
1.6246296e-05
1.6246189e-05
1.6246077e-05
1.6212122e-05
1.6212063e-05
1.6212008e-05
1.6211953e-05
1.6211894e-05
1.6211829e-05
1.6211755e-05
1.6211669e-05
1.6211569e-05
1.6211452e-05
1.6211317e-05
1.6211155e-05
1.621096e-05
1.6210729e-05
1.6210466e-05
1.6210172e-05
1.6209848e-05
1.6209495e-05
1.6209113e-05
1.6208703e-05
1.6208266e-05
1.6207801e-05
1.6207308e-05
1.6206788e-05
1.620624e-05
1.6205665e-05
1.6123616e-05
1.6122648e-05
1.6121706e-05
1.6120791e-05
1.61199e-05
1.6119033e-05
1.6118189e-05
1.6117367e-05
1.6116567e-05
1.6115787e-05
1.6115028e-05
1.6114288e-05
1.6113567e-05
1.6112865e-05
1.611218e-05
2.2223987e-05
2.2193222e-05
2.2162528e-05
2.2131866e-05
2.21012e-05
2.2070495e-05
2.2039716e-05
2.2008827e-05
2.1977803e-05
2.1946579e-05
2.1915172e-05
2.1883498e-05
2.1851559e-05
2.1819291e-05
2.1786683e-05
1.9910313e-05
1.9908264e-05
1.9906165e-05
1.9904005e-05
1.9901763e-05
1.9899423e-05
1.9896966e-05
1.9894367e-05
1.9891607e-05
1.9888658e-05
1.9885496e-05
1.98821e-05
1.9878453e-05
1.9874566e-05
1.9870535e-05
1.9866583e-05
1.9862846e-05
1.9859278e-05
1.985589e-05
1.9852732e-05
1.9849877e-05
1.9847425e-05
1.9845515e-05
1.9844305e-05
1.9843993e-05
1.9844801e-05
0.00053758512
0.00053919118
0.0005409321
0.00054284687
0.0034736989
0.0034825927
0.0034921733
0.0035025676
0.0091704268
0.0091832141
0.013935651
0.013944049
0.013471271
0.0090280627
0.0090247839
0.004196199
0.00023886385
3.1426867e-05
1.6696667e-05
1.6664079e-05
1.6582336e-05
1.6544473e-05
1.6469665e-05
1.6428298e-05
1.6428162e-05
1.6384476e-05
1.6344011e-05
1.6343896e-05
1.6308957e-05
1.6308843e-05
1.627783e-05
1.6277729e-05
1.6277629e-05
1.6277528e-05
1.6246404e-05
1.6246296e-05
1.6246189e-05
1.6246077e-05
1.6212121e-05
1.6212062e-05
1.6212007e-05
1.6211952e-05
1.6211894e-05
1.6211829e-05
1.6211754e-05
1.6211668e-05
1.6211568e-05
1.6211452e-05
1.6211317e-05
1.6211155e-05
1.621096e-05
1.6210729e-05
1.6210466e-05
1.6210172e-05
1.6209848e-05
1.6209495e-05
1.6209113e-05
1.6208703e-05
1.6208266e-05
1.6207801e-05
1.6207308e-05
1.6206788e-05
1.620624e-05
1.6205665e-05
1.6123616e-05
1.6122648e-05
1.6121707e-05
1.6120791e-05
1.61199e-05
1.6119033e-05
1.6118189e-05
1.6117367e-05
1.6116567e-05
1.6115788e-05
1.6115028e-05
1.6114288e-05
1.6113567e-05
1.6112865e-05
1.611218e-05
2.2223905e-05
2.2193144e-05
2.2162454e-05
2.2131796e-05
2.2101139e-05
2.2070424e-05
2.2039653e-05
2.2008773e-05
2.1977731e-05
2.1946535e-05
2.1915109e-05
2.1883444e-05
2.1851498e-05
2.1819245e-05
2.1786637e-05
1.9910282e-05
1.9908231e-05
1.9906132e-05
1.9903968e-05
1.9901724e-05
1.9899382e-05
1.9896922e-05
1.9894322e-05
1.9891557e-05
1.9888605e-05
1.988544e-05
1.9882039e-05
1.9878389e-05
1.9874499e-05
1.9870464e-05
1.9866509e-05
1.9862765e-05
1.9859192e-05
1.9855797e-05
1.9852629e-05
1.9849765e-05
1.9847306e-05
1.9845384e-05
1.9844164e-05
1.9843842e-05
1.9844642e-05
0.00053757153
0.000539177
0.00054091655
0.00054283125
0.0034736666
0.0034825545
0.0034921366
0.0035025366
0.0091704195
0.009183208
0.013935809
0.013944202
0.013471467
0.009028102
0.0090248144
0.004196099
0.0002388222
3.1424173e-05
1.6696679e-05
1.6664091e-05
1.6582347e-05
1.6544483e-05
1.6469672e-05
1.6428303e-05
1.6428167e-05
1.638448e-05
1.6344013e-05
1.6343898e-05
1.6308959e-05
1.6308844e-05
1.627783e-05
1.6277729e-05
1.6277629e-05
1.6277529e-05
1.6246404e-05
1.6246296e-05
1.6246189e-05
1.6246078e-05
1.6212119e-05
1.621206e-05
1.6212006e-05
1.6211951e-05
1.6211893e-05
1.6211828e-05
1.6211754e-05
1.6211667e-05
1.6211568e-05
1.6211451e-05
1.6211316e-05
1.6211155e-05
1.6210959e-05
1.6210729e-05
1.6210466e-05
1.6210172e-05
1.6209848e-05
1.6209495e-05
1.6209113e-05
1.6208703e-05
1.6208266e-05
1.6207801e-05
1.6207308e-05
1.6206788e-05
1.6206241e-05
1.6205665e-05
1.6123617e-05
1.6122648e-05
1.6121707e-05
1.6120791e-05
1.61199e-05
1.6119033e-05
1.6118189e-05
1.6117367e-05
1.6116567e-05
1.6115788e-05
1.6115028e-05
1.6114288e-05
1.6113567e-05
1.6112865e-05
1.611218e-05
2.2223805e-05
2.2193049e-05
2.2162364e-05
2.2131714e-05
2.2101045e-05
2.2070351e-05
2.2039582e-05
2.2008693e-05
2.1977665e-05
2.1946459e-05
2.1915046e-05
2.1883377e-05
2.1851438e-05
2.1819174e-05
1.9912263e-05
1.9910245e-05
1.9908192e-05
1.990609e-05
1.9903924e-05
1.9901678e-05
1.9899332e-05
1.9896869e-05
1.9894264e-05
1.9891497e-05
1.988854e-05
1.9885371e-05
1.9881966e-05
1.9878312e-05
1.9874418e-05
1.9870378e-05
1.9866418e-05
1.9862669e-05
1.9859085e-05
1.9855682e-05
1.9852505e-05
1.984963e-05
1.9847158e-05
1.9845225e-05
1.9843994e-05
1.9843659e-05
1.9844448e-05
0.00053755497
0.00053915961
0.0005408986
0.00054281189
0.0034736224
0.0034825141
0.0034920958
0.0035024986
0.0091704103
0.0091832037
0.013935993
0.013944389
0.013471705
0.0090281488
0.0090248514
0.0041959775
0.00023877153
3.1420913e-05
1.6696693e-05
1.6664106e-05
1.6582359e-05
1.6544495e-05
1.646968e-05
1.6428309e-05
1.6428173e-05
1.6384484e-05
1.6344015e-05
1.6343901e-05
1.630896e-05
1.6308846e-05
1.627783e-05
1.6277729e-05
1.627763e-05
1.627753e-05
1.6246403e-05
1.6246296e-05
1.6246189e-05
1.6246078e-05
1.6212117e-05
1.6212058e-05
1.6212004e-05
1.621195e-05
1.6211892e-05
1.6211827e-05
1.6211753e-05
1.6211667e-05
1.6211567e-05
1.6211451e-05
1.6211316e-05
1.6211154e-05
1.6210959e-05
1.6210728e-05
1.6210465e-05
1.6210171e-05
1.6209847e-05
1.6209494e-05
1.6209113e-05
1.6208703e-05
1.6208266e-05
1.6207801e-05
1.6207308e-05
1.6206788e-05
1.6206241e-05
1.6205665e-05
1.6205062e-05
1.6122649e-05
1.6121707e-05
1.6120792e-05
1.6119901e-05
1.6119034e-05
1.611819e-05
1.6117368e-05
1.6116567e-05
1.6115788e-05
1.6115028e-05
1.6114288e-05
1.6113567e-05
1.6112865e-05
1.611218e-05
2.2223684e-05
2.2192934e-05
2.2162254e-05
2.21316e-05
2.2100954e-05
2.2070254e-05
2.2039484e-05
2.2008603e-05
2.1977582e-05
2.1946375e-05
2.1914958e-05
2.18833e-05
2.1851353e-05
2.1819095e-05
1.9912221e-05
1.99102e-05
1.9908144e-05
1.9906039e-05
1.990387e-05
1.990162e-05
1.9899271e-05
1.9896803e-05
1.9894196e-05
1.9891423e-05
1.9888462e-05
1.9885287e-05
1.9881876e-05
1.9878218e-05
1.9874318e-05
1.9870275e-05
1.9866308e-05
1.986255e-05
1.9858957e-05
1.9855543e-05
1.9852353e-05
1.9849464e-05
1.984698e-05
1.9845031e-05
1.9843785e-05
1.9843436e-05
1.9844211e-05
0.00053753503
0.00053913767
0.00054087567
0.00054278879
0.0034735715
0.0034824594
0.0034920444
0.0035024507
0.0091703989
0.0091831963
0.013936223
0.013944615
0.013471995
0.0090282068
0.0090248953
0.00419583
0.00023870983
3.1416876e-05
1.669671e-05
1.6664124e-05
1.6582374e-05
1.6544509e-05
1.646969e-05
1.6428316e-05
1.642818e-05
1.6384489e-05
1.6344018e-05
1.6343903e-05
1.6308962e-05
1.6308848e-05
1.6277831e-05
1.627773e-05
1.627763e-05
1.627753e-05
1.6246403e-05
1.6246296e-05
1.6246188e-05
1.6246078e-05
1.6212114e-05
1.6212056e-05
1.6212002e-05
1.6211948e-05
1.621189e-05
1.6211826e-05
1.6211752e-05
1.6211666e-05
1.6211566e-05
1.621145e-05
1.6211315e-05
1.6211153e-05
1.6210958e-05
1.6210728e-05
1.6210465e-05
1.6210171e-05
1.6209847e-05
1.6209494e-05
1.6209113e-05
1.6208703e-05
1.6208266e-05
1.6207801e-05
1.6207308e-05
1.6206788e-05
1.6206241e-05
1.6205665e-05
1.6205062e-05
1.612265e-05
1.6121708e-05
1.6120792e-05
1.6119901e-05
1.6119034e-05
1.611819e-05
1.6117368e-05
1.6116568e-05
1.6115788e-05
1.6115028e-05
1.6114288e-05
1.6113567e-05
1.6112865e-05
1.611218e-05
2.2223536e-05
2.2192793e-05
2.2162123e-05
2.2131476e-05
2.2100824e-05
2.207014e-05
2.203937e-05
2.2008494e-05
2.1977475e-05
2.1946271e-05
2.1914858e-05
2.1883201e-05
2.1851256e-05
2.1819006e-05
1.9912168e-05
1.9910145e-05
1.9908086e-05
1.9905977e-05
1.9903804e-05
1.990155e-05
1.9899197e-05
1.9896724e-05
1.9894111e-05
1.9891333e-05
1.9888366e-05
1.9885185e-05
1.9881768e-05
1.9878102e-05
1.9874197e-05
1.9870148e-05
1.9866174e-05
1.9862405e-05
1.98588e-05
1.9855372e-05
1.9852168e-05
1.9849263e-05
1.9846761e-05
1.9844795e-05
1.984353e-05
1.9843164e-05
1.9843922e-05
0.00053751036
0.00053911171
0.00054084792
0.00054275994
0.0034735079
0.0034823956
0.0034919811
0.0035023923
0.0091703845
0.009183187
0.013936501
0.013944889
0.013472349
0.0090282772
0.0090249489
0.0041956486
0.00023863496
3.1411972e-05
1.6696731e-05
1.6664147e-05
1.6582392e-05
1.6544526e-05
1.6469703e-05
1.6428325e-05
1.6428189e-05
1.6384495e-05
1.6344021e-05
1.6343907e-05
1.6308964e-05
1.630885e-05
1.6277831e-05
1.627773e-05
1.6277631e-05
1.6277531e-05
1.6246402e-05
1.6246295e-05
1.6246188e-05
1.6246078e-05
1.6212111e-05
1.6212053e-05
1.6212e-05
1.6211946e-05
1.6211888e-05
1.6211824e-05
1.621175e-05
1.6211665e-05
1.6211565e-05
1.6211449e-05
1.6211314e-05
1.6211153e-05
1.6210958e-05
1.6210727e-05
1.6210465e-05
1.6210171e-05
1.6209847e-05
1.6209494e-05
1.6209113e-05
1.6208703e-05
1.6208266e-05
1.6207801e-05
1.6207309e-05
1.6206789e-05
1.6206241e-05
1.6205666e-05
1.6205062e-05
1.612265e-05
1.6121709e-05
1.6120793e-05
1.6119901e-05
1.6119034e-05
1.611819e-05
1.6117368e-05
1.6116568e-05
1.6115788e-05
1.6115029e-05
1.6114288e-05
1.6113567e-05
1.6112865e-05
1.611218e-05
2.2223355e-05
2.2192621e-05
2.2161953e-05
2.2131323e-05
2.2100677e-05
2.2069993e-05
2.2039232e-05
2.2008363e-05
2.1977342e-05
2.1946148e-05
2.1914735e-05
2.1883077e-05
2.1851143e-05
2.1818882e-05
1.9912105e-05
1.9910077e-05
1.9908014e-05
1.9905901e-05
1.9903724e-05
1.9901465e-05
1.9899107e-05
1.9896629e-05
1.9894009e-05
1.9891224e-05
1.988825e-05
1.9885061e-05
1.9881637e-05
1.9877962e-05
1.987405e-05
1.9869994e-05
1.9866011e-05
1.9862229e-05
1.9858609e-05
1.9855164e-05
1.9851943e-05
1.9849018e-05
1.9846495e-05
1.9844507e-05
1.984322e-05
1.9842831e-05
1.9843569e-05
0.00053748046
0.00053907949
0.00054081394
0.00054272492
0.0034734309
0.0034823142
0.0034919019
0.0035023226
0.0091703676
0.009183172
0.013936839
0.013945225
0.013472778
0.013473731
0.0090250127
0.0041954285
0.00023854281
3.1406029e-05
1.6696756e-05
1.6664174e-05
1.6582414e-05
1.6544547e-05
1.6469718e-05
1.6428335e-05
1.6384632e-05
1.6384502e-05
1.6344025e-05
1.6343911e-05
1.6308967e-05
1.6308853e-05
1.6277831e-05
1.6277731e-05
1.6277632e-05
1.6277532e-05
1.6246402e-05
1.6246295e-05
1.6246188e-05
1.6246078e-05
1.6212108e-05
1.621205e-05
1.6211997e-05
1.6211943e-05
1.6211886e-05
1.6211822e-05
1.6211749e-05
1.6211664e-05
1.6211564e-05
1.6211448e-05
1.6211313e-05
1.6211152e-05
1.6210957e-05
1.6210727e-05
1.6210464e-05
1.621017e-05
1.6209847e-05
1.6209494e-05
1.6209113e-05
1.6208703e-05
1.6208266e-05
1.6207801e-05
1.6207309e-05
1.6206789e-05
1.6206241e-05
1.6205666e-05
1.6205062e-05
1.6122651e-05
1.6121709e-05
1.6120793e-05
1.6119902e-05
1.6119035e-05
1.611819e-05
1.6117368e-05
1.6116568e-05
1.6115788e-05
1.6115029e-05
1.6114288e-05
1.6113567e-05
1.6112865e-05
1.611218e-05
2.2223135e-05
2.2192412e-05
2.2161759e-05
2.2131128e-05
2.2100497e-05
2.2069818e-05
2.2039066e-05
2.2008195e-05
2.1977187e-05
2.1945992e-05
2.1914588e-05
2.1882933e-05
2.1850996e-05
2.1818742e-05
1.9912028e-05
1.9909996e-05
1.9907928e-05
1.990581e-05
1.9903627e-05
1.9901362e-05
1.9898997e-05
1.9896512e-05
1.9893884e-05
1.9891091e-05
1.9888108e-05
1.988491e-05
1.9881476e-05
1.9877792e-05
1.9873871e-05
1.9869807e-05
1.9865812e-05
1.9862015e-05
1.9858377e-05
1.9854912e-05
1.9851669e-05
1.984872e-05
1.9846171e-05
1.9844156e-05
1.9842842e-05
1.9842427e-05
1.984314e-05
0.00053744385
0.00053904021
0.00054077252
0.00054268207
0.0034733343
0.0034822171
0.0034918072
0.0035022341
0.0091703429
0.0091831545
0.013937246
0.013945629
0.0134733
0.013474233
0.0090250904
0.0041951598
0.00023843102
3.1398768e-05
1.6696786e-05
1.6664208e-05
1.6582441e-05
1.6544572e-05
1.6469736e-05
1.6428348e-05
1.6384641e-05
1.6384511e-05
1.634403e-05
1.6343916e-05
1.630897e-05
1.6308857e-05
1.6277832e-05
1.6277731e-05
1.6277633e-05
1.6277534e-05
1.6246401e-05
1.6246294e-05
1.6246188e-05
1.6246078e-05
1.6212103e-05
1.6212046e-05
1.6211993e-05
1.621194e-05
1.6211884e-05
1.621182e-05
1.6211747e-05
1.6211662e-05
1.6211563e-05
1.6211447e-05
1.6211312e-05
1.6211151e-05
1.6210956e-05
1.6210726e-05
1.6210464e-05
1.621017e-05
1.6209847e-05
1.6209494e-05
1.6209113e-05
1.6208703e-05
1.6208266e-05
1.6207801e-05
1.6207309e-05
1.6206789e-05
1.6206242e-05
1.6205666e-05
1.6205063e-05
1.6122652e-05
1.612171e-05
1.6120794e-05
1.6119903e-05
1.6119035e-05
1.6118191e-05
1.6117369e-05
1.6116568e-05
1.6115788e-05
1.6115029e-05
1.6114289e-05
1.6113567e-05
1.6112864e-05
1.611218e-05
2.2222868e-05
2.2192158e-05
2.2161514e-05
2.21309e-05
2.2100274e-05
2.2069606e-05
2.2038859e-05
2.2008002e-05
2.1976993e-05
2.1945808e-05
2.1914406e-05
2.1882755e-05
2.1850821e-05
2.1818571e-05
1.9911934e-05
1.9909897e-05
1.9907823e-05
1.9905699e-05
1.990351e-05
1.9901237e-05
1.9898864e-05
1.989637e-05
1.9893734e-05
1.9890931e-05
1.9887937e-05
1.9884728e-05
1.9881282e-05
1.9877587e-05
1.9873654e-05
1.9869579e-05
1.9865572e-05
1.9861756e-05
1.9858096e-05
1.9854607e-05
1.9851335e-05
1.9848358e-05
1.9845778e-05
1.9843731e-05
1.9842383e-05
1.9841935e-05
1.9842618e-05
0.0005373993
0.00053899252
0.00054072183
0.0005426295
0.0034732186
0.0034820969
0.0034916877
0.0035021257
0.0091703107
0.0091831298
0.013937741
0.013946119
0.01347393
0.01347484
0.0090251832
0.0041948327
0.00023829545
3.1389965e-05
1.6696823e-05
1.6664248e-05
1.6582473e-05
1.6544603e-05
1.6469758e-05
1.6428364e-05
1.6384651e-05
1.6384521e-05
1.6344036e-05
1.6343922e-05
1.6308974e-05
1.6308861e-05
1.6277832e-05
1.6277732e-05
1.6277634e-05
1.6277536e-05
1.62464e-05
1.6246294e-05
1.6246188e-05
1.6246079e-05
1.6212097e-05
1.6212041e-05
1.6211989e-05
1.6211937e-05
1.6211881e-05
1.6211818e-05
1.6211745e-05
1.621166e-05
1.6211561e-05
1.6211446e-05
1.6211311e-05
1.6211149e-05
1.6210955e-05
1.6210725e-05
1.6210463e-05
1.6210169e-05
1.6209846e-05
1.6209494e-05
1.6209113e-05
1.6208703e-05
1.6208266e-05
1.6207802e-05
1.6207309e-05
1.6206789e-05
1.6206242e-05
1.6205667e-05
1.6205063e-05
1.6122653e-05
1.6121711e-05
1.6120795e-05
1.6119903e-05
1.6119036e-05
1.6118191e-05
1.6117369e-05
1.6116569e-05
1.6115789e-05
1.6115029e-05
1.6114289e-05
1.6113567e-05
1.6112864e-05
1.6112179e-05
2.2222543e-05
2.2191849e-05
2.2161221e-05
2.2130618e-05
2.2100006e-05
2.206935e-05
2.2038611e-05
2.2007762e-05
2.1976762e-05
2.1945583e-05
2.1914186e-05
2.188254e-05
2.1850609e-05
2.1818362e-05
1.9911822e-05
1.9909778e-05
1.9907697e-05
1.9905565e-05
1.9903367e-05
1.9901086e-05
1.9898704e-05
1.98962e-05
1.9893552e-05
1.9890737e-05
1.988773e-05
1.9884508e-05
1.9881047e-05
1.9877338e-05
1.9873392e-05
1.9869305e-05
1.9865281e-05
1.9861442e-05
1.9857756e-05
1.9854237e-05
1.9850933e-05
1.984792e-05
1.9845302e-05
1.9843215e-05
1.9841826e-05
1.9841339e-05
1.9841985e-05
0.00053734496
0.0005389342
0.00054066025
0.00054256572
0.00054469357
0.0034819482
0.0034915418
0.0035019916
0.0091702693
0.0091830967
0.013938336
0.013946707
0.013474692
0.013475573
0.0090252936
0.0041944363
0.0013214104
3.1379273e-05
1.6696868e-05
1.6664296e-05
1.6582512e-05
1.6507993e-05
1.6469785e-05
1.6428383e-05
1.6384664e-05
1.6384534e-05
1.6344043e-05
1.6343929e-05
1.6308979e-05
1.6308866e-05
1.6277833e-05
1.6277733e-05
1.6277636e-05
1.6246507e-05
1.6246398e-05
1.6246293e-05
1.6246188e-05
1.6246079e-05
1.6212091e-05
1.6212035e-05
1.6211984e-05
1.6211932e-05
1.6211877e-05
1.6211815e-05
1.6211742e-05
1.6211658e-05
1.6211559e-05
1.6211444e-05
1.6211309e-05
1.6211148e-05
1.6210953e-05
1.6210724e-05
1.6210462e-05
1.6210169e-05
1.6209846e-05
1.6209494e-05
1.6209113e-05
1.6208703e-05
1.6208266e-05
1.6207802e-05
1.620731e-05
1.620679e-05
1.6206242e-05
1.6205667e-05
1.6205064e-05
1.6122655e-05
1.6121712e-05
1.6120796e-05
1.6119904e-05
1.6119037e-05
1.6118192e-05
1.611737e-05
1.6116569e-05
1.6115789e-05
1.6115029e-05
1.6114289e-05
1.6113567e-05
1.6112864e-05
1.6112179e-05
2.2222151e-05
2.2191478e-05
2.2160864e-05
2.213028e-05
2.2099681e-05
2.2069037e-05
2.2038313e-05
2.2007472e-05
2.1976485e-05
2.1945311e-05
2.1913921e-05
2.188228e-05
2.1850355e-05
2.181811e-05
1.9911686e-05
1.9909634e-05
1.9907545e-05
1.9905404e-05
1.9903196e-05
1.9900905e-05
1.9898511e-05
1.9895994e-05
1.9893333e-05
1.9890503e-05
1.9887482e-05
1.9884243e-05
1.9880766e-05
1.9877039e-05
1.9873077e-05
1.9868974e-05
1.9864931e-05
1.9861064e-05
1.9857345e-05
1.985379e-05
1.9850447e-05
1.9847391e-05
1.9844727e-05
1.9842591e-05
1.9841154e-05
1.9840617e-05
1.9841218e-05
0.0005372792
0.00053886332
0.00054058525
0.00054248762
0.00054461513
0.0034817658
0.0034913623
0.0035018261
0.0091702132
0.0091830487
0.01393905
0.013947413
0.013475608
0.013476454
0.009025424
0.0041939557
0.0013210113
3.1366384e-05
1.6696921e-05
1.6664354e-05
1.6582559e-05
1.6508032e-05
1.6469817e-05
1.6428405e-05
1.6384679e-05
1.638455e-05
1.6344051e-05
1.6343938e-05
1.6308985e-05
1.6308872e-05
1.6277833e-05
1.6277734e-05
1.6277638e-05
1.6246505e-05
1.6246397e-05
1.6246292e-05
1.6246187e-05
1.6246079e-05
1.6212082e-05
1.6212028e-05
1.6211977e-05
1.6211927e-05
1.6211872e-05
1.6211811e-05
1.6211739e-05
1.6211655e-05
1.6211557e-05
1.6211442e-05
1.6211307e-05
1.6211146e-05
1.6210951e-05
1.6210723e-05
1.6210461e-05
1.6210168e-05
1.6209845e-05
1.6209493e-05
1.6209113e-05
1.6208704e-05
1.6208267e-05
1.6207802e-05
1.620731e-05
1.620679e-05
1.6206243e-05
1.6205668e-05
1.6205064e-05
1.6122656e-05
1.6121714e-05
1.6120797e-05
1.6119905e-05
1.6119038e-05
1.6118193e-05
1.611737e-05
1.6116569e-05
1.6115789e-05
1.6115029e-05
1.6114289e-05
1.6113567e-05
1.6112864e-05
1.6112179e-05
2.2221677e-05
2.2191025e-05
2.2160438e-05
2.212987e-05
2.2099291e-05
2.2068661e-05
2.2037952e-05
2.2007125e-05
2.1976145e-05
2.1944983e-05
2.1913602e-05
2.1881969e-05
2.1850048e-05
2.1817808e-05
1.9911523e-05
1.9909462e-05
1.9907362e-05
1.9905211e-05
1.9902991e-05
1.9900687e-05
1.9898279e-05
1.9895747e-05
1.989307e-05
1.9890224e-05
1.9887183e-05
1.9883925e-05
1.9880427e-05
1.987668e-05
1.9872699e-05
1.9868578e-05
1.986451e-05
1.986061e-05
1.9856852e-05
1.9853254e-05
1.9849863e-05
1.9846754e-05
1.9844035e-05
1.984184e-05
1.9840342e-05
1.9839746e-05
1.9840292e-05
0.00053719931
0.00053877738
0.00054049385
0.00054239292
0.00054451908
0.0034815421
0.0034911414
0.0035016211
0.0091701371
0.0091829852
0.013939902
0.013948256
0.013476705
0.013477509
0.0090255775
0.0041933745
0.0013205299
3.1350848e-05
1.6696985e-05
1.6664424e-05
1.6582615e-05
1.6508079e-05
1.6469855e-05
1.6428432e-05
1.6384697e-05
1.6384568e-05
1.6344061e-05
1.6343948e-05
1.6308992e-05
1.630888e-05
1.6277834e-05
1.6277736e-05
1.627764e-05
1.6246502e-05
1.6246395e-05
1.6246291e-05
1.6246187e-05
1.624608e-05
1.6212072e-05
1.6212019e-05
1.621197e-05
1.621192e-05
1.6211867e-05
1.6211806e-05
1.6211735e-05
1.6211652e-05
1.6211554e-05
1.6211439e-05
1.6211304e-05
1.6211143e-05
1.6210949e-05
1.6210721e-05
1.621046e-05
1.6210167e-05
1.6209845e-05
1.6209493e-05
1.6209112e-05
1.6208704e-05
1.6208267e-05
1.6207802e-05
1.620731e-05
1.6206791e-05
1.6206243e-05
1.6205668e-05
1.6205065e-05
1.6122659e-05
1.6121716e-05
1.6120799e-05
1.6119907e-05
1.6119039e-05
1.6118194e-05
1.6117371e-05
1.611657e-05
1.611579e-05
1.611503e-05
1.6114289e-05
1.6113567e-05
1.6112864e-05
1.6112179e-05
2.2221107e-05
2.2190486e-05
2.2159922e-05
2.2129379e-05
2.209882e-05
2.2068213e-05
2.2037518e-05
2.2006707e-05
2.1975741e-05
2.194459e-05
2.1913221e-05
2.1881594e-05
2.1849681e-05
2.1817446e-05
1.9911328e-05
1.9909256e-05
1.9907144e-05
1.990498e-05
1.9902746e-05
1.9900427e-05
1.9898002e-05
1.9895453e-05
1.9892757e-05
1.988989e-05
1.9886828e-05
1.9883546e-05
1.9880024e-05
1.9876252e-05
1.9872248e-05
1.9868104e-05
1.9864006e-05
1.9860066e-05
1.9856262e-05
1.9852611e-05
1.9849163e-05
1.9845992e-05
1.9843204e-05
1.9840939e-05
1.9839368e-05
1.9838699e-05
1.9839177e-05
0.00053710276
0.00053867327
0.00054038337
0.00054227764
0.00054440237
0.0034812674
0.003490868
0.0035013669
0.0091700364
0.009182896
0.013940913
0.013949256
0.013478013
0.013478765
0.009025755
0.0041926753
0.0013199505
3.1332164e-05
1.6697062e-05
1.6664508e-05
1.6582683e-05
1.6508135e-05
1.6469901e-05
1.6428464e-05
1.6384719e-05
1.638459e-05
1.6344072e-05
1.634396e-05
1.6308999e-05
1.6308888e-05
1.6277835e-05
1.6277737e-05
1.6277642e-05
1.6246499e-05
1.6246392e-05
1.6246289e-05
1.6246186e-05
1.624608e-05
1.621206e-05
1.6212009e-05
1.6211961e-05
1.6211913e-05
1.621186e-05
1.6211801e-05
1.6211731e-05
1.6211648e-05
1.6211551e-05
1.6211436e-05
1.6211302e-05
1.6211141e-05
1.6210947e-05
1.6210719e-05
1.6210458e-05
1.6210166e-05
1.6209844e-05
1.6209493e-05
1.6209112e-05
1.6208704e-05
1.6208267e-05
1.6207803e-05
1.6207311e-05
1.6206791e-05
1.6206244e-05
1.6205669e-05
1.6205066e-05
1.6122661e-05
1.6121718e-05
1.6120801e-05
1.6119908e-05
1.611904e-05
1.6118195e-05
1.6117372e-05
1.6116571e-05
1.611579e-05
1.611503e-05
1.6114289e-05
1.6113567e-05
1.6112864e-05
1.6112179e-05
1.8153493e-05
1.8144234e-05
1.8134986e-05
1.8125735e-05
1.8116471e-05
1.8107181e-05
1.8097855e-05
1.808848e-05
1.8079046e-05
1.8069541e-05
1.8059954e-05
1.8050275e-05
1.8040491e-05
1.803059e-05
1.7695845e-05
1.7692746e-05
1.768963e-05
1.7686489e-05
1.7683314e-05
1.7680096e-05
1.7676826e-05
1.7673493e-05
1.7670087e-05
1.7666599e-05
1.7663018e-05
1.765934e-05
1.7655561e-05
1.7651692e-05
1.7647768e-05
1.7643882e-05
1.9863408e-05
1.9859419e-05
1.9855559e-05
1.9851846e-05
1.9848328e-05
1.9845081e-05
1.9842212e-05
1.9839861e-05
1.9838202e-05
1.9837445e-05
1.983784e-05
0.00053698639
0.00053854759
0.0005402495
0.00054213793
0.00054426057
0.0034809298
0.0034905318
0.0035010524
0.0091698989
0.0091827721
0.013942107
0.013950435
0.013479564
0.013480254
0.0090259601
0.0041918333
0.0013192574
3.1309829e-05
1.6697153e-05
1.6664607e-05
1.6582762e-05
1.6508201e-05
1.6469955e-05
1.6428502e-05
1.6384744e-05
1.6384615e-05
1.6344086e-05
1.6343975e-05
1.6309009e-05
1.6308898e-05
1.6277835e-05
1.6277738e-05
1.6277644e-05
1.6246495e-05
1.6246389e-05
1.6246287e-05
1.6246185e-05
1.624608e-05
1.6212046e-05
1.6211996e-05
1.621195e-05
1.6211903e-05
1.6211853e-05
1.6211794e-05
1.6211725e-05
1.6211644e-05
1.6211547e-05
1.6211433e-05
1.6211298e-05
1.6179425e-05
1.61793e-05
1.6179148e-05
1.617897e-05
1.6178766e-05
1.6178538e-05
1.6178285e-05
1.6178009e-05
1.6177709e-05
1.6177387e-05
1.6177041e-05
1.6176674e-05
1.6176283e-05
1.6175871e-05
1.6175436e-05
1.6174978e-05
1.6108434e-05
1.6107683e-05
1.6106954e-05
1.6106247e-05
1.610556e-05
1.6104893e-05
1.6104245e-05
1.6103616e-05
1.6103004e-05
1.6102409e-05
1.6101831e-05
1.6101269e-05
1.6100723e-05
1.6100192e-05
1.8153323e-05
1.814407e-05
1.8134826e-05
1.8125581e-05
1.811632e-05
1.8107034e-05
1.809771e-05
1.8088337e-05
1.8078905e-05
1.80694e-05
1.8059813e-05
1.8050133e-05
1.8040347e-05
1.8030445e-05
1.7695654e-05
1.7692542e-05
1.7689412e-05
1.7686255e-05
1.7683064e-05
1.7679828e-05
1.7676538e-05
1.7673183e-05
1.7669754e-05
1.766624e-05
1.7662633e-05
1.7658925e-05
1.7655115e-05
1.7651214e-05
1.7647258e-05
1.7643339e-05
1.7639604e-05
1.9858653e-05
1.9854727e-05
1.9850939e-05
1.9847338e-05
1.9844e-05
1.9841034e-05
1.9838579e-05
1.9836812e-05
1.983595e-05
1.9836245e-05
0.00053684662
0.0005383963
0.00054008804
0.00054196904
0.00054408851
0.003480516
0.0034901168
0.0035006613
0.0091697142
0.0091826012
0.013943504
0.013951814
0.01348139
0.013482007
0.0090261918
0.0041908308
0.001318432
3.1283313e-05
1.6697259e-05
1.6664723e-05
1.6582856e-05
1.6508279e-05
1.6470019e-05
1.6428547e-05
1.6384774e-05
1.6384645e-05
1.6344102e-05
1.6343991e-05
1.6309019e-05
1.630891e-05
1.6277836e-05
1.627774e-05
1.6277647e-05
1.6246489e-05
1.6246385e-05
1.6246284e-05
1.6246184e-05
1.6246081e-05
1.6212029e-05
1.6211981e-05
1.6211937e-05
1.6211892e-05
1.6211843e-05
1.6211786e-05
1.6211719e-05
1.6211638e-05
1.6211542e-05
1.6211429e-05
1.6179517e-05
1.6179416e-05
1.6179291e-05
1.617914e-05
1.6178963e-05
1.617876e-05
1.6178532e-05
1.617828e-05
1.6178005e-05
1.6177706e-05
1.6177384e-05
1.6177039e-05
1.6176671e-05
1.6176281e-05
1.6175869e-05
1.6175434e-05
1.6174976e-05
1.6108438e-05
1.6107687e-05
1.6106958e-05
1.610625e-05
1.6105563e-05
1.6104895e-05
1.6104247e-05
1.6103617e-05
1.6103004e-05
1.6102409e-05
1.6101831e-05
1.6101269e-05
1.6100722e-05
1.6100191e-05
1.815312e-05
1.8143874e-05
1.8134637e-05
1.8125397e-05
1.8116142e-05
1.8106859e-05
1.8097538e-05
1.8088168e-05
1.8078737e-05
1.8069234e-05
1.8059647e-05
1.8049966e-05
1.8040179e-05
1.8030275e-05
1.769543e-05
1.7692303e-05
1.7689156e-05
1.7685982e-05
1.768277e-05
1.7679513e-05
1.76762e-05
1.7672821e-05
1.7669364e-05
1.7665821e-05
1.7662181e-05
1.7658438e-05
1.7654592e-05
1.7650653e-05
1.7646659e-05
1.7642701e-05
1.7638917e-05
1.7635391e-05
1.9853748e-05
1.9849871e-05
1.9846171e-05
1.9842725e-05
1.9839642e-05
1.9837062e-05
1.9835167e-05
1.9834176e-05
1.9834348e-05
1.9835977e-05
0.00053821487
0.00053989385
0.0005417654
0.00054388058
0.0034800083
0.0034896066
0.0035001767
0.009169464
0.0091823663
0.013945127
0.013953414
0.013483527
0.013484054
0.0090264502
0.004189636
0.0013174543
3.1251912e-05
1.6697384e-05
1.6664859e-05
1.6582966e-05
1.650837e-05
1.6470093e-05
1.6428599e-05
1.6384808e-05
1.638468e-05
1.634412e-05
1.634401e-05
1.6309032e-05
1.6308923e-05
1.6277836e-05
1.6277742e-05
1.627765e-05
1.6246483e-05
1.624638e-05
1.6246281e-05
1.6246183e-05
1.6212063e-05
1.6212008e-05
1.6211963e-05
1.6211921e-05
1.6211879e-05
1.6211832e-05
1.6211777e-05
1.6211711e-05
1.6211632e-05
1.6211537e-05
1.6179589e-05
1.6179505e-05
1.6179404e-05
1.617928e-05
1.617913e-05
1.6178954e-05
1.6178753e-05
1.6178526e-05
1.6178275e-05
1.6178e-05
1.6177701e-05
1.617738e-05
1.6177035e-05
1.6176668e-05
1.6176279e-05
1.6175866e-05
1.6175432e-05
1.6174974e-05
1.6108443e-05
1.6107691e-05
1.6106961e-05
1.6106253e-05
1.6105565e-05
1.6104897e-05
1.6104248e-05
1.6103618e-05
1.6103005e-05
1.610241e-05
1.6101831e-05
1.6101268e-05
1.6100722e-05
1.610019e-05
1.8152881e-05
1.8143643e-05
1.8134414e-05
1.8125181e-05
1.8115931e-05
1.8106653e-05
1.8097337e-05
1.808797e-05
1.8078541e-05
1.8069039e-05
1.8059453e-05
1.8049771e-05
1.8039983e-05
1.8030076e-05
1.769517e-05
1.7692025e-05
1.7688859e-05
1.7685663e-05
1.768243e-05
1.7679148e-05
1.7675808e-05
1.7672399e-05
1.766891e-05
1.7665332e-05
1.7661655e-05
1.7657872e-05
1.7653983e-05
1.7650001e-05
1.7645962e-05
1.7641955e-05
1.7638113e-05
1.7634515e-05
1.7631175e-05
1.9848622e-05
1.9844805e-05
1.9841231e-05
1.9838008e-05
1.983528e-05
1.983323e-05
1.9832084e-05
1.9832108e-05
1.9833606e-05
0.00053799815
0.00053966135
0.00054152064
0.0005436297
0.0034793874
0.0034889778
0.0034995759
0.0091691275
0.0091820433
0.013946992
0.013955251
0.013486005
0.013486427
0.0090267326
0.0041882241
0.001316301
3.1214958e-05
1.6697528e-05
1.6665018e-05
1.6583093e-05
1.6508475e-05
1.647018e-05
1.6428659e-05
1.6384847e-05
1.638472e-05
1.634414e-05
1.6344032e-05
1.6309045e-05
1.6308938e-05
1.6277836e-05
1.6277743e-05
1.6277654e-05
1.6246475e-05
1.6246374e-05
1.6246277e-05
1.6246181e-05
1.6212036e-05
1.6211984e-05
1.6211941e-05
1.6211903e-05
1.6211864e-05
1.6211819e-05
1.6211767e-05
1.6211703e-05
1.6211625e-05
1.6179644e-05
1.6179573e-05
1.617949e-05
1.6179391e-05
1.6179268e-05
1.617912e-05
1.6178945e-05
1.6178744e-05
1.6178519e-05
1.6178269e-05
1.6177994e-05
1.6177697e-05
1.6177376e-05
1.6177032e-05
1.6176665e-05
1.6176276e-05
1.6175864e-05
1.6175429e-05
1.6174972e-05
1.6108449e-05
1.6107696e-05
1.6106966e-05
1.6106256e-05
1.6105568e-05
1.6104899e-05
1.610425e-05
1.6103619e-05
1.6103006e-05
1.610241e-05
1.6101831e-05
1.6101268e-05
1.6100721e-05
1.6100189e-05
1.8152599e-05
1.8143372e-05
1.8134152e-05
1.8124927e-05
1.8115684e-05
1.8106413e-05
1.8097101e-05
1.8087738e-05
1.8078312e-05
1.8068812e-05
1.8059227e-05
1.8049545e-05
1.8039755e-05
1.7698022e-05
1.769487e-05
1.7691704e-05
1.7688516e-05
1.7685297e-05
1.7682037e-05
1.7678727e-05
1.7675356e-05
1.7671913e-05
1.7668388e-05
1.7664769e-05
1.7661049e-05
1.7657219e-05
1.7653281e-05
1.7649247e-05
1.7645155e-05
1.7641092e-05
1.763718e-05
1.7633497e-05
1.7630062e-05
1.7626922e-05
1.9843219e-05
1.9839493e-05
1.9836104e-05
1.9833199e-05
1.9830965e-05
1.9829632e-05
1.9829476e-05
1.9830814e-05
0.00053774056
0.000539384
0.00054122766
0.0005433281
0.0034786298
0.0034882066
0.0034988314
0.0091686764
0.0091816027
0.0091958408
0.013957336
0.013488852
0.01348915
0.009027032
0.0041865625
0.0013149515
3.1171799e-05
1.6697694e-05
1.66652e-05
1.6583239e-05
1.6508597e-05
1.6470279e-05
1.6428727e-05
1.6384892e-05
1.6384766e-05
1.6344163e-05
1.6309168e-05
1.6309061e-05
1.6308955e-05
1.6277835e-05
1.6277744e-05
1.6277657e-05
1.6246465e-05
1.6246366e-05
1.6246272e-05
1.6246178e-05
1.6212003e-05
1.6211955e-05
1.6211916e-05
1.6211882e-05
1.6211846e-05
1.6211804e-05
1.6211754e-05
1.6211693e-05
1.6179684e-05
1.6179624e-05
1.6179555e-05
1.6179474e-05
1.6179375e-05
1.6179254e-05
1.6179107e-05
1.6178934e-05
1.6178735e-05
1.617851e-05
1.6178261e-05
1.6177988e-05
1.6177691e-05
1.6177371e-05
1.6177028e-05
1.6176661e-05
1.6176273e-05
1.6175861e-05
1.6175427e-05
1.6174969e-05
1.6174489e-05
1.6107702e-05
1.610697e-05
1.610626e-05
1.6105571e-05
1.6104902e-05
1.6104252e-05
1.610362e-05
1.6103007e-05
1.610241e-05
1.6101831e-05
1.6101267e-05
1.610072e-05
1.6100187e-05
1.815227e-05
1.8143056e-05
1.8133847e-05
1.8124632e-05
1.8115398e-05
1.8106134e-05
1.8096828e-05
1.808747e-05
1.8078048e-05
1.8068551e-05
1.8058967e-05
1.8049285e-05
1.8039494e-05
1.7697701e-05
1.7694528e-05
1.7691339e-05
1.7688126e-05
1.7684879e-05
1.7681589e-05
1.7678246e-05
1.767484e-05
1.7671359e-05
1.7667791e-05
1.7664127e-05
1.7660357e-05
1.7656474e-05
1.7652479e-05
1.7648385e-05
1.7644231e-05
1.7640101e-05
1.7636107e-05
1.7632324e-05
1.7628778e-05
1.7625517e-05
1.7622619e-05
1.9837488e-05
1.9833904e-05
1.983079e-05
1.9828335e-05
1.9826779e-05
1.9826406e-05
1.9827548e-05
0.00053743613
0.00053905481
0.00054087853
0.00054296708
0.0034777076
0.003487261
0.0034979116
0.009168076
0.0091810082
0.009195332
0.013959674
0.013492092
0.013492244
0.0090273424
0.0041846207
0.0013133833
3.1121754e-05
1.6697883e-05
1.6665407e-05
1.6583406e-05
1.6508735e-05
1.6470391e-05
1.6428804e-05
1.6384942e-05
1.6384817e-05
1.6344188e-05
1.6309183e-05
1.6309077e-05
1.6308974e-05
1.6277832e-05
1.6277744e-05
1.627766e-05
1.6246452e-05
1.6246356e-05
1.6246265e-05
1.6246175e-05
1.6211965e-05
1.6211921e-05
1.6211887e-05
1.6211857e-05
1.6211825e-05
1.6211787e-05
1.621174e-05
1.617971e-05
1.6179658e-05
1.6179601e-05
1.6179534e-05
1.6179455e-05
1.6179358e-05
1.6179238e-05
1.6179093e-05
1.6178922e-05
1.6178724e-05
1.6178501e-05
1.6178253e-05
1.6177981e-05
1.6177685e-05
1.6177366e-05
1.6177023e-05
1.6176657e-05
1.6176269e-05
1.6175858e-05
1.6175424e-05
1.6174967e-05
1.6174487e-05
1.6107708e-05
1.6106975e-05
1.6106265e-05
1.6105575e-05
1.6104905e-05
1.6104254e-05
1.6103622e-05
1.6103007e-05
1.610241e-05
1.610183e-05
1.6101266e-05
1.6100718e-05
1.6100185e-05
1.8151889e-05
1.8142689e-05
1.8133494e-05
1.8124291e-05
1.8115067e-05
1.8105812e-05
1.8096514e-05
1.8087163e-05
1.8077745e-05
1.8068252e-05
1.805867e-05
1.8048989e-05
1.8039198e-05
1.7697339e-05
1.7694141e-05
1.7690926e-05
1.7687684e-05
1.7684407e-05
1.7681083e-05
1.7677704e-05
1.7674258e-05
1.7670733e-05
1.7667118e-05
1.7663402e-05
1.7659575e-05
1.7655631e-05
1.7651571e-05
1.7647409e-05
1.7643183e-05
1.7638973e-05
1.7634884e-05
1.7630986e-05
1.762731e-05
1.7623907e-05
1.7620858e-05
1.9835196e-05
1.9831384e-05
1.9828023e-05
1.9825308e-05
1.9823485e-05
1.9822851e-05
1.9823755e-05
1.9826582e-05
0.00053866644
0.00054046447
0.0005425367
0.00054494731
0.0034861072
0.0034967782
0.0035087851
0.0091802127
0.0091946299
0.013962261
0.013495742
0.013495722
0.0090276497
0.004182368
0.0013115754
3.1064203e-05
1.6698095e-05
1.6665641e-05
1.6583593e-05
1.650889e-05
1.6470517e-05
1.6428891e-05
1.6384998e-05
1.6384873e-05
1.6344216e-05
1.6309199e-05
1.6309095e-05
1.6277923e-05
1.6277829e-05
1.6277743e-05
1.624654e-05
1.6246437e-05
1.6246344e-05
1.6246257e-05
1.6211976e-05
1.6211921e-05
1.6211882e-05
1.6211853e-05
1.6211828e-05
1.6211801e-05
1.6211767e-05
1.6211724e-05
1.6179676e-05
1.6179629e-05
1.6179575e-05
1.6179511e-05
1.6179433e-05
1.6179338e-05
1.6179221e-05
1.6179078e-05
1.6178908e-05
1.6178712e-05
1.6178491e-05
1.6178244e-05
1.6177973e-05
1.6177679e-05
1.617736e-05
1.6177018e-05
1.6176653e-05
1.6176265e-05
1.6175854e-05
1.617542e-05
1.6174964e-05
1.6174484e-05
1.6107715e-05
1.6106981e-05
1.6106269e-05
1.6105579e-05
1.6104908e-05
1.6104256e-05
1.6103623e-05
1.6103008e-05
1.6102411e-05
1.610183e-05
1.6101265e-05
1.6100717e-05
1.6100183e-05
1.8151451e-05
1.8142269e-05
1.813309e-05
1.8123901e-05
1.811469e-05
1.8105446e-05
1.8096157e-05
1.8086813e-05
1.8077402e-05
1.8067913e-05
1.8058335e-05
1.8048656e-05
1.8038864e-05
1.7696934e-05
1.7693709e-05
1.7690465e-05
1.7687191e-05
1.7683879e-05
1.7680519e-05
1.7677099e-05
1.7673607e-05
1.7670034e-05
1.7666365e-05
1.7662591e-05
1.7658701e-05
1.7654689e-05
1.7650556e-05
1.7646316e-05
1.7642007e-05
1.7637705e-05
1.7633505e-05
1.7629474e-05
1.7625647e-05
1.762208e-05
1.7618854e-05
1.7616085e-05
1.9828523e-05
1.9824874e-05
1.9821852e-05
1.9819712e-05
1.9818765e-05
1.9819379e-05
1.9821967e-05
0.00053821081
0.00053997628
0.00054202635
0.00054443097
0.0034847043
0.0034953872
0.0035074923
0.0091791612
0.0091936759
0.013965079
0.013972962
0.013499588
0.0090279385
0.0041797746
0.0013095057
3.0998526e-05
1.6698331e-05
1.6665902e-05
1.6583802e-05
1.6509063e-05
1.6470657e-05
1.6428986e-05
1.6385058e-05
1.6344349e-05
1.6344245e-05
1.6309215e-05
1.6309113e-05
1.6277915e-05
1.6277823e-05
1.6277741e-05
1.6246518e-05
1.6246418e-05
1.6246329e-05
1.6246246e-05
1.6211919e-05
1.6211869e-05
1.6211837e-05
1.6211814e-05
1.6211795e-05
1.6211773e-05
1.6211745e-05
1.6179678e-05
1.6179638e-05
1.6179595e-05
1.6179545e-05
1.6179484e-05
1.617941e-05
1.6179317e-05
1.6179201e-05
1.617906e-05
1.6178893e-05
1.6178699e-05
1.6178479e-05
1.6178235e-05
1.6177965e-05
1.6177671e-05
1.6177354e-05
1.6177012e-05
1.6176648e-05
1.6176261e-05
1.617585e-05
1.6175417e-05
1.6174961e-05
1.6174481e-05
1.6107722e-05
1.6106987e-05
1.6106274e-05
1.6105583e-05
1.6104911e-05
1.6104259e-05
1.6103625e-05
1.6103009e-05
1.6102411e-05
1.610183e-05
1.6101264e-05
1.6100715e-05
1.6100181e-05
1.8150952e-05
1.8141791e-05
1.813263e-05
1.8123458e-05
1.8114262e-05
1.8105031e-05
1.8095754e-05
1.8086419e-05
1.8077016e-05
1.8067533e-05
1.805796e-05
1.8048283e-05
1.7699726e-05
1.7696486e-05
1.7693232e-05
1.7689956e-05
1.7686647e-05
1.7683298e-05
1.7679896e-05
1.767643e-05
1.767289e-05
1.7669262e-05
1.7665535e-05
1.7661696e-05
1.7657736e-05
1.7653648e-05
1.7649433e-05
1.7645105e-05
1.7640702e-05
1.7636293e-05
1.7631965e-05
1.7627783e-05
1.7623784e-05
1.7620027e-05
1.7616596e-05
1.761361e-05
1.7611221e-05
1.9821323e-05
1.9817942e-05
1.9815428e-05
1.9814108e-05
1.9814371e-05
1.9816663e-05
0.00053767997
0.00053940412
0.00054142431
0.00054381767
0.0034830079
0.0034936879
0.0035058918
0.0091777884
0.0091924017
0.013968097
0.013975944
0.013503831
0.0090281888
0.0041768108
0.0013071585
3.0924226e-05
1.669859e-05
1.6666189e-05
1.6584031e-05
1.6509253e-05
1.6470811e-05
1.6429089e-05
1.6385122e-05
1.6344377e-05
1.6344275e-05
1.6309231e-05
1.6309132e-05
1.6277904e-05
1.6277815e-05
1.6277737e-05
1.6246492e-05
1.6246396e-05
1.6246311e-05
1.6246234e-05
1.6211853e-05
1.621181e-05
1.6211785e-05
1.6211769e-05
1.6211757e-05
1.6211742e-05
1.6179666e-05
1.617963e-05
1.6179595e-05
1.6179557e-05
1.6179512e-05
1.6179455e-05
1.6179383e-05
1.6179293e-05
1.617918e-05
1.6179041e-05
1.6178876e-05
1.6178685e-05
1.6178467e-05
1.6178224e-05
1.6177956e-05
1.6177663e-05
1.6177347e-05
1.6177007e-05
1.6176643e-05
1.6176256e-05
1.6175847e-05
1.6175414e-05
1.6174958e-05
1.6174479e-05
1.6173976e-05
1.6106994e-05
1.610628e-05
1.6105587e-05
1.6104914e-05
1.6104261e-05
1.6103626e-05
1.610301e-05
1.6102411e-05
1.6101829e-05
1.6101263e-05
1.6100713e-05
1.6100179e-05
1.8150388e-05
1.8141251e-05
1.8132112e-05
1.812296e-05
1.8113781e-05
1.8104566e-05
1.8095303e-05
1.808598e-05
1.8076587e-05
1.8067112e-05
1.8057544e-05
1.8047872e-05
1.7699267e-05
1.7695997e-05
1.7692711e-05
1.76894e-05
1.7686054e-05
1.7682663e-05
1.7679216e-05
1.7675701e-05
1.7672107e-05
1.7668421e-05
1.7664629e-05
1.766072e-05
1.7656683e-05
1.7652511e-05
1.7648205e-05
1.7643779e-05
1.7639269e-05
1.7634738e-05
1.7630266e-05
1.7625912e-05
1.7621718e-05
1.7617743e-05
1.7614076e-05
1.7610837e-05
1.7608187e-05
1.9817359e-05
1.981356e-05
1.9810607e-05
1.9808842e-05
1.9808683e-05
1.9810609e-05
1.9815142e-05
0.00053873787
0.00054071851
0.00054309305
0.0034809686
0.0034916246
0.0035039227
0.0091760183
0.0091907271
0.013971277
0.013979076
0.013508435
0.0090283797
0.0041734525
0.0013045179
3.0840961e-05
1.6706842e-05
1.6645877e-05
1.658428e-05
1.650946e-05
1.6470977e-05
1.64292e-05
1.638519e-05
1.6344405e-05
1.6344304e-05
1.6309245e-05
1.630915e-05
1.6277888e-05
1.6277804e-05
1.627773e-05
1.6246459e-05
1.6246368e-05
1.624629e-05
1.6211839e-05
1.6211777e-05
1.6211742e-05
1.6211726e-05
1.6211719e-05
1.6211715e-05
1.6211707e-05
1.6179604e-05
1.6179575e-05
1.6179547e-05
1.6179515e-05
1.6179475e-05
1.6179422e-05
1.6179354e-05
1.6179267e-05
1.6179157e-05
1.6179021e-05
1.6178859e-05
1.6178669e-05
1.6178454e-05
1.6178212e-05
1.6177946e-05
1.6177655e-05
1.617734e-05
1.6177e-05
1.6176638e-05
1.6176252e-05
1.6175843e-05
1.617541e-05
1.6174955e-05
1.6174476e-05
1.6173973e-05
1.6107e-05
1.6106285e-05
1.6105591e-05
1.6104917e-05
1.6104263e-05
1.6103628e-05
1.6103011e-05
1.6102411e-05
1.6101828e-05
1.6101262e-05
1.6100711e-05
1.6100176e-05
1.8149756e-05
1.8140647e-05
1.8131534e-05
1.8122405e-05
1.8113247e-05
1.810405e-05
1.8094803e-05
1.8085494e-05
1.8076113e-05
1.8066648e-05
1.8057088e-05
1.8047422e-05
1.7698771e-05
1.769547e-05
1.7692149e-05
1.7688801e-05
1.7685414e-05
1.7681979e-05
1.7678483e-05
1.7674916e-05
1.7671264e-05
1.7667514e-05
1.7663653e-05
1.7659668e-05
1.7655547e-05
1.7651284e-05
1.7646878e-05
1.7642344e-05
1.7637714e-05
1.7633046e-05
1.7628411e-05
1.7623864e-05
1.761945e-05
1.7615229e-05
1.7611291e-05
1.7607761e-05
1.7604806e-05
1.7602641e-05
1.9808696e-05
1.9805229e-05
1.980294e-05
1.9802273e-05
1.980375e-05
1.9807947e-05
0.00053796746
0.00053989612
0.00054224196
0.00054509679
0.0034891359
0.0035015161
0.0091737669
0.0091885636
0.013974562
0.0139823
0.01351337
0.0090284833
0.0041696779
0.0013015724
3.0748396e-05
1.6707088e-05
1.664619e-05
1.6584547e-05
1.6509681e-05
1.6471155e-05
1.6429317e-05
1.6385261e-05
1.6344431e-05
1.6344334e-05
1.6309258e-05
1.6309166e-05
1.6277868e-05
1.6277788e-05
1.6246527e-05
1.6246421e-05
1.6246335e-05
1.6246264e-05
1.6211744e-05
1.621169e-05
1.6211665e-05
1.6211659e-05
1.6211662e-05
1.6211668e-05
1.6179561e-05
1.6179534e-05
1.6179514e-05
1.6179494e-05
1.6179469e-05
1.6179435e-05
1.6179387e-05
1.6179323e-05
1.617924e-05
1.6179133e-05
1.6179e-05
1.617884e-05
1.6178653e-05
1.617844e-05
1.6178201e-05
1.6177936e-05
1.6177646e-05
1.6177332e-05
1.6176994e-05
1.6176632e-05
1.6176247e-05
1.6175839e-05
1.6175407e-05
1.6174952e-05
1.6174473e-05
1.6173971e-05
1.6107006e-05
1.610629e-05
1.6105595e-05
1.6104921e-05
1.6104266e-05
1.6103629e-05
1.6103011e-05
1.6102411e-05
1.6101828e-05
1.6101261e-05
1.6100709e-05
1.6100174e-05
1.8149055e-05
1.8139979e-05
1.8130895e-05
1.8121791e-05
1.8112658e-05
1.8103482e-05
1.8094254e-05
1.8084963e-05
1.8075596e-05
1.8066143e-05
1.8056594e-05
1.7701564e-05
1.7698242e-05
1.7694907e-05
1.769155e-05
1.7688162e-05
1.7684732e-05
1.768125e-05
1.7677703e-05
1.767408e-05
1.7670366e-05
1.7666549e-05
1.7662613e-05
1.7658546e-05
1.7654336e-05
1.7649975e-05
1.7645461e-05
1.7640808e-05
1.7636046e-05
1.7631226e-05
1.7626409e-05
1.7621648e-05
1.7616987e-05
1.7612489e-05
1.7608244e-05
1.760438e-05
1.7601072e-05
1.7598546e-05
1.7597085e-05
1.9799286e-05
1.979638e-05
1.9795106e-05
1.9796033e-05
1.9799802e-05
0.00053708293
0.00053894434
0.00054124832
0.00054410027
0.003486155
0.003498596
0.0091709459
0.0091858044
0.013977888
0.013985549
0.013518599
0.0090284755
0.004165469
0.0012983128
3.0646357e-05
1.6707346e-05
1.6646523e-05
1.658483e-05
1.6509916e-05
1.6471343e-05
1.6429438e-05
1.6385332e-05
1.6344455e-05
1.6344361e-05
1.6309268e-05
1.630918e-05
1.6277842e-05
1.6277767e-05
1.6246476e-05
1.6246375e-05
1.6246296e-05
1.6246233e-05
1.6211636e-05
1.6211592e-05
1.6211579e-05
1.6211585e-05
1.62116e-05
1.6179503e-05
1.6179473e-05
1.6179457e-05
1.6179447e-05
1.6179436e-05
1.6179419e-05
1.6179392e-05
1.617935e-05
1.6179291e-05
1.6179211e-05
1.6179107e-05
1.6178977e-05
1.617882e-05
1.6178636e-05
1.6178425e-05
1.6178188e-05
1.6177925e-05
1.6177637e-05
1.6177325e-05
1.6176988e-05
1.6176627e-05
1.6176243e-05
1.6175835e-05
1.6175404e-05
1.6174949e-05
1.6174471e-05
1.6173969e-05
1.6173444e-05
1.6106295e-05
1.6105599e-05
1.6104924e-05
1.6104268e-05
1.6103631e-05
1.6103012e-05
1.6102411e-05
1.6101827e-05
1.6101259e-05
1.6100707e-05
1.6100171e-05
1.8148284e-05
1.8139244e-05
1.8130193e-05
1.812112e-05
1.8112014e-05
1.8102863e-05
1.8093658e-05
1.8084386e-05
1.8075036e-05
1.8065599e-05
1.8056061e-05
1.7701038e-05
1.7697683e-05
1.7694312e-05
1.7690918e-05
1.7687488e-05
1.7684013e-05
1.7680482e-05
1.7676882e-05
1.76732e-05
1.7669421e-05
1.7665533e-05
1.7661519e-05
1.7657366e-05
1.765306e-05
1.7648594e-05
1.7643966e-05
1.7639184e-05
1.7634277e-05
1.7629289e-05
1.7624272e-05
1.7619275e-05
1.7614342e-05
1.7609534e-05
1.7604942e-05
1.7600699e-05
1.7596984e-05
1.7594036e-05
1.759216e-05
1.9792776e-05
1.9789149e-05
1.9787154e-05
1.9787412e-05
1.9790638e-05
1.9797592e-05
0.00053785024
0.00054009544
0.00054293241
0.0034826124
0.0034950815
0.0035099772
0.0091823505
0.0092000634
0.013988745
0.013524078
0.0090283306
0.004160815
0.0012947362
3.0534749e-05
1.6707612e-05
1.6646872e-05
1.6585127e-05
1.6510161e-05
1.6471538e-05
1.6429563e-05
1.6385402e-05
1.6344475e-05
1.630937e-05
1.6309273e-05
1.62779e-05
1.627781e-05
1.6277741e-05
1.6246415e-05
1.6246321e-05
1.624625e-05
1.6211589e-05
1.6211513e-05
1.6211482e-05
1.6211482e-05
1.6211502e-05
1.6211531e-05
1.6179394e-05
1.6179376e-05
1.6179373e-05
1.6179374e-05
1.6179374e-05
1.6179365e-05
1.6179345e-05
1.617931e-05
1.6179256e-05
1.617918e-05
1.6179081e-05
1.6178954e-05
1.6178801e-05
1.6178619e-05
1.6178411e-05
1.6178176e-05
1.6177915e-05
1.6177628e-05
1.6177317e-05
1.6176981e-05
1.6176622e-05
1.6176238e-05
1.6175831e-05
1.6175401e-05
1.6174947e-05
1.6174469e-05
1.6173968e-05
1.6173443e-05
1.61063e-05
1.6105603e-05
1.6104926e-05
1.610427e-05
1.6103632e-05
1.6103012e-05
1.610241e-05
1.6101826e-05
1.6101257e-05
1.6100705e-05
1.6100168e-05
1.6950329e-05
1.6945564e-05
1.6940792e-05
1.6936006e-05
1.69312e-05
1.6926367e-05
1.6921501e-05
1.6916595e-05
1.6911643e-05
1.6906639e-05
1.6901576e-05
1.6704211e-05
1.6702964e-05
1.6701684e-05
1.6700368e-05
1.6699012e-05
1.6697611e-05
1.6696161e-05
1.6694658e-05
1.6693095e-05
1.669147e-05
1.6689778e-05
1.6688014e-05
1.6686177e-05
1.7651732e-05
1.7647156e-05
1.7642404e-05
1.7637486e-05
1.7632422e-05
1.7627251e-05
1.7622017e-05
1.7616762e-05
1.761153e-05
1.7606379e-05
1.7601401e-05
1.7596728e-05
1.7592547e-05
1.758911e-05
1.7586744e-05
1.7585851e-05
1.9781245e-05
1.9778396e-05
1.9777844e-05
1.978039e-05
1.9786905e-05
0.0005366012
0.00053876627
0.00054157167
0.0034784333
0.0034908825
0.0035060289
0.0091780744
0.0091961238
0.013991806
0.013529762
0.0090280248
0.0041557071
0.00129084
3.0413609e-05
1.6707883e-05
1.6647233e-05
1.6585434e-05
1.6510415e-05
1.6471738e-05
1.6429688e-05
1.638547e-05
1.6344489e-05
1.6309366e-05
1.6309273e-05
1.6277855e-05
1.6277769e-05
1.6277708e-05
1.6246344e-05
1.6246257e-05
1.6246197e-05
1.621144e-05
1.6211376e-05
1.6211359e-05
1.6211375e-05
1.6211411e-05
1.61793e-05
1.6179272e-05
1.617927e-05
1.617928e-05
1.6179295e-05
1.6179306e-05
1.6179308e-05
1.6179297e-05
1.6179268e-05
1.617922e-05
1.6179149e-05
1.6179054e-05
1.6178931e-05
1.617878e-05
1.6178602e-05
1.6178396e-05
1.6151925e-05
1.615184e-05
1.6151734e-05
1.6151607e-05
1.615146e-05
1.6151293e-05
1.6151105e-05
1.6150898e-05
1.6150672e-05
1.6150426e-05
1.615016e-05
1.6149875e-05
1.6149571e-05
1.6094128e-05
1.6093439e-05
1.6092772e-05
1.6092124e-05
1.6091494e-05
1.6090884e-05
1.609029e-05
1.6089714e-05
1.6089154e-05
1.608861e-05
1.6088081e-05
1.6949974e-05
1.6945221e-05
1.6940459e-05
1.6935682e-05
1.6930883e-05
1.6926056e-05
1.6921195e-05
1.6916292e-05
1.6911342e-05
1.6906339e-05
1.6705086e-05
1.6703843e-05
1.670257e-05
1.6701261e-05
1.6699914e-05
1.6698523e-05
1.6697084e-05
1.6695592e-05
1.6694042e-05
1.6692428e-05
1.6690744e-05
1.6688987e-05
1.6687151e-05
1.6685233e-05
1.6683233e-05
1.6681154e-05
1.6679006e-05
1.6676808e-05
1.6674594e-05
1.6672411e-05
1.7619661e-05
1.7614129e-05
1.7608571e-05
1.7603045e-05
1.7597638e-05
1.7592484e-05
1.7587774e-05
1.7583772e-05
1.7580828e-05
1.7579387e-05
1.7579975e-05
1.9768824e-05
1.9767296e-05
1.9768992e-05
1.9774917e-05
0.00053518521
0.00053724349
0.00053999558
0.00054359428
0.0034859073
0.0035012748
0.0091728574
0.0091912363
0.013994645
0.013535603
0.013532011
0.0090201365
0.0012866248
3.0283022e-05
1.6708156e-05
1.6647605e-05
1.6585748e-05
1.6510675e-05
1.6429928e-05
1.6385647e-05
1.6385534e-05
1.6344497e-05
1.6309355e-05
1.6309267e-05
1.6277799e-05
1.6277719e-05
1.6246379e-05
1.6246262e-05
1.6246183e-05
1.6246135e-05
1.6211272e-05
1.6211222e-05
1.6211223e-05
1.6211258e-05
1.6179202e-05
1.617915e-05
1.6179139e-05
1.6179154e-05
1.6179181e-05
1.617921e-05
1.6179234e-05
1.6179248e-05
1.6179246e-05
1.6179225e-05
1.6179184e-05
1.6151936e-05
1.6151971e-05
1.6151992e-05
1.6151996e-05
1.6151979e-05
1.6151942e-05
1.6151883e-05
1.6151802e-05
1.61517e-05
1.6151577e-05
1.6151433e-05
1.6151268e-05
1.6151083e-05
1.6150878e-05
1.6150653e-05
1.6150409e-05
1.6150145e-05
1.6149861e-05
1.6149558e-05
1.6149235e-05
1.6093449e-05
1.6092779e-05
1.6092129e-05
1.6091499e-05
1.6090886e-05
1.6090292e-05
1.6089714e-05
1.6089153e-05
1.6088607e-05
1.6088077e-05
1.6949592e-05
1.6944852e-05
1.6940102e-05
1.6935335e-05
1.6930546e-05
1.6925726e-05
1.6920871e-05
1.6915974e-05
1.6911027e-05
1.6906026e-05
1.6704733e-05
1.6703466e-05
1.6702166e-05
1.6700828e-05
1.6699448e-05
1.6698021e-05
1.6696543e-05
1.6695007e-05
1.6693408e-05
1.669174e-05
1.6689997e-05
1.6688172e-05
1.6686261e-05
1.6684258e-05
1.6682163e-05
1.6679976e-05
1.6677707e-05
1.6675373e-05
1.6673004e-05
1.6670646e-05
1.6668362e-05
1.6666227e-05
1.666434e-05
1.7599554e-05
1.7593678e-05
1.7587989e-05
1.7582682e-05
1.7578031e-05
1.7574412e-05
1.7572312e-05
1.7572327e-05
1.9758435e-05
1.975574e-05
1.9756384e-05
1.9761529e-05
1.977237e-05
0.00053550983
0.00053817986
0.00054178633
0.0034800552
0.0034956035
0.0091665644
0.0091852575
0.013997169
0.013541556
0.013537411
0.0090188274
0.0012820937
0.00021858311
1.6708426e-05
1.6647982e-05
1.6548126e-05
1.6510938e-05
1.6430048e-05
1.6385702e-05
1.6385592e-05
1.6344497e-05
1.6309336e-05
1.6309253e-05
1.6277733e-05
1.627766e-05
1.6246277e-05
1.6246166e-05
1.6246099e-05
1.621119e-05
1.6211084e-05
1.6211052e-05
1.6211073e-05
1.621113e-05
1.6179018e-05
1.6178985e-05
1.6178994e-05
1.6179028e-05
1.6179074e-05
1.617912e-05
1.6179159e-05
1.6179185e-05
1.6151662e-05
1.6151724e-05
1.6151788e-05
1.6151845e-05
1.6151891e-05
1.6151922e-05
1.6151933e-05
1.6151924e-05
1.6151893e-05
1.615184e-05
1.6151764e-05
1.6151666e-05
1.6151546e-05
1.6151405e-05
1.6151244e-05
1.6151061e-05
1.6150858e-05
1.6150635e-05
1.6150392e-05
1.6150129e-05
1.6149847e-05
1.6149544e-05
1.6149223e-05
1.6093458e-05
1.6092786e-05
1.6092135e-05
1.6091503e-05
1.6090889e-05
1.6090293e-05
1.6089714e-05
1.6089151e-05
1.6088605e-05
1.6088073e-05
1.6949182e-05
1.6944458e-05
1.6939722e-05
1.6934967e-05
1.6930189e-05
1.6925379e-05
1.6920531e-05
1.691564e-05
1.6910699e-05
1.6705635e-05
1.6704374e-05
1.6703082e-05
1.6701754e-05
1.6700386e-05
1.6698973e-05
1.669751e-05
1.6695992e-05
1.6694411e-05
1.6692763e-05
1.669104e-05
1.6689235e-05
1.6687341e-05
1.6685351e-05
1.6683261e-05
1.6681065e-05
1.6678766e-05
1.6676368e-05
1.6673888e-05
1.6671353e-05
1.6668804e-05
1.66663e-05
1.6663918e-05
1.6661755e-05
1.6659944e-05
1.7589547e-05
1.7583269e-05
1.7577294e-05
1.7571904e-05
1.75675e-05
1.7564613e-05
1.7563919e-05
1.7566197e-05
1.9743158e-05
1.9742508e-05
1.9746636e-05
1.9756975e-05
0.00053354809
0.00053609997
0.00053968894
0.0034732206
0.0034888864
0.0091590565
0.0091780314
0.013999291
0.014007104
0.013542826
0.0090172443
0.0012772508
0.00021626856
1.6708691e-05
1.6648362e-05
1.6548434e-05
1.6511202e-05
1.6430163e-05
1.6385749e-05
1.6344581e-05
1.6344488e-05
1.6309306e-05
1.630923e-05
1.6277654e-05
1.6277589e-05
1.6246158e-05
1.6246056e-05
1.6246002e-05
1.6210967e-05
1.6210875e-05
1.6210863e-05
1.6210909e-05
1.6178892e-05
1.6178816e-05
1.6178805e-05
1.6178837e-05
1.6178894e-05
1.6178961e-05
1.6179026e-05
1.6179081e-05
1.615145e-05
1.6151522e-05
1.6151602e-05
1.615168e-05
1.6151751e-05
1.6151809e-05
1.6151849e-05
1.615187e-05
1.6151868e-05
1.6151844e-05
1.6151796e-05
1.6151725e-05
1.6151632e-05
1.6151516e-05
1.6151378e-05
1.6151219e-05
1.6151039e-05
1.6150838e-05
1.6150617e-05
1.6150376e-05
1.6150114e-05
1.6149833e-05
1.6149532e-05
1.614921e-05
1.6148869e-05
1.6092792e-05
1.6092139e-05
1.6091506e-05
1.609089e-05
1.6090293e-05
1.6089713e-05
1.6089149e-05
1.6088601e-05
1.6088069e-05
1.6948746e-05
1.6944039e-05
1.6939319e-05
1.6934579e-05
1.6929813e-05
1.6925014e-05
1.6920177e-05
1.6915294e-05
1.691036e-05
1.6705295e-05
1.6704011e-05
1.6702694e-05
1.6701338e-05
1.669994e-05
1.6698494e-05
1.6696994e-05
1.6695435e-05
1.669381e-05
1.6692112e-05
1.6690332e-05
1.6688464e-05
1.6686499e-05
1.668443e-05
1.6682248e-05
1.667995e-05
1.6677533e-05
1.6675001e-05
1.6672366e-05
1.6669652e-05
1.6666896e-05
1.6664153e-05
1.6661496e-05
1.6659025e-05
1.6656877e-05
1.6655238e-05
1.6654349e-05
1.7571639e-05
1.7565415e-05
1.7560103e-05
1.7556283e-05
1.7554716e-05
1.7556314e-05
1.9729539e-05
1.9727309e-05
1.9730128e-05
1.9739718e-05
0.00053134152
0.00053373017
0.00053726715
0.0034652969
0.0034809832
0.0035015086
0.0091693909
0.01400092
0.014008683
0.013548221
0.0090153766
0.0012721005
0.00021381498
1.6708946e-05
1.6648741e-05
1.654874e-05
1.6511463e-05
1.643027e-05
1.6385787e-05
1.6344556e-05
1.6344467e-05
1.6309266e-05
1.6277664e-05
1.6277561e-05
1.6277507e-05
1.6246022e-05
1.624593e-05
1.6245892e-05
1.6210717e-05
1.6210643e-05
1.6210656e-05
1.6210731e-05
1.6178647e-05
1.6178593e-05
1.6178608e-05
1.6178668e-05
1.6178751e-05
1.6178842e-05
1.6151165e-05
1.6151207e-05
1.6151282e-05
1.6151375e-05
1.6151474e-05
1.6151569e-05
1.6151655e-05
1.6151725e-05
1.6151776e-05
1.6151805e-05
1.6151812e-05
1.6151794e-05
1.6151752e-05
1.6151687e-05
1.6151598e-05
1.6151486e-05
1.6151351e-05
1.6151195e-05
1.6151017e-05
1.6150819e-05
1.6150599e-05
1.615036e-05
1.61501e-05
1.6149819e-05
1.6149519e-05
1.6149199e-05
1.6148859e-05
1.6092797e-05
1.6092143e-05
1.6091508e-05
1.6090891e-05
1.6090293e-05
1.6089711e-05
1.6089147e-05
1.6088598e-05
1.6088064e-05
1.6948284e-05
1.6943597e-05
1.6938895e-05
1.6934172e-05
1.692942e-05
1.6924635e-05
1.6919809e-05
1.6914936e-05
1.670623e-05
1.6704954e-05
1.6703648e-05
1.6702305e-05
1.6700922e-05
1.6699493e-05
1.6698014e-05
1.6696478e-05
1.6694878e-05
1.6693208e-05
1.6691459e-05
1.6689623e-05
1.6687692e-05
1.6685655e-05
1.6683504e-05
1.668123e-05
1.6678826e-05
1.6676288e-05
1.6673615e-05
1.6670818e-05
1.6667915e-05
1.6664938e-05
1.6661935e-05
1.6658977e-05
1.6656163e-05
1.6653632e-05
1.6651583e-05
1.6650283e-05
1.6650071e-05
1.7558593e-05
1.7552239e-05
1.754732e-05
1.7544688e-05
1.7545407e-05
1.7550658e-05
1.9710741e-05
1.9711895e-05
1.9720415e-05
1.9738317e-05
0.00053104342
0.00053448285
0.00053948583
0.0034717461
0.0034928647
0.0091591556
0.014001966
0.014009659
0.01355357
0.0090132233
0.0041164215
0.0002112254
1.6709189e-05
1.6649116e-05
1.6549043e-05
1.6472853e-05
1.6430367e-05
1.6385813e-05
1.6344518e-05
1.6344434e-05
1.6309213e-05
1.627755e-05
1.6277453e-05
1.6246023e-05
1.6245867e-05
1.6245788e-05
1.6210616e-05
1.6210438e-05
1.6210386e-05
1.621043e-05
1.617851e-05
1.6178376e-05
1.6178348e-05
1.6178395e-05
1.6178487e-05
1.6178601e-05
1.6150922e-05
1.6150936e-05
1.6151004e-05
1.6151104e-05
1.6151221e-05
1.6151341e-05
1.6151455e-05
1.6151556e-05
1.615164e-05
1.6151702e-05
1.6151741e-05
1.6151756e-05
1.6151745e-05
1.6151709e-05
1.6151649e-05
1.6151564e-05
1.6151456e-05
1.6151325e-05
1.6151172e-05
1.6150996e-05
1.61508e-05
1.6150582e-05
1.6150344e-05
1.6150086e-05
1.6149807e-05
1.6149508e-05
1.6149188e-05
1.6148849e-05
1.6148489e-05
1.6092145e-05
1.6091509e-05
1.6090891e-05
1.6090292e-05
1.6089709e-05
1.6089144e-05
1.6088594e-05
1.6088059e-05
1.6947798e-05
1.6943133e-05
1.6938451e-05
1.6933746e-05
1.6929011e-05
1.6924241e-05
1.6919429e-05
1.6914568e-05
1.6705911e-05
1.6704615e-05
1.6703285e-05
1.6701918e-05
1.6700507e-05
1.6699049e-05
1.6697537e-05
1.6695964e-05
1.6694324e-05
1.6692609e-05
1.669081e-05
1.6688918e-05
1.6686923e-05
1.6684815e-05
1.6682582e-05
1.6680214e-05
1.6677703e-05
1.667504e-05
1.6672224e-05
1.6669258e-05
1.6666155e-05
1.6662943e-05
1.6659662e-05
1.6656377e-05
1.6653182e-05
1.6650222e-05
1.6647702e-05
1.6645913e-05
1.664524e-05
1.6646152e-05
1.7543937e-05
1.7537731e-05
1.7533806e-05
1.7533402e-05
1.7537957e-05
1.969277e-05
1.9691821e-05
1.9698862e-05
1.9716432e-05
0.00052801153
0.00053129407
0.00053635244
0.0034610112
0.0034826607
0.009147125
0.0091738779
0.01400994
0.013558854
0.009010786
0.0041080746
0.00020850283
1.6709416e-05
1.6649484e-05
1.6549339e-05
1.6473037e-05
1.6430454e-05
1.6385825e-05
1.6344466e-05
1.6309242e-05
1.6309146e-05
1.6277419e-05
1.6277329e-05
1.6245841e-05
1.624569e-05
1.6245627e-05
1.6210292e-05
1.6210126e-05
1.6210103e-05
1.6210184e-05
1.6178187e-05
1.6178076e-05
1.6178082e-05
1.6178167e-05
1.6178296e-05
1.6150688e-05
1.6150646e-05
1.6150689e-05
1.6150788e-05
1.6150918e-05
1.6151061e-05
1.6151205e-05
1.6151339e-05
1.6151457e-05
1.6151554e-05
1.6151629e-05
1.6151678e-05
1.61517e-05
1.6151697e-05
1.6151667e-05
1.6151612e-05
1.6151532e-05
1.6151427e-05
1.61513e-05
1.6151149e-05
1.6150976e-05
1.6150782e-05
1.6150566e-05
1.615033e-05
1.6150073e-05
1.6149795e-05
1.6149497e-05
1.6149179e-05
1.614884e-05
1.6148481e-05
1.6092146e-05
1.6091509e-05
1.609089e-05
1.609029e-05
1.6089707e-05
1.608914e-05
1.6088589e-05
1.6088054e-05
1.6947288e-05
1.6942647e-05
1.6937988e-05
1.6933304e-05
1.6928588e-05
1.6923835e-05
1.6919038e-05
1.6706881e-05
1.6705595e-05
1.6704278e-05
1.6702926e-05
1.6701534e-05
1.6700098e-05
1.669861e-05
1.6697066e-05
1.6695457e-05
1.6693778e-05
1.6692018e-05
1.669017e-05
1.6688222e-05
1.6686164e-05
1.6683984e-05
1.668167e-05
1.6679209e-05
1.6676589e-05
1.6673801e-05
1.6670837e-05
1.6667697e-05
1.6664387e-05
1.6660927e-05
1.665735e-05
1.6653712e-05
1.6650103e-05
1.6646661e-05
1.6643603e-05
1.6641241e-05
1.6640006e-05
1.664045e-05
1.6643186e-05
1.7527531e-05
1.7522048e-05
1.7520224e-05
1.7523807e-05
1.7534554e-05
1.9669797e-05
1.9674834e-05
1.969169e-05
0.00052460697
0.00052765593
0.00053272313
0.0034485936
0.0034706779
0.009133081
0.0091608681
0.014009432
0.013564066
0.0090080789
0.0040992582
0.00020564927
1.6709625e-05
1.6649842e-05
1.6549626e-05
1.647321e-05
1.6430527e-05
1.6385823e-05
1.6344397e-05
1.6309154e-05
1.6309064e-05
1.6277268e-05
1.6277187e-05
1.6245632e-05
1.6245489e-05
1.6245447e-05
1.6209928e-05
1.6209779e-05
1.6209792e-05
1.6178083e-05
1.6177826e-05
1.6177745e-05
1.6177793e-05
1.6177923e-05
1.61505e-05
1.615036e-05
1.6150347e-05
1.6150425e-05
1.6150559e-05
1.6150723e-05
1.6150896e-05
1.6151065e-05
1.6151221e-05
1.6151357e-05
1.6151469e-05
1.6151556e-05
1.6151615e-05
1.6151646e-05
1.615165e-05
1.6151626e-05
1.6151576e-05
1.6151501e-05
1.61514e-05
1.6151275e-05
1.6151128e-05
1.6150957e-05
1.6150765e-05
1.6150551e-05
1.6150316e-05
1.6150061e-05
1.6149784e-05
1.6149487e-05
1.614917e-05
1.6148832e-05
1.6148473e-05
1.6148094e-05
1.6091508e-05
1.6090888e-05
1.6090287e-05
1.6089703e-05
1.6089136e-05
1.6088585e-05
1.6088049e-05
1.637249e-05
1.6370895e-05
1.6369297e-05
1.6367692e-05
1.6366079e-05
1.6364455e-05
1.6362818e-05
1.6350493e-05
1.6350182e-05
1.6349838e-05
1.6349458e-05
1.6349042e-05
1.6348587e-05
1.6348092e-05
1.6347554e-05
1.6346973e-05
1.6346344e-05
1.6345667e-05
1.6344939e-05
1.6344159e-05
1.6343324e-05
1.6342434e-05
1.634149e-05
1.6678221e-05
1.6675494e-05
1.6672579e-05
1.6669466e-05
1.6666148e-05
1.6662626e-05
1.6658909e-05
1.665502e-05
1.6651005e-05
1.6646944e-05
1.6642971e-05
1.6639301e-05
1.6636269e-05
1.6634355e-05
1.6634202e-05
1.6636561e-05
1.7516754e-05
1.7509406e-05
1.7505795e-05
1.7508049e-05
1.7518425e-05
1.9645715e-05
1.9648086e-05
1.9663711e-05
1.9696075e-05
0.00052351969
0.00052853027
0.0034342936
0.0034566695
0.0091167756
0.0091455987
0.014008038
0.013569213
0.0090051208
0.0040899868
0.0002026666
1.6709813e-05
1.6650187e-05
1.6549902e-05
1.6473371e-05
1.6430586e-05
1.6385804e-05
1.6344311e-05
1.6309049e-05
1.6308965e-05
1.6277096e-05
1.6277025e-05
1.6245394e-05
1.6245263e-05
1.6209872e-05
1.6209517e-05
1.6209393e-05
1.6209452e-05
1.6177665e-05
1.6177423e-05
1.6177382e-05
1.6177482e-05
1.6177665e-05
1.6150117e-05
1.615e-05
1.6150024e-05
1.6150143e-05
1.6150319e-05
1.6150521e-05
1.6150727e-05
1.6150924e-05
1.6151103e-05
1.6151258e-05
1.6151386e-05
1.6151485e-05
1.6151555e-05
1.6151595e-05
1.6151605e-05
1.6151588e-05
1.6127636e-05
1.6127601e-05
1.6127546e-05
1.6127471e-05
1.6127377e-05
1.6127263e-05
1.6127131e-05
1.6126979e-05
1.6126809e-05
1.612662e-05
1.6126413e-05
1.6126187e-05
1.6125944e-05
1.6125682e-05
1.6125403e-05
1.6125105e-05
1.6079515e-05
1.6078956e-05
1.6078416e-05
1.6077892e-05
1.6077385e-05
1.6076893e-05
1.6076416e-05
1.6372319e-05
1.6370729e-05
1.6369135e-05
1.6367535e-05
1.6365926e-05
1.6364305e-05
1.6350604e-05
1.6350314e-05
1.6349991e-05
1.6349632e-05
1.6349237e-05
1.6348803e-05
1.6348329e-05
1.6347813e-05
1.6347252e-05
1.6346643e-05
1.6345985e-05
1.6345274e-05
1.6344507e-05
1.6343683e-05
1.6342798e-05
1.634185e-05
1.6340841e-05
1.633977e-05
1.6338644e-05
1.6337472e-05
1.6336273e-05
1.6335075e-05
1.633392e-05
1.6656904e-05
1.6652691e-05
1.6648278e-05
1.6643732e-05
1.6639175e-05
1.6634818e-05
1.6631008e-05
1.6628276e-05
1.6627369e-05
1.6629207e-05
1.6634707e-05
1.7495883e-05
1.7490042e-05
1.7490508e-05
1.7500189e-05
1.7521359e-05
1.9618351e-05
1.9632041e-05
1.9665255e-05
0.00051883119
0.00052369379
0.00053177186
0.0034403359
0.0034738518
0.0091277522
0.01400566
0.013574312
0.0090019392
0.0040802725
0.00019955613
1.6709979e-05
1.6650518e-05
1.6550165e-05
1.6473519e-05
1.6430629e-05
1.6385767e-05
1.6344205e-05
1.6308925e-05
1.6277067e-05
1.6276899e-05
1.6245401e-05
1.6245124e-05
1.6245008e-05
1.6209415e-05
1.6209054e-05
1.6208965e-05
1.6177701e-05
1.6177193e-05
1.6176974e-05
1.6176984e-05
1.6177147e-05
1.614999e-05
1.6149692e-05
1.6149605e-05
1.6149675e-05
1.6149845e-05
1.6150069e-05
1.6150313e-05
1.6150556e-05
1.6150783e-05
1.6150986e-05
1.6151161e-05
1.6127342e-05
1.6127401e-05
1.6127458e-05
1.6127505e-05
1.6127538e-05
1.6127553e-05
1.6127548e-05
1.6127523e-05
1.6127477e-05
1.612741e-05
1.6127322e-05
1.6127214e-05
1.6127086e-05
1.6126939e-05
1.6126772e-05
1.6126586e-05
1.6126382e-05
1.6126159e-05
1.6125918e-05
1.6125658e-05
1.612538e-05
1.6125084e-05
1.6124769e-05
1.6078961e-05
1.6078419e-05
1.6077893e-05
1.6077384e-05
1.6076891e-05
1.6076413e-05
1.6372141e-05
1.6370558e-05
1.636897e-05
1.6367375e-05
1.636577e-05
1.6364153e-05
1.6350441e-05
1.635014e-05
1.6349804e-05
1.6349431e-05
1.6349021e-05
1.634857e-05
1.6348077e-05
1.634754e-05
1.6346955e-05
1.634632e-05
1.6345632e-05
1.6344887e-05
1.6344082e-05
1.6343213e-05
1.6342278e-05
1.6341272e-05
1.6340195e-05
1.6339046e-05
1.6337829e-05
1.6336551e-05
1.6335227e-05
1.6333885e-05
1.6332566e-05
1.6331333e-05
1.6330275e-05
1.6329516e-05
1.6640494e-05
1.6635303e-05
1.6630179e-05
1.6625475e-05
1.6621765e-05
1.6619911e-05
1.6621042e-05
1.6626344e-05
1.6636627e-05
1.7472903e-05
1.7470987e-05
1.7479525e-05
1.750166e-05
1.9585357e-05
1.9596158e-05
1.9629809e-05
0.00051353278
0.00051812654
0.00052649357
0.0034213542
0.0034566356
0.0091069858
0.014002191
0.013579394
0.0089985721
0.0040701309
0.00019631798
1.6710119e-05
1.6650832e-05
1.6550414e-05
1.6473651e-05
1.6430654e-05
1.6385711e-05
1.6344079e-05
1.630878e-05
1.6276845e-05
1.6276677e-05
1.6245101e-05
1.6244817e-05
1.6244722e-05
1.6208892e-05
1.6208532e-05
1.6208491e-05
1.6177185e-05
1.6176656e-05
1.6176472e-05
1.617655e-05
1.6150085e-05
1.6149508e-05
1.6149218e-05
1.6149173e-05
1.61493e-05
1.614953e-05
1.614981e-05
1.6150102e-05
1.6150384e-05
1.6126995e-05
1.6127007e-05
1.6127063e-05
1.6127141e-05
1.6127227e-05
1.6127307e-05
1.6127374e-05
1.6127423e-05
1.6127453e-05
1.612746e-05
1.6127445e-05
1.6127408e-05
1.6127349e-05
1.6127268e-05
1.6127166e-05
1.6127043e-05
1.6126899e-05
1.6126736e-05
1.6126554e-05
1.6126352e-05
1.6126132e-05
1.6125892e-05
1.6125634e-05
1.6125358e-05
1.6125063e-05
1.6124749e-05
1.6078964e-05
1.607842e-05
1.6077893e-05
1.6077383e-05
1.6076888e-05
1.6076409e-05
1.6371958e-05
1.6370381e-05
1.63688e-05
1.6367211e-05
1.6365611e-05
1.635056e-05
1.6350282e-05
1.634997e-05
1.6349622e-05
1.6349236e-05
1.634881e-05
1.6348343e-05
1.6347831e-05
1.6347273e-05
1.6346665e-05
1.6346005e-05
1.6345287e-05
1.6344509e-05
1.6343666e-05
1.6342753e-05
1.6341767e-05
1.6340703e-05
1.6339558e-05
1.6338329e-05
1.6337018e-05
1.6335629e-05
1.6334175e-05
1.6332679e-05
1.6331181e-05
1.6329744e-05
1.6328459e-05
1.6327462e-05
1.6326926e-05
1.663139e-05
1.6625422e-05
1.6619698e-05
1.6614827e-05
1.6611791e-05
1.6611973e-05
1.6616921e-05
1.6627739e-05
1.7454337e-05
1.7449271e-05
1.745604e-05
1.7479038e-05
1.7519426e-05
1.9555446e-05
1.9588888e-05
1.9654163e-05
0.00051172298
0.00052032307
0.0033993335
0.0034363546
0.0090828732
0.013997515
0.013584506
0.0089950718
0.0040595809
0.00019295263
1.6710231e-05
1.6651128e-05
1.6550646e-05
1.6473766e-05
1.643066e-05
1.6385633e-05
1.6343931e-05
1.6308611e-05
1.6276593e-05
1.6276425e-05
1.6244757e-05
1.6244468e-05
1.6209089e-05
1.6208294e-05
1.6207941e-05
1.6177581e-05
1.6176594e-05
1.6176047e-05
1.6175913e-05
1.6176079e-05
1.6149582e-05
1.6148963e-05
1.614869e-05
1.61487e-05
1.6148899e-05
1.6149201e-05
1.6149544e-05
1.6149889e-05
1.6126711e-05
1.6126682e-05
1.612673e-05
1.6126823e-05
1.6126934e-05
1.6127049e-05
1.6127153e-05
1.6127242e-05
1.6127309e-05
1.6127353e-05
1.6127373e-05
1.6127369e-05
1.6127341e-05
1.6127289e-05
1.6127215e-05
1.6127118e-05
1.6127e-05
1.6126861e-05
1.6126701e-05
1.6126522e-05
1.6126323e-05
1.6126105e-05
1.6125868e-05
1.6125612e-05
1.6125337e-05
1.6125043e-05
1.6124731e-05
1.6124399e-05
1.607842e-05
1.6077892e-05
1.607738e-05
1.6076884e-05
1.6076404e-05
1.6371769e-05
1.63702e-05
1.6368626e-05
1.6367044e-05
1.635067e-05
1.6350417e-05
1.6350129e-05
1.6349806e-05
1.6349445e-05
1.6349046e-05
1.6348606e-05
1.6348123e-05
1.6347593e-05
1.6347015e-05
1.6346385e-05
1.6345698e-05
1.6344952e-05
1.6344141e-05
1.634326e-05
1.6342305e-05
1.6341269e-05
1.6340146e-05
1.6338933e-05
1.6337623e-05
1.6336216e-05
1.6334713e-05
1.6333123e-05
1.6331465e-05
1.6329774e-05
1.6328111e-05
1.6326571e-05
1.6325299e-05
1.632449e-05
1.6324391e-05
1.632526e-05
1.6613718e-05
1.6607479e-05
1.6602974e-05
1.6601891e-05
1.6606271e-05
1.6617649e-05
1.6635997e-05
1.7425133e-05
1.7429254e-05
1.745293e-05
1.7497975e-05
1.9509189e-05
1.9541443e-05
1.9612811e-05
0.00050436467
0.00051310265
0.003373822
0.0034124804
0.0090549287
0.013991506
0.014002843
0.013574472
0.0040486452
0.0001894596
1.6710315e-05
1.6651403e-05
1.655086e-05
1.6473863e-05
1.6385663e-05
1.6343883e-05
1.6343758e-05
1.6308418e-05
1.6276307e-05
1.627614e-05
1.6244363e-05
1.624407e-05
1.6208484e-05
1.6207605e-05
1.6207272e-05
1.6177018e-05
1.6175913e-05
1.6175351e-05
1.6175291e-05
1.6150075e-05
1.6149009e-05
1.6148344e-05
1.6148099e-05
1.6148184e-05
1.6148472e-05
1.6148859e-05
1.6126729e-05
1.6126447e-05
1.6126335e-05
1.6126348e-05
1.612644e-05
1.6126573e-05
1.6126722e-05
1.6126868e-05
1.6126999e-05
1.6127109e-05
1.6127195e-05
1.6127255e-05
1.6127288e-05
1.6127294e-05
1.6127275e-05
1.6127231e-05
1.6127163e-05
1.6127072e-05
1.6126958e-05
1.6126823e-05
1.6126668e-05
1.6126491e-05
1.6126295e-05
1.6126079e-05
1.6125844e-05
1.612559e-05
1.6125317e-05
1.6125024e-05
1.6124713e-05
1.6124383e-05
1.6124033e-05
1.6077889e-05
1.6077377e-05
1.607688e-05
1.6076398e-05
1.6371575e-05
1.6370015e-05
1.6368449e-05
1.6366874e-05
1.6350541e-05
1.6350278e-05
1.6349981e-05
1.6349647e-05
1.6349276e-05
1.6348864e-05
1.634841e-05
1.6347911e-05
1.6347364e-05
1.6346766e-05
1.6346114e-05
1.6345403e-05
1.6344629e-05
1.6343786e-05
1.6342869e-05
1.6341871e-05
1.6340786e-05
1.6339606e-05
1.6338324e-05
1.6336934e-05
1.633543e-05
1.633381e-05
1.6332079e-05
1.633025e-05
1.6328352e-05
1.6326443e-05
1.6324618e-05
1.6323029e-05
1.6321897e-05
1.6321514e-05
1.6322194e-05
1.6324185e-05
1.6599759e-05
1.6593439e-05
1.6590674e-05
1.6594181e-05
1.6606151e-05
1.6626509e-05
1.6652861e-05
1.7398572e-05
1.7422606e-05
1.7473327e-05
1.9456568e-05
1.9486136e-05
1.9564342e-05
0.0004959138
0.00050464626
0.0033442889
0.0033843709
0.0090225602
0.009078534
0.013995789
0.013578162
0.0040373519
0.00018583817
1.6710368e-05
1.6651656e-05
1.6551056e-05
1.647394e-05
1.6385537e-05
1.6343683e-05
1.6308365e-05
1.6308196e-05
1.6275981e-05
1.6275819e-05
1.6243909e-05
1.6243618e-05
1.6207784e-05
1.6206806e-05
1.6206513e-05
1.6176375e-05
1.6175122e-05
1.6174553e-05
1.6151088e-05
1.6149565e-05
1.6148352e-05
1.6147636e-05
1.6147437e-05
1.6147622e-05
1.6148023e-05
1.6126768e-05
1.6126265e-05
1.6126e-05
1.6125928e-05
1.6125992e-05
1.6126135e-05
1.6126316e-05
1.6126506e-05
1.6126686e-05
1.6126845e-05
1.6126979e-05
1.6127083e-05
1.6127158e-05
1.6127204e-05
1.6127221e-05
1.6127211e-05
1.6127174e-05
1.6127113e-05
1.6127027e-05
1.6126918e-05
1.6126788e-05
1.6126635e-05
1.6126462e-05
1.6126268e-05
1.6126055e-05
1.6125822e-05
1.6125569e-05
1.6125298e-05
1.6125007e-05
1.6124696e-05
1.6124367e-05
1.6124018e-05
1.6077885e-05
1.6077372e-05
1.6076874e-05
1.6076391e-05
1.6371376e-05
1.6369826e-05
1.6368269e-05
1.6350654e-05
1.6350417e-05
1.6350146e-05
1.634984e-05
1.6349496e-05
1.6349113e-05
1.6348689e-05
1.6348221e-05
1.6347708e-05
1.6347144e-05
1.6346528e-05
1.6345855e-05
1.634512e-05
1.6344319e-05
1.6343445e-05
1.6342493e-05
1.6341454e-05
1.6340321e-05
1.6339084e-05
1.6337735e-05
1.6336265e-05
1.6334664e-05
1.6332927e-05
1.6331051e-05
1.6329044e-05
1.6326928e-05
1.6324753e-05
1.632261e-05
1.6320657e-05
1.6319143e-05
1.6318412e-05
1.6318857e-05
1.6320781e-05
1.6324261e-05
1.6583189e-05
1.6578192e-05
1.6580379e-05
1.6592979e-05
1.6615855e-05
1.6645275e-05
1.7363255e-05
1.7387101e-05
1.7444962e-05
1.752649e-05
1.9421253e-05
1.9507153e-05
1.9649868e-05
0.0004947189
0.00051229637
0.0033512342
0.0089850736
0.0090455127
0.013987134
0.013581975
0.0040257315
0.00018208787
1.6710389e-05
1.6651886e-05
1.655123e-05
1.6473995e-05
1.6385384e-05
1.6343453e-05
1.6308116e-05
1.6307943e-05
1.6275611e-05
1.6244113e-05
1.6243384e-05
1.6208827e-05
1.6206966e-05
1.6205872e-05
1.6177664e-05
1.6175638e-05
1.6174197e-05
1.6173634e-05
1.6150743e-05
1.6148991e-05
1.6147592e-05
1.614682e-05
1.6146694e-05
1.6147016e-05
1.6127073e-05
1.6126268e-05
1.6125748e-05
1.6125508e-05
1.6125488e-05
1.6125614e-05
1.6125818e-05
1.6126053e-05
1.6126287e-05
1.6126503e-05
1.6126693e-05
1.612685e-05
1.6126974e-05
1.6127064e-05
1.6127123e-05
1.6127151e-05
1.6127149e-05
1.612712e-05
1.6127065e-05
1.6126984e-05
1.612688e-05
1.6126753e-05
1.6126604e-05
1.6126434e-05
1.6126243e-05
1.6126032e-05
1.6125801e-05
1.612555e-05
1.612528e-05
1.612499e-05
1.6124681e-05
1.6124353e-05
1.6124005e-05
1.6123637e-05
1.6077366e-05
1.6076867e-05
1.6076384e-05
1.6371173e-05
1.6369633e-05
1.6368085e-05
1.6350543e-05
1.6350299e-05
1.635002e-05
1.6349705e-05
1.6349351e-05
1.6348958e-05
1.6348522e-05
1.6348042e-05
1.6347514e-05
1.6346935e-05
1.6346301e-05
1.6345608e-05
1.6344851e-05
1.6344024e-05
1.6343121e-05
1.6342134e-05
1.6341056e-05
1.6339876e-05
1.6338585e-05
1.6337171e-05
1.6335622e-05
1.6333926e-05
1.633207e-05
1.6330048e-05
1.6327858e-05
1.6325513e-05
1.6323052e-05
1.6320558e-05
1.6318191e-05
1.6316224e-05
1.6315067e-05
1.6315215e-05
1.6317064e-05
1.6320658e-05
1.6325699e-05
1.656431e-05
1.6564515e-05
1.6577781e-05
1.660393e-05
1.663704e-05
1.6672219e-05
1.734511e-05
1.7412318e-05
1.7507318e-05
1.9344531e-05
1.9439177e-05
1.960667e-05
0.00048303182
0.00050226729
0.0033120889
0.0089415995
0.0090068819
0.013976684
0.013586032
0.0040138206
0.0011921884
1.6710376e-05
1.6652091e-05
1.6551382e-05
1.6474028e-05
1.6385202e-05
1.6343191e-05
1.6307832e-05
1.6307656e-05
1.6275189e-05
1.6243596e-05
1.6242773e-05
1.6208227e-05
1.6206002e-05
1.620477e-05
1.6177175e-05
1.6174793e-05
1.6173103e-05
1.6152398e-05
1.6150382e-05
1.6148344e-05
1.6146706e-05
1.6145872e-05
1.6145862e-05
1.6127718e-05
1.6126584e-05
1.6125706e-05
1.6125169e-05
1.6124965e-05
1.6125014e-05
1.6125216e-05
1.612549e-05
1.6125785e-05
1.6126068e-05
1.6126323e-05
1.6126543e-05
1.6126725e-05
1.6126868e-05
1.6126974e-05
1.6127045e-05
1.6127083e-05
1.612709e-05
1.6127068e-05
1.6127019e-05
1.6126944e-05
1.6126844e-05
1.6126721e-05
1.6126575e-05
1.6126407e-05
1.6126219e-05
1.612601e-05
1.6125781e-05
1.6125532e-05
1.6125263e-05
1.6124975e-05
1.6124667e-05
1.612434e-05
1.6123993e-05
1.6123626e-05
1.6077358e-05
1.6076859e-05
1.6076376e-05
1.6173397e-05
1.6173719e-05
1.6224093e-05
1.62249e-05
1.622568e-05
1.6226431e-05
1.6227156e-05
1.6227854e-05
1.6228526e-05
1.6229172e-05
1.6229792e-05
1.6230387e-05
1.6230957e-05
1.6231501e-05
1.623202e-05
1.6232513e-05
1.6232981e-05
1.6233421e-05
1.6341795e-05
1.6340679e-05
1.6339456e-05
1.6338113e-05
1.6336636e-05
1.633501e-05
1.633322e-05
1.6331248e-05
1.632908e-05
1.6326704e-05
1.6324122e-05
1.6321357e-05
1.631848e-05
1.6315644e-05
1.6313141e-05
1.6311456e-05
1.6311229e-05
1.6312995e-05
1.6316764e-05
1.6321956e-05
1.6328173e-05
1.6546133e-05
1.656008e-05
1.6590646e-05
1.6628294e-05
1.6665674e-05
1.7294802e-05
1.7374807e-05
1.7486872e-05
1.9252979e-05
1.9357681e-05
1.9557384e-05
0.00046922262
0.00049031267
0.0032657021
0.0033522057
0.0089615712
0.013964206
0.013590482
0.008951803
0.001183387
1.6710327e-05
1.6652269e-05
1.6513794e-05
1.6430483e-05
1.6384987e-05
1.6342892e-05
1.6307509e-05
1.6275235e-05
1.6274705e-05
1.6242995e-05
1.6242057e-05
1.6207561e-05
1.6204851e-05
1.6203453e-05
1.6176663e-05
1.6173824e-05
1.6171789e-05
1.615226e-05
1.6150014e-05
1.6147616e-05
1.6145657e-05
1.6144762e-05
1.6128671e-05
1.6127299e-05
1.612604e-05
1.612507e-05
1.6124516e-05
1.6124366e-05
1.6124503e-05
1.6124797e-05
1.6125154e-05
1.6125515e-05
1.6125851e-05
1.6126147e-05
1.6126398e-05
1.6126604e-05
1.6126766e-05
1.6126888e-05
1.6126971e-05
1.6127019e-05
1.6127035e-05
1.6127019e-05
1.6126976e-05
1.6101946e-05
1.6102018e-05
1.6102073e-05
1.610211e-05
1.610213e-05
1.6102132e-05
1.6102116e-05
1.6102083e-05
1.6102033e-05
1.6101966e-05
1.6101881e-05
1.6101781e-05
1.6101664e-05
1.610153e-05
1.610138e-05
1.6101213e-05
1.6061847e-05
1.6061319e-05
1.6173345e-05
1.6173671e-05
1.6224097e-05
1.6224906e-05
1.6225687e-05
1.622644e-05
1.6227166e-05
1.6227865e-05
1.6228538e-05
1.6229185e-05
1.6229807e-05
1.6230403e-05
1.6230973e-05
1.6231518e-05
1.6232038e-05
1.6232532e-05
1.6233e-05
1.6233441e-05
1.6233855e-05
1.6234239e-05
1.6234593e-05
1.6234915e-05
1.6235202e-05
1.623545e-05
1.6235654e-05
1.6235809e-05
1.6235906e-05
1.6325594e-05
1.632277e-05
1.6319689e-05
1.6316398e-05
1.6313034e-05
1.6309899e-05
1.6307557e-05
1.6306843e-05
1.630852e-05
1.6312575e-05
1.6317992e-05
1.6323845e-05
1.652464e-05
1.6539231e-05
1.6575965e-05
1.6619294e-05
1.6658187e-05
1.7233526e-05
1.7331988e-05
1.7465907e-05
1.7593116e-05
1.9258946e-05
1.9501936e-05
0.00045282463
0.00047602113
0.0032105124
0.003306805
0.0089082064
0.013949421
0.013595529
0.0089466923
0.00117432
1.6710242e-05
1.665242e-05
1.6513856e-05
1.643034e-05
1.6384737e-05
1.6342554e-05
1.630714e-05
1.6274744e-05
1.6274148e-05
1.6242292e-05
1.6241209e-05
1.6206834e-05
1.620346e-05
1.6179307e-05
1.617615e-05
1.6172719e-05
1.6170186e-05
1.6152144e-05
1.6149653e-05
1.6146797e-05
1.6144403e-05
1.6143448e-05
1.6128336e-05
1.612685e-05
1.612543e-05
1.6124344e-05
1.6123777e-05
1.6123704e-05
1.6123956e-05
1.6124363e-05
1.6124813e-05
1.6125247e-05
1.6125638e-05
1.6125976e-05
1.6100719e-05
1.6100742e-05
1.6100835e-05
1.6100969e-05
1.6101122e-05
1.6101279e-05
1.610143e-05
1.6101569e-05
1.6101693e-05
1.61018e-05
1.6101887e-05
1.6101956e-05
1.6102005e-05
1.6102034e-05
1.6102045e-05
1.6102037e-05
1.6102011e-05
1.6101967e-05
1.6101905e-05
1.6101826e-05
1.6101729e-05
1.6101616e-05
1.6101485e-05
1.6101338e-05
1.6101174e-05
1.6061848e-05
1.6061318e-05
1.6173289e-05
1.6223261e-05
1.6224101e-05
1.6224912e-05
1.6225694e-05
1.6226448e-05
1.6227175e-05
1.6227876e-05
1.622855e-05
1.6229198e-05
1.622982e-05
1.6230417e-05
1.6230989e-05
1.6231535e-05
1.6232056e-05
1.6232551e-05
1.623302e-05
1.6233461e-05
1.6233876e-05
1.6234261e-05
1.6234616e-05
1.6234938e-05
1.6235225e-05
1.6235473e-05
1.6235676e-05
1.6235827e-05
1.6235916e-05
1.623593e-05
1.6235855e-05
1.6235673e-05
1.6314339e-05
1.631039e-05
1.6306513e-05
1.6303349e-05
1.6301988e-05
1.6303562e-05
1.6308079e-05
1.6313881e-05
1.6319159e-05
1.6325185e-05
1.651436e-05
1.6559965e-05
1.6610455e-05
1.6649672e-05
1.668865e-05
1.7284017e-05
1.744574e-05
1.7582515e-05
1.9137927e-05
1.9441161e-05
0.00043322336
0.00045886472
0.0031444711
0.0032520481
0.0088450361
0.013931971
0.013601417
0.0089420286
0.0011649937
1.6710118e-05
1.6652543e-05
1.6513892e-05
1.6430164e-05
1.6384448e-05
1.6342171e-05
1.630672e-05
1.627418e-05
1.6273501e-05
1.6241461e-05
1.6240191e-05
1.6206064e-05
1.6201749e-05
1.6179112e-05
1.6175674e-05
1.6171481e-05
1.6154129e-05
1.6152065e-05
1.6149317e-05
1.6145885e-05
1.6142881e-05
1.6129444e-05
1.6127992e-05
1.6126371e-05
1.6124743e-05
1.6123507e-05
1.6122935e-05
1.6122973e-05
1.6123374e-05
1.6123916e-05
1.6124472e-05
1.6100936e-05
1.6100497e-05
1.6100287e-05
1.6100248e-05
1.6100324e-05
1.6100469e-05
1.610065e-05
1.6100844e-05
1.6101037e-05
1.6101218e-05
1.6101383e-05
1.6101529e-05
1.6101655e-05
1.6101758e-05
1.610184e-05
1.6101901e-05
1.6101941e-05
1.6101961e-05
1.6101961e-05
1.6101941e-05
1.6101903e-05
1.6101846e-05
1.6101772e-05
1.6101679e-05
1.6101569e-05
1.6101442e-05
1.6101297e-05
1.6101136e-05
1.6100957e-05
1.6061316e-05
1.617323e-05
1.6223264e-05
1.6224105e-05
1.6224917e-05
1.6225701e-05
1.6226456e-05
1.6227184e-05
1.6227886e-05
1.6228561e-05
1.622921e-05
1.6229833e-05
1.6230431e-05
1.6231004e-05
1.6231551e-05
1.6232073e-05
1.6232569e-05
1.6233038e-05
1.6233482e-05
1.6233897e-05
1.6234284e-05
1.623464e-05
1.6234964e-05
1.6235252e-05
1.62355e-05
1.6235704e-05
1.6235853e-05
1.6235938e-05
1.6235941e-05
1.6235842e-05
1.6235614e-05
1.6235237e-05
1.6234709e-05
1.6303014e-05
1.6298816e-05
1.629657e-05
1.6298007e-05
1.6303259e-05
1.6309729e-05
1.6314258e-05
1.6317565e-05
1.6330988e-05
1.6543047e-05
1.6602344e-05
1.6640169e-05
1.6672695e-05
1.7232736e-05
1.7428388e-05
1.7568916e-05
1.8987868e-05
1.9377882e-05
1.9768255e-05
0.00043820417
0.00049420575
0.0031855757
0.0087697347
0.013911404
0.013608474
0.0089380403
0.0011554214
1.6709954e-05
1.6652634e-05
1.6513901e-05
1.6429952e-05
1.6384116e-05
1.6341736e-05
1.6306237e-05
1.6273523e-05
1.6243226e-05
1.6240469e-05
1.6210661e-05
1.6205299e-05
1.6199614e-05
1.6178895e-05
1.6175287e-05
1.6170154e-05
1.6153967e-05
1.6152033e-05
1.6149025e-05
1.6144896e-05
1.6130694e-05
1.6129044e-05
1.612765e-05
1.6125865e-05
1.6123965e-05
1.6122532e-05
1.6121969e-05
1.612217e-05
1.6122764e-05
1.6102106e-05
1.6101053e-05
1.6100314e-05
1.6099889e-05
1.6099724e-05
1.6099746e-05
1.6099886e-05
1.6100091e-05
1.6100324e-05
1.6100563e-05
1.6100794e-05
1.6101007e-05
1.6101199e-05
1.6101368e-05
1.6101512e-05
1.6101631e-05
1.6101727e-05
1.61018e-05
1.610185e-05
1.6101878e-05
1.6101886e-05
1.6101873e-05
1.6101841e-05
1.6101789e-05
1.6101719e-05
1.6101631e-05
1.6101524e-05
1.61014e-05
1.6101259e-05
1.6101099e-05
1.6100923e-05
1.6061312e-05
1.6222394e-05
1.6223267e-05
1.622411e-05
1.6224923e-05
1.6225707e-05
1.6226464e-05
1.6227193e-05
1.6227895e-05
1.6228571e-05
1.6229221e-05
1.6229845e-05
1.6230444e-05
1.6231018e-05
1.6231566e-05
1.6232089e-05
1.6232586e-05
1.6233057e-05
1.6233501e-05
1.6233918e-05
1.6234307e-05
1.6234665e-05
1.6234991e-05
1.6235281e-05
1.6235533e-05
1.6235739e-05
1.623589e-05
1.6235975e-05
1.6235972e-05
1.6235854e-05
1.6235586e-05
1.6235126e-05
1.6234453e-05
1.6233594e-05
1.6232723e-05
1.6290472e-05
1.6291692e-05
1.6298083e-05
1.6305677e-05
1.6309432e-05
1.6308358e-05
1.6320414e-05
1.6526288e-05
1.6595644e-05
1.6630239e-05
1.6648851e-05
1.6748015e-05
1.7416352e-05
1.7549645e-05
1.7696982e-05
1.9318649e-05
1.9767241e-05
0.00041327162
0.0004809501
0.0031042244
0.0086791812
0.013887137
0.013617105
0.0089350323
0.0011456171
1.6749319e-05
1.6624624e-05
1.6513881e-05
1.6429702e-05
1.6383736e-05
1.6341242e-05
1.6305681e-05
1.6272752e-05
1.6242779e-05
1.6239273e-05
1.6210988e-05
1.6204641e-05
1.6181918e-05
1.6178609e-05
1.6175051e-05
1.6156568e-05
1.6153687e-05
1.6152051e-05
1.6148793e-05
1.6143891e-05
1.6130087e-05
1.6128597e-05
1.6127327e-05
1.6125334e-05
1.6123077e-05
1.6121381e-05
1.6120854e-05
1.6104519e-05
1.6102969e-05
1.6101538e-05
1.610039e-05
1.6099619e-05
1.609922e-05
1.6099116e-05
1.6099213e-05
1.6099428e-05
1.6099701e-05
1.6099993e-05
1.610028e-05
1.6100551e-05
1.6100798e-05
1.6101017e-05
1.6101209e-05
1.6101372e-05
1.6101508e-05
1.6101617e-05
1.6101701e-05
1.6101762e-05
1.6101799e-05
1.6101814e-05
1.6101808e-05
1.6101781e-05
1.6101734e-05
1.6101669e-05
1.6101584e-05
1.6101481e-05
1.610136e-05
1.6101221e-05
1.6101065e-05
1.610089e-05
1.6100699e-05
1.6222397e-05
1.6223271e-05
1.6224114e-05
1.6224928e-05
1.6225713e-05
1.6226471e-05
1.6227201e-05
1.6227904e-05
1.622858e-05
1.6229231e-05
1.6229856e-05
1.6230456e-05
1.6231031e-05
1.623158e-05
1.6232104e-05
1.6232602e-05
1.6233075e-05
1.6233521e-05
1.6233939e-05
1.623433e-05
1.6234691e-05
1.623502e-05
1.6235314e-05
1.623557e-05
1.6235781e-05
1.6235938e-05
1.6236027e-05
1.6236025e-05
1.6235898e-05
1.6235596e-05
1.623506e-05
1.6234235e-05
1.6233108e-05
1.6231815e-05
1.6230923e-05
1.6284387e-05
1.6292516e-05
1.630188e-05
1.6305172e-05
1.6297699e-05
1.6307588e-05
1.6354704e-05
1.6591034e-05
1.6622078e-05
1.6614665e-05
1.6744622e-05
1.7411934e-05
1.7520908e-05
1.7664508e-05
1.9275336e-05
1.9769618e-05
0.00038326833
0.00046617918
0.0030036697
0.0085691397
0.013858394
0.013627843
0.0089333848
0.001135601
1.6747884e-05
1.6624605e-05
1.651383e-05
1.6429409e-05
1.63833e-05
1.6340679e-05
1.6305034e-05
1.6271834e-05
1.6242381e-05
1.623782e-05
1.6211573e-05
1.6204271e-05
1.6181342e-05
1.6178179e-05
1.6175017e-05
1.6156577e-05
1.6153239e-05
1.6152098e-05
1.6148627e-05
1.6133087e-05
1.6129351e-05
1.6128121e-05
1.6127037e-05
1.6124781e-05
1.6122064e-05
1.6120006e-05
1.610581e-05
1.6104202e-05
1.6102499e-05
1.6100902e-05
1.6099642e-05
1.609884e-05
1.6098481e-05
1.6098459e-05
1.6098649e-05
1.6098953e-05
1.6099302e-05
1.6099658e-05
1.6099997e-05
1.610031e-05
1.6100591e-05
1.6100839e-05
1.6101053e-05
1.6101236e-05
1.6101387e-05
1.6101511e-05
1.6101606e-05
1.6101676e-05
1.6101722e-05
1.6101744e-05
1.6101744e-05
1.6101723e-05
1.6101682e-05
1.610162e-05
1.610154e-05
1.610144e-05
1.6101322e-05
1.6101186e-05
1.6101032e-05
1.6100859e-05
1.6100669e-05
1.62224e-05
1.6223274e-05
1.6224118e-05
1.6224933e-05
1.6225719e-05
1.6226477e-05
1.6227208e-05
1.6227912e-05
1.6228589e-05
1.6229241e-05
1.6229867e-05
1.6230467e-05
1.6231043e-05
1.6231593e-05
1.6232118e-05
1.6232618e-05
1.6233092e-05
1.6233539e-05
1.623396e-05
1.6234353e-05
1.6234717e-05
1.623505e-05
1.6235349e-05
1.6235611e-05
1.623583e-05
1.6235996e-05
1.6236096e-05
1.6236103e-05
1.6235978e-05
1.6235656e-05
1.6235053e-05
1.6234076e-05
1.6232658e-05
1.623085e-05
1.6229231e-05
1.6229687e-05
1.6286559e-05
1.6298494e-05
1.6302137e-05
1.6287775e-05
1.6295626e-05
1.6351446e-05
1.6589045e-05
1.6620225e-05
1.6599093e-05
1.6748095e-05
1.7416439e-05
1.7483168e-05
1.7623176e-05
1.9264115e-05
1.9768065e-05
0.00034772601
0.00045013591
0.0028780476
0.0084335863
0.0087214679
0.013641388
0.0089335939
0.0011253976
1.6746365e-05
1.6624552e-05
1.6513745e-05
1.6429069e-05
1.63828e-05
1.6305311e-05
1.6304273e-05
1.6270724e-05
1.6242115e-05
1.6236066e-05
1.6212437e-05
1.6204427e-05
1.6180587e-05
1.6177595e-05
1.6175198e-05
1.615672e-05
1.6153031e-05
1.6152122e-05
1.6148532e-05
1.6132858e-05
1.6128668e-05
1.6127708e-05
1.6126783e-05
1.6124212e-05
1.6120922e-05
1.6107098e-05
1.6105571e-05
1.6103887e-05
1.6101987e-05
1.6100183e-05
1.6098788e-05
1.6097961e-05
1.6097665e-05
1.609775e-05
1.6098056e-05
1.6098462e-05
1.6098898e-05
1.6099322e-05
1.6099717e-05
1.6100074e-05
1.6100389e-05
1.6100665e-05
1.6100903e-05
1.6101104e-05
1.6101272e-05
1.6101408e-05
1.6101515e-05
1.6101594e-05
1.6101648e-05
1.6101678e-05
1.6101684e-05
1.6101668e-05
1.6101631e-05
1.6101574e-05
1.6101497e-05
1.6101401e-05
1.6101286e-05
1.6101152e-05
1.6101e-05
1.610083e-05
1.6100642e-05
1.6222403e-05
1.6223278e-05
1.6224123e-05
1.6224938e-05
1.6225725e-05
1.6226483e-05
1.6227214e-05
1.6227919e-05
1.6228597e-05
1.6229249e-05
1.6229876e-05
1.6230477e-05
1.6231054e-05
1.6231605e-05
1.6232131e-05
1.6232632e-05
1.6233108e-05
1.6233557e-05
1.623398e-05
1.6234376e-05
1.6234744e-05
1.6235081e-05
1.6235387e-05
1.6235656e-05
1.6235885e-05
1.6236065e-05
1.6236181e-05
1.6236207e-05
1.6236097e-05
1.6235773e-05
1.6235119e-05
1.6234002e-05
1.6232287e-05
1.6229888e-05
1.6227236e-05
1.622715e-05
1.6231991e-05
1.6295668e-05
1.6300839e-05
1.6286492e-05
1.6294862e-05
1.6350437e-05
1.6410058e-05
1.6626407e-05
1.6637268e-05
1.6759135e-05
1.6942943e-05
1.7470989e-05
1.7620408e-05
1.9296357e-05
1.9744976e-05
0.00030801071
0.00043295127
0.0027192781
0.0082638394
0.0086190442
0.013849417
0.0089363131
0.0011150448
1.6744759e-05
1.6624461e-05
1.6513624e-05
1.6428674e-05
1.6340072e-05
1.6304643e-05
1.6303366e-05
1.6269356e-05
1.6242105e-05
1.623406e-05
1.6213532e-05
1.6205258e-05
1.618057e-05
1.6177435e-05
1.61627e-05
1.6157018e-05
1.6153612e-05
1.6152111e-05
1.6137981e-05
1.6132758e-05
1.6128601e-05
1.6127616e-05
1.6126559e-05
1.6123649e-05
1.6108811e-05
1.6106762e-05
1.6105371e-05
1.6103578e-05
1.6101421e-05
1.609936e-05
1.6097806e-05
1.6096963e-05
1.6096763e-05
1.609699e-05
1.6097436e-05
1.6097961e-05
1.6098491e-05
1.609899e-05
1.6099442e-05
1.6099843e-05
1.6100194e-05
1.6100498e-05
1.6100758e-05
1.6100978e-05
1.6101161e-05
1.610131e-05
1.6101428e-05
1.6101516e-05
1.6101578e-05
1.6101614e-05
1.6101626e-05
1.6101616e-05
1.6101583e-05
1.610153e-05
1.6101457e-05
1.6101364e-05
1.6101251e-05
1.610112e-05
1.6100971e-05
1.6100803e-05
1.6100617e-05
1.6222407e-05
1.6223282e-05
1.6224127e-05
1.6224943e-05
1.622573e-05
1.6226489e-05
1.622722e-05
1.6227925e-05
1.6228604e-05
1.6229257e-05
1.6229884e-05
1.6230486e-05
1.6231063e-05
1.6231615e-05
1.6232143e-05
1.6232645e-05
1.6233122e-05
1.6233574e-05
1.6234e-05
1.6234399e-05
1.6234771e-05
1.6235113e-05
1.6235426e-05
1.6235704e-05
1.6235946e-05
1.6236143e-05
1.6236282e-05
1.6236338e-05
1.6236261e-05
1.6235955e-05
1.6235274e-05
1.6234037e-05
1.6232043e-05
1.6229035e-05
1.6224986e-05
1.6223974e-05
1.6230329e-05
1.6238043e-05
1.6301224e-05
1.6294611e-05
1.6305298e-05
1.6351626e-05
1.6405729e-05
1.6636488e-05
1.666886e-05
1.6772656e-05
1.6939656e-05
1.7520962e-05
1.7691131e-05
1.8220879e-05
1.9673618e-05
2.0243547e-05
0.0004133703
0.0025166094
0.0031633829
0.008496184
0.013814083
0.0089424078
0.0011045926
1.6743064e-05
1.6624333e-05
1.6513464e-05
1.6428217e-05
1.6339348e-05
1.6303875e-05
1.6272883e-05
1.626764e-05
1.6242491e-05
1.6218351e-05
1.6214673e-05
1.6192654e-05
1.6181985e-05
1.6178377e-05
1.616261e-05
1.6157354e-05
1.6154117e-05
1.6152119e-05
1.6137566e-05
1.6132783e-05
1.6129128e-05
1.6127823e-05
1.6126355e-05
1.6111716e-05
1.6108393e-05
1.6106435e-05
1.6105237e-05
1.6103264e-05
1.6100785e-05
1.6098408e-05
1.6096666e-05
1.6095826e-05
1.6095768e-05
1.609618e-05
1.6096794e-05
1.6097455e-05
1.6098088e-05
1.6098664e-05
1.6099175e-05
1.6099621e-05
1.6100007e-05
1.6100338e-05
1.610062e-05
1.6100858e-05
1.6101056e-05
1.6101217e-05
1.6101345e-05
1.6101442e-05
1.6101511e-05
1.6101554e-05
1.6101572e-05
1.6101566e-05
1.6101538e-05
1.6101489e-05
1.6101419e-05
1.6101329e-05
1.6101219e-05
1.6101091e-05
1.6100943e-05
1.6100777e-05
1.6100593e-05
1.6222411e-05
1.6223287e-05
1.6224132e-05
1.6224947e-05
1.6225734e-05
1.6226494e-05
1.6227225e-05
1.6227931e-05
1.622861e-05
1.6229263e-05
1.6229891e-05
1.6230494e-05
1.6231072e-05
1.6231625e-05
1.6232153e-05
1.6232657e-05
1.6233136e-05
1.623359e-05
1.6234019e-05
1.6234421e-05
1.6234797e-05
1.6235146e-05
1.6235465e-05
1.6235755e-05
1.6236011e-05
1.6236228e-05
1.6236397e-05
1.6236495e-05
1.6236469e-05
1.6236211e-05
1.6235533e-05
1.6234203e-05
1.6231977e-05
1.6228449e-05
1.6222813e-05
1.6220171e-05
1.6228974e-05
1.6237176e-05
1.6244697e-05
1.6303582e-05
1.6316362e-05
1.6353934e-05
1.640081e-05
1.6446923e-05
1.6691277e-05
1.678365e-05
1.6926927e-05
1.7584826e-05
1.7779544e-05
1.8276252e-05
1.9618183e-05
2.0322429e-05
0.00038623263
0.0022592831
0.0031291745
0.0083492899
0.013772126
0.0089530611
0.0010941053
1.6741277e-05
1.6624164e-05
1.6513262e-05
1.6427689e-05
1.6338513e-05
1.6302996e-05
1.6272785e-05
1.6265475e-05
1.6243323e-05
1.6219188e-05
1.621535e-05
1.6193798e-05
1.6183767e-05
1.6179612e-05
1.6162228e-05
1.6157616e-05
1.6154498e-05
1.6141365e-05
1.6137083e-05
1.6132865e-05
1.6129665e-05
1.6128036e-05
1.6115337e-05
1.611124e-05
1.610801e-05
1.6106164e-05
1.6105172e-05
1.6102917e-05
1.6100054e-05
1.6097295e-05
1.609533e-05
1.6094524e-05
1.6094673e-05
1.6095324e-05
1.6096139e-05
1.6096951e-05
1.6097694e-05
1.609835e-05
1.6098919e-05
1.6099409e-05
1.6099829e-05
1.6100187e-05
1.6100491e-05
1.6100745e-05
1.6100957e-05
1.610113e-05
1.6101267e-05
1.6101373e-05
1.6101449e-05
1.6101498e-05
1.6101521e-05
1.610152e-05
1.6101496e-05
1.610145e-05
1.6101383e-05
1.6101296e-05
1.6101189e-05
1.6101063e-05
1.6100918e-05
1.6100754e-05
1.6100571e-05
1.6179636e-05
1.6179829e-05
1.6179981e-05
1.6180091e-05
1.618016e-05
1.6180188e-05
1.6180175e-05
1.6180121e-05
1.6180027e-05
1.6179894e-05
1.6179724e-05
1.6179519e-05
1.6179284e-05
1.6179025e-05
1.6178751e-05
1.6178477e-05
1.6178222e-05
1.6178016e-05
1.6177901e-05
1.6177936e-05
1.6178204e-05
1.6178815e-05
1.6179905e-05
1.6181637e-05
1.6184167e-05
1.6187608e-05
1.6236523e-05
1.6236674e-05
1.6236722e-05
1.6236547e-05
1.6235907e-05
1.6234514e-05
1.6232123e-05
1.6228298e-05
1.6221731e-05
1.6217489e-05
1.6228344e-05
1.6236485e-05
1.6243421e-05
1.6310873e-05
1.6325061e-05
1.6356306e-05
1.6396005e-05
1.6433633e-05
1.6706831e-05
1.6790306e-05
1.6909847e-05
1.7640117e-05
1.7849107e-05
1.8288718e-05
1.979354e-05
2.0532178e-05
0.0003425061
0.00050738656
0.0031187467
0.0081774417
0.01372171
0.0089698898
0.001083673
1.6739394e-05
1.6623952e-05
1.6513014e-05
1.6427074e-05
1.6337537e-05
1.6301999e-05
1.627311e-05
1.6249221e-05
1.6244414e-05
1.622049e-05
1.6215524e-05
1.6194111e-05
1.6185205e-05
1.6180738e-05
1.6161721e-05
1.6157767e-05
1.6154785e-05
1.6140142e-05
1.61366e-05
1.6132937e-05
1.6130061e-05
1.6128192e-05
1.6114417e-05
1.6110753e-05
1.6107715e-05
1.6106018e-05
1.6105076e-05
1.6102488e-05
1.6099202e-05
1.6095989e-05
1.6093753e-05
1.6093031e-05
1.6093479e-05
1.6094435e-05
1.6095483e-05
1.6078691e-05
1.6078403e-05
1.6078197e-05
1.6078066e-05
1.6077996e-05
1.607797e-05
1.6077972e-05
1.6077989e-05
1.6078012e-05
1.6078033e-05
1.6078046e-05
1.607805e-05
1.6078042e-05
1.607802e-05
1.6077983e-05
1.6077932e-05
1.6077865e-05
1.6077783e-05
1.6077686e-05
1.6077573e-05
1.6077446e-05
1.6077303e-05
1.6077146e-05
1.6076973e-05
1.6076785e-05
1.6076582e-05
1.6179464e-05
1.6179643e-05
1.6179779e-05
1.6179872e-05
1.6179921e-05
1.6179926e-05
1.6179888e-05
1.6179805e-05
1.6179679e-05
1.6179508e-05
1.6179295e-05
1.617904e-05
1.6178748e-05
1.6178422e-05
1.6178071e-05
1.6177708e-05
1.617735e-05
1.6177027e-05
1.617678e-05
1.6176671e-05
1.6176788e-05
1.6177255e-05
1.6178235e-05
1.6179925e-05
1.6182536e-05
1.6186235e-05
1.6191068e-05
1.6196853e-05
1.6203024e-05
1.6208407e-05
1.6236406e-05
1.6234973e-05
1.6232487e-05
1.6228655e-05
1.6222697e-05
1.6220118e-05
1.6228611e-05
1.6236056e-05
1.624228e-05
1.6246811e-05
1.6331473e-05
1.6358202e-05
1.6391643e-05
1.6422705e-05
1.6440341e-05
1.6792955e-05
1.6892044e-05
1.6981469e-05
1.7894259e-05
1.8265727e-05
2.0002174e-05
2.0781432e-05
0.00029396814
0.00048981803
0.0031299128
0.0079903665
0.013660425
0.0089951902
0.0010734225
1.6737412e-05
1.6623696e-05
1.6512713e-05
1.6426355e-05
1.6336385e-05
1.6300921e-05
1.6274044e-05
1.6249818e-05
1.6245354e-05
1.622193e-05
1.621601e-05
1.6193752e-05
1.6186187e-05
1.6164204e-05
1.6161205e-05
1.6157824e-05
1.6140894e-05
1.6139137e-05
1.6136156e-05
1.6132972e-05
1.6130331e-05
1.6116245e-05
1.6113528e-05
1.6110291e-05
1.6107507e-05
1.6105929e-05
1.6104765e-05
1.6101929e-05
1.6098219e-05
1.6094463e-05
1.6091879e-05
1.6079926e-05
1.6079369e-05
1.6078974e-05
1.6078599e-05
1.6078261e-05
1.6077993e-05
1.6077811e-05
1.6077711e-05
1.6077676e-05
1.6077684e-05
1.6077719e-05
1.6077767e-05
1.6077816e-05
1.607786e-05
1.6077894e-05
1.6077915e-05
1.6077922e-05
1.6077913e-05
1.6077888e-05
1.6077846e-05
1.6077788e-05
1.6077713e-05
1.6077622e-05
1.6077515e-05
1.6077393e-05
1.6077255e-05
1.6077101e-05
1.6076931e-05
1.6076747e-05
1.6076546e-05
1.6179296e-05
1.6179461e-05
1.6179582e-05
1.6179657e-05
1.6179686e-05
1.617967e-05
1.6179606e-05
1.6179494e-05
1.6179334e-05
1.6179126e-05
1.6178868e-05
1.6178563e-05
1.6178211e-05
1.6177817e-05
1.6177385e-05
1.6176927e-05
1.6176458e-05
1.6176006e-05
1.617561e-05
1.6175332e-05
1.6175268e-05
1.6175552e-05
1.6176374e-05
1.6177976e-05
1.6180631e-05
1.618458e-05
1.6189936e-05
1.6196566e-05
1.6203906e-05
1.6210538e-05
1.6213902e-05
1.621324e-05
1.6233033e-05
1.6229436e-05
1.6224838e-05
1.6223683e-05
1.622952e-05
1.623589e-05
1.6241357e-05
1.6245333e-05
1.6336131e-05
1.6359504e-05
1.6387818e-05
1.6413831e-05
1.642958e-05
1.679268e-05
1.687524e-05
1.6946629e-05
1.7919075e-05
1.8225478e-05
2.0171207e-05
2.095881e-05
0.0003287202
0.00057356596
0.0031078919
0.0078323439
0.013585283
0.0090323103
0.0010635287
1.6735329e-05
1.6623392e-05
1.6512353e-05
1.6425505e-05
1.6335009e-05
1.6299923e-05
1.627557e-05
1.625136e-05
1.6246174e-05
1.6222936e-05
1.6216658e-05
1.6193077e-05
1.6186792e-05
1.6163221e-05
1.6160738e-05
1.6157823e-05
1.6139941e-05
1.6138326e-05
1.6135764e-05
1.613297e-05
1.6130514e-05
1.6115085e-05
1.6112725e-05
1.6109867e-05
1.6107332e-05
1.6105726e-05
1.6104243e-05
1.610124e-05
1.6097119e-05
1.6082549e-05
1.6080022e-05
1.6079035e-05
1.6078729e-05
1.6078461e-05
1.6078132e-05
1.607781e-05
1.6077559e-05
1.6077404e-05
1.6077338e-05
1.6077341e-05
1.6077389e-05
1.6077461e-05
1.6077541e-05
1.6077618e-05
1.6077687e-05
1.6077742e-05
1.6077781e-05
1.6077803e-05
1.6077807e-05
1.6077793e-05
1.6077761e-05
1.6077711e-05
1.6077644e-05
1.607756e-05
1.6077459e-05
1.6077341e-05
1.6077207e-05
1.6077057e-05
1.6076891e-05
1.6076709e-05
1.6076511e-05
1.6179133e-05
1.6179284e-05
1.617939e-05
1.6179447e-05
1.6179457e-05
1.6179418e-05
1.6179329e-05
1.6179189e-05
1.6178996e-05
1.6178749e-05
1.6178447e-05
1.617809e-05
1.6177678e-05
1.6177212e-05
1.6176696e-05
1.6176138e-05
1.617555e-05
1.6174956e-05
1.6174394e-05
1.6173924e-05
1.6173643e-05
1.6173697e-05
1.6174305e-05
1.6175757e-05
1.6178404e-05
1.6182578e-05
1.6188481e-05
1.6196052e-05
1.6204811e-05
1.6213229e-05
1.6217257e-05
1.6215168e-05
1.6212152e-05
1.6230453e-05
1.622707e-05
1.6226578e-05
1.6230688e-05
1.6235937e-05
1.6240665e-05
1.6244183e-05
1.6246073e-05
1.636029e-05
1.6384509e-05
1.6406624e-05
1.6420821e-05
1.6790503e-05
1.6860059e-05
1.6918657e-05
1.7929379e-05
1.8180821e-05
1.8405928e-05
2.1035779e-05
0.00043932666
0.00074302765
0.002878162
0.0078347003
0.013494158
0.013741476
0.0038264307
1.673314e-05
1.6623038e-05
1.64711e-05
1.6378081e-05
1.6333364e-05
1.6299467e-05
1.6277229e-05
1.625391e-05
1.6247366e-05
1.6223332e-05
1.6196961e-05
1.619234e-05
1.6187136e-05
1.6162468e-05
1.6160341e-05
1.6157795e-05
1.6139178e-05
1.6137673e-05
1.6135428e-05
1.6132944e-05
1.6115266e-05
1.6114125e-05
1.6112022e-05
1.6109478e-05
1.6107145e-05
1.6105433e-05
1.6103632e-05
1.6100467e-05
1.6085543e-05
1.6081393e-05
1.6078736e-05
1.6078069e-05
1.607809e-05
1.6077951e-05
1.6077653e-05
1.6077337e-05
1.6077099e-05
1.6076972e-05
1.6076946e-05
1.6076993e-05
1.6077085e-05
1.6077196e-05
1.6077312e-05
1.607742e-05
1.6077514e-05
1.6077591e-05
1.6077649e-05
1.6077686e-05
1.6077703e-05
1.6077701e-05
1.6077678e-05
1.6077637e-05
1.6077577e-05
1.6077499e-05
1.6077403e-05
1.607729e-05
1.607716e-05
1.6077014e-05
1.6076851e-05
1.6076672e-05
1.6076477e-05
1.6178975e-05
1.6179113e-05
1.6179203e-05
1.6179244e-05
1.6179235e-05
1.6179174e-05
1.6179059e-05
1.617889e-05
1.6178664e-05
1.6178379e-05
1.6178033e-05
1.6177623e-05
1.6177149e-05
1.617661e-05
1.6176008e-05
1.6175345e-05
1.6174631e-05
1.6173886e-05
1.617314e-05
1.6172452e-05
1.6171916e-05
1.6171689e-05
1.6172012e-05
1.6173234e-05
1.6175798e-05
1.6180153e-05
1.6186605e-05
1.619518e-05
1.6205563e-05
1.6216484e-05
1.6221748e-05
1.6217253e-05
1.6212726e-05
1.6210691e-05
1.6229027e-05
1.6228843e-05
1.6231861e-05
1.6236127e-05
1.6240179e-05
1.6243305e-05
1.6245168e-05
1.624596e-05
1.6381665e-05
1.6400741e-05
1.6413627e-05
1.6418941e-05
1.6846579e-05
1.6895824e-05
1.6919788e-05
1.8137807e-05
1.831329e-05
2.1037087e-05
2.1919324e-05
0.00088245387
0.002451139
0.0082233716
0.013393
0.013804998
0.0038263915
1.6730843e-05
1.6622628e-05
1.647043e-05
1.637677e-05
1.6331472e-05
1.6300288e-05
1.6278032e-05
1.6256021e-05
1.6229894e-05
1.6223275e-05
1.6195338e-05
1.6191661e-05
1.6162974e-05
1.6161889e-05
1.6160019e-05
1.61393e-05
1.6138567e-05
1.6137151e-05
1.6135146e-05
1.6114947e-05
1.6114489e-05
1.6113328e-05
1.6111414e-05
1.6109116e-05
1.6106929e-05
1.6105094e-05
1.6103018e-05
1.6089118e-05
1.6084522e-05
1.6080219e-05
1.6077262e-05
1.6077064e-05
1.6077486e-05
1.6077456e-05
1.6077163e-05
1.6076837e-05
1.6076607e-05
1.6076512e-05
1.6076532e-05
1.6076631e-05
1.6076772e-05
1.6076928e-05
1.6077081e-05
1.6077221e-05
1.6077342e-05
1.6077442e-05
1.6077518e-05
1.6077571e-05
1.6077602e-05
1.607761e-05
1.6077597e-05
1.6077564e-05
1.6077511e-05
1.6077439e-05
1.6077349e-05
1.6077241e-05
1.6077115e-05
1.6076972e-05
1.6076813e-05
1.6076637e-05
1.6076444e-05
1.6178823e-05
1.6178947e-05
1.6179023e-05
1.6179047e-05
1.6179019e-05
1.6178936e-05
1.6178797e-05
1.61786e-05
1.6178341e-05
1.6178018e-05
1.6177627e-05
1.6177166e-05
1.617663e-05
1.6176017e-05
1.6175325e-05
1.6174554e-05
1.6173709e-05
1.6172801e-05
1.6171857e-05
1.6170924e-05
1.6170094e-05
1.6169525e-05
1.6169482e-05
1.6170373e-05
1.6172754e-05
1.6177219e-05
1.6184198e-05
1.6193786e-05
1.6205844e-05
1.6219952e-05
1.6227743e-05
1.621911e-05
1.6213067e-05
1.6210529e-05
1.6209855e-05
1.6230626e-05
1.6232932e-05
1.62364e-05
1.6239862e-05
1.6242646e-05
1.6244452e-05
1.624539e-05
1.6379223e-05
1.6395904e-05
1.6407671e-05
1.6413392e-05
1.6834693e-05
1.6876891e-05
1.6899399e-05
1.8098657e-05
1.8240164e-05
2.0996663e-05
2.1641048e-05
0.00094849394
0.0034094194
0.0090322713
0.013331416
0.013888163
0.0038333327
1.6728434e-05
1.662216e-05
1.6469631e-05
1.6375252e-05
1.6329737e-05
1.6302311e-05
1.6279226e-05
1.6256975e-05
1.6227979e-05
1.6222991e-05
1.6194115e-05
1.6191079e-05
1.6162518e-05
1.616145e-05
1.6159769e-05
1.6138874e-05
1.6138079e-05
1.6136735e-05
1.6134916e-05
1.6114433e-05
1.6113836e-05
1.6112664e-05
1.611089e-05
1.6108781e-05
1.6106692e-05
1.6104747e-05
1.6091461e-05
1.608791e-05
1.6083596e-05
1.6079177e-05
1.6075589e-05
1.6076113e-05
1.6076959e-05
1.6076984e-05
1.6076658e-05
1.6076303e-05
1.6076078e-05
1.607602e-05
1.6076097e-05
1.6076256e-05
1.6076453e-05
1.6076657e-05
1.6076851e-05
1.6077024e-05
1.6077173e-05
1.6077295e-05
1.607739e-05
1.6077459e-05
1.6077502e-05
1.6077522e-05
1.6077519e-05
1.6077493e-05
1.6077447e-05
1.6077382e-05
1.6077296e-05
1.6077193e-05
1.6077071e-05
1.6076932e-05
1.6076776e-05
1.6076602e-05
1.6076412e-05
1.6178676e-05
1.6178788e-05
1.6178849e-05
1.6178857e-05
1.617881e-05
1.6178707e-05
1.6178544e-05
1.6178319e-05
1.6178028e-05
1.6177668e-05
1.6177233e-05
1.617672e-05
1.6176123e-05
1.6175436e-05
1.6174654e-05
1.6173773e-05
1.6172791e-05
1.6171713e-05
1.6170555e-05
1.6169354e-05
1.616819e-05
1.6167214e-05
1.6166709e-05
1.6167144e-05
1.6169207e-05
1.6173685e-05
1.6181147e-05
1.6191695e-05
1.6205227e-05
1.622229e-05
1.6234913e-05
1.6220033e-05
1.6213021e-05
1.621021e-05
1.6209386e-05
1.6209242e-05
1.623387e-05
1.6236714e-05
1.6239677e-05
1.6242162e-05
1.6243894e-05
1.6244922e-05
1.6377136e-05
1.6391901e-05
1.6402707e-05
1.6408616e-05
1.682423e-05
1.6860973e-05
1.6882033e-05
1.8063789e-05
1.8181038e-05
2.0938289e-05
2.1426936e-05
0.00095903711
0.004164653
0.0097992162
0.013506877
0.013987356
0.0038506167
1.672591e-05
1.6621626e-05
1.6468661e-05
1.6373619e-05
1.6329745e-05
1.6304115e-05
1.628089e-05
1.6257035e-05
1.6226562e-05
1.6222643e-05
1.6193183e-05
1.6190603e-05
1.6162171e-05
1.6161121e-05
1.6159584e-05
1.6138527e-05
1.6137691e-05
1.6136407e-05
1.6134733e-05
1.6113989e-05
1.6113287e-05
1.6112109e-05
1.6110441e-05
1.6108472e-05
1.610645e-05
1.6091826e-05
1.6090052e-05
1.6086847e-05
1.6082841e-05
1.607847e-05
1.6073867e-05
1.607544e-05
1.6076545e-05
1.6076534e-05
1.6076131e-05
1.6075726e-05
1.6075504e-05
1.6075494e-05
1.6075639e-05
1.6075869e-05
1.6076128e-05
1.6076386e-05
1.6076622e-05
1.6076831e-05
1.6077007e-05
1.6077152e-05
1.6077266e-05
1.607735e-05
1.6077406e-05
1.6077437e-05
1.6077442e-05
1.6077425e-05
1.6077386e-05
1.6077326e-05
1.6077246e-05
1.6077147e-05
1.6077029e-05
1.6076893e-05
1.607674e-05
1.6076569e-05
1.6076382e-05
1.6178536e-05
1.6178635e-05
1.6178682e-05
1.6178674e-05
1.617861e-05
1.6178486e-05
1.61783e-05
1.6178048e-05
1.6177726e-05
1.6177329e-05
1.6176852e-05
1.6176289e-05
1.6175631e-05
1.617487e-05
1.6173998e-05
1.6173006e-05
1.6171886e-05
1.6170633e-05
1.6169249e-05
1.6167758e-05
1.616622e-05
1.6164771e-05
1.6163694e-05
1.6163517e-05
1.6165091e-05
1.6169454e-05
1.6177343e-05
1.6188765e-05
1.6203331e-05
1.6221246e-05
1.623329e-05
1.6219354e-05
1.6212482e-05
1.6209703e-05
1.6208859e-05
1.6208746e-05
1.6208834e-05
1.6237043e-05
1.6239592e-05
1.6241817e-05
1.6243467e-05
1.6244547e-05
1.6245229e-05
1.6388569e-05
1.6398545e-05
1.6404503e-05
1.681501e-05
1.6847425e-05
1.6867108e-05
1.8032977e-05
1.8132241e-05
2.0874918e-05
2.1258558e-05
0.00094329522
0.0046295803
0.010134187
0.014207318
0.014066732
0.0038837293
1.6723266e-05
1.6621019e-05
1.6467457e-05
1.6372414e-05
1.6333134e-05
1.6306029e-05
1.6282188e-05
1.6256706e-05
1.6225514e-05
1.6222316e-05
1.6192471e-05
1.6190226e-05
1.6161915e-05
1.6160884e-05
1.6159459e-05
1.6138251e-05
1.6137386e-05
1.6136153e-05
1.6114113e-05
1.6113608e-05
1.6112827e-05
1.6111645e-05
1.6110056e-05
1.6108192e-05
1.6091238e-05
1.6090628e-05
1.6088874e-05
1.6085953e-05
1.6082287e-05
1.6078226e-05
1.6074073e-05
1.6075315e-05
1.6076252e-05
1.6076098e-05
1.6075567e-05
1.6075091e-05
1.6074875e-05
1.6074928e-05
1.6075158e-05
1.6075471e-05
1.6075802e-05
1.6076116e-05
1.6076398e-05
1.6076642e-05
1.6076847e-05
1.6077014e-05
1.6077146e-05
1.6077245e-05
1.6077314e-05
1.6077355e-05
1.6077369e-05
1.607736e-05
1.6077327e-05
1.6077272e-05
1.6077197e-05
1.6077102e-05
1.6076988e-05
1.6076856e-05
1.6076705e-05
1.6076537e-05
1.6076352e-05
1.6178402e-05
1.617849e-05
1.6178523e-05
1.61785e-05
1.6178419e-05
1.6178275e-05
1.6178067e-05
1.6177789e-05
1.6177437e-05
1.6177006e-05
1.6176487e-05
1.6175874e-05
1.6175157e-05
1.6174325e-05
1.6173365e-05
1.6172263e-05
1.6171004e-05
1.6169571e-05
1.6167956e-05
1.6166158e-05
1.6164211e-05
1.6162221e-05
1.6160453e-05
1.6159477e-05
1.6160337e-05
1.6164421e-05
1.6172699e-05
1.6184929e-05
1.6200062e-05
1.6216699e-05
1.6225075e-05
1.621712e-05
1.621144e-05
1.6208996e-05
1.6208263e-05
1.6208238e-05
1.6208458e-05
1.6208844e-05
1.6239582e-05
1.6241583e-05
1.6243148e-05
1.6244255e-05
1.6245019e-05
1.6385784e-05
1.6395039e-05
1.6400959e-05
1.6403881e-05
1.6835775e-05
1.6854173e-05
1.8005773e-05
1.809125e-05
2.0812755e-05
2.1122794e-05
0.00091882687
0.0048580154
0.006845919
0.015108239
0.014010545
0.0039415986
1.6720502e-05
1.6620327e-05
1.6465915e-05
1.6373336e-05
1.6337037e-05
1.6290419e-05
1.628295e-05
1.6256298e-05
1.6224739e-05
1.6222049e-05
1.6191928e-05
1.6189938e-05
1.6161735e-05
1.6160722e-05
1.6138663e-05
1.6138036e-05
1.6137152e-05
1.6135962e-05
1.6113883e-05
1.6113286e-05
1.6112443e-05
1.6111259e-05
1.6109728e-05
1.6090594e-05
1.6090405e-05
1.6089619e-05
1.6087897e-05
1.6085226e-05
1.6081918e-05
1.6078354e-05
1.6075406e-05
1.6075617e-05
1.6076049e-05
1.6075657e-05
1.607495e-05
1.6074381e-05
1.6074178e-05
1.6074318e-05
1.6074657e-05
1.6075067e-05
1.6075476e-05
1.6075851e-05
1.607618e-05
1.6076459e-05
1.6076692e-05
1.6076882e-05
1.6077032e-05
1.6077145e-05
1.6077226e-05
1.6077277e-05
1.60773e-05
1.6077297e-05
1.607727e-05
1.6077221e-05
1.6077151e-05
1.607706e-05
1.6076949e-05
1.607682e-05
1.6076673e-05
1.6076507e-05
1.6076324e-05
1.6178276e-05
1.6178352e-05
1.6178372e-05
1.6178335e-05
1.6178237e-05
1.6178075e-05
1.6177845e-05
1.6177543e-05
1.6177163e-05
1.6176698e-05
1.617614e-05
1.617548e-05
1.6174706e-05
1.6173805e-05
1.617276e-05
1.6171551e-05
1.6170154e-05
1.6168545e-05
1.6166694e-05
1.6164578e-05
1.6162196e-05
1.6159605e-05
1.6157022e-05
1.6155027e-05
1.6154879e-05
1.615848e-05
1.6167155e-05
1.6180225e-05
1.6195664e-05
1.6210659e-05
1.6217695e-05
1.6213968e-05
1.620998e-05
1.6208106e-05
1.6207596e-05
1.6207713e-05
1.6208081e-05
1.6208617e-05
1.620935e-05
1.6241436e-05
1.6242919e-05
1.6244036e-05
1.6244861e-05
1.6245505e-05
1.6392076e-05
1.6397904e-05
1.6401138e-05
1.6825664e-05
1.6842876e-05
1.6850548e-05
1.8056306e-05
1.8096289e-05
2.1010865e-05
0.00089319695
0.0010260606
0.0062836114
0.015085454
0.013791902
0.0040383797
1.6717615e-05
1.6619532e-05
1.6463875e-05
1.6377691e-05
1.6340221e-05
1.6288585e-05
1.6258875e-05
1.6255942e-05
1.6224173e-05
1.6192691e-05
1.619152e-05
1.6162354e-05
1.6161622e-05
1.6160626e-05
1.613855e-05
1.6137876e-05
1.6136979e-05
1.6114235e-05
1.6113691e-05
1.6113018e-05
1.6112125e-05
1.6110939e-05
1.6090159e-05
1.6090045e-05
1.6089674e-05
1.6088769e-05
1.6087092e-05
1.6084645e-05
1.6081689e-05
1.6078641e-05
1.6076381e-05
1.6075994e-05
1.607588e-05
1.607519e-05
1.6074261e-05
1.6073575e-05
1.6073402e-05
1.6073664e-05
1.6074138e-05
1.6074662e-05
1.6075157e-05
1.6075595e-05
1.6075971e-05
1.6076286e-05
1.6076546e-05
1.6076757e-05
1.6076923e-05
1.6077051e-05
1.6077143e-05
1.6077203e-05
1.6077234e-05
1.6077238e-05
1.6077217e-05
1.6077172e-05
1.6077106e-05
1.6077019e-05
1.6076912e-05
1.6076786e-05
1.6076641e-05
1.6076478e-05
1.6076297e-05
1.6158663e-05
1.6159589e-05
1.6160481e-05
1.6161338e-05
1.6162157e-05
1.6162933e-05
1.6163663e-05
1.6164339e-05
1.6164953e-05
1.6165493e-05
1.6165944e-05
1.6166285e-05
1.6166492e-05
1.6166529e-05
1.6166356e-05
1.616592e-05
1.6165159e-05
1.6164001e-05
1.6162367e-05
1.6160182e-05
1.6157388e-05
1.6153981e-05
1.6150107e-05
1.614631e-05
1.6148658e-05
1.6151511e-05
1.616069e-05
1.6174787e-05
1.6190554e-05
1.620445e-05
1.6211338e-05
1.6210499e-05
1.6208234e-05
1.6207067e-05
1.6206868e-05
1.6207171e-05
1.6207703e-05
1.6208393e-05
1.6209264e-05
1.6241358e-05
1.6242765e-05
1.624388e-05
1.624475e-05
1.6245458e-05
1.6389566e-05
1.6395269e-05
1.639872e-05
1.681682e-05
1.6832941e-05
1.6840929e-05
1.8026132e-05
1.8063599e-05
2.0916767e-05
0.00086913792
0.00097247124
0.00588593
0.012960665
0.01414562
0.0041853607
1.6714604e-05
1.6618607e-05
1.6461209e-05
1.6379866e-05
1.6320831e-05
1.6287399e-05
1.625808e-05
1.6255679e-05
1.6223771e-05
1.6192356e-05
1.6191222e-05
1.6162325e-05
1.6161566e-05
1.6160586e-05
1.6138477e-05
1.6137764e-05
1.6136859e-05
1.611415e-05
1.6113536e-05
1.6112799e-05
1.6111865e-05
1.6110677e-05
1.6089804e-05
1.6089549e-05
1.6089038e-05
1.6088053e-05
1.6086429e-05
1.6084183e-05
1.6081547e-05
1.6078934e-05
1.6077032e-05
1.6076277e-05
1.6075698e-05
1.6074681e-05
1.6073479e-05
1.6072647e-05
1.6072532e-05
1.6066732e-05
1.6066836e-05
1.6066943e-05
1.6067031e-05
1.6067101e-05
1.606716e-05
1.6067213e-05
1.6067264e-05
1.6067314e-05
1.6067364e-05
1.6067411e-05
1.6067456e-05
1.6067497e-05
1.6067533e-05
1.6067562e-05
1.6067584e-05
1.6067599e-05
1.6067606e-05
1.6067604e-05
1.6067594e-05
1.6067575e-05
1.6067548e-05
1.6067511e-05
1.6067465e-05
1.6158802e-05
1.6159741e-05
1.6160647e-05
1.616152e-05
1.6162357e-05
1.6163153e-05
1.6163905e-05
1.6164606e-05
1.6165247e-05
1.6165816e-05
1.6166298e-05
1.6166672e-05
1.6166909e-05
1.6166973e-05
1.6166817e-05
1.616638e-05
1.6165587e-05
1.6164348e-05
1.6162557e-05
1.6160104e-05
1.6156875e-05
1.6152788e-05
1.6147864e-05
1.6142516e-05
1.6138328e-05
1.6138926e-05
1.6147234e-05
1.6161186e-05
1.6176878e-05
1.6198582e-05
1.6205829e-05
1.6207056e-05
1.6206336e-05
1.6205925e-05
1.6206093e-05
1.6206619e-05
1.6207329e-05
1.6208178e-05
1.6209188e-05
1.6210384e-05
1.6242672e-05
1.624378e-05
1.6244683e-05
1.6245444e-05
1.6387438e-05
1.6393e-05
1.6396597e-05
1.6398608e-05
1.6824149e-05
1.6832271e-05
1.7999788e-05
1.8034821e-05
2.0836347e-05
0.00084737043
0.00093026132
0.0055946448
0.012343607
0.012771455
0.0042629525
1.6711476e-05
1.6617502e-05
1.6459187e-05
1.6387234e-05
1.6318797e-05
1.6286657e-05
1.6257544e-05
1.6255514e-05
1.6223501e-05
1.6192112e-05
1.6191014e-05
1.616234e-05
1.616156e-05
1.6139062e-05
1.6138441e-05
1.6137696e-05
1.6136784e-05
1.6114093e-05
1.6113416e-05
1.6112624e-05
1.6111657e-05
1.6089739e-05
1.6089478e-05
1.6089107e-05
1.6088487e-05
1.6087451e-05
1.6085883e-05
1.6083814e-05
1.6081455e-05
1.6079171e-05
1.6077452e-05
1.6076438e-05
1.606911e-05
1.6068044e-05
1.6067071e-05
1.6066452e-05
1.6066308e-05
1.6066437e-05
1.6066619e-05
1.6066771e-05
1.6066884e-05
1.606697e-05
1.6067039e-05
1.6067101e-05
1.606716e-05
1.6067218e-05
1.6067276e-05
1.6067332e-05
1.6067384e-05
1.6067432e-05
1.6067474e-05
1.6067509e-05
1.6067537e-05
1.6067556e-05
1.6067567e-05
1.6067569e-05
1.6067562e-05
1.6067546e-05
1.6067521e-05
1.6067486e-05
1.6067442e-05
1.6158939e-05
1.6159892e-05
1.6160814e-05
1.6161703e-05
1.6162559e-05
1.6163377e-05
1.6164154e-05
1.6164882e-05
1.6165554e-05
1.6166158e-05
1.6166678e-05
1.6167092e-05
1.6167372e-05
1.6167477e-05
1.6167357e-05
1.616694e-05
1.616614e-05
1.6164846e-05
1.6162927e-05
1.6160231e-05
1.6156588e-05
1.6151819e-05
1.614578e-05
1.6138621e-05
1.6131885e-05
1.6130828e-05
1.614019e-05
1.6155545e-05
1.617138e-05
1.6184384e-05
1.6191666e-05
1.6192872e-05
1.6204395e-05
1.6204725e-05
1.620529e-05
1.6206063e-05
1.6206962e-05
1.6207974e-05
1.6209125e-05
1.6210444e-05
1.6242632e-05
1.6243728e-05
1.6244656e-05
1.6245461e-05
1.6246193e-05
1.6391048e-05
1.6394738e-05
1.6396994e-05
1.6816323e-05
1.6824453e-05
1.7976555e-05
1.8009286e-05
2.0766603e-05
2.0858921e-05
0.00089603108
0.0053725401
0.011911924
0.011959683
0.003500781
1.6708242e-05
1.6616118e-05
1.6465243e-05
1.639276e-05
1.6317597e-05
1.628622e-05
1.62572e-05
1.6224519e-05
1.622334e-05
1.6191947e-05
1.6190882e-05
1.6162396e-05
1.6161599e-05
1.6139099e-05
1.6138439e-05
1.6137667e-05
1.6114732e-05
1.6114061e-05
1.6113329e-05
1.6112491e-05
1.6111494e-05
1.6089535e-05
1.6089184e-05
1.6088715e-05
1.6088011e-05
1.6086944e-05
1.6085433e-05
1.6083518e-05
1.6081386e-05
1.6070644e-05
1.6070304e-05
1.6069699e-05
1.6068778e-05
1.6067672e-05
1.6066597e-05
1.6065914e-05
1.6065869e-05
1.606614e-05
1.606641e-05
1.6066607e-05
1.6066743e-05
1.6066841e-05
1.6066919e-05
1.6066988e-05
1.6067055e-05
1.6067122e-05
1.6067188e-05
1.6067252e-05
1.6067312e-05
1.6067367e-05
1.6067416e-05
1.6067457e-05
1.606749e-05
1.6067514e-05
1.6067529e-05
1.6067535e-05
1.6067531e-05
1.6067518e-05
1.6067496e-05
1.6067463e-05
1.6067421e-05
1.6159075e-05
1.6160042e-05
1.6160979e-05
1.6161887e-05
1.6162763e-05
1.6163605e-05
1.6164408e-05
1.6165167e-05
1.6165873e-05
1.6166517e-05
1.6167082e-05
1.6167546e-05
1.6167881e-05
1.6168044e-05
1.6167978e-05
1.6167608e-05
1.6166831e-05
1.6165518e-05
1.6163508e-05
1.6160609e-05
1.6156593e-05
1.615118e-05
1.614403e-05
1.613488e-05
1.6124765e-05
1.6121236e-05
1.6132819e-05
1.6150218e-05
1.6166398e-05
1.6179006e-05
1.618647e-05
1.6188848e-05
1.6188167e-05
1.6203512e-05
1.6204481e-05
1.6205512e-05
1.6206608e-05
1.6207784e-05
1.6209078e-05
1.6210521e-05
1.6212128e-05
1.6243717e-05
1.6244665e-05
1.6245509e-05
1.6246286e-05
1.6389372e-05
1.6393117e-05
1.6395565e-05
1.6809322e-05
1.681737e-05
1.7955888e-05
1.7986453e-05
2.070534e-05
2.078947e-05
0.00086759978
0.0051973494
0.011598253
0.011857919
0.0025353598
1.6704944e-05
1.6614219e-05
1.6472682e-05
1.6393795e-05
1.6316922e-05
1.6286002e-05
1.6257005e-05
1.6224402e-05
1.6223269e-05
1.6191851e-05
1.6190816e-05
1.6162489e-05
1.6161679e-05
1.6139163e-05
1.6138468e-05
1.6137674e-05
1.6114777e-05
1.6114055e-05
1.6113274e-05
1.6112394e-05
1.6089734e-05
1.6089352e-05
1.6088921e-05
1.608837e-05
1.6087603e-05
1.6086518e-05
1.6085061e-05
1.6083278e-05
1.607082e-05
1.6070483e-05
1.607006e-05
1.6069409e-05
1.6068472e-05
1.6067317e-05
1.6066106e-05
1.6065294e-05
1.6065401e-05
1.6065855e-05
1.6066217e-05
1.6066455e-05
1.6066608e-05
1.6066714e-05
1.6066798e-05
1.6066874e-05
1.6066949e-05
1.6067024e-05
1.6067099e-05
1.6067172e-05
1.606724e-05
1.6067303e-05
1.6067359e-05
1.6067406e-05
1.6067444e-05
1.6067473e-05
1.6067492e-05
1.6067502e-05
1.6067502e-05
1.6067491e-05
1.6067471e-05
1.6067441e-05
1.6067401e-05
1.6159209e-05
1.616019e-05
1.6161144e-05
1.6162071e-05
1.6162968e-05
1.6163834e-05
1.6164666e-05
1.6165458e-05
1.6166204e-05
1.6166892e-05
1.6167509e-05
1.6168034e-05
1.6168436e-05
1.6168673e-05
1.6168685e-05
1.6168389e-05
1.6167671e-05
1.6166381e-05
1.6164329e-05
1.6161281e-05
1.6156955e-05
1.6150982e-05
1.6142828e-05
1.6131721e-05
1.6117389e-05
1.6109752e-05
1.6125779e-05
1.614565e-05
1.6162153e-05
1.6174473e-05
1.6182071e-05
1.6185279e-05
1.6185607e-05
1.6184609e-05
1.6203683e-05
1.6204977e-05
1.6206271e-05
1.6207613e-05
1.6209049e-05
1.6210617e-05
1.6212334e-05
1.6243744e-05
1.6244707e-05
1.6245584e-05
1.6246403e-05
1.6387939e-05
1.6391711e-05
1.6394309e-05
1.6803028e-05
1.6810932e-05
1.6814529e-05
1.7965895e-05
2.0650919e-05
2.0727778e-05
0.00084350181
0.0050551139
0.011361932
0.012006726
0.002363094
1.6701718e-05
1.6611082e-05
1.6480315e-05
1.6393311e-05
1.6316591e-05
1.628595e-05
1.6256927e-05
1.6224369e-05
1.6223276e-05
1.6191813e-05
1.616334e-05
1.6162617e-05
1.6161795e-05
1.6139253e-05
1.6138527e-05
1.6137712e-05
1.6114842e-05
1.6114073e-05
1.6113248e-05
1.6112332e-05
1.6089636e-05
1.608919e-05
1.6088689e-05
1.6088071e-05
1.6087254e-05
1.608616e-05
1.6084754e-05
1.6071149e-05
1.6070744e-05
1.6070342e-05
1.6069852e-05
1.6069161e-05
1.6068208e-05
1.606701e-05
1.606564e-05
1.6064574e-05
1.606493e-05
1.6065607e-05
1.6066051e-05
1.6066317e-05
1.606648e-05
1.606659e-05
1.6066678e-05
1.6066759e-05
1.6066842e-05
1.6066926e-05
1.606701e-05
1.6067092e-05
1.6067169e-05
1.606724e-05
1.6067302e-05
1.6067356e-05
1.60674e-05
1.6067433e-05
1.6067457e-05
1.606747e-05
1.6067473e-05
1.6067466e-05
1.6067448e-05
1.606742e-05
1.6067382e-05
1.6159341e-05
1.6160336e-05
1.6161307e-05
1.6162253e-05
1.6163173e-05
1.6164065e-05
1.6164927e-05
1.6165755e-05
1.6166543e-05
1.6167281e-05
1.6167957e-05
1.6168551e-05
1.6169034e-05
1.6169364e-05
1.6169479e-05
1.616929e-05
1.6168672e-05
1.6167454e-05
1.6165417e-05
1.6162288e-05
1.6157736e-05
1.6151327e-05
1.6142396e-05
1.6129734e-05
1.6111172e-05
1.6095956e-05
1.6120391e-05
1.6142277e-05
1.6158787e-05
1.6170765e-05
1.6178393e-05
1.6182166e-05
1.6183259e-05
1.6182925e-05
1.6181996e-05
1.6204465e-05
1.6205957e-05
1.6207463e-05
1.6209041e-05
1.6210733e-05
1.6212563e-05
1.6214535e-05
1.6244779e-05
1.6245685e-05
1.6246543e-05
1.6247373e-05
1.6390498e-05
1.6393214e-05
1.6797344e-05
1.6805063e-05
1.6808913e-05
1.7947262e-05
2.060207e-05
2.0672436e-05
0.00082271523
0.0049369428
0.011178676
0.012189297
0.0024255429
1.717779e-05
1.6582562e-05
1.64815e-05
1.6392775e-05
1.63165e-05
1.6286028e-05
1.6256946e-05
1.6224406e-05
1.622335e-05
1.6191829e-05
1.6163522e-05
1.6162776e-05
1.6161944e-05
1.6139367e-05
1.6138614e-05
1.6115711e-05
1.6114928e-05
1.6114115e-05
1.611325e-05
1.6090041e-05
1.6089554e-05
1.6089049e-05
1.6088487e-05
1.6087812e-05
1.6086957e-05
1.608586e-05
1.6071611e-05
1.6071128e-05
1.6070679e-05
1.6070223e-05
1.606968e-05
1.6068957e-05
1.6067996e-05
1.6066777e-05
1.6065281e-05
1.6063738e-05
1.6064538e-05
1.6065424e-05
1.606592e-05
1.6066197e-05
1.6066359e-05
1.6066467e-05
1.6066556e-05
1.6066642e-05
1.6066732e-05
1.6066826e-05
1.6066921e-05
1.6067012e-05
1.6067099e-05
1.6067178e-05
1.6067248e-05
1.6067307e-05
1.6067357e-05
1.6067395e-05
1.6067423e-05
1.606744e-05
1.6067446e-05
1.6067441e-05
1.6067426e-05
1.60674e-05
1.6067364e-05
1.6159469e-05
1.6160479e-05
1.6161467e-05
1.6162433e-05
1.6163376e-05
1.6164295e-05
1.6165189e-05
1.6166056e-05
1.6166889e-05
1.6167682e-05
1.6168423e-05
1.6169096e-05
1.6169673e-05
1.6170114e-05
1.6170357e-05
1.6170311e-05
1.6169839e-05
1.6168753e-05
1.6166799e-05
1.6163666e-05
1.6158987e-05
1.6152299e-05
1.6142908e-05
1.6129495e-05
1.6109117e-05
1.6086391e-05
1.6118394e-05
1.6140403e-05
1.615636e-05
1.6167837e-05
1.6175365e-05
1.6179487e-05
1.6181145e-05
1.618135e-05
1.6180841e-05
1.6180045e-05
1.6205671e-05
1.6207338e-05
1.6209056e-05
1.6210871e-05
1.6212813e-05
1.621489e-05
1.6244879e-05
1.6245812e-05
1.6246705e-05
1.6247576e-05
1.6389459e-05
1.6392267e-05
1.6394282e-05
1.6799695e-05
1.6803713e-05
1.7930267e-05
1.7943163e-05
2.0622359e-05
0.00080452164
0.0048368438
0.011033343
0.014471863
0.0026312442
1.7039152e-05
1.6601443e-05
1.6480463e-05
1.635232e-05
1.6316585e-05
1.6286209e-05
1.6257046e-05
1.6224506e-05
1.6192675e-05
1.6191892e-05
1.6163732e-05
1.6162966e-05
1.6140229e-05
1.6139505e-05
1.6138726e-05
1.6115859e-05
1.6115034e-05
1.6114181e-05
1.6113278e-05
1.6090025e-05
1.6089488e-05
1.608893e-05
1.6088314e-05
1.6087591e-05
1.6086706e-05
1.6072189e-05
1.607163e-05
1.6071115e-05
1.6070627e-05
1.6070125e-05
1.6069541e-05
1.6068797e-05
1.606784e-05
1.6066638e-05
1.6065133e-05
1.6063171e-05
1.6064385e-05
1.6065332e-05
1.6065828e-05
1.6066094e-05
1.6066244e-05
1.6066344e-05
1.6066431e-05
1.6066522e-05
1.6066621e-05
1.6066725e-05
1.6066831e-05
1.6066933e-05
1.6067029e-05
1.6067117e-05
1.6067194e-05
1.6067261e-05
1.6067315e-05
1.6067359e-05
1.6067391e-05
1.6067411e-05
1.606742e-05
1.6067418e-05
1.6067405e-05
1.6067381e-05
1.6067347e-05
1.6159593e-05
1.6160619e-05
1.6161624e-05
1.6162609e-05
1.6163576e-05
1.6164523e-05
1.6165451e-05
1.6166357e-05
1.6167239e-05
1.616809e-05
1.6168903e-05
1.6169663e-05
1.6170347e-05
1.6170918e-05
1.6171317e-05
1.6171452e-05
1.6171178e-05
1.6170288e-05
1.6168494e-05
1.6165445e-05
1.616074e-05
1.6153937e-05
1.6144435e-05
1.613122e-05
1.6112865e-05
1.6099983e-05
1.6120358e-05
1.6140058e-05
1.6154845e-05
1.6165626e-05
1.6172915e-05
1.6177214e-05
1.6179269e-05
1.6179898e-05
1.6179746e-05
1.6179223e-05
1.6178555e-05
1.6207241e-05
1.6209096e-05
1.6211034e-05
1.6213088e-05
1.6215268e-05
1.6217572e-05
1.6245961e-05
1.6246889e-05
1.6247798e-05
1.6388579e-05
1.6391457e-05
1.6393601e-05
1.6794771e-05
1.6798891e-05
1.791468e-05
1.7927351e-05
2.0576685e-05
0.00078838815
0.0047505847
0.010916051
0.014474557
0.0028111009
1.7678163e-05
1.6593722e-05
1.6479731e-05
1.6352238e-05
1.6316805e-05
1.6286476e-05
1.6257216e-05
1.6224663e-05
1.6192787e-05
1.6191997e-05
1.6163969e-05
1.6163183e-05
1.6140419e-05
1.6139666e-05
1.6138862e-05
1.6116024e-05
1.611516e-05
1.6114268e-05
1.6090603e-05
1.6090022e-05
1.6089439e-05
1.6088831e-05
1.6088167e-05
1.6087405e-05
1.607287e-05
1.6072239e-05
1.6071655e-05
1.6071111e-05
1.6070589e-05
1.6070048e-05
1.6069433e-05
1.6068679e-05
1.6067741e-05
1.6066594e-05
1.6065222e-05
1.6063932e-05
1.6064542e-05
1.6065333e-05
1.6065774e-05
1.6066005e-05
1.6066131e-05
1.6066218e-05
1.6066301e-05
1.6066397e-05
1.6066506e-05
1.6066623e-05
1.6066741e-05
1.6066855e-05
1.6066962e-05
1.6067058e-05
1.6067143e-05
1.6067216e-05
1.6067276e-05
1.6067324e-05
1.606736e-05
1.6067384e-05
1.6067396e-05
1.6067396e-05
1.6067385e-05
1.6067363e-05
1.6067331e-05
1.6159714e-05
1.6160753e-05
1.6161775e-05
1.6162781e-05
1.6163772e-05
1.6164748e-05
1.616571e-05
1.6166657e-05
1.6167589e-05
1.6168503e-05
1.6169392e-05
1.6170247e-05
1.617105e-05
1.6171769e-05
1.6172351e-05
1.6172706e-05
1.6172687e-05
1.6172067e-05
1.6170521e-05
1.6167646e-05
1.6163017e-05
1.6156239e-05
1.6146918e-05
1.6134616e-05
1.611987e-05
1.6112436e-05
1.6124896e-05
1.6140995e-05
1.6154141e-05
1.6164048e-05
1.6170978e-05
1.617531e-05
1.6177625e-05
1.6178577e-05
1.6178721e-05
1.6178436e-05
1.6177952e-05
1.6177397e-05
1.6209162e-05
1.6211222e-05
1.6213387e-05
1.6215673e-05
1.6218077e-05
1.6246132e-05
1.6247092e-05
1.6248039e-05
1.6387842e-05
1.6390775e-05
1.6393027e-05
1.679024e-05
1.6794411e-05
1.7900303e-05
1.7912644e-05
2.0534711e-05
0.00077391508
0.004675195
0.010820148
0.0144836
0.0074165471
1.8349685e-05
1.659091e-05
1.6438073e-05
1.6352372e-05
1.6317132e-05
1.6286816e-05
1.6257446e-05
1.622487e-05
1.6192938e-05
1.6192141e-05
1.6164231e-05
1.6163427e-05
1.614063e-05
1.6139849e-05
1.6139021e-05
1.6116207e-05
1.6115305e-05
1.6114377e-05
1.6090655e-05
1.6090033e-05
1.6089405e-05
1.6088752e-05
1.6088046e-05
1.6073647e-05
1.6072947e-05
1.6072295e-05
1.6071688e-05
1.6071117e-05
1.6070564e-05
1.6069992e-05
1.6069354e-05
1.6068598e-05
1.6067692e-05
1.6066627e-05
1.6065458e-05
1.6064598e-05
1.6064854e-05
1.6065402e-05
1.6065747e-05
1.6065925e-05
1.6066018e-05
1.6066086e-05
1.6066165e-05
1.6066267e-05
1.6066388e-05
1.6066519e-05
1.6066651e-05
1.6066778e-05
1.6066895e-05
1.6067001e-05
1.6067094e-05
1.6067173e-05
1.6067239e-05
1.6067291e-05
1.6067331e-05
1.6067358e-05
1.6067373e-05
1.6067376e-05
1.6067367e-05
1.6067347e-05
1.6067316e-05
1.6159829e-05
1.6160883e-05
1.6161922e-05
1.6162948e-05
1.6163962e-05
1.6164967e-05
1.6165963e-05
1.6166953e-05
1.6167937e-05
1.6168915e-05
1.6169885e-05
1.6170841e-05
1.6171773e-05
1.6172656e-05
1.6173447e-05
1.6174063e-05
1.6174359e-05
1.6174092e-05
1.6172892e-05
1.6170289e-05
1.6165819e-05
1.6159165e-05
1.6150198e-05
1.6139092e-05
1.6127509e-05
1.6122537e-05
1.6130329e-05
1.6142819e-05
1.6154101e-05
1.6163012e-05
1.6169484e-05
1.6173737e-05
1.61762e-05
1.6177389e-05
1.6177772e-05
1.6177692e-05
1.6177371e-05
1.6176944e-05
1.6209257e-05
1.6211435e-05
1.6213711e-05
1.6216102e-05
1.621861e-05
1.6246323e-05
1.6247316e-05
1.62483e-05
1.6249277e-05
1.639021e-05
1.6392555e-05
1.678606e-05
1.6790241e-05
1.7886971e-05
1.789891e-05
2.0495864e-05
0.00076079683
0.0046084573
0.010740877
0.014498147
0.0076155529
1.9009294e-05
1.659024e-05
1.6437974e-05
1.635267e-05
1.6317548e-05
1.628722e-05
1.6257729e-05
1.6225123e-05
1.6193123e-05
1.6192321e-05
1.6164518e-05
1.6163696e-05
1.614086e-05
1.6140052e-05
1.6117332e-05
1.6116408e-05
1.6115468e-05
1.6114505e-05
1.609072e-05
1.6090056e-05
1.6089387e-05
1.6088693e-05
1.608795e-05
1.6073752e-05
1.6073031e-05
1.6072358e-05
1.6071728e-05
1.6071132e-05
1.6070552e-05
1.6069955e-05
1.6069302e-05
1.6068551e-05
1.6067683e-05
1.6066713e-05
1.6065737e-05
1.6065106e-05
1.6065174e-05
1.6065504e-05
1.6065736e-05
1.6065847e-05
1.6065897e-05
1.6065942e-05
1.6066018e-05
1.6066129e-05
1.6066265e-05
1.6066414e-05
1.6066562e-05
1.6066703e-05
1.6066832e-05
1.6066947e-05
1.6067047e-05
1.6067133e-05
1.6067204e-05
1.6067261e-05
1.6067304e-05
1.6067335e-05
1.6067352e-05
1.6067357e-05
1.6067351e-05
1.6067332e-05
1.6067303e-05
)
;

boundaryField
{
    farfieldLeft
    {
        type            calculated;
        value           uniform 0;
    }
    farfieldRight
    {
        type            calculated;
        value           uniform 0;
    }
    farfieldTop
    {
        type            calculated;
        value           uniform 0;
    }
    airfoil
    {
        type            compressible::alphatWallFunction;
        value           uniform 0;
    }
    front
    {
        type            empty;
    }
    back
    {
        type            empty;
    }
}


// ************************************************************************* //
