/*--------------------------------*- C++ -*----------------------------------*\
| =========                 |                                                 |
| \\      /  F ield         | OpenFOAM: The Open Source CFD Toolbox           |
|  \\    /   O peration     | Version:  2312                                  |
|   \\  /    A nd           | Website:  www.openfoam.com                      |
|    \\/     M anipulation  |                                                 |
\*---------------------------------------------------------------------------*/
FoamFile
{
    version     2.0;
    format      ascii;
    arch        "LSB;label=32;scalar=64";
    class       volScalarField;
    location    "0";
    object      nut;
}
// * * * * * * * * * * * * * * * * * * * * * * * * * * * * * * * * * * * * * //

dimensions      [0 2 -1 0 0 0 0];

internalField   nonuniform List<scalar> 
8880
(
1.9140074e-05
1.9113556e-05
1.9087101e-05
1.9060675e-05
1.9034248e-05
1.9007788e-05
1.8981266e-05
1.8954652e-05
1.8927916e-05
1.8901039e-05
1.887396e-05
1.8846681e-05
1.8819164e-05
1.8791377e-05
1.8763292e-05
1.7141205e-05
1.7139328e-05
1.7137413e-05
1.7135443e-05
1.7133407e-05
1.7131286e-05
1.7129064e-05
1.7126725e-05
1.7124243e-05
1.7121602e-05
1.7118778e-05
1.7115752e-05
1.711251e-05
1.7109064e-05
1.7105496e-05
1.7102005e-05
1.7098709e-05
1.709556e-05
1.7092577e-05
1.7089791e-05
1.7087275e-05
1.7085109e-05
1.7083417e-05
1.7082334e-05
1.7082032e-05
0.00046184771
0.00046315011
0.00046453608
0.00046603625
0.00046768829
0.0029894332
0.0029970854
0.0030053287
0.0030142677
0.0078837274
0.0078946913
0.011974216
0.011981399
0.011564999
0.0077487899
0.0077459853
0.0035994342
0.00020481378
2.6947165e-05
1.4319005e-05
1.4291656e-05
1.4221957e-05
1.418963e-05
1.4125569e-05
1.4089972e-05
1.4089856e-05
1.405214e-05
1.4017035e-05
1.4016935e-05
1.3986394e-05
1.3986295e-05
1.3959065e-05
1.3958973e-05
1.3958883e-05
1.3958792e-05
1.3931272e-05
1.3931179e-05
1.3931087e-05
1.3930992e-05
1.3930891e-05
1.3901027e-05
1.3900973e-05
1.3900918e-05
1.390086e-05
1.3900796e-05
1.3900725e-05
1.3900643e-05
1.3900549e-05
1.3900441e-05
1.3900316e-05
1.3900168e-05
1.389999e-05
1.3899782e-05
1.3899545e-05
1.3899281e-05
1.3898991e-05
1.3898676e-05
1.3898336e-05
1.3897973e-05
1.3897585e-05
1.3897173e-05
1.3896738e-05
1.3896278e-05
1.3895795e-05
1.3895288e-05
1.3824218e-05
1.3823384e-05
1.3822573e-05
1.3821785e-05
1.3821018e-05
1.3820272e-05
1.3819546e-05
1.3818839e-05
1.3818151e-05
1.3817481e-05
1.3816829e-05
1.3816193e-05
1.3815574e-05
1.3814971e-05
1.3814383e-05
1.9140032e-05
1.9113516e-05
1.9087063e-05
1.9060639e-05
1.9034213e-05
1.9007755e-05
1.8981234e-05
1.8954621e-05
1.8927886e-05
1.890099e-05
1.887394e-05
1.8846654e-05
1.8819136e-05
1.8791359e-05
1.8763265e-05
1.7141188e-05
1.7139312e-05
1.7137395e-05
1.7135425e-05
1.7133387e-05
1.7131264e-05
1.7129043e-05
1.71267e-05
1.7124218e-05
1.7121575e-05
1.7118749e-05
1.7115719e-05
1.7112479e-05
1.7109031e-05
1.710546e-05
1.7101965e-05
1.7098666e-05
1.7095517e-05
1.7092528e-05
1.7089739e-05
1.7087215e-05
1.7085048e-05
1.7083348e-05
1.7082261e-05
1.7081954e-05
0.00046184168
0.00046314284
0.00046452855
0.00046602951
0.00046767866
0.0029894187
0.0029970715
0.0030053094
0.0030142497
0.0078837238
0.0078946899
0.011974295
0.011981477
0.0115651
0.0077488111
0.0077460012
0.0035993825
0.00020479263
2.6945797e-05
1.4319011e-05
1.4291663e-05
1.4221963e-05
1.4189635e-05
1.4125572e-05
1.4089975e-05
1.4089858e-05
1.4052142e-05
1.4017036e-05
1.4016936e-05
1.3986394e-05
1.3986296e-05
1.3959065e-05
1.3958973e-05
1.3958883e-05
1.3958792e-05
1.3931272e-05
1.3931179e-05
1.3931087e-05
1.3930992e-05
1.3930891e-05
1.3901026e-05
1.3900972e-05
1.3900917e-05
1.390086e-05
1.3900796e-05
1.3900724e-05
1.3900642e-05
1.3900548e-05
1.390044e-05
1.3900316e-05
1.3900168e-05
1.389999e-05
1.3899781e-05
1.3899545e-05
1.3899281e-05
1.3898991e-05
1.3898676e-05
1.3898336e-05
1.3897973e-05
1.3897585e-05
1.3897173e-05
1.3896738e-05
1.3896279e-05
1.3895795e-05
1.3895288e-05
1.3824218e-05
1.3823384e-05
1.3822573e-05
1.3821785e-05
1.3821018e-05
1.3820272e-05
1.3819546e-05
1.3818839e-05
1.3818151e-05
1.3817481e-05
1.3816829e-05
1.3816193e-05
1.3815574e-05
1.3814971e-05
1.3814383e-05
1.9139982e-05
1.9113469e-05
1.9087018e-05
1.9060596e-05
1.9034172e-05
1.9007723e-05
1.8981196e-05
1.8954584e-05
1.892785e-05
1.8900972e-05
1.887389e-05
1.8846628e-05
1.8819104e-05
1.8791318e-05
1.8763241e-05
1.7141169e-05
1.7139292e-05
1.7137374e-05
1.7135403e-05
1.7133362e-05
1.713124e-05
1.7129015e-05
1.7126672e-05
1.7124188e-05
1.7121542e-05
1.7118714e-05
1.7115684e-05
1.7112439e-05
1.7108988e-05
1.7105416e-05
1.710192e-05
1.7098618e-05
1.7095463e-05
1.7092469e-05
1.7089677e-05
1.7087147e-05
1.7084974e-05
1.7083268e-05
1.7082175e-05
1.7081862e-05
1.7082523e-05
0.00046313521
0.00046451984
0.00046601941
0.00046767016
0.0029893983
0.0029970462
0.0030052921
0.0030142302
0.0078837181
0.007894693
0.011974389
0.011981566
0.011565218
0.0077488351
0.0077460194
0.0035993225
0.00020476737
2.694416e-05
1.4319018e-05
1.429167e-05
1.4221969e-05
1.4189641e-05
1.4125576e-05
1.4089978e-05
1.4089861e-05
1.4052144e-05
1.4017037e-05
1.4016937e-05
1.3986395e-05
1.3986297e-05
1.3959065e-05
1.3958974e-05
1.3958884e-05
1.3958792e-05
1.3931272e-05
1.3931179e-05
1.3931087e-05
1.3930992e-05
1.3901083e-05
1.3901025e-05
1.3900971e-05
1.3900917e-05
1.3900859e-05
1.3900796e-05
1.3900724e-05
1.3900642e-05
1.3900548e-05
1.390044e-05
1.3900315e-05
1.3900168e-05
1.389999e-05
1.3899781e-05
1.3899544e-05
1.389928e-05
1.3898991e-05
1.3898676e-05
1.3898336e-05
1.3897973e-05
1.3897585e-05
1.3897173e-05
1.3896738e-05
1.3896278e-05
1.3895795e-05
1.3895288e-05
1.3824218e-05
1.3823384e-05
1.3822574e-05
1.3821785e-05
1.3821019e-05
1.3820272e-05
1.3819546e-05
1.3818839e-05
1.3818151e-05
1.3817481e-05
1.3816829e-05
1.3816193e-05
1.3815574e-05
1.3814971e-05
1.3814383e-05
1.9139924e-05
1.9113413e-05
1.9086965e-05
1.9060546e-05
1.9034123e-05
1.9007669e-05
1.8981151e-05
1.8954541e-05
1.8927815e-05
1.8900917e-05
1.8873864e-05
1.8846581e-05
1.8819072e-05
1.879128e-05
1.8763196e-05
1.7141148e-05
1.7139269e-05
1.7137349e-05
1.7135376e-05
1.7133335e-05
1.713121e-05
1.7128984e-05
1.7126637e-05
1.7124152e-05
1.7121504e-05
1.7118673e-05
1.711564e-05
1.7112393e-05
1.710894e-05
1.7105366e-05
1.7101867e-05
1.7098559e-05
1.7095401e-05
1.7092401e-05
1.7089602e-05
1.7087068e-05
1.7084886e-05
1.7083175e-05
1.7082074e-05
1.7081753e-05
1.7082408e-05
0.00046312555
0.00046450919
0.000466009
0.00046765859
0.0029893723
0.002997024
0.0030052665
0.0030142091
0.0078837159
0.0078946863
0.011974497
0.011981677
0.011565358
0.0077488632
0.0077460394
0.0035992519
0.00020473799
2.6942236e-05
1.4319026e-05
1.4291679e-05
1.4221976e-05
1.4189648e-05
1.4125581e-05
1.4089981e-05
1.4089864e-05
1.4052146e-05
1.4017039e-05
1.4016939e-05
1.3986396e-05
1.3986298e-05
1.3959065e-05
1.3958974e-05
1.3958884e-05
1.3958793e-05
1.3931271e-05
1.3931179e-05
1.3931087e-05
1.3930992e-05
1.3901082e-05
1.3901024e-05
1.390097e-05
1.3900916e-05
1.3900858e-05
1.3900795e-05
1.3900724e-05
1.3900642e-05
1.3900548e-05
1.390044e-05
1.3900315e-05
1.3900167e-05
1.389999e-05
1.3899781e-05
1.3899544e-05
1.389928e-05
1.3898991e-05
1.3898676e-05
1.3898336e-05
1.3897973e-05
1.3897585e-05
1.3897173e-05
1.3896738e-05
1.3896279e-05
1.3895795e-05
1.3895288e-05
1.3824218e-05
1.3823384e-05
1.3822574e-05
1.3821785e-05
1.3821018e-05
1.3820273e-05
1.3819546e-05
1.381884e-05
1.3818151e-05
1.3817481e-05
1.3816829e-05
1.3816193e-05
1.3815574e-05
1.3814971e-05
1.3814383e-05
1.9139853e-05
1.9113346e-05
1.9086901e-05
1.9060485e-05
1.903407e-05
1.9007608e-05
1.8981097e-05
1.8954494e-05
1.8927752e-05
1.890088e-05
1.887381e-05
1.8846534e-05
1.8819019e-05
1.879124e-05
1.8763156e-05
1.7141121e-05
1.7139241e-05
1.713732e-05
1.7135345e-05
1.7133301e-05
1.7131175e-05
1.7128946e-05
1.7126598e-05
1.7124108e-05
1.7121458e-05
1.7118624e-05
1.7115588e-05
1.7112338e-05
1.7108882e-05
1.7105305e-05
1.7101803e-05
1.7098489e-05
1.7095326e-05
1.709232e-05
1.7089513e-05
1.7086971e-05
1.7084782e-05
1.7083061e-05
1.7081951e-05
1.7081623e-05
1.708227e-05
0.00046311384
0.00046449697
0.00046599561
0.00046764514
0.0029893446
0.0029969911
0.0030052349
0.0030141824
0.0078837095
0.0078946809
0.011974633
0.011981808
0.011565526
0.0077488966
0.0077460651
0.0035991661
0.00020470229
2.6939927e-05
1.4319036e-05
1.429169e-05
1.4221984e-05
1.4189656e-05
1.4125587e-05
1.4089985e-05
1.4089869e-05
1.4052149e-05
1.401704e-05
1.401694e-05
1.3986397e-05
1.3986299e-05
1.3959065e-05
1.3958974e-05
1.3958884e-05
1.3958793e-05
1.3931271e-05
1.3931179e-05
1.3931087e-05
1.3930992e-05
1.3901081e-05
1.3901023e-05
1.3900969e-05
1.3900915e-05
1.3900858e-05
1.3900794e-05
1.3900723e-05
1.3900641e-05
1.3900547e-05
1.3900439e-05
1.3900315e-05
1.3900167e-05
1.3899989e-05
1.3899781e-05
1.3899544e-05
1.389928e-05
1.3898991e-05
1.3898676e-05
1.3898336e-05
1.3897973e-05
1.3897585e-05
1.3897173e-05
1.3896738e-05
1.3896279e-05
1.3895796e-05
1.3895289e-05
1.3824219e-05
1.3823385e-05
1.3822574e-05
1.3821786e-05
1.3821019e-05
1.3820272e-05
1.3819547e-05
1.381884e-05
1.3818152e-05
1.3817482e-05
1.3816829e-05
1.3816193e-05
1.3815574e-05
1.3814971e-05
1.3814383e-05
1.9139768e-05
1.9113265e-05
1.9086823e-05
1.9060414e-05
1.903399e-05
1.9007544e-05
1.8981036e-05
1.8954425e-05
1.8927696e-05
1.8900814e-05
1.8873755e-05
1.8846477e-05
1.8818967e-05
1.8791178e-05
1.7142942e-05
1.7141089e-05
1.7139206e-05
1.7137283e-05
1.7135306e-05
1.7133261e-05
1.7131131e-05
1.71289e-05
1.7126548e-05
1.7124056e-05
1.7121402e-05
1.7118564e-05
1.7115524e-05
1.711227e-05
1.7108811e-05
1.710523e-05
1.7101724e-05
1.7098406e-05
1.7095233e-05
1.709222e-05
1.7089405e-05
1.7086853e-05
1.7084653e-05
1.7082923e-05
1.7081803e-05
1.7081464e-05
1.7082101e-05
0.00046309957
0.00046448199
0.00046598015
0.00046762846
0.0029893065
0.0029969563
0.0030051998
0.0030141497
0.0078837013
0.007894677
0.01197479
0.011981968
0.011565729
0.0077489362
0.0077460963
0.0035990617
0.00020465886
2.6937133e-05
1.4319048e-05
1.4291702e-05
1.4221995e-05
1.4189666e-05
1.4125594e-05
1.408999e-05
1.4089874e-05
1.4052152e-05
1.4017042e-05
1.4016942e-05
1.3986398e-05
1.39863e-05
1.3959066e-05
1.3958975e-05
1.3958885e-05
1.3958794e-05
1.3931271e-05
1.3931178e-05
1.3931087e-05
1.3930992e-05
1.3901079e-05
1.3901022e-05
1.3900968e-05
1.3900914e-05
1.3900857e-05
1.3900794e-05
1.3900722e-05
1.3900641e-05
1.3900547e-05
1.3900439e-05
1.3900314e-05
1.3900166e-05
1.3899989e-05
1.389978e-05
1.3899544e-05
1.389928e-05
1.3898991e-05
1.3898676e-05
1.3898336e-05
1.3897973e-05
1.3897585e-05
1.3897173e-05
1.3896738e-05
1.3896279e-05
1.3895796e-05
1.3895289e-05
1.3894757e-05
1.3823385e-05
1.3822574e-05
1.3821786e-05
1.3821019e-05
1.3820273e-05
1.3819547e-05
1.381884e-05
1.3818151e-05
1.3817481e-05
1.3816829e-05
1.3816193e-05
1.3815574e-05
1.3814971e-05
1.3814383e-05
1.9139663e-05
1.9113165e-05
1.9086728e-05
1.9060316e-05
1.9033911e-05
1.9007461e-05
1.8980951e-05
1.8954348e-05
1.8927624e-05
1.8900741e-05
1.887368e-05
1.8846411e-05
1.8818894e-05
1.8791111e-05
1.7142906e-05
1.7141049e-05
1.7139164e-05
1.7137239e-05
1.7135259e-05
1.7133211e-05
1.7131078e-05
1.7128843e-05
1.7126488e-05
1.7123992e-05
1.7121334e-05
1.7118492e-05
1.7115446e-05
1.7112188e-05
1.7108725e-05
1.7105141e-05
1.7101628e-05
1.7098302e-05
1.7095123e-05
1.7092099e-05
1.7089273e-05
1.7086709e-05
1.7084498e-05
1.7082754e-05
1.7081621e-05
1.7081269e-05
1.7081895e-05
0.00046308239
0.00046446309
0.00046596039
0.00046760856
0.0029892628
0.0029969092
0.0030051555
0.0030141085
0.0078836914
0.0078946703
0.011974986
0.011982161
0.011565978
0.0077489854
0.0077461335
0.0035989351
0.00020460598
2.6933672e-05
1.4319062e-05
1.4291718e-05
1.4222007e-05
1.4189678e-05
1.4125603e-05
1.4089996e-05
1.408988e-05
1.4052157e-05
1.4017045e-05
1.4016945e-05
1.39864e-05
1.3986302e-05
1.3959066e-05
1.3958975e-05
1.3958885e-05
1.3958795e-05
1.393127e-05
1.3931178e-05
1.3931086e-05
1.3930992e-05
1.3901077e-05
1.390102e-05
1.3900966e-05
1.3900913e-05
1.3900856e-05
1.3900793e-05
1.3900721e-05
1.390064e-05
1.3900546e-05
1.3900438e-05
1.3900314e-05
1.3900166e-05
1.3899988e-05
1.389978e-05
1.3899543e-05
1.389928e-05
1.389899e-05
1.3898676e-05
1.3898336e-05
1.3897973e-05
1.3897585e-05
1.3897173e-05
1.3896738e-05
1.3896279e-05
1.3895796e-05
1.3895289e-05
1.3894757e-05
1.3823386e-05
1.3822575e-05
1.3821786e-05
1.3821019e-05
1.3820273e-05
1.3819547e-05
1.381884e-05
1.3818152e-05
1.3817482e-05
1.3816829e-05
1.3816193e-05
1.3815574e-05
1.3814971e-05
1.3814383e-05
1.9139535e-05
1.9113043e-05
1.9086616e-05
1.9060209e-05
1.9033798e-05
1.9007362e-05
1.8980853e-05
1.8954253e-05
1.8927532e-05
1.8900652e-05
1.8873593e-05
1.8846325e-05
1.881881e-05
1.8791034e-05
1.714286e-05
1.7141001e-05
1.7139114e-05
1.7137185e-05
1.7135202e-05
1.713315e-05
1.7131013e-05
1.7128774e-05
1.7126415e-05
1.7123914e-05
1.712125e-05
1.7118403e-05
1.7115353e-05
1.7112088e-05
1.710862e-05
1.710503e-05
1.7101512e-05
1.7098177e-05
1.7094985e-05
1.7091951e-05
1.7089112e-05
1.7086534e-05
1.7084308e-05
1.7082549e-05
1.7081399e-05
1.7081032e-05
1.7081643e-05
0.00046306114
0.00046444072
0.00046593649
0.00046758371
0.002989208
0.0029968543
0.003005101
0.0030140583
0.0078836786
0.007894662
0.011975225
0.011982395
0.011566281
0.0077490451
0.0077461787
0.0035987794
0.00020454181
2.6929469e-05
1.431908e-05
1.4291737e-05
1.4222023e-05
1.4189692e-05
1.4125613e-05
1.4090004e-05
1.4089887e-05
1.4052162e-05
1.4017047e-05
1.4016948e-05
1.3986402e-05
1.3986304e-05
1.3959066e-05
1.3958976e-05
1.3958886e-05
1.3958796e-05
1.393127e-05
1.3931178e-05
1.3931086e-05
1.3930992e-05
1.3901074e-05
1.3901017e-05
1.3900964e-05
1.3900911e-05
1.3900854e-05
1.3900791e-05
1.390072e-05
1.3900639e-05
1.3900546e-05
1.3900438e-05
1.3900313e-05
1.3900165e-05
1.3899988e-05
1.389978e-05
1.3899543e-05
1.389928e-05
1.389899e-05
1.3898676e-05
1.3898336e-05
1.3897973e-05
1.3897585e-05
1.3897173e-05
1.3896738e-05
1.3896279e-05
1.3895796e-05
1.3895289e-05
1.3894758e-05
1.3823386e-05
1.3822575e-05
1.3821787e-05
1.382102e-05
1.3820273e-05
1.3819547e-05
1.381884e-05
1.3818152e-05
1.3817482e-05
1.3816829e-05
1.3816193e-05
1.3815574e-05
1.3814971e-05
1.3814383e-05
1.9139379e-05
1.9112895e-05
1.9086469e-05
1.9060076e-05
1.9033672e-05
1.9007236e-05
1.8980734e-05
1.895414e-05
1.8927418e-05
1.8900546e-05
1.8873487e-05
1.8846218e-05
1.8818713e-05
1.8790927e-05
1.7142805e-05
1.7140943e-05
1.7139052e-05
1.713712e-05
1.7135133e-05
1.7133076e-05
1.7130935e-05
1.7128691e-05
1.7126326e-05
1.7123819e-05
1.7121149e-05
1.7118295e-05
1.7115238e-05
1.7111966e-05
1.7108491e-05
1.7104896e-05
1.710137e-05
1.7098024e-05
1.709482e-05
1.709177e-05
1.7088916e-05
1.7086321e-05
1.7084076e-05
1.7082298e-05
1.7081129e-05
1.7080743e-05
1.7081337e-05
0.00046303538
0.00046441296
0.00046590721
0.00046755354
0.0029891417
0.0029967843
0.0030050329
0.0030139983
0.0078836638
0.0078946487
0.011975514
0.011982683
0.011566649
0.011567453
0.0077462325
0.0035985904
0.00020446282
2.6924376e-05
1.4319101e-05
1.429176e-05
1.4222042e-05
1.418971e-05
1.4125626e-05
1.4090013e-05
1.4052279e-05
1.4052168e-05
1.4017051e-05
1.4016951e-05
1.3986404e-05
1.3986306e-05
1.3959067e-05
1.3958976e-05
1.3958887e-05
1.3958797e-05
1.3931269e-05
1.3931177e-05
1.3931086e-05
1.3930992e-05
1.3901071e-05
1.3901015e-05
1.3900962e-05
1.3900909e-05
1.3900852e-05
1.390079e-05
1.3900719e-05
1.3900638e-05
1.3900545e-05
1.3900437e-05
1.3900312e-05
1.3900164e-05
1.3899987e-05
1.3899779e-05
1.3899543e-05
1.3899279e-05
1.389899e-05
1.3898675e-05
1.3898336e-05
1.3897973e-05
1.3897585e-05
1.3897174e-05
1.3896738e-05
1.3896279e-05
1.3895796e-05
1.3895289e-05
1.3894758e-05
1.3823387e-05
1.3822576e-05
1.3821787e-05
1.382102e-05
1.3820274e-05
1.3819547e-05
1.381884e-05
1.3818152e-05
1.3817482e-05
1.3816829e-05
1.3816193e-05
1.3815574e-05
1.3814971e-05
1.3814383e-05
1.9139189e-05
1.9112715e-05
1.9086302e-05
1.9059908e-05
1.9033517e-05
1.9007085e-05
1.8980591e-05
1.8953996e-05
1.8927284e-05
1.8900411e-05
1.887336e-05
1.8846094e-05
1.8818586e-05
1.8790806e-05
1.7142738e-05
1.7140872e-05
1.7138977e-05
1.713704e-05
1.7135048e-05
1.7132987e-05
1.713084e-05
1.712859e-05
1.7126218e-05
1.7123704e-05
1.7121026e-05
1.7118164e-05
1.7115099e-05
1.7111819e-05
1.7108336e-05
1.7104734e-05
1.7101198e-05
1.7097838e-05
1.7094618e-05
1.7091551e-05
1.7088677e-05
1.7086061e-05
1.7083795e-05
1.7081993e-05
1.7080801e-05
1.7080391e-05
1.7080963e-05
0.00046300384
0.00046437913
0.00046587153
0.00046751662
0.0029890586
0.0029967007
0.0030049513
0.0030139221
0.0078836421
0.0078946332
0.011975862
0.011983028
0.011567096
0.011567883
0.0077462981
0.0035983598
0.00020436701
2.6918152e-05
1.4319127e-05
1.4291789e-05
1.4222064e-05
1.4189731e-05
1.4125641e-05
1.4090024e-05
1.4052286e-05
1.4052175e-05
1.4017055e-05
1.4016956e-05
1.3986407e-05
1.3986309e-05
1.3959067e-05
1.3958977e-05
1.3958888e-05
1.3958798e-05
1.3931268e-05
1.3931177e-05
1.3931086e-05
1.3930992e-05
1.3901067e-05
1.3901011e-05
1.3900959e-05
1.3900906e-05
1.390085e-05
1.3900788e-05
1.3900718e-05
1.3900637e-05
1.3900543e-05
1.3900436e-05
1.3900311e-05
1.3900163e-05
1.3899986e-05
1.3899778e-05
1.3899542e-05
1.3899279e-05
1.389899e-05
1.3898675e-05
1.3898336e-05
1.3897973e-05
1.3897585e-05
1.3897174e-05
1.3896738e-05
1.3896279e-05
1.3895796e-05
1.3895289e-05
1.3894758e-05
1.3823388e-05
1.3822577e-05
1.3821788e-05
1.3821021e-05
1.3820274e-05
1.3819548e-05
1.3818841e-05
1.3818152e-05
1.3817482e-05
1.3816829e-05
1.3816193e-05
1.3815574e-05
1.3814971e-05
1.3814383e-05
1.9138959e-05
1.9112495e-05
1.9086091e-05
1.9059712e-05
1.9033324e-05
1.9006902e-05
1.8980413e-05
1.8953829e-05
1.8927117e-05
1.8900253e-05
1.8873203e-05
1.884594e-05
1.8818435e-05
1.8790659e-05
1.7142657e-05
1.7140786e-05
1.7138886e-05
1.7136944e-05
1.7134946e-05
1.7132878e-05
1.7130724e-05
1.7128467e-05
1.7126087e-05
1.7123564e-05
1.7120878e-05
1.7118006e-05
1.711493e-05
1.711164e-05
1.7108148e-05
1.7104536e-05
1.7100989e-05
1.7097612e-05
1.7094373e-05
1.7091285e-05
1.7088387e-05
1.7085747e-05
1.7083453e-05
1.7081622e-05
1.7080401e-05
1.7079963e-05
1.7080509e-05
0.00046296547
0.00046433804
0.00046582786
0.00046747134
0.002988959
0.0029965973
0.0030048485
0.0030138288
0.0078836139
0.0078946113
0.011976286
0.011983447
0.011567636
0.011568403
0.0077463765
0.0035980789
0.00020425081
2.6910607e-05
1.4319158e-05
1.4291823e-05
1.4222092e-05
1.4189758e-05
1.412566e-05
1.4090037e-05
1.4052295e-05
1.4052184e-05
1.401706e-05
1.4016961e-05
1.398641e-05
1.3986313e-05
1.3959068e-05
1.3958978e-05
1.3958889e-05
1.39588e-05
1.3931267e-05
1.3931176e-05
1.3931086e-05
1.3930992e-05
1.3901062e-05
1.3901007e-05
1.3900955e-05
1.3900903e-05
1.3900848e-05
1.3900786e-05
1.3900716e-05
1.3900635e-05
1.3900542e-05
1.3900435e-05
1.390031e-05
1.3900162e-05
1.3899985e-05
1.3899778e-05
1.3899541e-05
1.3899278e-05
1.3898989e-05
1.3898675e-05
1.3898336e-05
1.3897973e-05
1.3897585e-05
1.3897174e-05
1.3896739e-05
1.389628e-05
1.3895797e-05
1.389529e-05
1.3894758e-05
1.3823389e-05
1.3822577e-05
1.3821789e-05
1.3821021e-05
1.3820275e-05
1.3819548e-05
1.3818841e-05
1.3818153e-05
1.3817482e-05
1.3816829e-05
1.3816193e-05
1.3815574e-05
1.381497e-05
1.3814383e-05
1.9138679e-05
1.911223e-05
1.9085837e-05
1.9059469e-05
1.9033093e-05
1.9006681e-05
1.8980199e-05
1.8953622e-05
1.8926917e-05
1.8900058e-05
1.8873014e-05
1.8845755e-05
1.8818252e-05
1.8790479e-05
1.7142559e-05
1.7140683e-05
1.7138776e-05
1.7136827e-05
1.7134823e-05
1.7132747e-05
1.7130585e-05
1.7128318e-05
1.7125929e-05
1.7123396e-05
1.7120698e-05
1.7117814e-05
1.7114726e-05
1.7111424e-05
1.710792e-05
1.7104298e-05
1.7100736e-05
1.709734e-05
1.7094078e-05
1.7090963e-05
1.7088037e-05
1.7085366e-05
1.7083038e-05
1.7081174e-05
1.7079917e-05
1.7079444e-05
1.7079958e-05
0.00046291865
0.0004642878
0.00046577481
0.00046741639
0.00046924954
0.0029964693
0.0030047229
0.0030137134
0.0078835776
0.0078945821
0.011976794
0.01198395
0.011568288
0.011569031
0.0077464696
0.0035977386
0.0011331638
2.6901443e-05
1.4319196e-05
1.4291864e-05
1.4222125e-05
1.4158409e-05
1.4125683e-05
1.4090053e-05
1.4052306e-05
1.4052195e-05
1.4017066e-05
1.4016967e-05
1.3986414e-05
1.3986317e-05
1.3959069e-05
1.3958979e-05
1.3958891e-05
1.393136e-05
1.3931266e-05
1.3931175e-05
1.3931085e-05
1.3930992e-05
1.3901057e-05
1.3901002e-05
1.3900951e-05
1.3900899e-05
1.3900845e-05
1.3900783e-05
1.3900714e-05
1.3900633e-05
1.390054e-05
1.3900433e-05
1.3900308e-05
1.3900161e-05
1.3899984e-05
1.3899777e-05
1.3899541e-05
1.3899278e-05
1.3898989e-05
1.3898675e-05
1.3898336e-05
1.3897973e-05
1.3897585e-05
1.3897174e-05
1.3896739e-05
1.389628e-05
1.3895797e-05
1.389529e-05
1.3894759e-05
1.382339e-05
1.3822579e-05
1.3821789e-05
1.3821022e-05
1.3820275e-05
1.3819549e-05
1.3818841e-05
1.3818153e-05
1.3817482e-05
1.3816829e-05
1.3816193e-05
1.3815574e-05
1.381497e-05
1.3814382e-05
1.913834e-05
1.9111909e-05
1.908553e-05
1.9059177e-05
1.9032813e-05
1.9006411e-05
1.8979941e-05
1.8953372e-05
1.8926678e-05
1.8899824e-05
1.8872785e-05
1.8845531e-05
1.8818033e-05
1.8790261e-05
1.7142441e-05
1.7140558e-05
1.7138644e-05
1.7136687e-05
1.7134674e-05
1.7132589e-05
1.7130417e-05
1.712814e-05
1.7125739e-05
1.7123193e-05
1.7120482e-05
1.7117584e-05
1.7114482e-05
1.7111164e-05
1.7107646e-05
1.7104011e-05
1.7100432e-05
1.7097011e-05
1.7093721e-05
1.7090575e-05
1.7087615e-05
1.7084905e-05
1.7082538e-05
1.7080631e-05
1.7079332e-05
1.7078817e-05
1.707929e-05
0.000462862
0.00046422674
0.0004657102
0.0004673491
0.00046918197
0.0029963123
0.0030045684
0.0030135709
0.0078835286
0.00789454
0.011977405
0.011984554
0.011569073
0.011569785
0.0077465796
0.0035973261
0.0011328215
2.6890395e-05
1.4319242e-05
1.4291914e-05
1.4222165e-05
1.4158442e-05
1.412571e-05
1.4090073e-05
1.4052318e-05
1.4052208e-05
1.4017074e-05
1.4016975e-05
1.3986419e-05
1.3986322e-05
1.395907e-05
1.395898e-05
1.3958892e-05
1.3931358e-05
1.3931264e-05
1.3931174e-05
1.3931085e-05
1.3930992e-05
1.390105e-05
1.3900996e-05
1.3900946e-05
1.3900895e-05
1.3900841e-05
1.390078e-05
1.3900711e-05
1.3900631e-05
1.3900539e-05
1.3900431e-05
1.3900307e-05
1.3900159e-05
1.3899983e-05
1.3899775e-05
1.389954e-05
1.3899277e-05
1.3898989e-05
1.3898675e-05
1.3898336e-05
1.3897973e-05
1.3897586e-05
1.3897174e-05
1.3896739e-05
1.389628e-05
1.3895797e-05
1.3895291e-05
1.3894759e-05
1.3823391e-05
1.382258e-05
1.3821791e-05
1.3821023e-05
1.3820276e-05
1.3819549e-05
1.3818842e-05
1.3818153e-05
1.3817483e-05
1.381683e-05
1.3816193e-05
1.3815574e-05
1.381497e-05
1.3814382e-05
1.9137932e-05
1.9111519e-05
1.9085162e-05
1.9058824e-05
1.9032476e-05
1.9006087e-05
1.897963e-05
1.8953073e-05
1.8926385e-05
1.8899541e-05
1.887251e-05
1.8845263e-05
1.8817769e-05
1.879e-05
1.7142299e-05
1.7140408e-05
1.7138486e-05
1.7136519e-05
1.7134496e-05
1.71324e-05
1.7130216e-05
1.7127926e-05
1.7125511e-05
1.712295e-05
1.7120223e-05
1.7117308e-05
1.7114187e-05
1.7110853e-05
1.7107318e-05
1.7103667e-05
1.7100066e-05
1.7096616e-05
1.7093292e-05
1.7090109e-05
1.7087107e-05
1.7084352e-05
1.7081936e-05
1.7079978e-05
1.7078626e-05
1.7078059e-05
1.7078485e-05
0.00046279317
0.0004641527
0.00046563146
0.00046726752
0.00046909923
0.0029961198
0.0030043783
0.0030133945
0.0078834623
0.0078944844
0.011978133
0.011985274
0.011570013
0.011570689
0.0077467089
0.0035968271
0.0011324086
2.687708e-05
1.4319296e-05
1.4291973e-05
1.4222213e-05
1.4158482e-05
1.4125742e-05
1.4090096e-05
1.4052334e-05
1.4052223e-05
1.4017082e-05
1.4016984e-05
1.3986424e-05
1.3986328e-05
1.395907e-05
1.3958982e-05
1.3958894e-05
1.3931355e-05
1.3931262e-05
1.3931173e-05
1.3931084e-05
1.3930993e-05
1.3901042e-05
1.3900989e-05
1.3900939e-05
1.390089e-05
1.3900836e-05
1.3900776e-05
1.3900708e-05
1.3900628e-05
1.3900536e-05
1.3900429e-05
1.3900305e-05
1.3900157e-05
1.3899981e-05
1.3899774e-05
1.3899539e-05
1.3899277e-05
1.3898988e-05
1.3898675e-05
1.3898336e-05
1.3897973e-05
1.3897586e-05
1.3897175e-05
1.389674e-05
1.3896281e-05
1.3895798e-05
1.3895291e-05
1.389476e-05
1.3823393e-05
1.3822581e-05
1.3821792e-05
1.3821024e-05
1.3820277e-05
1.381955e-05
1.3818842e-05
1.3818154e-05
1.3817483e-05
1.381683e-05
1.3816194e-05
1.3815574e-05
1.381497e-05
1.3814382e-05
1.913744e-05
1.9111054e-05
1.9084717e-05
1.90584e-05
1.903207e-05
1.90057e-05
1.8979255e-05
1.8952712e-05
1.8926037e-05
1.8899202e-05
1.8872181e-05
1.884494e-05
1.8817452e-05
1.8789689e-05
1.714213e-05
1.7140229e-05
1.7138296e-05
1.7136319e-05
1.7134283e-05
1.7132174e-05
1.7129975e-05
1.712767e-05
1.7125238e-05
1.712266e-05
1.7119914e-05
1.7116978e-05
1.7113837e-05
1.7110481e-05
1.7106926e-05
1.7103255e-05
1.7099629e-05
1.7096144e-05
1.7092779e-05
1.708955e-05
1.7086498e-05
1.7083688e-05
1.7081214e-05
1.7079194e-05
1.7077778e-05
1.7077148e-05
1.7077515e-05
0.00046271
0.00046406301
0.00046553628
0.00046716821
0.00046899868
0.0029958834
0.003004143
0.0030131757
0.0078833747
0.0078944064
0.011978999
0.011986129
0.011571133
0.011571765
0.0077468584
0.0035962269
0.0011319117
2.6861066e-05
1.4319362e-05
1.4292044e-05
1.422227e-05
1.4158529e-05
1.4125781e-05
1.4090123e-05
1.4052352e-05
1.4052242e-05
1.4017092e-05
1.4016995e-05
1.3986431e-05
1.3986336e-05
1.3959071e-05
1.3958983e-05
1.3958897e-05
1.3931352e-05
1.3931259e-05
1.3931171e-05
1.3931083e-05
1.3930993e-05
1.3901032e-05
1.390098e-05
1.3900932e-05
1.3900883e-05
1.3900831e-05
1.3900772e-05
1.3900704e-05
1.3900625e-05
1.3900533e-05
1.3900427e-05
1.3900302e-05
1.3900155e-05
1.3899979e-05
1.3899772e-05
1.3899538e-05
1.3899276e-05
1.3898988e-05
1.3898674e-05
1.3898336e-05
1.3897973e-05
1.3897586e-05
1.3897175e-05
1.389674e-05
1.3896281e-05
1.3895799e-05
1.3895292e-05
1.3894761e-05
1.3823395e-05
1.3822583e-05
1.3821793e-05
1.3821025e-05
1.3820278e-05
1.3819551e-05
1.3818843e-05
1.3818154e-05
1.3817483e-05
1.381683e-05
1.3816194e-05
1.3815574e-05
1.381497e-05
1.3814382e-05
1.5623792e-05
1.561565e-05
1.5607516e-05
1.5599377e-05
1.5591224e-05
1.5583047e-05
1.5574835e-05
1.5566579e-05
1.5558269e-05
1.5549894e-05
1.5541445e-05
1.5532913e-05
1.5524286e-05
1.5515556e-05
1.5219759e-05
1.5217036e-05
1.5214298e-05
1.5211541e-05
1.5208755e-05
1.5205934e-05
1.5203068e-05
1.5200149e-05
1.5197168e-05
1.5194116e-05
1.5190985e-05
1.518777e-05
1.518447e-05
1.5181092e-05
1.5177667e-05
1.5174277e-05
1.7099109e-05
1.7095581e-05
1.7092168e-05
1.7088884e-05
1.7085772e-05
1.7082896e-05
1.7080351e-05
1.7078256e-05
1.7076764e-05
1.7076057e-05
1.7076352e-05
0.00046260975
0.00046395474
0.00046542095
0.00046704785
0.00046887652
0.0029955929
0.0030038537
0.003012905
0.0078832552
0.0078942984
0.01198002
0.011987137
0.011572461
0.01157304
0.0077470311
0.0035955041
0.0011313173
2.6841922e-05
1.4319439e-05
1.4292128e-05
1.4222338e-05
1.4158586e-05
1.4125827e-05
1.4090156e-05
1.4052373e-05
1.4052263e-05
1.4017104e-05
1.4017007e-05
1.3986439e-05
1.3986344e-05
1.3959072e-05
1.3958985e-05
1.3958899e-05
1.3931348e-05
1.3931256e-05
1.3931169e-05
1.3931082e-05
1.3930993e-05
1.3901019e-05
1.3900969e-05
1.3900923e-05
1.3900875e-05
1.3900824e-05
1.3900766e-05
1.3900699e-05
1.3900621e-05
1.390053e-05
1.3900424e-05
1.3900299e-05
1.3872251e-05
1.3872146e-05
1.3872017e-05
1.3871866e-05
1.3871693e-05
1.3871499e-05
1.3871283e-05
1.3871047e-05
1.3870791e-05
1.3870515e-05
1.3870219e-05
1.3869903e-05
1.3869568e-05
1.3869214e-05
1.386884e-05
1.3868447e-05
1.3810618e-05
1.3809959e-05
1.380932e-05
1.3808699e-05
1.3808096e-05
1.380751e-05
1.3806941e-05
1.3806388e-05
1.3805851e-05
1.3805329e-05
1.3804822e-05
1.3804329e-05
1.3803849e-05
1.3803384e-05
1.5623644e-05
1.5615507e-05
1.5607377e-05
1.5599243e-05
1.5591093e-05
1.5582919e-05
1.5574709e-05
1.5566455e-05
1.5558145e-05
1.5549771e-05
1.5541322e-05
1.5532789e-05
1.5524161e-05
1.5515429e-05
1.5219593e-05
1.5216858e-05
1.5214108e-05
1.5211337e-05
1.5208537e-05
1.52057e-05
1.5202817e-05
1.5199879e-05
1.5196877e-05
1.5193804e-05
1.5190649e-05
1.5187409e-05
1.5184081e-05
1.5180675e-05
1.5177223e-05
1.5173804e-05
1.5170546e-05
1.7094916e-05
1.7091445e-05
1.7088096e-05
1.7084911e-05
1.7081956e-05
1.7079326e-05
1.7077141e-05
1.7075555e-05
1.7074756e-05
1.7074964e-05
0.00046248933
0.0004638244
0.00046528186
0.00046690236
0.0004687283
0.0029952368
0.0030034965
0.0030125685
0.0078830949
0.0078941498
0.011981215
0.011988316
0.011574026
0.011574541
0.0077472259
0.0035946434
0.0011306094
2.6819195e-05
1.4319529e-05
1.4292227e-05
1.4222418e-05
1.4158652e-05
1.4125881e-05
1.4090194e-05
1.4052398e-05
1.4052289e-05
1.4017118e-05
1.4017022e-05
1.3986448e-05
1.3986354e-05
1.3959073e-05
1.3958987e-05
1.3958902e-05
1.3931343e-05
1.3931252e-05
1.3931166e-05
1.3931081e-05
1.3930992e-05
1.3901005e-05
1.3900957e-05
1.3900912e-05
1.3900866e-05
1.3900816e-05
1.390076e-05
1.3900694e-05
1.3900617e-05
1.3900526e-05
1.390042e-05
1.3872328e-05
1.3872242e-05
1.3872138e-05
1.387201e-05
1.387186e-05
1.3871688e-05
1.3871494e-05
1.3871279e-05
1.3871043e-05
1.3870787e-05
1.3870512e-05
1.3870216e-05
1.3869901e-05
1.3869566e-05
1.3869212e-05
1.3868839e-05
1.3868446e-05
1.3810622e-05
1.3809962e-05
1.3809322e-05
1.3808701e-05
1.3808097e-05
1.3807511e-05
1.3806942e-05
1.3806389e-05
1.3805852e-05
1.3805329e-05
1.3804822e-05
1.3804328e-05
1.3803849e-05
1.3803383e-05
1.5623468e-05
1.5615338e-05
1.5607213e-05
1.5599083e-05
1.5590938e-05
1.5582767e-05
1.557456e-05
1.5566308e-05
1.5558e-05
1.5549626e-05
1.5541177e-05
1.5532644e-05
1.5524014e-05
1.551528e-05
1.5219398e-05
1.5216649e-05
1.5213885e-05
1.5211099e-05
1.5208281e-05
1.5205426e-05
1.5202522e-05
1.5199563e-05
1.5196537e-05
1.5193438e-05
1.5190255e-05
1.5186984e-05
1.5183625e-05
1.5180187e-05
1.5176701e-05
1.5173248e-05
1.5169948e-05
1.5166873e-05
1.7090593e-05
1.7087167e-05
1.7083896e-05
1.7080847e-05
1.7078115e-05
1.7075821e-05
1.7074124e-05
1.7073213e-05
1.7073314e-05
1.7074682e-05
0.0004636681
0.00046511456
0.00046672692
0.00046854917
0.0029947998
0.0030030575
0.0030121513
0.007882878
0.0078939458
0.011982602
0.011989684
0.011575855
0.011576293
0.007747443
0.0035936178
0.0011297709
2.6792282e-05
1.4319635e-05
1.4292343e-05
1.4222511e-05
1.415873e-05
1.4125944e-05
1.4090238e-05
1.4052427e-05
1.4052318e-05
1.4017134e-05
1.4017038e-05
1.3986458e-05
1.3986365e-05
1.3959074e-05
1.3958989e-05
1.3958906e-05
1.3931336e-05
1.3931248e-05
1.3931163e-05
1.3931079e-05
1.3901042e-05
1.3900988e-05
1.3900942e-05
1.3900899e-05
1.3900855e-05
1.3900807e-05
1.3900752e-05
1.3900688e-05
1.3900612e-05
1.3900522e-05
1.3872387e-05
1.3872317e-05
1.3872232e-05
1.3872128e-05
1.3872002e-05
1.3871852e-05
1.3871681e-05
1.3871488e-05
1.3871274e-05
1.3871039e-05
1.3870784e-05
1.3870508e-05
1.3870213e-05
1.3869898e-05
1.3869564e-05
1.386921e-05
1.3868837e-05
1.3868444e-05
1.3810627e-05
1.3809966e-05
1.3809326e-05
1.3808704e-05
1.38081e-05
1.3807513e-05
1.3806944e-05
1.380639e-05
1.3805852e-05
1.380533e-05
1.3804822e-05
1.3804328e-05
1.3803848e-05
1.3803382e-05
1.5623261e-05
1.5615137e-05
1.5607019e-05
1.5598895e-05
1.5590755e-05
1.5582588e-05
1.5574385e-05
1.5566135e-05
1.5557829e-05
1.5549456e-05
1.5541008e-05
1.5532474e-05
1.5523843e-05
1.5515107e-05
1.5219171e-05
1.5216407e-05
1.5213626e-05
1.5210821e-05
1.5207984e-05
1.5205107e-05
1.520218e-05
1.5199195e-05
1.5196142e-05
1.5193012e-05
1.5189797e-05
1.5186491e-05
1.5183095e-05
1.5179618e-05
1.5176093e-05
1.5172598e-05
1.5169247e-05
1.516611e-05
1.5163199e-05
1.7086081e-05
1.7082708e-05
1.7079548e-05
1.7076693e-05
1.7074271e-05
1.7072439e-05
1.7071393e-05
1.7071365e-05
1.7072619e-05
0.0004634814
0.00046491427
0.00046651606
0.00046833303
0.0029942655
0.0030025163
0.0030116343
0.0078825867
0.0078936658
0.011984197
0.011991254
0.011577977
0.011578325
0.0077476798
0.0035924057
0.0011287818
2.6760608e-05
1.4319758e-05
1.4292478e-05
1.422262e-05
1.415882e-05
1.4126018e-05
1.409029e-05
1.405246e-05
1.4052352e-05
1.4017152e-05
1.4017058e-05
1.3986469e-05
1.3986377e-05
1.3959075e-05
1.3958991e-05
1.3958909e-05
1.3931329e-05
1.3931242e-05
1.3931159e-05
1.3931077e-05
1.3901019e-05
1.3900967e-05
1.3900924e-05
1.3900883e-05
1.3900842e-05
1.3900797e-05
1.3900743e-05
1.3900681e-05
1.3900606e-05
1.3872431e-05
1.3872373e-05
1.3872304e-05
1.387222e-05
1.3872117e-05
1.3871992e-05
1.3871844e-05
1.3871674e-05
1.3871482e-05
1.3871268e-05
1.3871034e-05
1.3870779e-05
1.3870505e-05
1.387021e-05
1.3869896e-05
1.3869561e-05
1.3869208e-05
1.3868835e-05
1.3868442e-05
1.3810632e-05
1.3809971e-05
1.3809329e-05
1.3808707e-05
1.3808102e-05
1.3807515e-05
1.3806945e-05
1.3806391e-05
1.3805853e-05
1.380533e-05
1.3804821e-05
1.3804327e-05
1.3803847e-05
1.380338e-05
1.5623016e-05
1.5614902e-05
1.5606792e-05
1.5598675e-05
1.5590541e-05
1.5582379e-05
1.557418e-05
1.5565933e-05
1.555763e-05
1.5549259e-05
1.5540811e-05
1.5532276e-05
1.5523645e-05
1.522168e-05
1.5218909e-05
1.5216127e-05
1.5213327e-05
1.5210502e-05
1.5207642e-05
1.520474e-05
1.5201786e-05
1.5198771e-05
1.5195686e-05
1.5192521e-05
1.5189269e-05
1.5185922e-05
1.5182483e-05
1.5178961e-05
1.517539e-05
1.5171846e-05
1.5168434e-05
1.5165223e-05
1.5162229e-05
1.5159493e-05
1.7081329e-05
1.7078036e-05
1.7075037e-05
1.7072461e-05
1.7070468e-05
1.706926e-05
1.7069076e-05
1.707019e-05
0.00046325949
0.00046467533
0.00046626366
0.00046807321
0.0029936136
0.0030018527
0.0030109935
0.0078821965
0.0078932843
0.0079055001
0.011993036
0.011580416
0.011580657
0.0077479303
0.0035909793
0.0011276245
2.6723617e-05
1.43199e-05
1.4292632e-05
1.4222744e-05
1.4158923e-05
1.4126102e-05
1.4090348e-05
1.4052498e-05
1.405239e-05
1.4017172e-05
1.3986574e-05
1.3986482e-05
1.3986391e-05
1.3959075e-05
1.3958992e-05
1.3958913e-05
1.3931319e-05
1.3931234e-05
1.3931154e-05
1.3931074e-05
1.3900992e-05
1.3900943e-05
1.3900903e-05
1.3900865e-05
1.3900827e-05
1.3900784e-05
1.3900733e-05
1.3900672e-05
1.3872463e-05
1.3872413e-05
1.3872356e-05
1.3872289e-05
1.3872206e-05
1.3872105e-05
1.3871981e-05
1.3871834e-05
1.3871665e-05
1.3871474e-05
1.3871262e-05
1.3871028e-05
1.3870774e-05
1.38705e-05
1.3870206e-05
1.3869892e-05
1.3869558e-05
1.3869205e-05
1.3868832e-05
1.3868439e-05
1.3868027e-05
1.3809976e-05
1.3809333e-05
1.380871e-05
1.3808105e-05
1.3807517e-05
1.3806947e-05
1.3806392e-05
1.3805853e-05
1.380533e-05
1.3804821e-05
1.3804327e-05
1.3803846e-05
1.3803379e-05
1.5622731e-05
1.5614627e-05
1.5606527e-05
1.5598419e-05
1.5590292e-05
1.5582136e-05
1.5573943e-05
1.55657e-05
1.55574e-05
1.5549031e-05
1.5540585e-05
1.553205e-05
1.5523417e-05
1.52214e-05
1.5218611e-05
1.5215808e-05
1.5212986e-05
1.5210137e-05
1.5207251e-05
1.5204321e-05
1.5201336e-05
1.5198288e-05
1.5195166e-05
1.5191961e-05
1.5188665e-05
1.5185273e-05
1.5181784e-05
1.517821e-05
1.5174585e-05
1.5170982e-05
1.5167499e-05
1.5164201e-05
1.516111e-05
1.5158268e-05
1.5155744e-05
1.7076292e-05
1.7073124e-05
1.7070365e-05
1.7068181e-05
1.7066779e-05
1.7066406e-05
1.706735e-05
0.00046299722
0.00046439174
0.00046596289
0.0004677622
0.0029928199
0.0030010389
0.003010202
0.0078816778
0.0078927701
0.0079050592
0.011995034
0.011583191
0.011583306
0.0077481892
0.0035893124
0.0011262796
2.6680723e-05
1.432006e-05
1.4292809e-05
1.4222886e-05
1.4159041e-05
1.4126197e-05
1.4090415e-05
1.405254e-05
1.4052433e-05
1.4017195e-05
1.3986586e-05
1.3986495e-05
1.3986407e-05
1.3959074e-05
1.3958993e-05
1.3958916e-05
1.3931308e-05
1.3931225e-05
1.3931147e-05
1.393107e-05
1.390096e-05
1.3900915e-05
1.3900878e-05
1.3900844e-05
1.3900809e-05
1.3900769e-05
1.3900721e-05
1.3872482e-05
1.3872439e-05
1.3872392e-05
1.3872338e-05
1.3872272e-05
1.3872191e-05
1.3872091e-05
1.3871968e-05
1.3871823e-05
1.3871655e-05
1.3871466e-05
1.3871254e-05
1.3871022e-05
1.3870769e-05
1.3870495e-05
1.3870202e-05
1.3869888e-05
1.3869555e-05
1.3869202e-05
1.3868829e-05
1.3868437e-05
1.3868025e-05
1.3809981e-05
1.3809338e-05
1.3808714e-05
1.3808108e-05
1.380752e-05
1.3806948e-05
1.3806393e-05
1.3805854e-05
1.380533e-05
1.3804821e-05
1.3804326e-05
1.3803845e-05
1.3803377e-05
1.56224e-05
1.561431e-05
1.5606221e-05
1.5598123e-05
1.5590005e-05
1.5581857e-05
1.557367e-05
1.5565433e-05
1.5557136e-05
1.5548771e-05
1.5540326e-05
1.5531792e-05
1.5523159e-05
1.5221084e-05
1.5218273e-05
1.5215448e-05
1.5212602e-05
1.5209725e-05
1.520681e-05
1.5203848e-05
1.5200829e-05
1.5197742e-05
1.5194579e-05
1.5191329e-05
1.5187984e-05
1.5184539e-05
1.5180993e-05
1.517736e-05
1.5173672e-05
1.517e-05
1.5166434e-05
1.5163036e-05
1.5159831e-05
1.5156866e-05
1.515421e-05
1.7074299e-05
1.7070932e-05
1.7067959e-05
1.7065548e-05
1.7063913e-05
1.7063313e-05
1.706405e-05
1.7066459e-05
0.00046405716
0.00046560618
0.00046739143
0.00046946818
0.003000046
0.0030092266
0.0030195567
0.0078920828
0.0079044516
0.011997244
0.011586317
0.011586284
0.0077484444
0.0035873786
0.0011247291
2.6631396e-05
1.4320241e-05
1.4293008e-05
1.4223045e-05
1.4159173e-05
1.4126304e-05
1.4090488e-05
1.4052587e-05
1.4052481e-05
1.4017219e-05
1.3986599e-05
1.398651e-05
1.3959157e-05
1.3959072e-05
1.3958994e-05
1.3931383e-05
1.3931294e-05
1.3931214e-05
1.3931139e-05
1.3900977e-05
1.3900922e-05
1.3900882e-05
1.3900849e-05
1.390082e-05
1.3900789e-05
1.3900753e-05
1.3900708e-05
1.3872452e-05
1.3872413e-05
1.3872369e-05
1.3872316e-05
1.3872252e-05
1.3872173e-05
1.3872075e-05
1.3871954e-05
1.3871811e-05
1.3871645e-05
1.3871456e-05
1.3871246e-05
1.3871015e-05
1.3870763e-05
1.387049e-05
1.3870197e-05
1.3869884e-05
1.3869551e-05
1.3869199e-05
1.3868826e-05
1.3868434e-05
1.3868022e-05
1.3809987e-05
1.3809343e-05
1.3808718e-05
1.3808111e-05
1.3807522e-05
1.380695e-05
1.3806395e-05
1.3805855e-05
1.380533e-05
1.380482e-05
1.3804325e-05
1.3803843e-05
1.3803375e-05
1.562202e-05
1.5613945e-05
1.560587e-05
1.5597784e-05
1.5589677e-05
1.5581539e-05
1.5573359e-05
1.5565129e-05
1.5556838e-05
1.5548476e-05
1.5540034e-05
1.5531501e-05
1.5522867e-05
1.5220731e-05
1.5217897e-05
1.5215046e-05
1.5212172e-05
1.5209266e-05
1.5206318e-05
1.520332e-05
1.5200262e-05
1.5197133e-05
1.5193923e-05
1.5190623e-05
1.5187223e-05
1.5183717e-05
1.5180108e-05
1.5176407e-05
1.5172647e-05
1.5168895e-05
1.5165232e-05
1.5161718e-05
1.5158383e-05
1.5155275e-05
1.5152464e-05
1.5150052e-05
1.7068444e-05
1.7065219e-05
1.7062542e-05
1.7060632e-05
1.705976e-05
1.7060245e-05
1.7062446e-05
0.00046366464
0.00046518561
0.00046695177
0.00046902337
0.0029988387
0.0030080295
0.0030184441
0.0078911751
0.0079036271
0.011999651
0.012006385
0.011589594
0.0077486825
0.0035851523
0.0011229541
2.6575104e-05
1.4320441e-05
1.4293229e-05
1.4223222e-05
1.4159321e-05
1.4126423e-05
1.409057e-05
1.4052638e-05
1.4017336e-05
1.4017244e-05
1.3986612e-05
1.3986525e-05
1.3959152e-05
1.3959068e-05
1.3958993e-05
1.3931363e-05
1.3931276e-05
1.39312e-05
1.3931129e-05
1.3900928e-05
1.3900879e-05
1.3900843e-05
1.3900817e-05
1.3900792e-05
1.3900766e-05
1.3900734e-05
1.387245e-05
1.3872418e-05
1.3872383e-05
1.3872342e-05
1.3872293e-05
1.3872231e-05
1.3872154e-05
1.3872057e-05
1.3871939e-05
1.3871797e-05
1.3871633e-05
1.3871446e-05
1.3871237e-05
1.3871007e-05
1.3870756e-05
1.3870484e-05
1.3870192e-05
1.386988e-05
1.3869548e-05
1.3869195e-05
1.3868823e-05
1.3868431e-05
1.3868019e-05
1.3809993e-05
1.3809348e-05
1.3808722e-05
1.3808115e-05
1.3807525e-05
1.3806952e-05
1.3806396e-05
1.3805856e-05
1.380533e-05
1.380482e-05
1.3804324e-05
1.3803842e-05
1.3803373e-05
1.5621587e-05
1.561353e-05
1.5605471e-05
1.5597399e-05
1.5589305e-05
1.5581178e-05
1.5573009e-05
1.5564787e-05
1.5556502e-05
1.5548146e-05
1.5539707e-05
1.5531176e-05
1.522319e-05
1.5220341e-05
1.521748e-05
1.5214602e-05
1.5211697e-05
1.5208758e-05
1.5205775e-05
1.5202737e-05
1.5199636e-05
1.519646e-05
1.5193199e-05
1.5189843e-05
1.5186381e-05
1.518281e-05
1.5179129e-05
1.5175352e-05
1.517151e-05
1.5167664e-05
1.5163891e-05
1.5160245e-05
1.515676e-05
1.5153486e-05
1.5150497e-05
1.5147896e-05
1.5145815e-05
1.7062132e-05
1.7059142e-05
1.7056906e-05
1.7055709e-05
1.705589e-05
1.7057833e-05
0.00046320732
0.0004646927
0.00046643312
0.00046849501
0.0029973789
0.0030065672
0.0030170668
0.0078899908
0.0079025268
0.012002229
0.01200893
0.011593226
0.0077488863
0.0035826082
0.0011209411
2.6511422e-05
1.4320661e-05
1.4293473e-05
1.4223417e-05
1.4159482e-05
1.4126553e-05
1.4090659e-05
1.4052692e-05
1.4017361e-05
1.4017271e-05
1.3986625e-05
1.398654e-05
1.3959143e-05
1.3959063e-05
1.3958991e-05
1.3931339e-05
1.3931255e-05
1.3931183e-05
1.3931117e-05
1.3900873e-05
1.3900829e-05
1.39008e-05
1.3900779e-05
1.3900761e-05
1.390074e-05
1.3872436e-05
1.3872407e-05
1.3872379e-05
1.3872349e-05
1.3872312e-05
1.3872266e-05
1.3872207e-05
1.3872133e-05
1.3872038e-05
1.3871922e-05
1.3871782e-05
1.387162e-05
1.3871435e-05
1.3871228e-05
1.3870999e-05
1.3870749e-05
1.3870478e-05
1.3870187e-05
1.3869875e-05
1.3869543e-05
1.3869192e-05
1.386882e-05
1.3868428e-05
1.3868017e-05
1.3867585e-05
1.3809354e-05
1.3808727e-05
1.3808118e-05
1.3807528e-05
1.3806954e-05
1.3806397e-05
1.3805856e-05
1.380533e-05
1.3804819e-05
1.3804323e-05
1.380384e-05
1.3803371e-05
1.5621098e-05
1.5613061e-05
1.5605021e-05
1.5596967e-05
1.5588888e-05
1.5580774e-05
1.5572616e-05
1.5564404e-05
1.5556129e-05
1.5547779e-05
1.5539345e-05
1.5530818e-05
1.522279e-05
1.5219914e-05
1.5217026e-05
1.5214117e-05
1.521118e-05
1.5208204e-05
1.5205182e-05
1.5202102e-05
1.5198954e-05
1.5195727e-05
1.519241e-05
1.5188991e-05
1.5185463e-05
1.5181819e-05
1.5178059e-05
1.5174196e-05
1.5170261e-05
1.516631e-05
1.516241e-05
1.5158615e-05
1.515496e-05
1.5151497e-05
1.5148302e-05
1.5145481e-05
1.5143173e-05
1.7058685e-05
1.7055331e-05
1.7052713e-05
1.705113e-05
1.7050943e-05
1.7052568e-05
1.7056459e-05
0.00046411873
0.00046582507
0.00046787076
0.002995624
0.0030047916
0.0030153722
0.0078884646
0.007901082
0.012004943
0.012011602
0.011597167
0.0077490378
0.0035797254
0.0011186766
2.6440056e-05
1.4327416e-05
1.4276187e-05
1.4223629e-05
1.4159658e-05
1.4126694e-05
1.4090753e-05
1.405275e-05
1.4017385e-05
1.4017298e-05
1.3986636e-05
1.3986554e-05
1.3959132e-05
1.3959055e-05
1.3958987e-05
1.3931309e-05
1.393123e-05
1.3931163e-05
1.3900869e-05
1.3900808e-05
1.3900771e-05
1.390075e-05
1.3900736e-05
1.3900725e-05
1.3900711e-05
1.3872381e-05
1.3872358e-05
1.3872336e-05
1.3872312e-05
1.3872279e-05
1.3872237e-05
1.3872182e-05
1.3872109e-05
1.3872017e-05
1.3871903e-05
1.3871766e-05
1.3871606e-05
1.3871423e-05
1.3871217e-05
1.387099e-05
1.3870741e-05
1.3870471e-05
1.3870181e-05
1.386987e-05
1.3869539e-05
1.3869188e-05
1.3868817e-05
1.3868426e-05
1.3868014e-05
1.3867582e-05
1.3809359e-05
1.3808731e-05
1.3808122e-05
1.3807531e-05
1.3806956e-05
1.3806399e-05
1.3805857e-05
1.380533e-05
1.3804819e-05
1.3804322e-05
1.3803838e-05
1.3803369e-05
1.5620549e-05
1.5612537e-05
1.5604519e-05
1.5596485e-05
1.5588423e-05
1.5580326e-05
1.5572182e-05
1.5563982e-05
1.5555716e-05
1.5547375e-05
1.5538948e-05
1.5530426e-05
1.5222357e-05
1.5219454e-05
1.5216536e-05
1.5213594e-05
1.5210621e-05
1.5207608e-05
1.5204543e-05
1.5201417e-05
1.5198219e-05
1.5194936e-05
1.5191558e-05
1.5188074e-05
1.5184473e-05
1.5180749e-05
1.5176903e-05
1.5172945e-05
1.5168906e-05
1.5164835e-05
1.5160794e-05
1.5156831e-05
1.5152984e-05
1.5149306e-05
1.5145876e-05
1.5142801e-05
1.5140228e-05
1.5138344e-05
1.7051101e-05
1.7048037e-05
1.7045998e-05
1.704537e-05
1.7046604e-05
1.7050203e-05
0.00046345503
0.00046511659
0.00046713755
0.000469597
0.00300265
0.0030133012
0.0078865244
0.0078992165
0.012007747
0.012014352
0.011601391
0.0077491131
0.0035764853
0.0011161505
2.6360719e-05
1.4327625e-05
1.4276453e-05
1.4223856e-05
1.4159847e-05
1.4126845e-05
1.4090854e-05
1.4052808e-05
1.4017409e-05
1.4017324e-05
1.3986646e-05
1.3986567e-05
1.3959116e-05
1.3959043e-05
1.3931367e-05
1.3931274e-05
1.39312e-05
1.3931139e-05
1.3900788e-05
1.3900735e-05
1.3900706e-05
1.3900693e-05
1.3900689e-05
1.3900686e-05
1.387234e-05
1.3872319e-05
1.3872304e-05
1.3872289e-05
1.387227e-05
1.3872244e-05
1.3872206e-05
1.3872154e-05
1.3872085e-05
1.3871996e-05
1.3871884e-05
1.3871749e-05
1.3871591e-05
1.387141e-05
1.3871206e-05
1.387098e-05
1.3870733e-05
1.3870464e-05
1.3870175e-05
1.3869865e-05
1.3869535e-05
1.3869184e-05
1.3868814e-05
1.3868423e-05
1.3868012e-05
1.386758e-05
1.3809365e-05
1.3808736e-05
1.3808126e-05
1.3807533e-05
1.3806958e-05
1.38064e-05
1.3805857e-05
1.380533e-05
1.3804818e-05
1.380432e-05
1.3803837e-05
1.3803366e-05
1.5619941e-05
1.5611956e-05
1.5603964e-05
1.5595952e-05
1.5587912e-05
1.5579833e-05
1.5571705e-05
1.556352e-05
1.5555266e-05
1.5546936e-05
1.5538518e-05
1.5224818e-05
1.5221895e-05
1.5218963e-05
1.5216013e-05
1.5213037e-05
1.5210027e-05
1.5206972e-05
1.5203862e-05
1.5200688e-05
1.5197436e-05
1.5194094e-05
1.5190652e-05
1.5187096e-05
1.5183417e-05
1.5179608e-05
1.5175668e-05
1.5171607e-05
1.5167453e-05
1.5163249e-05
1.515905e-05
1.51549e-05
1.5150839e-05
1.514692e-05
1.5143222e-05
1.5139857e-05
1.5136976e-05
1.5134777e-05
1.5133505e-05
1.7042869e-05
1.7040294e-05
1.7039138e-05
1.7039895e-05
1.7043122e-05
0.00046269301
0.00046429664
0.00046628154
0.00046873851
0.0030000848
0.0030107883
0.0078840944
0.0078968388
0.012010584
0.012017121
0.011605866
0.0077490915
0.0035728724
0.001113355
2.6273262e-05
1.4327843e-05
1.4276736e-05
1.4224097e-05
1.4160047e-05
1.4127003e-05
1.4090958e-05
1.4052868e-05
1.401743e-05
1.4017348e-05
1.3986653e-05
1.3986578e-05
1.3959096e-05
1.3959027e-05
1.3931321e-05
1.3931232e-05
1.3931164e-05
1.393111e-05
1.3900696e-05
1.3900652e-05
1.3900633e-05
1.390063e-05
1.3900635e-05
1.3872286e-05
1.3872262e-05
1.387225e-05
1.3872244e-05
1.3872237e-05
1.3872225e-05
1.3872205e-05
1.3872172e-05
1.3872124e-05
1.3872059e-05
1.3871972e-05
1.3871864e-05
1.3871732e-05
1.3871576e-05
1.3871397e-05
1.3871195e-05
1.3870971e-05
1.3870725e-05
1.3870457e-05
1.3870169e-05
1.386986e-05
1.3869531e-05
1.3869181e-05
1.3868811e-05
1.386842e-05
1.3868009e-05
1.3867578e-05
1.3867126e-05
1.380874e-05
1.3808129e-05
1.3807536e-05
1.380696e-05
1.3806401e-05
1.3805858e-05
1.380533e-05
1.3804817e-05
1.3804319e-05
1.3803834e-05
1.3803364e-05
1.5619271e-05
1.5611318e-05
1.5603354e-05
1.5595369e-05
1.5587352e-05
1.5579295e-05
1.5571186e-05
1.5563018e-05
1.555478e-05
1.5546462e-05
1.5538054e-05
1.5224358e-05
1.5221407e-05
1.5218444e-05
1.5215461e-05
1.5212449e-05
1.52094e-05
1.5206302e-05
1.5203146e-05
1.519992e-05
1.5196611e-05
1.5193208e-05
1.5189698e-05
1.5186067e-05
1.5182305e-05
1.5178405e-05
1.5174364e-05
1.5170192e-05
1.5165911e-05
1.5161561e-05
1.5157188e-05
1.5152833e-05
1.5148534e-05
1.5144346e-05
1.5140346e-05
1.5136651e-05
1.5133416e-05
1.513085e-05
1.5129217e-05
1.7037208e-05
1.7034007e-05
1.7032224e-05
1.70324e-05
1.7035156e-05
1.704115e-05
0.00046335408
0.00046528833
0.00046773241
0.0029970363
0.0030077639
0.0030205795
0.0078938636
0.0079090607
0.012019843
0.011610555
0.0077489509
0.0035688776
0.0011102877
2.6177604e-05
1.4328069e-05
1.4277033e-05
1.4224349e-05
1.4160256e-05
1.4127168e-05
1.4091064e-05
1.4052927e-05
1.4017449e-05
1.398674e-05
1.3986656e-05
1.3959153e-05
1.395907e-05
1.3959006e-05
1.3931266e-05
1.3931183e-05
1.3931122e-05
1.3900664e-05
1.3900592e-05
1.3900558e-05
1.3900551e-05
1.390056e-05
1.3900577e-05
1.3872189e-05
1.3872175e-05
1.3872174e-05
1.3872178e-05
1.3872181e-05
1.3872177e-05
1.3872163e-05
1.3872136e-05
1.3872093e-05
1.3872031e-05
1.3871949e-05
1.3871843e-05
1.3871714e-05
1.387156e-05
1.3871384e-05
1.3871184e-05
1.3870961e-05
1.3870717e-05
1.3870451e-05
1.3870163e-05
1.3869855e-05
1.3869526e-05
1.3869177e-05
1.3868808e-05
1.3868418e-05
1.3868007e-05
1.3867577e-05
1.3867125e-05
1.3808744e-05
1.3808132e-05
1.3807538e-05
1.3806962e-05
1.3806402e-05
1.3805858e-05
1.3805329e-05
1.3804816e-05
1.3804317e-05
1.3803832e-05
1.3803361e-05
1.4575145e-05
1.4570966e-05
1.456678e-05
1.4562582e-05
1.4558366e-05
1.4554125e-05
1.4549854e-05
1.4545548e-05
1.4541201e-05
1.4536807e-05
1.4532361e-05
1.4352908e-05
1.4351665e-05
1.4350395e-05
1.4349095e-05
1.4347762e-05
1.434639e-05
1.4344977e-05
1.4343518e-05
1.4342009e-05
1.4340445e-05
1.4338823e-05
1.433714e-05
1.4335394e-05
1.5181147e-05
1.517715e-05
1.5173003e-05
1.5168711e-05
1.5164294e-05
1.5159785e-05
1.5155223e-05
1.5150643e-05
1.5146084e-05
1.5141597e-05
1.5137262e-05
1.5133193e-05
1.5129552e-05
1.512656e-05
1.51245e-05
1.5123724e-05
1.7027135e-05
1.7024611e-05
1.7024083e-05
1.7026247e-05
1.7031861e-05
0.00046227804
0.00046414327
0.00046656014
0.0029934401
0.0030041506
0.0030171819
0.0078901815
0.0079056666
0.012022447
0.011615418
0.007748671
0.0035644931
0.0011069463
2.6073775e-05
1.4328298e-05
1.4277341e-05
1.422461e-05
1.4160472e-05
1.4127338e-05
1.4091172e-05
1.4052984e-05
1.4017463e-05
1.3986735e-05
1.3986655e-05
1.3959116e-05
1.3959037e-05
1.395898e-05
1.3931202e-05
1.3931126e-05
1.3931074e-05
1.3900538e-05
1.3900475e-05
1.3900454e-05
1.390046e-05
1.3900483e-05
1.3872104e-05
1.3872081e-05
1.387208e-05
1.3872092e-05
1.3872107e-05
1.387212e-05
1.3872126e-05
1.387212e-05
1.3872099e-05
1.3872061e-05
1.3872003e-05
1.3871924e-05
1.3871822e-05
1.3871695e-05
1.3871545e-05
1.387137e-05
1.3848109e-05
1.3848021e-05
1.3847916e-05
1.3847793e-05
1.3847653e-05
1.3847495e-05
1.384732e-05
1.3847128e-05
1.3846919e-05
1.3846694e-05
1.3846452e-05
1.3846193e-05
1.3845918e-05
1.37977e-05
1.3797107e-05
1.3796532e-05
1.3795974e-05
1.3795433e-05
1.3794908e-05
1.3794398e-05
1.3793902e-05
1.3793421e-05
1.3792954e-05
1.37925e-05
1.4574834e-05
1.4570665e-05
1.4566488e-05
1.4562298e-05
1.4558087e-05
1.4553852e-05
1.4549585e-05
1.4545282e-05
1.4540937e-05
1.4536544e-05
1.4353819e-05
1.4352578e-05
1.4351311e-05
1.4350016e-05
1.4348688e-05
1.4347323e-05
1.4345917e-05
1.4344466e-05
1.4342965e-05
1.4341409e-05
1.4339793e-05
1.4338113e-05
1.4336365e-05
1.4334546e-05
1.4332656e-05
1.4330698e-05
1.4328682e-05
1.4326625e-05
1.4324557e-05
1.4322522e-05
1.515317e-05
1.5148349e-05
1.5143506e-05
1.5138693e-05
1.5133984e-05
1.5129496e-05
1.5125395e-05
1.5121911e-05
1.5119349e-05
1.5118094e-05
1.5118608e-05
1.701629e-05
1.7014915e-05
1.7016341e-05
1.7021442e-05
0.00046105817
0.0004628314
0.00046520235
0.00046830265
0.0029998693
0.0030130908
0.0078856906
0.0079014577
0.01202486
0.011620415
0.011617315
0.0077418705
0.0011033313
2.5961851e-05
1.4328529e-05
1.4277657e-05
1.4224877e-05
1.4160694e-05
1.4091378e-05
1.4053133e-05
1.4053037e-05
1.4017471e-05
1.3986724e-05
1.3986648e-05
1.395907e-05
1.3958997e-05
1.3931232e-05
1.3931128e-05
1.393106e-05
1.3931018e-05
1.3900395e-05
1.3900345e-05
1.3900338e-05
1.390036e-05
1.3872016e-05
1.3871971e-05
1.3871963e-05
1.3871977e-05
1.3872003e-05
1.3872032e-05
1.3872056e-05
1.3872072e-05
1.3872074e-05
1.387206e-05
1.3872028e-05
1.3848201e-05
1.3848218e-05
1.3848223e-05
1.3848212e-05
1.3848184e-05
1.3848138e-05
1.3848073e-05
1.384799e-05
1.3847888e-05
1.3847768e-05
1.384763e-05
1.3847475e-05
1.3847302e-05
1.3847112e-05
1.3846904e-05
1.384668e-05
1.3846439e-05
1.3846181e-05
1.3845907e-05
1.3845615e-05
1.3797115e-05
1.3796539e-05
1.3795979e-05
1.3795437e-05
1.379491e-05
1.3794399e-05
1.3793902e-05
1.379342e-05
1.3792952e-05
1.3792496e-05
1.4574498e-05
1.4570341e-05
1.4566175e-05
1.4561994e-05
1.4557791e-05
1.4553562e-05
1.4549301e-05
1.4545002e-05
1.454066e-05
1.4536269e-05
1.4353503e-05
1.4352239e-05
1.4350949e-05
1.4349626e-05
1.4348269e-05
1.4346872e-05
1.4345431e-05
1.4343941e-05
1.4342396e-05
1.4340791e-05
1.4339122e-05
1.4337381e-05
1.4335566e-05
1.4333671e-05
1.4331695e-05
1.4329641e-05
1.4327516e-05
1.4325337e-05
1.4323131e-05
1.4320939e-05
1.4318816e-05
1.4316833e-05
1.4315074e-05
1.5135652e-05
1.5130535e-05
1.5125581e-05
1.5120961e-05
1.5116912e-05
1.5113762e-05
1.5111934e-05
1.5111947e-05
1.7007259e-05
1.7004871e-05
1.7005384e-05
1.7009807e-05
1.7019179e-05
0.00046133786
0.00046363811
0.00046674511
0.0029948335
0.0030082106
0.0078802749
0.0078963107
0.012027
0.011625507
0.011621931
0.0077407263
0.0010994454
0.00018735525
1.4328758e-05
1.4277978e-05
1.4192745e-05
1.4160918e-05
1.409148e-05
1.4053178e-05
1.4053084e-05
1.4017472e-05
1.3986705e-05
1.3986634e-05
1.3959015e-05
1.3958948e-05
1.393114e-05
1.3931042e-05
1.3930983e-05
1.3900334e-05
1.3900235e-05
1.3900199e-05
1.390021e-05
1.3900251e-05
1.3871853e-05
1.3871824e-05
1.3871833e-05
1.3871865e-05
1.3871908e-05
1.3871951e-05
1.3871989e-05
1.3872015e-05
1.3848005e-05
1.3848046e-05
1.3848089e-05
1.3848125e-05
1.3848152e-05
1.3848164e-05
1.384816e-05
1.3848138e-05
1.3848097e-05
1.3848037e-05
1.3847958e-05
1.384786e-05
1.3847743e-05
1.3847608e-05
1.3847454e-05
1.3847283e-05
1.3847095e-05
1.3846889e-05
1.3846666e-05
1.3846426e-05
1.3846169e-05
1.3845896e-05
1.3845605e-05
1.3797123e-05
1.3796545e-05
1.3795984e-05
1.379544e-05
1.3794912e-05
1.37944e-05
1.3793902e-05
1.3793419e-05
1.3792949e-05
1.3792493e-05
1.4574139e-05
1.4569995e-05
1.4565841e-05
1.4561671e-05
1.4557478e-05
1.4553257e-05
1.4549003e-05
1.454471e-05
1.4540372e-05
1.4354441e-05
1.4353181e-05
1.4351895e-05
1.4350579e-05
1.434923e-05
1.4347843e-05
1.4346414e-05
1.4344936e-05
1.4343406e-05
1.4341817e-05
1.4340163e-05
1.4338438e-05
1.4336635e-05
1.4334749e-05
1.4332775e-05
1.433071e-05
1.4328555e-05
1.4326315e-05
1.4324005e-05
1.4321649e-05
1.4319286e-05
1.4316967e-05
1.4314761e-05
1.4312756e-05
1.431107e-05
1.5126937e-05
1.5121471e-05
1.5116268e-05
1.5111577e-05
1.5107743e-05
1.510523e-05
1.5104626e-05
1.510661e-05
1.6993935e-05
1.6993325e-05
1.6996866e-05
1.7005801e-05
0.00045964783
0.0004618463
0.00046493822
0.0029889524
0.0030024305
0.0078738151
0.0078900917
0.012028794
0.012035454
0.011626559
0.0077393457
0.0010952921
0.00018537145
1.4328982e-05
1.4278302e-05
1.4193005e-05
1.4161142e-05
1.4091578e-05
1.4053217e-05
1.4017548e-05
1.4017465e-05
1.3986678e-05
1.3986612e-05
1.395895e-05
1.395889e-05
1.3931034e-05
1.3930944e-05
1.3930897e-05
1.3900143e-05
1.3900056e-05
1.3900038e-05
1.390007e-05
1.3871741e-05
1.3871673e-05
1.3871663e-05
1.3871693e-05
1.3871745e-05
1.3871807e-05
1.3871867e-05
1.3871919e-05
1.3847838e-05
1.3847888e-05
1.3847944e-05
1.3847999e-05
1.3848047e-05
1.3848083e-05
1.3848104e-05
1.3848107e-05
1.3848091e-05
1.3848056e-05
1.3848001e-05
1.3847926e-05
1.3847831e-05
1.3847718e-05
1.3847585e-05
1.3847434e-05
1.3847265e-05
1.3847078e-05
1.3846874e-05
1.3846653e-05
1.3846414e-05
1.3846158e-05
1.3845885e-05
1.3845595e-05
1.3845287e-05
1.379655e-05
1.3795988e-05
1.3795442e-05
1.3794913e-05
1.37944e-05
1.3793901e-05
1.3793417e-05
1.3792946e-05
1.3792489e-05
1.4573756e-05
1.4569628e-05
1.4565488e-05
1.456133e-05
1.4557148e-05
1.4552937e-05
1.4548692e-05
1.4544406e-05
1.4540074e-05
1.4354137e-05
1.4352856e-05
1.4351547e-05
1.4350207e-05
1.434883e-05
1.4347414e-05
1.4345951e-05
1.4344437e-05
1.4342867e-05
1.4341232e-05
1.4339528e-05
1.4337746e-05
1.433588e-05
1.4333923e-05
1.4331867e-05
1.432971e-05
1.4327449e-05
1.4325089e-05
1.432264e-05
1.4320123e-05
1.4317574e-05
1.4315041e-05
1.4312588e-05
1.4310307e-05
1.430832e-05
1.4306792e-05
1.4305943e-05
1.5111344e-05
1.5105926e-05
1.5101302e-05
1.5097977e-05
1.5096613e-05
1.5098003e-05
1.69821e-05
1.6980117e-05
1.6982523e-05
1.6990809e-05
0.00045774688
0.00045980473
0.00046285186
0.0029821341
0.0029956298
0.0030132893
0.0078826572
0.012030164
0.012036778
0.01163117
0.0077377197
0.0010908751
0.00018326847
1.4329198e-05
1.4278624e-05
1.4193265e-05
1.4161365e-05
1.409167e-05
1.4053247e-05
1.4017528e-05
1.4017449e-05
1.3986641e-05
1.3958966e-05
1.3958873e-05
1.3958821e-05
1.3930913e-05
1.3930831e-05
1.3930798e-05
1.3899929e-05
1.3899857e-05
1.3899861e-05
1.3899918e-05
1.3871523e-05
1.3871475e-05
1.3871488e-05
1.3871543e-05
1.3871618e-05
1.3871701e-05
1.3847618e-05
1.3847644e-05
1.3847697e-05
1.3847765e-05
1.3847837e-05
1.3847906e-05
1.3847966e-05
1.3848012e-05
1.3848042e-05
1.3848053e-05
1.3848044e-05
1.3848015e-05
1.3847965e-05
1.3847894e-05
1.3847803e-05
1.3847692e-05
1.3847563e-05
1.3847414e-05
1.3847247e-05
1.3847062e-05
1.384686e-05
1.3846639e-05
1.3846402e-05
1.3846147e-05
1.3845875e-05
1.3845585e-05
1.3845278e-05
1.3796554e-05
1.379599e-05
1.3795444e-05
1.3794914e-05
1.3794399e-05
1.3793899e-05
1.3793414e-05
1.3792943e-05
1.3792485e-05
1.4573351e-05
1.456924e-05
1.4565116e-05
1.4560972e-05
1.4556804e-05
1.4552604e-05
1.4548369e-05
1.4544092e-05
1.4355108e-05
1.4353832e-05
1.435253e-05
1.4351199e-05
1.4349834e-05
1.434843e-05
1.4346984e-05
1.4345488e-05
1.4343938e-05
1.4342327e-05
1.4340647e-05
1.4338892e-05
1.4337054e-05
1.4335123e-05
1.4333092e-05
1.4330954e-05
1.4328702e-05
1.4326332e-05
1.4323846e-05
1.4321251e-05
1.4318565e-05
1.4315817e-05
1.4313051e-05
1.4310329e-05
1.430774e-05
1.430541e-05
1.4303516e-05
1.4302298e-05
1.430206e-05
1.5099985e-05
1.5094455e-05
1.5090173e-05
1.5087882e-05
1.5088506e-05
1.5093076e-05
1.6965722e-05
1.6966681e-05
1.697404e-05
1.6989547e-05
0.00045749011
0.0004604532
0.00046476329
0.0029876814
0.0030058512
0.0078738524
0.012031032
0.012037583
0.011635739
0.0077358475
0.0035307754
0.00018104892
1.4329403e-05
1.4278943e-05
1.4193521e-05
1.412828e-05
1.4091754e-05
1.4053267e-05
1.4017497e-05
1.4017422e-05
1.3986593e-05
1.3958871e-05
1.3958783e-05
1.3930914e-05
1.3930774e-05
1.3930704e-05
1.3899852e-05
1.389969e-05
1.3899637e-05
1.3899667e-05
1.3871402e-05
1.3871282e-05
1.3871257e-05
1.3871299e-05
1.3871382e-05
1.3871484e-05
1.3847423e-05
1.3847426e-05
1.3847473e-05
1.3847548e-05
1.3847636e-05
1.3847726e-05
1.384781e-05
1.3847884e-05
1.3847941e-05
1.3847981e-05
1.3848e-05
1.3847998e-05
1.3847974e-05
1.3847929e-05
1.3847862e-05
1.3847775e-05
1.3847668e-05
1.3847541e-05
1.3847395e-05
1.384723e-05
1.3847047e-05
1.3846846e-05
1.3846627e-05
1.384639e-05
1.3846136e-05
1.3845865e-05
1.3845576e-05
1.384527e-05
1.3844946e-05
1.3795992e-05
1.3795445e-05
1.3794914e-05
1.3794398e-05
1.3793897e-05
1.3793411e-05
1.3792939e-05
1.379248e-05
1.4572924e-05
1.4568833e-05
1.4564727e-05
1.4560599e-05
1.4556445e-05
1.4552259e-05
1.4548036e-05
1.4543769e-05
1.4354823e-05
1.4353528e-05
1.4352206e-05
1.4350852e-05
1.4349463e-05
1.4348032e-05
1.4346556e-05
1.4345028e-05
1.4343442e-05
1.434179e-05
1.4340066e-05
1.433826e-05
1.4336365e-05
1.433437e-05
1.4332266e-05
1.4330044e-05
1.4327695e-05
1.4325214e-05
1.4322598e-05
1.4319852e-05
1.4316987e-05
1.4314028e-05
1.4311012e-05
1.4307996e-05
1.4305066e-05
1.4302351e-05
1.4300036e-05
1.4298382e-05
1.4297734e-05
1.4298511e-05
1.5087227e-05
1.5081824e-05
1.5078407e-05
1.5078054e-05
1.5082016e-05
1.6950107e-05
1.6949242e-05
1.6955317e-05
1.6970538e-05
0.00045487815
0.00045770608
0.00046206389
0.0029784441
0.0029970709
0.007863505
0.0078864609
0.01203779
0.011640253
0.0077337304
0.0035236113
0.0001787154
1.4329595e-05
1.4279256e-05
1.4193771e-05
1.4128435e-05
1.4091828e-05
1.4053276e-05
1.4017453e-05
1.3986616e-05
1.3986533e-05
1.3958761e-05
1.3958678e-05
1.3930751e-05
1.3930617e-05
1.3930561e-05
1.3899574e-05
1.3899422e-05
1.3899394e-05
1.3899457e-05
1.3871116e-05
1.3871016e-05
1.3871021e-05
1.3871096e-05
1.3871211e-05
1.3847235e-05
1.3847191e-05
1.3847218e-05
1.3847292e-05
1.3847392e-05
1.3847502e-05
1.3847612e-05
1.3847713e-05
1.38478e-05
1.384787e-05
1.3847919e-05
1.3847946e-05
1.3847951e-05
1.3847934e-05
1.3847893e-05
1.3847831e-05
1.3847748e-05
1.3847644e-05
1.384752e-05
1.3847376e-05
1.3847213e-05
1.3847032e-05
1.3846832e-05
1.3846615e-05
1.3846379e-05
1.3846127e-05
1.3845856e-05
1.3845568e-05
1.3845263e-05
1.3844939e-05
1.3795993e-05
1.3795445e-05
1.3794913e-05
1.3794396e-05
1.3793895e-05
1.3793408e-05
1.3792935e-05
1.3792475e-05
1.4572477e-05
1.4568407e-05
1.4564321e-05
1.4560211e-05
1.4556074e-05
1.4551903e-05
1.4547693e-05
1.4355829e-05
1.4354541e-05
1.4353227e-05
1.4351885e-05
1.4350509e-05
1.4349096e-05
1.434764e-05
1.4346134e-05
1.4344574e-05
1.4342952e-05
1.4341261e-05
1.4339493e-05
1.4337637e-05
1.4335685e-05
1.4333626e-05
1.4331449e-05
1.4329143e-05
1.4326697e-05
1.4324103e-05
1.4321355e-05
1.4318453e-05
1.4315402e-05
1.4312221e-05
1.4308938e-05
1.4305606e-05
1.4302304e-05
1.4299158e-05
1.4296361e-05
1.4294194e-05
1.4293045e-05
1.4293406e-05
1.4295828e-05
1.5072945e-05
1.5068171e-05
1.5066581e-05
1.5069696e-05
1.5079045e-05
1.6930109e-05
1.6934446e-05
1.694905e-05
0.00045194513
0.00045457183
0.00045893725
0.002967759
0.0029867599
0.007851428
0.0078752706
0.012037319
0.011644704
0.0077313808
0.0035160443
0.00017626959
1.4329772e-05
1.427956e-05
1.4194013e-05
1.4128581e-05
1.4091891e-05
1.4053271e-05
1.4017396e-05
1.3986539e-05
1.3986459e-05
1.3958634e-05
1.3958558e-05
1.3930566e-05
1.3930438e-05
1.39304e-05
1.3899261e-05
1.3899124e-05
1.3899127e-05
1.3871026e-05
1.3870795e-05
1.3870722e-05
1.3870764e-05
1.3870879e-05
1.3847084e-05
1.3846959e-05
1.384694e-05
1.3846996e-05
1.38471e-05
1.3847228e-05
1.3847364e-05
1.3847495e-05
1.3847614e-05
1.3847717e-05
1.3847799e-05
1.3847858e-05
1.3847894e-05
1.3847906e-05
1.3847895e-05
1.3847859e-05
1.3847802e-05
1.3847722e-05
1.3847621e-05
1.3847499e-05
1.3847358e-05
1.3847197e-05
1.3847018e-05
1.384682e-05
1.3846604e-05
1.3846369e-05
1.3846118e-05
1.3845848e-05
1.3845561e-05
1.3845256e-05
1.3844933e-05
1.3844593e-05
1.3795444e-05
1.3794911e-05
1.3794394e-05
1.3793892e-05
1.3793404e-05
1.3792931e-05
1.379247e-05
1.4064828e-05
1.4063262e-05
1.406169e-05
1.4060109e-05
1.4058516e-05
1.4056911e-05
1.4055289e-05
1.4038834e-05
1.4038582e-05
1.4038303e-05
1.4037994e-05
1.4037655e-05
1.4037284e-05
1.4036879e-05
1.4036439e-05
1.4035962e-05
1.4035445e-05
1.4034888e-05
1.4034287e-05
1.4033642e-05
1.4032951e-05
1.4032214e-05
1.403143e-05
1.4328258e-05
1.4325716e-05
1.4323008e-05
1.4320127e-05
1.4317065e-05
1.4313823e-05
1.431041e-05
1.4306848e-05
1.4303178e-05
1.4299471e-05
1.4295849e-05
1.4292504e-05
1.4289738e-05
1.4287982e-05
1.4287813e-05
1.4289903e-05
1.5063563e-05
1.5057165e-05
1.5054019e-05
1.5055976e-05
1.5064999e-05
1.6909189e-05
1.6911213e-05
1.6924752e-05
1.6952826e-05
0.00045100847
0.00045532512
0.0029554543
0.002974706
0.0078374082
0.007862139
0.012036086
0.011649099
0.0077288147
0.0035080868
0.00017371314
1.4329931e-05
1.4279854e-05
1.4194247e-05
1.4128716e-05
1.4091941e-05
1.4053253e-05
1.4017324e-05
1.3986445e-05
1.3986371e-05
1.3958488e-05
1.3958422e-05
1.3930355e-05
1.3930237e-05
1.3899223e-05
1.3898908e-05
1.3898793e-05
1.3898835e-05
1.3870656e-05
1.3870438e-05
1.3870399e-05
1.3870487e-05
1.3870649e-05
1.3846762e-05
1.3846655e-05
1.3846668e-05
1.384676e-05
1.3846899e-05
1.3847059e-05
1.3847222e-05
1.3847377e-05
1.3847516e-05
1.3847634e-05
1.3847729e-05
1.3847799e-05
1.3847844e-05
1.3847863e-05
1.3847857e-05
1.3847827e-05
1.3827028e-05
1.3826998e-05
1.382695e-05
1.3826885e-05
1.3826804e-05
1.3826705e-05
1.382659e-05
1.3826459e-05
1.3826312e-05
1.3826148e-05
1.3825969e-05
1.3825774e-05
1.3825564e-05
1.3825337e-05
1.3825096e-05
1.3824838e-05
1.3784871e-05
1.3784371e-05
1.3783887e-05
1.3783418e-05
1.3782963e-05
1.3782522e-05
1.3782095e-05
1.4064674e-05
1.4063113e-05
1.4061545e-05
1.4059967e-05
1.4058378e-05
1.4056774e-05
1.4038914e-05
1.403868e-05
1.4038418e-05
1.4038126e-05
1.4037804e-05
1.4037451e-05
1.4037063e-05
1.403664e-05
1.4036179e-05
1.4035679e-05
1.4035137e-05
1.4034551e-05
1.4033918e-05
1.4033235e-05
1.4032502e-05
1.4031715e-05
1.4030875e-05
1.4029984e-05
1.4029043e-05
1.4028064e-05
1.4027058e-05
1.4026051e-05
1.4025078e-05
1.4308613e-05
1.430476e-05
1.4300732e-05
1.429659e-05
1.4292444e-05
1.4288484e-05
1.4285022e-05
1.4282535e-05
1.4281694e-05
1.4283324e-05
1.4288246e-05
1.5045394e-05
1.5040306e-05
1.5040705e-05
1.5049121e-05
1.5067534e-05
1.6885387e-05
1.6897249e-05
1.6926067e-05
0.00044696935
0.0004511585
0.00045811779
0.0029606514
0.0029894886
0.0078467936
0.012034009
0.011653451
0.0077260559
0.0034997492
0.00017104714
1.433007e-05
1.4280135e-05
1.4194469e-05
1.412884e-05
1.4091978e-05
1.4053219e-05
1.4017235e-05
1.3986335e-05
1.3958472e-05
1.3958322e-05
1.3930363e-05
1.3930115e-05
1.393001e-05
1.3898829e-05
1.3898509e-05
1.3898424e-05
1.3870693e-05
1.3870237e-05
1.3870038e-05
1.3870045e-05
1.3870189e-05
1.3846661e-05
1.3846403e-05
1.3846323e-05
1.3846374e-05
1.3846509e-05
1.3846688e-05
1.3846884e-05
1.3847078e-05
1.3847258e-05
1.3847418e-05
1.3847552e-05
1.3826777e-05
1.3826827e-05
1.3826875e-05
1.3826915e-05
1.3826943e-05
1.3826956e-05
1.3826951e-05
1.3826929e-05
1.3826889e-05
1.3826831e-05
1.3826756e-05
1.3826662e-05
1.3826552e-05
1.3826424e-05
1.382628e-05
1.3826119e-05
1.3825942e-05
1.382575e-05
1.3825541e-05
1.3825316e-05
1.3825076e-05
1.3824819e-05
1.3824547e-05
1.3784375e-05
1.3783889e-05
1.3783418e-05
1.3782962e-05
1.378252e-05
1.3782092e-05
1.4064514e-05
1.4062959e-05
1.4061395e-05
1.4059822e-05
1.4058236e-05
1.4056636e-05
1.4038774e-05
1.403853e-05
1.4038257e-05
1.4037953e-05
1.4037618e-05
1.403725e-05
1.4036846e-05
1.4036405e-05
1.4035925e-05
1.4035402e-05
1.4034835e-05
1.403422e-05
1.4033554e-05
1.4032834e-05
1.4032057e-05
1.4031221e-05
1.4030324e-05
1.4029366e-05
1.4028348e-05
1.4027278e-05
1.4026167e-05
1.4025038e-05
1.4023924e-05
1.4022879e-05
1.4021976e-05
1.4021319e-05
1.4293686e-05
1.4288971e-05
1.4284324e-05
1.4280061e-05
1.4276699e-05
1.4275013e-05
1.4276018e-05
1.4280774e-05
1.4290002e-05
1.5025389e-05
1.5023713e-05
1.503113e-05
1.5050377e-05
1.6856729e-05
1.6866087e-05
1.6895292e-05
0.00044240478
0.00044636233
0.00045357055
0.0029443184
0.0029746748
0.0078289398
0.012030995
0.011657788
0.0077231369
0.0034910449
0.00016827171
1.4330188e-05
1.4280403e-05
1.4194678e-05
1.412895e-05
1.4091999e-05
1.4053168e-05
1.4017129e-05
1.3986207e-05
1.3958284e-05
1.3958133e-05
1.3930097e-05
1.3929842e-05
1.3929756e-05
1.3898379e-05
1.3898059e-05
1.3898016e-05
1.3870237e-05
1.3869761e-05
1.3869593e-05
1.3869659e-05
1.3846746e-05
1.3846254e-05
1.3846004e-05
1.3845959e-05
1.3846058e-05
1.3846244e-05
1.3846471e-05
1.3846707e-05
1.3846934e-05
1.3826484e-05
1.382649e-05
1.3826535e-05
1.3826602e-05
1.3826674e-05
1.3826742e-05
1.38268e-05
1.3826843e-05
1.3826868e-05
1.3826875e-05
1.3826862e-05
1.382683e-05
1.3826778e-05
1.3826708e-05
1.382662e-05
1.3826513e-05
1.3826389e-05
1.3826249e-05
1.3826091e-05
1.3825916e-05
1.3825726e-05
1.3825519e-05
1.3825296e-05
1.3825057e-05
1.3824801e-05
1.382453e-05
1.3784377e-05
1.378389e-05
1.3783418e-05
1.3782961e-05
1.3782518e-05
1.3782088e-05
1.406435e-05
1.40628e-05
1.4061242e-05
1.4059674e-05
1.4058093e-05
1.4038862e-05
1.4038637e-05
1.4038383e-05
1.40381e-05
1.4037785e-05
1.4037437e-05
1.4037055e-05
1.4036635e-05
1.4036177e-05
1.4035676e-05
1.4035132e-05
1.4034539e-05
1.4033895e-05
1.4033197e-05
1.403244e-05
1.4031621e-05
1.4030735e-05
1.402978e-05
1.4028753e-05
1.4027656e-05
1.4026492e-05
1.402527e-05
1.4024011e-05
1.4022745e-05
1.4021525e-05
1.4020429e-05
1.4019566e-05
1.4019083e-05
1.4285462e-05
1.4280057e-05
1.427488e-05
1.4270478e-05
1.4267736e-05
1.4267898e-05
1.4272352e-05
1.4282081e-05
1.500923e-05
1.5004811e-05
1.5010685e-05
1.5030675e-05
1.50658e-05
1.6830732e-05
1.6859765e-05
1.691644e-05
0.00044084568
0.00044825469
0.0029253704
0.0029572238
0.0078082119
0.012026946
0.011662152
0.0077201027
0.0034819901
0.00016538725
1.4330283e-05
1.4280654e-05
1.4194874e-05
1.4129046e-05
1.4092004e-05
1.4053098e-05
1.4017003e-05
1.3986059e-05
1.3958069e-05
1.3957918e-05
1.3929793e-05
1.3929532e-05
1.3898559e-05
1.3897863e-05
1.389755e-05
1.3870599e-05
1.3869713e-05
1.386922e-05
1.3869096e-05
1.386924e-05
1.3846319e-05
1.3845793e-05
1.3845558e-05
1.384556e-05
1.3845721e-05
1.3845967e-05
1.3846247e-05
1.3846528e-05
1.3826241e-05
1.3826211e-05
1.3826248e-05
1.3826325e-05
1.382642e-05
1.3826518e-05
1.3826608e-05
1.3826684e-05
1.3826743e-05
1.3826781e-05
1.3826798e-05
1.3826795e-05
1.3826771e-05
1.3826726e-05
1.3826662e-05
1.3826578e-05
1.3826476e-05
1.3826356e-05
1.3826218e-05
1.3826063e-05
1.3825891e-05
1.3825702e-05
1.3825497e-05
1.3825276e-05
1.3825038e-05
1.3824784e-05
1.3824514e-05
1.3824227e-05
1.378389e-05
1.3783417e-05
1.3782959e-05
1.3782514e-05
1.3782084e-05
1.406418e-05
1.4062638e-05
1.4061086e-05
1.4059524e-05
1.4038943e-05
1.4038738e-05
1.4038504e-05
1.4038241e-05
1.4037948e-05
1.4037622e-05
1.4037261e-05
1.4036865e-05
1.403643e-05
1.4035955e-05
1.4035435e-05
1.4034869e-05
1.4034252e-05
1.403358e-05
1.403285e-05
1.4032056e-05
1.4031194e-05
1.4030259e-05
1.4029246e-05
1.4028151e-05
1.4026973e-05
1.4025711e-05
1.4024374e-05
1.4022977e-05
1.4021548e-05
1.4020137e-05
1.4018823e-05
1.4017725e-05
1.4017005e-05
1.4016869e-05
1.4017531e-05
1.4269515e-05
1.4263888e-05
1.4259831e-05
1.4258865e-05
1.4262825e-05
1.4273084e-05
1.4289596e-05
1.4983804e-05
1.4987369e-05
1.5007941e-05
1.5047106e-05
1.679056e-05
1.6818573e-05
1.6880555e-05
0.00043450651
0.00044203431
0.0029034187
0.0029366812
0.0077841926
0.012021752
0.012031403
0.011653483
0.0034726042
0.00016239336
1.4330353e-05
1.4280888e-05
1.4195054e-05
1.4129126e-05
1.4053122e-05
1.4016966e-05
1.4016856e-05
1.3985888e-05
1.3957825e-05
1.3957676e-05
1.3929443e-05
1.392918e-05
1.3898037e-05
1.3897268e-05
1.3896973e-05
1.3870103e-05
1.3869109e-05
1.3868601e-05
1.3868542e-05
1.3846736e-05
1.3845834e-05
1.384527e-05
1.3845059e-05
1.3845125e-05
1.3845362e-05
1.384568e-05
1.3826276e-05
1.3826019e-05
1.3825913e-05
1.3825918e-05
1.3825993e-05
1.3826107e-05
1.3826234e-05
1.382636e-05
1.3826473e-05
1.3826569e-05
1.3826643e-05
1.3826695e-05
1.3826723e-05
1.3826729e-05
1.3826713e-05
1.3826675e-05
1.3826616e-05
1.3826538e-05
1.382644e-05
1.3826323e-05
1.3826188e-05
1.3826036e-05
1.3825867e-05
1.382568e-05
1.3825477e-05
1.3825257e-05
1.382502e-05
1.3824768e-05
1.3824498e-05
1.3824213e-05
1.382391e-05
1.3783415e-05
1.3782955e-05
1.378251e-05
1.3782078e-05
1.4064006e-05
1.4062471e-05
1.4060927e-05
1.4059371e-05
1.4038831e-05
1.4038618e-05
1.4038376e-05
1.4038104e-05
1.4037801e-05
1.4037464e-05
1.4037092e-05
1.4036682e-05
1.4036233e-05
1.403574e-05
1.4035202e-05
1.4034615e-05
1.4033974e-05
1.4033275e-05
1.4032514e-05
1.4031684e-05
1.4030781e-05
1.4029796e-05
1.4028726e-05
1.4027562e-05
1.4026302e-05
1.4024942e-05
1.4023486e-05
1.4021944e-05
1.402034e-05
1.4018721e-05
1.4017165e-05
1.4015796e-05
1.4014799e-05
1.4014412e-05
1.4014898e-05
1.4016464e-05
1.4256961e-05
1.4251279e-05
1.424881e-05
1.4252e-05
1.4262821e-05
1.4281184e-05
1.4304885e-05
1.4960668e-05
1.4981541e-05
1.5025626e-05
1.6744859e-05
1.6770552e-05
1.6838494e-05
0.00042722609
0.00043474915
0.0028780067
0.0029124944
0.0077563737
0.0078044193
0.012025306
0.011656623
0.0034629115
0.00015928942
1.4330396e-05
1.4281103e-05
1.4195218e-05
1.4129188e-05
1.4053011e-05
1.4016796e-05
1.3985843e-05
1.3985693e-05
1.3957548e-05
1.3957401e-05
1.3929041e-05
1.3928778e-05
1.3897431e-05
1.3896578e-05
1.3896317e-05
1.3869535e-05
1.3868408e-05
1.3867891e-05
1.3847589e-05
1.38463e-05
1.3845277e-05
1.3844672e-05
1.3844501e-05
1.3844653e-05
1.3844984e-05
1.3826327e-05
1.3825872e-05
1.3825627e-05
1.3825556e-05
1.3825605e-05
1.3825726e-05
1.3825881e-05
1.3826044e-05
1.38262e-05
1.3826338e-05
1.3826454e-05
1.3826545e-05
1.382661e-05
1.382665e-05
1.3826665e-05
1.3826657e-05
1.3826625e-05
1.3826572e-05
1.3826499e-05
1.3826405e-05
1.3826292e-05
1.382616e-05
1.382601e-05
1.3825843e-05
1.3825659e-05
1.3825457e-05
1.3825239e-05
1.3825004e-05
1.3824752e-05
1.3824484e-05
1.3824199e-05
1.3823897e-05
1.3783411e-05
1.3782951e-05
1.3782505e-05
1.3782073e-05
1.4063828e-05
1.4062302e-05
1.4060765e-05
1.4038915e-05
1.4038723e-05
1.4038503e-05
1.4038253e-05
1.4037973e-05
1.403766e-05
1.4037313e-05
1.4036929e-05
1.4036507e-05
1.4036043e-05
1.4035535e-05
1.4034979e-05
1.4034371e-05
1.4033708e-05
1.4032983e-05
1.4032191e-05
1.4031327e-05
1.4030382e-05
1.402935e-05
1.4028223e-05
1.4026992e-05
1.402565e-05
1.402419e-05
1.4022612e-05
1.402092e-05
1.4019132e-05
1.4017288e-05
1.4015463e-05
1.4013786e-05
1.4012462e-05
1.4011773e-05
1.4012042e-05
1.4013521e-05
1.4016283e-05
1.4242079e-05
1.4237611e-05
1.4239632e-05
1.4251051e-05
1.4271733e-05
1.4298265e-05
1.4929937e-05
1.4950635e-05
1.500091e-05
1.5071794e-05
1.6714212e-05
1.6788865e-05
1.6912834e-05
0.00042619674
0.00044133977
0.0028839821
0.0077241587
0.007776038
0.012017837
0.011659868
0.003452938
0.00015607503
1.4330413e-05
1.4281298e-05
1.4195363e-05
1.4129233e-05
1.4052877e-05
1.40166e-05
1.3985624e-05
1.398547e-05
1.3957231e-05
1.3929229e-05
1.3928576e-05
1.3898344e-05
1.3896724e-05
1.389577e-05
1.3870704e-05
1.3868885e-05
1.3867586e-05
1.3867072e-05
1.3847286e-05
1.384581e-05
1.3844634e-05
1.3843983e-05
1.3843876e-05
1.3844142e-05
1.3826619e-05
1.3825893e-05
1.382542e-05
1.3825196e-05
1.382517e-05
1.3825273e-05
1.3825447e-05
1.3825649e-05
1.3825852e-05
1.382604e-05
1.3826204e-05
1.3826341e-05
1.3826449e-05
1.3826528e-05
1.3826579e-05
1.3826603e-05
1.3826603e-05
1.3826578e-05
1.382653e-05
1.3826461e-05
1.3826371e-05
1.3826262e-05
1.3826133e-05
1.3825986e-05
1.3825821e-05
1.3825638e-05
1.3825438e-05
1.3825222e-05
1.3824988e-05
1.3824738e-05
1.382447e-05
1.3824186e-05
1.3823886e-05
1.3823568e-05
1.3782945e-05
1.3782499e-05
1.3782066e-05
1.4063646e-05
1.4062129e-05
1.4060601e-05
1.4038818e-05
1.403862e-05
1.4038393e-05
1.4038136e-05
1.4037847e-05
1.4037525e-05
1.4037168e-05
1.4036774e-05
1.4036339e-05
1.4035862e-05
1.4035339e-05
1.4034766e-05
1.4034139e-05
1.4033453e-05
1.4032704e-05
1.4031883e-05
1.4030985e-05
1.4030002e-05
1.4028924e-05
1.4027741e-05
1.4026443e-05
1.402502e-05
1.4023461e-05
1.402176e-05
1.4019914e-05
1.4017933e-05
1.4015848e-05
1.4013727e-05
1.4011701e-05
1.4009993e-05
1.4008938e-05
1.400894e-05
1.4010321e-05
1.401312e-05
1.4017124e-05
1.4225147e-05
1.42254e-05
1.4237451e-05
1.4261142e-05
1.4291092e-05
1.4322728e-05
1.4914093e-05
1.4972471e-05
1.5055037e-05
1.6647583e-05
1.6729868e-05
1.6875403e-05
0.00041612833
0.00043269973
0.0028502996
0.0076868015
0.0077428389
0.012008827
0.011663322
0.0034427151
0.0010223424
1.43304e-05
1.4281472e-05
1.419549e-05
1.4129257e-05
1.4052717e-05
1.4016377e-05
1.3985375e-05
1.3985218e-05
1.3956869e-05
1.3928772e-05
1.3928034e-05
1.3897823e-05
1.3895889e-05
1.3894817e-05
1.3870281e-05
1.3868138e-05
1.3866611e-05
1.3848674e-05
1.3846969e-05
1.3845258e-05
1.3843883e-05
1.3843184e-05
1.3843175e-05
1.382722e-05
1.3826198e-05
1.3825402e-05
1.3824912e-05
1.3824719e-05
1.3824752e-05
1.3824923e-05
1.3825159e-05
1.3825414e-05
1.3825659e-05
1.3825881e-05
1.3826072e-05
1.3826231e-05
1.3826356e-05
1.3826448e-05
1.3826511e-05
1.3826544e-05
1.3826551e-05
1.3826532e-05
1.382649e-05
1.3826425e-05
1.3826339e-05
1.3826233e-05
1.3826107e-05
1.3825963e-05
1.38258e-05
1.3825619e-05
1.3825421e-05
1.3825206e-05
1.3824973e-05
1.3824724e-05
1.3824458e-05
1.3824175e-05
1.3823875e-05
1.3823558e-05
1.3782939e-05
1.3782492e-05
1.3782058e-05
1.3886183e-05
1.3886515e-05
1.3922541e-05
1.3923085e-05
1.3923604e-05
1.39241e-05
1.3924573e-05
1.3925022e-05
1.3925448e-05
1.3925851e-05
1.3926232e-05
1.3926589e-05
1.3926924e-05
1.3927236e-05
1.3927526e-05
1.3927792e-05
1.3928035e-05
1.3928256e-05
1.4031592e-05
1.4030662e-05
1.4029641e-05
1.4028519e-05
1.4027283e-05
1.4025921e-05
1.4024419e-05
1.4022762e-05
1.4020937e-05
1.4018935e-05
1.4016755e-05
1.4014416e-05
1.4011974e-05
1.4009553e-05
1.4007393e-05
1.400589e-05
1.4005562e-05
1.4006838e-05
1.4009718e-05
1.4013741e-05
1.4018686e-05
1.420889e-05
1.4221586e-05
1.4249326e-05
1.428349e-05
1.4317259e-05
1.4870324e-05
1.49398e-05
1.5037157e-05
1.6568063e-05
1.6659127e-05
1.6832707e-05
0.00040423172
0.00042240084
0.0028103861
0.0028848192
0.007703903
0.01199808
0.011667114
0.0076827844
0.0010147943
1.4330358e-05
1.4281624e-05
1.4163344e-05
1.4091852e-05
1.4052529e-05
1.4016122e-05
1.3985091e-05
1.3956918e-05
1.3956454e-05
1.3928241e-05
1.3927397e-05
1.3897245e-05
1.3894893e-05
1.3893678e-05
1.386984e-05
1.386728e-05
1.386544e-05
1.3848531e-05
1.3846643e-05
1.3844637e-05
1.3842998e-05
1.3842249e-05
1.3828105e-05
1.3826868e-05
1.3825727e-05
1.3824846e-05
1.3824338e-05
1.3824192e-05
1.3824302e-05
1.3824555e-05
1.3824863e-05
1.3825177e-05
1.3825468e-05
1.3825726e-05
1.3825945e-05
1.3826125e-05
1.3826266e-05
1.3826373e-05
1.3826446e-05
1.3826488e-05
1.3826502e-05
1.3826489e-05
1.3826452e-05
1.3804103e-05
1.3804152e-05
1.3804187e-05
1.3804206e-05
1.3804209e-05
1.3804198e-05
1.3804171e-05
1.3804129e-05
1.3804072e-05
1.3804e-05
1.3803914e-05
1.3803813e-05
1.3803697e-05
1.3803568e-05
1.3803424e-05
1.3803265e-05
1.3769266e-05
1.3768806e-05
1.3886134e-05
1.388647e-05
1.3922523e-05
1.3923067e-05
1.3923586e-05
1.3924081e-05
1.3924552e-05
1.3925e-05
1.3925424e-05
1.3925825e-05
1.3926203e-05
1.3926558e-05
1.3926889e-05
1.3927197e-05
1.3927482e-05
1.3927742e-05
1.3927979e-05
1.3928192e-05
1.392838e-05
1.3928544e-05
1.3928685e-05
1.3928804e-05
1.3928903e-05
1.3928986e-05
1.392906e-05
1.3929132e-05
1.3929219e-05
1.4017995e-05
1.4015612e-05
1.4013008e-05
1.4010219e-05
1.4007358e-05
1.4004669e-05
1.4002613e-05
1.4001866e-05
1.4003034e-05
1.4006081e-05
1.4010163e-05
1.4014612e-05
1.4189564e-05
1.4202867e-05
1.4236242e-05
1.4275687e-05
1.4311055e-05
1.4817028e-05
1.4902516e-05
1.5018808e-05
1.5129386e-05
1.6573406e-05
1.6784684e-05
0.00039010486
0.0004100887
0.0027628981
0.0028457555
0.0076580504
0.011985355
0.011671419
0.0076783617
0.0010070185
1.4330284e-05
1.4281752e-05
1.4163397e-05
1.4091729e-05
1.4052312e-05
1.4015833e-05
1.3984768e-05
1.3956497e-05
1.3955975e-05
1.3927618e-05
1.3926643e-05
1.3896612e-05
1.3893687e-05
1.3872239e-05
1.3869401e-05
1.38663e-05
1.3864008e-05
1.3848402e-05
1.3846322e-05
1.384394e-05
1.384194e-05
1.3841143e-05
1.382784e-05
1.3826489e-05
1.3825197e-05
1.3824208e-05
1.3823687e-05
1.3823608e-05
1.382382e-05
1.3824171e-05
1.3824563e-05
1.3824941e-05
1.3825281e-05
1.3825576e-05
1.3803162e-05
1.3803166e-05
1.3803232e-05
1.3803334e-05
1.3803453e-05
1.3803576e-05
1.3803694e-05
1.3803801e-05
1.3803896e-05
1.3803975e-05
1.3804038e-05
1.3804084e-05
1.3804113e-05
1.3804126e-05
1.3804122e-05
1.3804102e-05
1.3804066e-05
1.3804014e-05
1.3803947e-05
1.3803865e-05
1.3803768e-05
1.3803655e-05
1.3803529e-05
1.3803387e-05
1.3803231e-05
1.3769267e-05
1.3768805e-05
1.3886083e-05
1.3921939e-05
1.3922507e-05
1.392305e-05
1.3923568e-05
1.3924062e-05
1.3924532e-05
1.3924978e-05
1.3925401e-05
1.39258e-05
1.3926175e-05
1.3926527e-05
1.3926855e-05
1.3927158e-05
1.3927438e-05
1.3927693e-05
1.3927923e-05
1.3928127e-05
1.3928306e-05
1.392846e-05
1.3928587e-05
1.392869e-05
1.3928771e-05
1.3928831e-05
1.3928879e-05
1.3928922e-05
1.3928977e-05
1.3929063e-05
1.3929206e-05
1.3929432e-05
1.4008488e-05
1.4005139e-05
1.4001833e-05
1.399909e-05
1.3997796e-05
1.3998851e-05
1.4002211e-05
1.4006465e-05
1.401018e-05
1.4014829e-05
1.4180501e-05
1.4221948e-05
1.4268045e-05
1.4304059e-05
1.4338931e-05
1.4860759e-05
1.5001131e-05
1.511993e-05
1.6468311e-05
1.6732065e-05
0.00037321837
0.00039530846
0.0027060725
0.0027986417
0.0076037768
0.011970348
0.011676446
0.0076743219
0.00099902023
1.4330177e-05
1.4281855e-05
1.4163427e-05
1.4091579e-05
1.405206e-05
1.4015506e-05
1.3984399e-05
1.3956012e-05
1.3955418e-05
1.3926882e-05
1.3925737e-05
1.389594e-05
1.3892205e-05
1.3872104e-05
1.3868997e-05
1.3865199e-05
1.385005e-05
1.3848293e-05
1.384602e-05
1.3843166e-05
1.3840659e-05
1.3828889e-05
1.382757e-05
1.3826083e-05
1.3824597e-05
1.3823471e-05
1.3822943e-05
1.3822963e-05
1.3823307e-05
1.3823777e-05
1.3824262e-05
1.3803406e-05
1.3803001e-05
1.3802799e-05
1.3802748e-05
1.3802799e-05
1.3802911e-05
1.3803055e-05
1.380321e-05
1.3803364e-05
1.3803508e-05
1.3803639e-05
1.3803752e-05
1.3803848e-05
1.3803925e-05
1.3803983e-05
1.3804023e-05
1.3804044e-05
1.3804048e-05
1.3804035e-05
1.3804005e-05
1.3803958e-05
1.3803896e-05
1.3803817e-05
1.3803724e-05
1.3803615e-05
1.3803491e-05
1.3803352e-05
1.3803198e-05
1.3803029e-05
1.3768803e-05
1.3886028e-05
1.3921923e-05
1.3922491e-05
1.3923033e-05
1.392355e-05
1.3924043e-05
1.3924512e-05
1.3924957e-05
1.3925378e-05
1.3925774e-05
1.3926147e-05
1.3926496e-05
1.392682e-05
1.392712e-05
1.3927395e-05
1.3927644e-05
1.3927867e-05
1.3928064e-05
1.3928233e-05
1.3928375e-05
1.3928489e-05
1.3928576e-05
1.3928636e-05
1.3928674e-05
1.3928693e-05
1.3928704e-05
1.3928723e-05
1.3928772e-05
1.3928882e-05
1.3929085e-05
1.3929402e-05
1.3929835e-05
1.399891e-05
1.3995311e-05
1.3993281e-05
1.3994203e-05
1.3998105e-05
1.4002754e-05
1.4005525e-05
1.4007446e-05
1.4019455e-05
1.4206794e-05
1.426105e-05
1.4296323e-05
1.4325762e-05
1.4816135e-05
1.4985881e-05
1.5107778e-05
1.6337956e-05
1.667731e-05
1.7016649e-05
0.0003775094
0.00042575485
0.0027414475
0.0075390852
0.011952671
0.011682477
0.007670861
0.00099081097
1.4330036e-05
1.4281933e-05
1.4163433e-05
1.4091397e-05
1.4051772e-05
1.4015134e-05
1.3983976e-05
1.3955446e-05
1.3928476e-05
1.3926002e-05
1.3899921e-05
1.3895271e-05
1.3890355e-05
1.3871961e-05
1.3868676e-05
1.3864017e-05
1.3849838e-05
1.3848215e-05
1.3845755e-05
1.384233e-05
1.383002e-05
1.3828602e-05
1.3827306e-05
1.3825652e-05
1.3823914e-05
1.3822609e-05
1.3822088e-05
1.3822252e-05
1.3822767e-05
1.3804474e-05
1.3803527e-05
1.3802858e-05
1.3802466e-05
1.3802305e-05
1.3802307e-05
1.3802414e-05
1.3802579e-05
1.3802769e-05
1.3802963e-05
1.3803151e-05
1.3803323e-05
1.3803477e-05
1.380361e-05
1.3803723e-05
1.3803814e-05
1.3803884e-05
1.3803934e-05
1.3803964e-05
1.3803976e-05
1.3803969e-05
1.3803945e-05
1.3803904e-05
1.3803846e-05
1.3803771e-05
1.3803681e-05
1.3803575e-05
1.3803454e-05
1.3803318e-05
1.3803166e-05
1.3802999e-05
1.3768799e-05
1.3921315e-05
1.3921908e-05
1.3922475e-05
1.3923017e-05
1.3923534e-05
1.3924026e-05
1.3924493e-05
1.3924936e-05
1.3925355e-05
1.392575e-05
1.392612e-05
1.3926466e-05
1.3926787e-05
1.3927083e-05
1.3927353e-05
1.3927596e-05
1.3927813e-05
1.3928002e-05
1.3928162e-05
1.3928292e-05
1.3928392e-05
1.3928462e-05
1.3928502e-05
1.3928514e-05
1.3928503e-05
1.3928479e-05
1.3928457e-05
1.3928463e-05
1.3928534e-05
1.3928708e-05
1.3929014e-05
1.3929449e-05
1.3929972e-05
1.3930551e-05
1.3988226e-05
1.398896e-05
1.3993748e-05
1.3999171e-05
1.4000926e-05
1.3998483e-05
1.4009261e-05
1.419174e-05
1.4255277e-05
1.4288306e-05
1.4305989e-05
1.4391159e-05
1.4975239e-05
1.5090568e-05
1.5219141e-05
1.6626121e-05
1.7016295e-05
0.00035603001
0.00041433513
0.0026714509
0.0074612951
0.011931827
0.011689861
0.0076682408
0.00098240275
1.4363357e-05
1.4258051e-05
1.4163415e-05
1.4091183e-05
1.4051441e-05
1.401471e-05
1.3983487e-05
1.3954782e-05
1.3928089e-05
1.392494e-05
1.3900187e-05
1.3894692e-05
1.387468e-05
1.3871775e-05
1.3868493e-05
1.3852193e-05
1.3849493e-05
1.3848171e-05
1.3845543e-05
1.3841483e-05
1.3829571e-05
1.3828291e-05
1.3827058e-05
1.3825195e-05
1.3823131e-05
1.3821589e-05
1.38211e-05
1.3806643e-05
1.3805254e-05
1.3803973e-05
1.3802943e-05
1.3802246e-05
1.3801877e-05
1.3801769e-05
1.3801839e-05
1.3802012e-05
1.3802236e-05
1.3802477e-05
1.3802715e-05
1.3802937e-05
1.3803139e-05
1.3803317e-05
1.3803471e-05
1.38036e-05
1.3803705e-05
1.3803787e-05
1.3803848e-05
1.3803887e-05
1.3803906e-05
1.3803906e-05
1.3803887e-05
1.3803851e-05
1.3803797e-05
1.3803727e-05
1.380364e-05
1.3803538e-05
1.3803419e-05
1.3803285e-05
1.3803135e-05
1.380297e-05
1.380279e-05
1.3921302e-05
1.3921894e-05
1.3922461e-05
1.3923002e-05
1.3923518e-05
1.3924009e-05
1.3924475e-05
1.3924916e-05
1.3925333e-05
1.3925726e-05
1.3926094e-05
1.3926437e-05
1.3926754e-05
1.3927046e-05
1.3927311e-05
1.3927549e-05
1.392776e-05
1.392794e-05
1.3928091e-05
1.392821e-05
1.3928296e-05
1.3928349e-05
1.3928368e-05
1.3928354e-05
1.392831e-05
1.3928247e-05
1.3928179e-05
1.3928135e-05
1.3928158e-05
1.3928298e-05
1.3928595e-05
1.3929039e-05
1.3929561e-05
1.3930081e-05
1.3930679e-05
1.3982938e-05
1.3989123e-05
1.3995872e-05
1.3996873e-05
1.3988059e-05
1.3996891e-05
1.4041219e-05
1.4251287e-05
1.4281754e-05
1.4277551e-05
1.4388443e-05
1.4971223e-05
1.5064964e-05
1.5190377e-05
1.6588832e-05
1.7019126e-05
0.00033018217
0.00040161001
0.0025849306
0.0073667685
0.011907151
0.011699055
0.0076667877
0.00097381289
1.436213e-05
1.4258032e-05
1.4163369e-05
1.4090932e-05
1.4051063e-05
1.4014227e-05
1.3982919e-05
1.3953989e-05
1.3927751e-05
1.3923648e-05
1.3900665e-05
1.3894359e-05
1.3874245e-05
1.3871485e-05
1.386849e-05
1.385218e-05
1.3848964e-05
1.384816e-05
1.3845394e-05
1.3832026e-05
1.3829028e-05
1.382797e-05
1.3826833e-05
1.3824714e-05
1.3822233e-05
1.3820368e-05
1.3807802e-05
1.380636e-05
1.3804838e-05
1.3803411e-05
1.3802282e-05
1.3801559e-05
1.3801227e-05
1.3801191e-05
1.3801343e-05
1.3801594e-05
1.3801885e-05
1.3802183e-05
1.3802466e-05
1.3802726e-05
1.3802958e-05
1.380316e-05
1.3803334e-05
1.380348e-05
1.3803599e-05
1.3803693e-05
1.3803764e-05
1.3803812e-05
1.3803838e-05
1.3803845e-05
1.3803832e-05
1.38038e-05
1.3803751e-05
1.3803684e-05
1.3803601e-05
1.3803501e-05
1.3803385e-05
1.3803253e-05
1.3803106e-05
1.3802943e-05
1.3802764e-05
1.3921289e-05
1.3921882e-05
1.3922448e-05
1.3922988e-05
1.3923502e-05
1.3923992e-05
1.3924457e-05
1.3924897e-05
1.3925312e-05
1.3925703e-05
1.3926068e-05
1.3926408e-05
1.3926722e-05
1.392701e-05
1.3927271e-05
1.3927504e-05
1.3927708e-05
1.3927881e-05
1.3928022e-05
1.392813e-05
1.3928203e-05
1.3928238e-05
1.3928235e-05
1.3928194e-05
1.3928117e-05
1.392801e-05
1.392789e-05
1.3927787e-05
1.3927752e-05
1.392785e-05
1.3928137e-05
1.3928603e-05
1.3929139e-05
1.3929594e-05
1.3929988e-05
1.3930986e-05
1.3984233e-05
1.3993011e-05
1.3994036e-05
1.3978321e-05
1.3985351e-05
1.4038131e-05
1.4249511e-05
1.4280274e-05
1.4264587e-05
1.4391489e-05
1.4975011e-05
1.5031414e-05
1.5153868e-05
1.657951e-05
1.7018919e-05
0.00029956245
0.00038778877
0.0024768405
0.0072503314
0.0074975637
0.011710662
0.0076669278
0.00096506244
1.4360832e-05
1.4257984e-05
1.4163296e-05
1.4090639e-05
1.405063e-05
1.3983173e-05
1.398225e-05
1.395303e-05
1.3927535e-05
1.3922085e-05
1.390137e-05
1.3894479e-05
1.3873656e-05
1.3871074e-05
1.3868672e-05
1.3852306e-05
1.3848721e-05
1.3848168e-05
1.3845312e-05
1.3831846e-05
1.3828524e-05
1.38277e-05
1.3826628e-05
1.3824212e-05
1.3821216e-05
1.380896e-05
1.3807582e-05
1.3806078e-05
1.3804384e-05
1.3802776e-05
1.3801529e-05
1.3800784e-05
1.3800508e-05
1.3800567e-05
1.380082e-05
1.3801162e-05
1.380153e-05
1.3801887e-05
1.3802219e-05
1.3802517e-05
1.380278e-05
1.3803008e-05
1.3803202e-05
1.3803364e-05
1.3803497e-05
1.3803603e-05
1.3803683e-05
1.3803739e-05
1.3803773e-05
1.3803786e-05
1.3803778e-05
1.3803752e-05
1.3803707e-05
1.3803644e-05
1.3803563e-05
1.3803467e-05
1.3803353e-05
1.3803224e-05
1.3803078e-05
1.3802917e-05
1.380274e-05
1.3921278e-05
1.392187e-05
1.3922435e-05
1.3922974e-05
1.3923488e-05
1.3923976e-05
1.392444e-05
1.3924878e-05
1.3925292e-05
1.392568e-05
1.3926043e-05
1.392638e-05
1.3926692e-05
1.3926976e-05
1.3927232e-05
1.392746e-05
1.3927658e-05
1.3927824e-05
1.3927956e-05
1.3928053e-05
1.3928112e-05
1.392813e-05
1.3928106e-05
1.3928037e-05
1.3927923e-05
1.392777e-05
1.3927592e-05
1.3927419e-05
1.3927312e-05
1.3927357e-05
1.3927635e-05
1.3928138e-05
1.3928714e-05
1.392911e-05
1.3929217e-05
1.3929957e-05
1.3932704e-05
1.3990718e-05
1.3992952e-05
1.3977107e-05
1.3984644e-05
1.4037218e-05
1.4092725e-05
1.4285238e-05
1.4296444e-05
1.4400896e-05
1.4559835e-05
1.5020537e-05
1.5151333e-05
1.6608021e-05
1.7000593e-05
0.00026534769
0.00037298424
0.002340227
0.0071045264
0.0074095943
0.01189919
0.0076692218
0.00095618379
1.4359459e-05
1.4257904e-05
1.4163191e-05
1.4090301e-05
1.4013713e-05
1.3982588e-05
1.3981452e-05
1.3951846e-05
1.3927556e-05
1.3920294e-05
1.3902248e-05
1.389518e-05
1.387366e-05
1.3870974e-05
1.3857826e-05
1.3852592e-05
1.3849373e-05
1.3848197e-05
1.3836045e-05
1.383176e-05
1.3828469e-05
1.3827628e-05
1.3826429e-05
1.3823709e-05
1.3810523e-05
1.3808647e-05
1.3807396e-05
1.38058e-05
1.3803883e-05
1.3802049e-05
1.3800663e-05
1.3799904e-05
1.3799713e-05
1.3799897e-05
1.3800274e-05
1.3800721e-05
1.3801172e-05
1.3801595e-05
1.3801977e-05
1.3802314e-05
1.3802608e-05
1.380286e-05
1.3803074e-05
1.3803253e-05
1.3803399e-05
1.3803516e-05
1.3803606e-05
1.380367e-05
1.3803711e-05
1.380373e-05
1.3803727e-05
1.3803705e-05
1.3803664e-05
1.3803605e-05
1.3803528e-05
1.3803434e-05
1.3803323e-05
1.3803195e-05
1.3803052e-05
1.3802892e-05
1.3802717e-05
1.3921268e-05
1.3921859e-05
1.3922423e-05
1.3922962e-05
1.3923474e-05
1.3923961e-05
1.3924423e-05
1.392486e-05
1.3925272e-05
1.3925658e-05
1.3926019e-05
1.3926354e-05
1.3926662e-05
1.3926943e-05
1.3927195e-05
1.3927418e-05
1.392761e-05
1.3927769e-05
1.3927893e-05
1.3927979e-05
1.3928025e-05
1.3928027e-05
1.3927981e-05
1.3927884e-05
1.3927733e-05
1.392753e-05
1.3927287e-05
1.3927033e-05
1.3926837e-05
1.3926811e-05
1.3927076e-05
1.3927639e-05
1.3928292e-05
1.3928659e-05
1.3928396e-05
1.3928719e-05
1.3931923e-05
1.3936324e-05
1.3993573e-05
1.3985228e-05
1.3994803e-05
1.403843e-05
1.4088764e-05
1.4293367e-05
1.4322808e-05
1.441234e-05
1.4556901e-05
1.5064628e-05
1.5213446e-05
1.5677493e-05
1.6941124e-05
1.7431987e-05
0.0003561153
0.0021658367
0.0027224295
0.0073040817
0.011868863
0.007674413
0.00094721983
1.4358011e-05
1.4257791e-05
1.4163054e-05
1.4089909e-05
1.4013092e-05
1.3981917e-05
1.3954901e-05
1.3950361e-05
1.3927944e-05
1.3906522e-05
1.3903132e-05
1.3883924e-05
1.3874837e-05
1.387172e-05
1.3857747e-05
1.3852923e-05
1.3849933e-05
1.3848265e-05
1.3835694e-05
1.3831766e-05
1.3828839e-05
1.3827721e-05
1.3826228e-05
1.3813191e-05
1.3810138e-05
1.3808337e-05
1.3807266e-05
1.3805519e-05
1.3803319e-05
1.3801207e-05
1.3799657e-05
1.3798902e-05
1.3798836e-05
1.3799183e-05
1.3799709e-05
1.3800275e-05
1.3800816e-05
1.3801308e-05
1.3801741e-05
1.3802118e-05
1.3802443e-05
1.3802719e-05
1.3802952e-05
1.3803147e-05
1.3803306e-05
1.3803434e-05
1.3803533e-05
1.3803605e-05
1.3803652e-05
1.3803677e-05
1.3803679e-05
1.3803661e-05
1.3803624e-05
1.3803568e-05
1.3803494e-05
1.3803402e-05
1.3803294e-05
1.3803169e-05
1.3803027e-05
1.380287e-05
1.3802696e-05
1.392126e-05
1.3921849e-05
1.3922413e-05
1.392295e-05
1.3923461e-05
1.3923947e-05
1.3924408e-05
1.3924843e-05
1.3925253e-05
1.3925638e-05
1.3925996e-05
1.3926328e-05
1.3926634e-05
1.3926911e-05
1.392716e-05
1.3927378e-05
1.3927564e-05
1.3927717e-05
1.3927833e-05
1.3927909e-05
1.3927943e-05
1.3927928e-05
1.3927861e-05
1.3927736e-05
1.3927548e-05
1.3927294e-05
1.3926979e-05
1.3926631e-05
1.3926323e-05
1.39262e-05
1.3926445e-05
1.3927096e-05
1.3927877e-05
1.3928279e-05
1.3927637e-05
1.39273e-05
1.3931263e-05
1.393578e-05
1.3940531e-05
1.3994222e-05
1.4005603e-05
1.4040738e-05
1.4084282e-05
1.412692e-05
1.4341496e-05
1.4421562e-05
1.4545735e-05
1.5120944e-05
1.5291117e-05
1.5725992e-05
1.6894657e-05
1.7500392e-05
0.00033273629
0.0019444093
0.0026930388
0.00717794
0.01183287
0.007683517
0.00093822581
1.4356483e-05
1.4257644e-05
1.416288e-05
1.4089456e-05
1.4012374e-05
1.3981147e-05
1.3954809e-05
1.3948487e-05
1.3928754e-05
1.3907259e-05
1.3903648e-05
1.3884899e-05
1.3876316e-05
1.3872707e-05
1.3857403e-05
1.3853187e-05
1.385035e-05
1.3838838e-05
1.3835283e-05
1.3831811e-05
1.3829211e-05
1.3827808e-05
1.3816522e-05
1.3812751e-05
1.3809784e-05
1.3808075e-05
1.3807198e-05
1.3805209e-05
1.3802671e-05
1.3800224e-05
1.3798478e-05
1.3797754e-05
1.3797871e-05
1.379843e-05
1.3799132e-05
1.3799831e-05
1.3800469e-05
1.380103e-05
1.3801516e-05
1.3801932e-05
1.3802286e-05
1.3802586e-05
1.3802838e-05
1.3803047e-05
1.3803219e-05
1.3803357e-05
1.3803464e-05
1.3803543e-05
1.3803597e-05
1.3803626e-05
1.3803634e-05
1.380362e-05
1.3803586e-05
1.3803533e-05
1.3803462e-05
1.3803373e-05
1.3803267e-05
1.3803144e-05
1.3803004e-05
1.3802848e-05
1.3802676e-05
1.388148e-05
1.388176e-05
1.3882005e-05
1.3882215e-05
1.3882391e-05
1.3882533e-05
1.388264e-05
1.3882713e-05
1.3882751e-05
1.3882757e-05
1.388273e-05
1.3882672e-05
1.3882587e-05
1.3882477e-05
1.388235e-05
1.3882214e-05
1.3882084e-05
1.3881978e-05
1.3881925e-05
1.3881966e-05
1.3882156e-05
1.388257e-05
1.3883301e-05
1.3884456e-05
1.3886139e-05
1.3888423e-05
1.3926674e-05
1.3926218e-05
1.392577e-05
1.3925511e-05
1.3925722e-05
1.3926497e-05
1.3927468e-05
1.3927997e-05
1.3927225e-05
1.3926324e-05
1.3930895e-05
1.393529e-05
1.3939615e-05
1.4001558e-05
1.4014133e-05
1.4043128e-05
1.4079921e-05
1.411469e-05
1.4354433e-05
1.442704e-05
1.4530768e-05
1.5169649e-05
1.5352239e-05
1.5736969e-05
1.7044441e-05
1.7681029e-05
0.000295066
0.00043711064
0.0026841394
0.0070303855
0.011789646
0.0076979221
0.00092927885
1.4354874e-05
1.4257461e-05
1.4162666e-05
1.4088929e-05
1.4011536e-05
1.3980274e-05
1.3955077e-05
1.3934063e-05
1.3929823e-05
1.3908463e-05
1.390391e-05
1.3885155e-05
1.3877507e-05
1.3873618e-05
1.3856945e-05
1.3853346e-05
1.3850661e-05
1.3837811e-05
1.3834869e-05
1.3831844e-05
1.3829476e-05
1.3827861e-05
1.3815669e-05
1.3812302e-05
1.3809512e-05
1.3807931e-05
1.3807107e-05
1.3804826e-05
1.3801917e-05
1.379907e-05
1.3797086e-05
1.3796437e-05
1.3796819e-05
1.3797646e-05
1.3798554e-05
1.3784221e-05
1.3783997e-05
1.3783837e-05
1.3783736e-05
1.3783681e-05
1.3783661e-05
1.3783663e-05
1.3783675e-05
1.3783691e-05
1.3783705e-05
1.3783712e-05
1.378371e-05
1.3783697e-05
1.3783673e-05
1.3783636e-05
1.3783586e-05
1.3783524e-05
1.3783449e-05
1.378336e-05
1.3783259e-05
1.3783145e-05
1.3783018e-05
1.3782878e-05
1.3782726e-05
1.3782561e-05
1.3782383e-05
1.3881353e-05
1.3881623e-05
1.3881857e-05
1.3882055e-05
1.3882216e-05
1.3882341e-05
1.388243e-05
1.3882482e-05
1.3882496e-05
1.3882474e-05
1.3882416e-05
1.3882322e-05
1.3882195e-05
1.3882037e-05
1.3881853e-05
1.3881653e-05
1.3881447e-05
1.3881255e-05
1.3881106e-05
1.3881039e-05
1.3881117e-05
1.3881421e-05
1.3882061e-05
1.3883169e-05
1.3884882e-05
1.3887304e-05
1.3890452e-05
1.3894193e-05
1.3898181e-05
1.3901822e-05
1.3924881e-05
1.3925828e-05
1.3927059e-05
1.3927816e-05
1.3927381e-05
1.3927158e-05
1.3930876e-05
1.3934903e-05
1.3938762e-05
1.3941768e-05
1.4020457e-05
1.4045076e-05
1.4075981e-05
1.4104645e-05
1.4120891e-05
1.4429072e-05
1.4515162e-05
1.4592855e-05
1.5391942e-05
1.5716931e-05
1.7222956e-05
1.7895508e-05
0.00025325066
0.00042197542
0.0026938737
0.0068697856
0.011737131
0.0077195998
0.0009204878
1.4353181e-05
1.4257239e-05
1.4162408e-05
1.4088312e-05
1.4010544e-05
1.3979332e-05
1.3955859e-05
1.3934645e-05
1.3930758e-05
1.3909808e-05
1.3904451e-05
1.3884832e-05
1.3878317e-05
1.3859199e-05
1.3856478e-05
1.3853416e-05
1.3838429e-05
1.3836966e-05
1.3834486e-05
1.3831846e-05
1.3829648e-05
1.3817334e-05
1.3814843e-05
1.3811875e-05
1.3809323e-05
1.3807863e-05
1.3806834e-05
1.3804331e-05
1.3801047e-05
1.3797722e-05
1.3795434e-05
1.3785127e-05
1.3784686e-05
1.3784392e-05
1.3784114e-05
1.3783859e-05
1.3783655e-05
1.3783517e-05
1.3783442e-05
1.3783417e-05
1.3783426e-05
1.3783454e-05
1.3783492e-05
1.378353e-05
1.3783562e-05
1.3783586e-05
1.3783599e-05
1.3783598e-05
1.3783585e-05
1.3783557e-05
1.3783516e-05
1.378346e-05
1.3783391e-05
1.3783308e-05
1.3783211e-05
1.3783101e-05
1.3782978e-05
1.3782841e-05
1.3782692e-05
1.3782529e-05
1.3782353e-05
1.3881229e-05
1.3881489e-05
1.3881712e-05
1.3881897e-05
1.3882044e-05
1.3882153e-05
1.3882223e-05
1.3882254e-05
1.3882244e-05
1.3882195e-05
1.3882104e-05
1.3881974e-05
1.3881803e-05
1.3881595e-05
1.3881353e-05
1.3881084e-05
1.3880797e-05
1.3880512e-05
1.3880254e-05
1.3880065e-05
1.3880008e-05
1.3880176e-05
1.3880694e-05
1.3881725e-05
1.3883445e-05
1.3886002e-05
1.3889447e-05
1.3893655e-05
1.3898243e-05
1.390244e-05
1.3905196e-05
1.3906706e-05
1.3926647e-05
1.3927705e-05
1.3927815e-05
1.3928246e-05
1.3931091e-05
1.3934625e-05
1.393803e-05
1.3940663e-05
1.4025079e-05
1.404646e-05
1.4072538e-05
1.4096499e-05
1.411098e-05
1.44286e-05
1.4500423e-05
1.4562481e-05
1.5413805e-05
1.5681798e-05
1.7367829e-05
1.804803e-05
0.00028318956
0.00049412429
0.0026751507
0.0067342019
0.011672774
0.0077514248
0.0009120026
1.4351401e-05
1.4256977e-05
1.41621e-05
1.4087582e-05
1.400936e-05
1.3978464e-05
1.3957128e-05
1.3935971e-05
1.393147e-05
1.3910752e-05
1.3905098e-05
1.3884235e-05
1.3878811e-05
1.3858299e-05
1.3856054e-05
1.3853426e-05
1.3837628e-05
1.3836281e-05
1.3834146e-05
1.3831819e-05
1.3829757e-05
1.3816252e-05
1.3814095e-05
1.3811483e-05
1.3809166e-05
1.3807696e-05
1.3806376e-05
1.380372e-05
1.3800074e-05
1.3787379e-05
1.3785165e-05
1.3784332e-05
1.378412e-05
1.3783948e-05
1.3783717e-05
1.3783481e-05
1.3783294e-05
1.3783179e-05
1.3783134e-05
1.3783141e-05
1.3783182e-05
1.3783241e-05
1.3783306e-05
1.3783367e-05
1.378342e-05
1.3783461e-05
1.3783488e-05
1.3783501e-05
1.3783498e-05
1.3783479e-05
1.3783446e-05
1.3783397e-05
1.3783334e-05
1.3783256e-05
1.3783164e-05
1.3783058e-05
1.3782938e-05
1.3782805e-05
1.3782658e-05
1.3782498e-05
1.3782324e-05
1.3881109e-05
1.3881359e-05
1.388157e-05
1.3881743e-05
1.3881876e-05
1.3881969e-05
1.388202e-05
1.388203e-05
1.3881997e-05
1.3881919e-05
1.3881797e-05
1.3881628e-05
1.3881414e-05
1.3881155e-05
1.3880852e-05
1.388051e-05
1.3880138e-05
1.3879751e-05
1.3879373e-05
1.3879044e-05
1.3878831e-05
1.3878831e-05
1.387919e-05
1.3880104e-05
1.3881797e-05
1.3884478e-05
1.3888242e-05
1.3892984e-05
1.389832e-05
1.3903337e-05
1.3906247e-05
1.3906993e-05
1.3908327e-05
1.3927627e-05
1.3928232e-05
1.3929061e-05
1.3931388e-05
1.3934439e-05
1.393743e-05
1.3939777e-05
1.3941065e-05
1.4047346e-05
1.4069569e-05
1.4089892e-05
1.4102916e-05
1.4426511e-05
1.4487099e-05
1.4538077e-05
1.5422937e-05
1.5642807e-05
1.5839703e-05
1.8114006e-05
0.00037847698
0.00064011554
0.0024778948
0.0067365096
0.011594766
0.011796416
0.0032818634
1.4349531e-05
1.4256671e-05
1.4126701e-05
1.4046544e-05
1.4007941e-05
1.3978087e-05
1.3958458e-05
1.393812e-05
1.3932425e-05
1.3911132e-05
1.3887572e-05
1.3883586e-05
1.3879085e-05
1.3857606e-05
1.3855693e-05
1.3853408e-05
1.3836986e-05
1.3835728e-05
1.3833853e-05
1.3831775e-05
1.3816376e-05
1.3815354e-05
1.381344e-05
1.3811122e-05
1.3808997e-05
1.3807444e-05
1.3805838e-05
1.3803036e-05
1.3790004e-05
1.3786353e-05
1.3784015e-05
1.3783466e-05
1.3783556e-05
1.3783509e-05
1.3783313e-05
1.3783086e-05
1.3782913e-05
1.3782823e-05
1.378281e-05
1.3782854e-05
1.3782932e-05
1.3783024e-05
1.3783117e-05
1.3783203e-05
1.3783277e-05
1.3783336e-05
1.3783379e-05
1.3783404e-05
1.3783412e-05
1.3783403e-05
1.3783378e-05
1.3783336e-05
1.3783279e-05
1.3783206e-05
1.3783118e-05
1.3783016e-05
1.37829e-05
1.378277e-05
1.3782625e-05
1.3782468e-05
1.3782296e-05
1.3880992e-05
1.3881232e-05
1.3881432e-05
1.3881593e-05
1.3881712e-05
1.3881789e-05
1.3881822e-05
1.3881811e-05
1.3881754e-05
1.3881649e-05
1.3881494e-05
1.3881288e-05
1.388103e-05
1.3880717e-05
1.3880352e-05
1.3879935e-05
1.3879473e-05
1.3878976e-05
1.3878467e-05
1.3877983e-05
1.3877587e-05
1.3877385e-05
1.3877539e-05
1.3878282e-05
1.3879903e-05
1.3882683e-05
1.3886778e-05
1.3892111e-05
1.389833e-05
1.390454e-05
1.3907837e-05
1.3907359e-05
1.3907892e-05
1.3910166e-05
1.3928557e-05
1.3929641e-05
1.3931672e-05
1.3934317e-05
1.3936951e-05
1.393907e-05
1.3940365e-05
1.3940934e-05
1.4067022e-05
1.4084503e-05
1.4096293e-05
1.41011e-05
1.4475263e-05
1.4518143e-05
1.4538996e-05
1.5605246e-05
1.5758715e-05
1.8114758e-05
1.8876452e-05
0.00076023122
0.0021109335
0.0070709497
0.011508205
0.01185097
0.0032818183
1.4347569e-05
1.4256319e-05
1.4126123e-05
1.404541e-05
1.400631e-05
1.3978866e-05
1.3959024e-05
1.3939896e-05
1.3917082e-05
1.3911092e-05
1.3886162e-05
1.3882986e-05
1.3858034e-05
1.3857073e-05
1.3855398e-05
1.3837086e-05
1.3836471e-05
1.3835285e-05
1.3833605e-05
1.3816022e-05
1.3815644e-05
1.3814607e-05
1.3812872e-05
1.3810786e-05
1.3808802e-05
1.3807147e-05
1.3805296e-05
1.379314e-05
1.3789107e-05
1.378531e-05
1.3782691e-05
1.3782562e-05
1.3783023e-05
1.3783085e-05
1.3782902e-05
1.3782672e-05
1.3782508e-05
1.3782445e-05
1.3782471e-05
1.3782557e-05
1.3782675e-05
1.3782803e-05
1.3782928e-05
1.378304e-05
1.3783136e-05
1.3783213e-05
1.3783271e-05
1.3783309e-05
1.3783328e-05
1.3783328e-05
1.3783311e-05
1.3783276e-05
1.3783224e-05
1.3783157e-05
1.3783074e-05
1.3782976e-05
1.3782863e-05
1.3782735e-05
1.3782594e-05
1.3782438e-05
1.3782269e-05
1.3880879e-05
1.3881109e-05
1.3881299e-05
1.3881447e-05
1.3881553e-05
1.3881614e-05
1.388163e-05
1.3881598e-05
1.3881517e-05
1.3881385e-05
1.3881198e-05
1.3880955e-05
1.3880652e-05
1.3880287e-05
1.3879857e-05
1.3879363e-05
1.3878807e-05
1.3878195e-05
1.3877544e-05
1.3876886e-05
1.3876281e-05
1.3875837e-05
1.3875731e-05
1.3876237e-05
1.3877721e-05
1.3880562e-05
1.3884988e-05
1.3890943e-05
1.3898115e-05
1.390591e-05
1.3910177e-05
1.3907689e-05
1.3907388e-05
1.390913e-05
1.3911423e-05
1.3930057e-05
1.3931911e-05
1.3934238e-05
1.3936576e-05
1.3938509e-05
1.3939795e-05
1.3940492e-05
1.4064837e-05
1.4080075e-05
1.4090809e-05
1.4095974e-05
1.4464824e-05
1.4501605e-05
1.4521212e-05
1.5571058e-05
1.5694793e-05
1.8079548e-05
1.8635994e-05
0.0008171247
0.0029348199
0.0077668899
0.01145554
0.011922403
0.0032877598
1.4345511e-05
1.4255916e-05
1.4125434e-05
1.4044097e-05
1.400481e-05
1.3980752e-05
1.3960254e-05
1.3940686e-05
1.3915343e-05
1.3910841e-05
1.3885097e-05
1.3882472e-05
1.3857607e-05
1.3856664e-05
1.3855166e-05
1.3836727e-05
1.3836058e-05
1.383493e-05
1.3833401e-05
1.3815531e-05
1.3815026e-05
1.3813983e-05
1.3812382e-05
1.3810473e-05
1.3808586e-05
1.3806838e-05
1.3795193e-05
1.3792085e-05
1.3788295e-05
1.3784385e-05
1.3781179e-05
1.3781703e-05
1.3782561e-05
1.3782686e-05
1.3782484e-05
1.3782233e-05
1.3782074e-05
1.3782042e-05
1.3782114e-05
1.3782249e-05
1.3782413e-05
1.3782581e-05
1.3782739e-05
1.3782878e-05
1.3782997e-05
1.3783093e-05
1.3783166e-05
1.3783217e-05
1.3783246e-05
1.3783256e-05
1.3783246e-05
1.3783218e-05
1.3783172e-05
1.3783109e-05
1.378303e-05
1.3782936e-05
1.3782826e-05
1.3782702e-05
1.3782563e-05
1.378241e-05
1.3782242e-05
1.388077e-05
1.3880991e-05
1.388117e-05
1.3881307e-05
1.3881399e-05
1.3881445e-05
1.3881443e-05
1.3881392e-05
1.3881288e-05
1.3881129e-05
1.3880911e-05
1.388063e-05
1.3880283e-05
1.3879865e-05
1.3879371e-05
1.3878799e-05
1.3878145e-05
1.3877413e-05
1.3876611e-05
1.3875763e-05
1.3874923e-05
1.3874193e-05
1.3873762e-05
1.3873948e-05
1.387521e-05
1.3878054e-05
1.3882799e-05
1.3889377e-05
1.3897447e-05
1.390681e-05
1.3913184e-05
1.3907708e-05
1.390678e-05
1.3908111e-05
1.3910033e-05
1.3911256e-05
1.3932104e-05
1.3934188e-05
1.3936287e-05
1.3938066e-05
1.3939335e-05
1.3940123e-05
1.4062967e-05
1.4076409e-05
1.4086236e-05
1.4091556e-05
1.4455633e-05
1.4487693e-05
1.4506061e-05
1.5540608e-05
1.5643112e-05
1.8028889e-05
1.8450937e-05
0.00082620759
0.0035842235
0.0084269082
0.011605722
0.012007605
0.0033025719
1.4343355e-05
1.4255457e-05
1.4124598e-05
1.4042686e-05
1.4004806e-05
1.3982451e-05
1.3961829e-05
1.394071e-05
1.3914054e-05
1.3910526e-05
1.3884284e-05
1.3882051e-05
1.3857277e-05
1.3856355e-05
1.3854991e-05
1.3836436e-05
1.383573e-05
1.383465e-05
1.3833239e-05
1.3815104e-05
1.3814504e-05
1.3813459e-05
1.3811959e-05
1.3810183e-05
1.3808363e-05
1.3795513e-05
1.3793964e-05
1.3791157e-05
1.3787635e-05
1.3783759e-05
1.3779616e-05
1.3781096e-05
1.3782206e-05
1.3782312e-05
1.3782051e-05
1.3781761e-05
1.3781605e-05
1.3781612e-05
1.378174e-05
1.3781933e-05
1.3782148e-05
1.3782358e-05
1.3782551e-05
1.3782719e-05
1.3782861e-05
1.3782975e-05
1.3783064e-05
1.3783127e-05
1.3783167e-05
1.3783186e-05
1.3783183e-05
1.3783161e-05
1.3783121e-05
1.3783063e-05
1.3782989e-05
1.3782898e-05
1.3782791e-05
1.378267e-05
1.3782533e-05
1.3782382e-05
1.3782217e-05
1.3880665e-05
1.3880877e-05
1.3881047e-05
1.3881171e-05
1.3881251e-05
1.3881282e-05
1.3881264e-05
1.3881193e-05
1.3881067e-05
1.3880881e-05
1.3880632e-05
1.3880316e-05
1.3879925e-05
1.3879455e-05
1.3878898e-05
1.3878246e-05
1.3877495e-05
1.3876638e-05
1.3875677e-05
1.3874626e-05
1.3873524e-05
1.3872463e-05
1.3871634e-05
1.3871397e-05
1.3872322e-05
1.3875091e-05
1.3880138e-05
1.3887322e-05
1.3896107e-05
1.3906095e-05
1.3912366e-05
1.3907115e-05
1.3906028e-05
1.3907108e-05
1.3908788e-05
1.3910005e-05
1.391044e-05
1.393416e-05
1.3936066e-05
1.3937721e-05
1.3938968e-05
1.393982e-05
1.3940402e-05
1.4073356e-05
1.4082396e-05
1.4087746e-05
1.4447536e-05
1.447585e-05
1.4493036e-05
1.5513698e-05
1.560046e-05
1.7973956e-05
1.8305376e-05
0.00081264588
0.0039840212
0.008713774
0.012205162
0.012075752
0.0033309596
1.4341097e-05
1.4254936e-05
1.4123562e-05
1.4041652e-05
1.4007697e-05
1.3984093e-05
1.3963029e-05
1.3940402e-05
1.3913096e-05
1.3910227e-05
1.3883661e-05
1.3881715e-05
1.385703e-05
1.3856127e-05
1.3854868e-05
1.3836203e-05
1.3835472e-05
1.3834431e-05
1.3815145e-05
1.3814735e-05
1.3814064e-05
1.3813018e-05
1.3811594e-05
1.3809919e-05
1.3794996e-05
1.3794468e-05
1.3792937e-05
1.379038e-05
1.3787155e-05
1.3783552e-05
1.377981e-05
1.3780996e-05
1.3781967e-05
1.3781957e-05
1.3781593e-05
1.3781246e-05
1.3781094e-05
1.3781151e-05
1.3781348e-05
1.3781608e-05
1.3781881e-05
1.3782138e-05
1.3782367e-05
1.3782565e-05
1.3782729e-05
1.3782862e-05
1.3782965e-05
1.3783041e-05
1.3783091e-05
1.3783118e-05
1.3783123e-05
1.3783107e-05
1.3783072e-05
1.3783019e-05
1.3782948e-05
1.3782861e-05
1.3782758e-05
1.3782639e-05
1.3782505e-05
1.3782356e-05
1.3782192e-05
1.3880565e-05
1.3880769e-05
1.3880928e-05
1.3881042e-05
1.3881109e-05
1.3881126e-05
1.3881092e-05
1.3881002e-05
1.3880854e-05
1.3880644e-05
1.3880366e-05
1.3880014e-05
1.3879581e-05
1.387906e-05
1.387844e-05
1.3877711e-05
1.3876862e-05
1.3875879e-05
1.3874756e-05
1.387349e-05
1.3872102e-05
1.3870665e-05
1.3869357e-05
1.3868569e-05
1.3869008e-05
1.38716e-05
1.3876941e-05
1.3884727e-05
1.3894015e-05
1.3903606e-05
1.3908443e-05
1.3905867e-05
1.3905114e-05
1.3906113e-05
1.3907657e-05
1.3908893e-05
1.3909539e-05
1.3909803e-05
1.3935903e-05
1.3937455e-05
1.393868e-05
1.3939578e-05
1.394024e-05
1.4070798e-05
1.4079156e-05
1.4084455e-05
1.4086993e-05
1.4465665e-05
1.4481747e-05
1.5489936e-05
1.5564632e-05
1.7920098e-05
1.8187991e-05
0.00079156633
0.0041804465
0.0058903463
0.012976285
0.012027306
0.0033805806
1.4338735e-05
1.4254341e-05
1.4122235e-05
1.4042478e-05
1.4011018e-05
1.3970433e-05
1.3963724e-05
1.3940028e-05
1.3912385e-05
1.3909977e-05
1.3883185e-05
1.3881459e-05
1.3856851e-05
1.3855967e-05
1.3836555e-05
1.3836022e-05
1.3835274e-05
1.3834266e-05
1.3814913e-05
1.381442e-05
1.3813693e-05
1.3812648e-05
1.3811282e-05
1.3794424e-05
1.3794268e-05
1.3793588e-05
1.3792087e-05
1.3789749e-05
1.3786841e-05
1.3783682e-05
1.3781043e-05
1.3781298e-05
1.3781818e-05
1.3781607e-05
1.3781097e-05
1.3780672e-05
1.3780529e-05
1.3780656e-05
1.378094e-05
1.3781279e-05
1.3781615e-05
1.3781921e-05
1.3782189e-05
1.3782415e-05
1.3782602e-05
1.3782753e-05
1.3782871e-05
1.3782959e-05
1.3783019e-05
1.3783054e-05
1.3783065e-05
1.3783055e-05
1.3783026e-05
1.3782977e-05
1.378291e-05
1.3782826e-05
1.3782725e-05
1.3782609e-05
1.3782478e-05
1.3782331e-05
1.3782169e-05
1.388047e-05
1.3880665e-05
1.3880815e-05
1.3880919e-05
1.3880974e-05
1.3880977e-05
1.3880928e-05
1.3880821e-05
1.3880652e-05
1.3880418e-05
1.3880112e-05
1.3879727e-05
1.3879254e-05
1.3878684e-05
1.3878004e-05
1.3877199e-05
1.3876253e-05
1.3875147e-05
1.3873859e-05
1.3872371e-05
1.3870681e-05
1.3868827e-05
1.3866956e-05
1.3865467e-05
1.3865221e-05
1.3867503e-05
1.3873158e-05
1.3881596e-05
1.3891275e-05
1.3900281e-05
1.3904753e-05
1.3904187e-05
1.3904052e-05
1.3905118e-05
1.3906616e-05
1.3907895e-05
1.3908717e-05
1.390921e-05
1.3909605e-05
1.3937255e-05
1.3938458e-05
1.3939391e-05
1.3940118e-05
1.3940727e-05
1.4076411e-05
1.4081611e-05
1.4084424e-05
1.4456825e-05
1.4471887e-05
1.4478621e-05
1.5534088e-05
1.5569019e-05
1.80912e-05
0.00076948608
0.0008839482
0.0054066553
0.012956241
0.011838993
0.0034635757
1.4336268e-05
1.425366e-05
1.412048e-05
1.4046328e-05
1.4013793e-05
1.3968773e-05
1.3942256e-05
1.3939703e-05
1.391186e-05
1.388384e-05
1.3882826e-05
1.3857356e-05
1.3856731e-05
1.3855864e-05
1.3836462e-05
1.3835887e-05
1.3835127e-05
1.3815153e-05
1.3814716e-05
1.3814154e-05
1.3813383e-05
1.3812339e-05
1.379403e-05
1.3793944e-05
1.379363e-05
1.3792848e-05
1.3791387e-05
1.3789247e-05
1.3786652e-05
1.3783959e-05
1.3781956e-05
1.3781679e-05
1.3781709e-05
1.3781241e-05
1.3780545e-05
1.3780022e-05
1.3779901e-05
1.3780126e-05
1.3780519e-05
1.3780949e-05
1.3781355e-05
1.3781712e-05
1.3782018e-05
1.3782273e-05
1.3782483e-05
1.3782651e-05
1.3782782e-05
1.3782881e-05
1.378295e-05
1.3782993e-05
1.3783011e-05
1.3783006e-05
1.3782981e-05
1.3782936e-05
1.3782873e-05
1.3782792e-05
1.3782695e-05
1.3782581e-05
1.3782452e-05
1.3782307e-05
1.3782147e-05
1.3855814e-05
1.3856405e-05
1.3856971e-05
1.3857509e-05
1.3858019e-05
1.38585e-05
1.3858949e-05
1.3859363e-05
1.3859739e-05
1.3860071e-05
1.3860354e-05
1.3860578e-05
1.3860733e-05
1.3860805e-05
1.3860776e-05
1.3860623e-05
1.3860318e-05
1.3859829e-05
1.3859117e-05
1.3858142e-05
1.3856869e-05
1.3855288e-05
1.3853467e-05
1.38517e-05
1.3860917e-05
1.3862712e-05
1.3868765e-05
1.3878001e-05
1.3888103e-05
1.3896785e-05
1.3901434e-05
1.3902321e-05
1.3902885e-05
1.3904124e-05
1.3905647e-05
1.3906991e-05
1.3907969e-05
1.390866e-05
1.3909245e-05
1.3937111e-05
1.3938294e-05
1.3939252e-05
1.3940033e-05
1.3940706e-05
1.4074077e-05
1.407915e-05
1.4082151e-05
1.4449095e-05
1.4463218e-05
1.4470236e-05
1.5507712e-05
1.5540436e-05
1.8009821e-05
0.00074875915
0.00083778085
0.0050645673
0.011134722
0.012142025
0.0035896261
1.4333695e-05
1.4252867e-05
1.4118188e-05
1.4048398e-05
1.3996814e-05
1.3967696e-05
1.3941553e-05
1.393946e-05
1.3911482e-05
1.3883545e-05
1.3882562e-05
1.385731e-05
1.3856661e-05
1.3855811e-05
1.3836402e-05
1.3835794e-05
1.3835024e-05
1.3815053e-05
1.3814552e-05
1.3813932e-05
1.3813126e-05
1.3812082e-05
1.3793718e-05
1.3793511e-05
1.3793075e-05
1.3792225e-05
1.3790812e-05
1.3788851e-05
1.3786542e-05
1.3784243e-05
1.3782578e-05
1.3781978e-05
1.3781594e-05
1.3780845e-05
1.3779921e-05
1.3779275e-05
1.3779199e-05
1.3773291e-05
1.3773217e-05
1.3773146e-05
1.3773075e-05
1.3773008e-05
1.3772954e-05
1.3772916e-05
1.3772893e-05
1.3772886e-05
1.377289e-05
1.3772902e-05
1.377292e-05
1.3772939e-05
1.3772959e-05
1.3772977e-05
1.377299e-05
1.3773e-05
1.3773003e-05
1.3773e-05
1.377299e-05
1.3772973e-05
1.3772949e-05
1.3772917e-05
1.3772877e-05
1.385585e-05
1.3856445e-05
1.3857014e-05
1.3857557e-05
1.3858071e-05
1.3858557e-05
1.3859011e-05
1.385943e-05
1.3859812e-05
1.386015e-05
1.3860439e-05
1.3860668e-05
1.3860827e-05
1.3860899e-05
1.3860864e-05
1.3860696e-05
1.3860361e-05
1.3859816e-05
1.385901e-05
1.3857885e-05
1.3856373e-05
1.3854416e-05
1.3852005e-05
1.384935e-05
1.3847345e-05
1.3848137e-05
1.3853565e-05
1.3862545e-05
1.3872756e-05
1.3893404e-05
1.3898448e-05
1.3900426e-05
1.3901662e-05
1.3903138e-05
1.390474e-05
1.3906168e-05
1.3907288e-05
1.3908156e-05
1.3908913e-05
1.3909683e-05
1.3938179e-05
1.3939157e-05
1.3939983e-05
1.3940711e-05
1.4072088e-05
1.407702e-05
1.4080145e-05
1.4081808e-05
1.4455546e-05
1.4462689e-05
1.5484681e-05
1.5515271e-05
1.7940268e-05
0.00073000639
0.00080141692
0.0048139979
0.010605612
0.010962035
0.0036561567
1.433102e-05
1.425192e-05
1.4116455e-05
1.4054585e-05
1.3995034e-05
1.3967014e-05
1.3941076e-05
1.3939305e-05
1.3911221e-05
1.388333e-05
1.3882377e-05
1.3857303e-05
1.3856637e-05
1.3836904e-05
1.3836373e-05
1.3835737e-05
1.3834961e-05
1.3814977e-05
1.381442e-05
1.3813751e-05
1.3812916e-05
1.3793642e-05
1.3793432e-05
1.3793123e-05
1.3792595e-05
1.3791701e-05
1.3790339e-05
1.3788537e-05
1.3786476e-05
1.3784479e-05
1.378299e-05
1.3782169e-05
1.3775386e-05
1.377456e-05
1.3773831e-05
1.377335e-05
1.3773151e-05
1.3773093e-05
1.3773053e-05
1.3772997e-05
1.3772931e-05
1.3772868e-05
1.3772816e-05
1.3772783e-05
1.3772767e-05
1.3772768e-05
1.3772781e-05
1.3772803e-05
1.3772829e-05
1.3772858e-05
1.3772886e-05
1.377291e-05
1.3772931e-05
1.3772946e-05
1.3772955e-05
1.3772956e-05
1.3772951e-05
1.3772938e-05
1.3772916e-05
1.3772887e-05
1.377285e-05
1.3855886e-05
1.3856485e-05
1.3857058e-05
1.3857605e-05
1.3858125e-05
1.3858616e-05
1.3859076e-05
1.3859502e-05
1.3859892e-05
1.3860238e-05
1.3860536e-05
1.3860774e-05
1.3860941e-05
1.386102e-05
1.3860988e-05
1.3860814e-05
1.3860459e-05
1.3859872e-05
1.3858988e-05
1.3857727e-05
1.3855989e-05
1.3853661e-05
1.3850632e-05
1.3846948e-05
1.3843457e-05
1.3843231e-05
1.3849202e-05
1.3858929e-05
1.3869124e-05
1.387762e-05
1.3882405e-05
1.3883165e-05
1.390043e-05
1.3902172e-05
1.3903889e-05
1.3905416e-05
1.3906669e-05
1.3907696e-05
1.3908612e-05
1.3909523e-05
1.3938108e-05
1.3939102e-05
1.3939966e-05
1.3940743e-05
1.3941474e-05
1.4075176e-05
1.4078378e-05
1.4080257e-05
1.444872e-05
1.4455877e-05
1.5464367e-05
1.5492939e-05
1.7879945e-05
1.7959743e-05
0.00077192749
0.0046229367
0.010235426
0.010264816
0.0030023824
1.4328253e-05
1.4250734e-05
1.4121702e-05
1.4059287e-05
1.3993978e-05
1.3966604e-05
1.3940766e-05
1.3912092e-05
1.3911056e-05
1.3883184e-05
1.3882259e-05
1.3857332e-05
1.3856652e-05
1.3836939e-05
1.3836373e-05
1.3835714e-05
1.381547e-05
1.3814924e-05
1.3814317e-05
1.3813607e-05
1.3812747e-05
1.3793461e-05
1.3793173e-05
1.379278e-05
1.379218e-05
1.3791261e-05
1.3789951e-05
1.3788288e-05
1.3786431e-05
1.3776549e-05
1.3776306e-05
1.3775833e-05
1.3775114e-05
1.3774284e-05
1.3773515e-05
1.3773017e-05
1.3772882e-05
1.3772896e-05
1.3772892e-05
1.3772848e-05
1.3772784e-05
1.3772721e-05
1.3772672e-05
1.3772643e-05
1.3772635e-05
1.3772645e-05
1.3772668e-05
1.37727e-05
1.3772737e-05
1.3772775e-05
1.3772812e-05
1.3772844e-05
1.3772872e-05
1.3772893e-05
1.3772907e-05
1.3772913e-05
1.3772912e-05
1.3772902e-05
1.3772884e-05
1.3772858e-05
1.3772823e-05
1.3855922e-05
1.3856525e-05
1.3857102e-05
1.3857654e-05
1.3858179e-05
1.3858676e-05
1.3859144e-05
1.3859579e-05
1.3859977e-05
1.3860335e-05
1.3860644e-05
1.3860896e-05
1.3861077e-05
1.3861169e-05
1.3861149e-05
1.3860981e-05
1.3860621e-05
1.3860008e-05
1.3859065e-05
1.385769e-05
1.3855753e-05
1.385308e-05
1.3849445e-05
1.3844643e-05
1.3839203e-05
1.3837485e-05
1.384467e-05
1.3855517e-05
1.3865824e-05
1.3874001e-05
1.3878883e-05
1.3880428e-05
1.3879968e-05
1.390124e-05
1.3903093e-05
1.3904729e-05
1.3906109e-05
1.3907281e-05
1.3908343e-05
1.3909388e-05
1.3910483e-05
1.3939082e-05
1.3939979e-05
1.39408e-05
1.3941578e-05
1.4073582e-05
1.4076826e-05
1.4078873e-05
1.4442617e-05
1.4449707e-05
1.5446293e-05
1.5472968e-05
1.7826958e-05
1.7899693e-05
0.00074743386
0.0044722313
0.0099664338
0.010177504
0.002174256
1.4325425e-05
1.4249109e-05
1.412816e-05
1.4060158e-05
1.3993379e-05
1.3966389e-05
1.3940586e-05
1.3911966e-05
1.3910972e-05
1.3883097e-05
1.3882198e-05
1.3857393e-05
1.3856703e-05
1.3836996e-05
1.38364e-05
1.3835721e-05
1.3815485e-05
1.3814893e-05
1.3814243e-05
1.3813496e-05
1.379361e-05
1.3793298e-05
1.3792942e-05
1.3792479e-05
1.3791824e-05
1.3790891e-05
1.3789632e-05
1.3788087e-05
1.3776627e-05
1.3776391e-05
1.3776079e-05
1.3775576e-05
1.3774862e-05
1.3774022e-05
1.3773196e-05
1.377265e-05
1.3772607e-05
1.3772708e-05
1.3772737e-05
1.3772699e-05
1.3772633e-05
1.3772568e-05
1.377252e-05
1.3772496e-05
1.3772496e-05
1.3772517e-05
1.3772552e-05
1.3772596e-05
1.3772644e-05
1.3772692e-05
1.3772737e-05
1.3772778e-05
1.3772813e-05
1.377284e-05
1.377286e-05
1.3772871e-05
1.3772874e-05
1.3772868e-05
1.3772853e-05
1.377283e-05
1.3772797e-05
1.3855957e-05
1.3856564e-05
1.3857146e-05
1.3857703e-05
1.3858235e-05
1.3858739e-05
1.3859215e-05
1.3859659e-05
1.3860069e-05
1.386044e-05
1.3860764e-05
1.3861033e-05
1.3861234e-05
1.3861348e-05
1.3861348e-05
1.38612e-05
1.3860851e-05
1.3860233e-05
1.3859255e-05
1.3857797e-05
1.3855697e-05
1.3852733e-05
1.3848563e-05
1.384268e-05
1.3834836e-05
1.3830687e-05
1.3840366e-05
1.385258e-05
1.3862995e-05
1.3870933e-05
1.3875888e-05
1.387799e-05
1.3878216e-05
1.3877605e-05
1.3902353e-05
1.3904103e-05
1.3905605e-05
1.3906911e-05
1.3908108e-05
1.390928e-05
1.3910489e-05
1.3939095e-05
1.3940021e-05
1.3940882e-05
1.3941704e-05
1.4072207e-05
1.4075466e-05
1.4077645e-05
1.4437133e-05
1.4444102e-05
1.4447309e-05
1.5454983e-05
1.777989e-05
1.784635e-05
0.00072667338
0.0043498747
0.0097637812
0.010305452
0.0020266469
1.4322645e-05
1.4246425e-05
1.4134615e-05
1.405973e-05
1.3993079e-05
1.3966321e-05
1.3940509e-05
1.3911913e-05
1.3910956e-05
1.3883061e-05
1.3858092e-05
1.3857485e-05
1.3856785e-05
1.3837075e-05
1.3836452e-05
1.3835755e-05
1.3815519e-05
1.3814885e-05
1.3814195e-05
1.3813417e-05
1.3793521e-05
1.3793154e-05
1.3792737e-05
1.3792216e-05
1.379152e-05
1.3790581e-05
1.3789369e-05
1.377684e-05
1.3776543e-05
1.377625e-05
1.3775882e-05
1.3775354e-05
1.3774641e-05
1.3773793e-05
1.3772899e-05
1.3772246e-05
1.3772341e-05
1.377254e-05
1.377259e-05
1.377255e-05
1.3772477e-05
1.3772406e-05
1.3772358e-05
1.377234e-05
1.3772351e-05
1.3772384e-05
1.3772432e-05
1.3772489e-05
1.3772549e-05
1.3772608e-05
1.3772663e-05
1.3772712e-05
1.3772754e-05
1.3772788e-05
1.3772813e-05
1.377283e-05
1.3772837e-05
1.3772834e-05
1.3772823e-05
1.3772802e-05
1.3772773e-05
1.3855992e-05
1.3856603e-05
1.385719e-05
1.3857753e-05
1.3858291e-05
1.3858803e-05
1.3859288e-05
1.3859743e-05
1.3860166e-05
1.3860552e-05
1.3860895e-05
1.3861186e-05
1.3861412e-05
1.3861555e-05
1.3861588e-05
1.3861473e-05
1.3861154e-05
1.3860555e-05
1.3859571e-05
1.3858064e-05
1.3855852e-05
1.3852672e-05
1.3848104e-05
1.3841389e-05
1.383117e-05
1.3822618e-05
1.3837067e-05
1.3850374e-05
1.3860718e-05
1.3868399e-05
1.3873366e-05
1.3875851e-05
1.3876603e-05
1.3876451e-05
1.387595e-05
1.3903535e-05
1.3905154e-05
1.3906585e-05
1.3907908e-05
1.3909199e-05
1.3910518e-05
1.3911897e-05
1.394009e-05
1.3940987e-05
1.3941851e-05
1.3942699e-05
1.407428e-05
1.407656e-05
1.4432183e-05
1.4438995e-05
1.4442426e-05
1.5438678e-05
1.7737641e-05
1.7798497e-05
0.00070876567
0.0042482192
0.0096066458
0.010462399
0.0020802464
1.4730056e-05
1.4222075e-05
1.4135613e-05
1.4059261e-05
1.3992989e-05
1.3966367e-05
1.3940517e-05
1.3911923e-05
1.3910999e-05
1.3883072e-05
1.3858232e-05
1.3857604e-05
1.3856896e-05
1.3837175e-05
1.3836528e-05
1.3816213e-05
1.3815571e-05
1.3814898e-05
1.3814172e-05
1.3793845e-05
1.3793445e-05
1.3793027e-05
1.3792558e-05
1.3791989e-05
1.3791261e-05
1.3790322e-05
1.3777173e-05
1.3776805e-05
1.3776468e-05
1.3776126e-05
1.3775715e-05
1.3775166e-05
1.3774456e-05
1.377361e-05
1.3772669e-05
1.3771802e-05
1.3772123e-05
1.3772402e-05
1.3772455e-05
1.3772401e-05
1.3772313e-05
1.3772234e-05
1.3772186e-05
1.3772175e-05
1.3772197e-05
1.3772245e-05
1.3772308e-05
1.3772379e-05
1.3772453e-05
1.3772524e-05
1.3772589e-05
1.3772647e-05
1.3772697e-05
1.3772737e-05
1.3772768e-05
1.3772789e-05
1.37728e-05
1.3772802e-05
1.3772794e-05
1.3772776e-05
1.3772749e-05
1.3856025e-05
1.3856641e-05
1.3857233e-05
1.3857802e-05
1.3858347e-05
1.3858867e-05
1.3859362e-05
1.3859829e-05
1.3860267e-05
1.3860671e-05
1.3861035e-05
1.3861352e-05
1.386161e-05
1.386179e-05
1.3861868e-05
1.3861801e-05
1.3861533e-05
1.3860979e-05
1.3860022e-05
1.3858509e-05
1.385624e-05
1.3852936e-05
1.3848159e-05
1.384108e-05
1.38299e-05
1.3817068e-05
1.3835774e-05
1.3849072e-05
1.3859024e-05
1.3866365e-05
1.3871268e-05
1.3873998e-05
1.3875142e-05
1.3875366e-05
1.3875162e-05
1.3874813e-05
1.3904754e-05
1.3906302e-05
1.3907742e-05
1.3909147e-05
1.3910571e-05
1.3912049e-05
1.3940183e-05
1.3941114e-05
1.3942017e-05
1.3942907e-05
1.4073251e-05
1.4075607e-05
1.4077232e-05
1.4434327e-05
1.4437908e-05
1.5423804e-05
1.5435029e-05
1.7755198e-05
0.00069309182
0.0041621103
0.0094820443
0.012430245
0.0022566918
1.4611572e-05
1.4238241e-05
1.4134722e-05
1.4024335e-05
1.3993052e-05
1.3966504e-05
1.3940596e-05
1.3911988e-05
1.3883803e-05
1.3883123e-05
1.3858395e-05
1.385775e-05
1.3837918e-05
1.3837295e-05
1.3836626e-05
1.3816319e-05
1.381564e-05
1.3814932e-05
1.3814173e-05
1.3793825e-05
1.3793383e-05
1.379292e-05
1.3792405e-05
1.3791795e-05
1.3791042e-05
1.3777613e-05
1.3777174e-05
1.3776776e-05
1.3776403e-05
1.377602e-05
1.3775574e-05
1.377501e-05
1.3774309e-05
1.3773484e-05
1.3772556e-05
1.3771515e-05
1.3772022e-05
1.37723e-05
1.3772327e-05
1.3772247e-05
1.3772138e-05
1.3772048e-05
1.3772e-05
1.3771998e-05
1.3772035e-05
1.37721e-05
1.3772181e-05
1.3772268e-05
1.3772356e-05
1.377244e-05
1.3772516e-05
1.3772583e-05
1.3772641e-05
1.3772688e-05
1.3772724e-05
1.377275e-05
1.3772766e-05
1.3772771e-05
1.3772766e-05
1.3772751e-05
1.3772726e-05
1.3856058e-05
1.3856678e-05
1.3857275e-05
1.385785e-05
1.3858402e-05
1.3858932e-05
1.3859437e-05
1.3859918e-05
1.3860371e-05
1.3860795e-05
1.3861183e-05
1.386153e-05
1.3861825e-05
1.3862052e-05
1.3862185e-05
1.3862185e-05
1.386199e-05
1.386151e-05
1.3860617e-05
1.3859141e-05
1.3856872e-05
1.3853541e-05
1.3848757e-05
1.3841859e-05
1.383191e-05
1.3824814e-05
1.3836788e-05
1.384868e-05
1.3857891e-05
1.3864786e-05
1.3869544e-05
1.3872409e-05
1.3873837e-05
1.3874362e-05
1.3874414e-05
1.3874262e-05
1.3874058e-05
1.390606e-05
1.3907611e-05
1.3909124e-05
1.391065e-05
1.3912224e-05
1.391386e-05
1.3941263e-05
1.3942204e-05
1.3943133e-05
1.4072362e-05
1.4074776e-05
1.4076512e-05
1.4430049e-05
1.4433721e-05
1.5410158e-05
1.5421184e-05
1.7715706e-05
0.00067919275
0.0040879074
0.0093815003
0.012433002
0.0024109689
1.5159036e-05
1.4231637e-05
1.4134096e-05
1.4024251e-05
1.3993233e-05
1.3966716e-05
1.3940735e-05
1.3912103e-05
1.3883898e-05
1.3883212e-05
1.3858582e-05
1.385792e-05
1.3838083e-05
1.3837435e-05
1.3836744e-05
1.3816441e-05
1.3815727e-05
1.3814984e-05
1.3794295e-05
1.3793817e-05
1.3793334e-05
1.3792829e-05
1.3792274e-05
1.3791631e-05
1.3778149e-05
1.3777643e-05
1.377718e-05
1.3776755e-05
1.3776349e-05
1.3775932e-05
1.3775457e-05
1.3774885e-05
1.3774198e-05
1.3773413e-05
1.3772567e-05
1.3771859e-05
1.377205e-05
1.3772228e-05
1.3772204e-05
1.3772084e-05
1.3771948e-05
1.3771845e-05
1.3771798e-05
1.3771808e-05
1.3771864e-05
1.3771949e-05
1.377205e-05
1.3772156e-05
1.377226e-05
1.3772356e-05
1.3772444e-05
1.3772521e-05
1.3772586e-05
1.377264e-05
1.3772682e-05
1.3772713e-05
1.3772732e-05
1.3772741e-05
1.3772739e-05
1.3772727e-05
1.3772704e-05
1.3856089e-05
1.3856713e-05
1.3857316e-05
1.3857897e-05
1.3858457e-05
1.3858996e-05
1.3859513e-05
1.3860007e-05
1.3860478e-05
1.3860922e-05
1.3861338e-05
1.3861719e-05
1.3862056e-05
1.3862337e-05
1.3862537e-05
1.386262e-05
1.3862523e-05
1.386215e-05
1.386136e-05
1.3859967e-05
1.3857753e-05
1.3854478e-05
1.3849855e-05
1.3843542e-05
1.3835716e-05
1.3831821e-05
1.3839273e-05
1.384904e-05
1.3857252e-05
1.3863607e-05
1.3868152e-05
1.3871061e-05
1.3872683e-05
1.3873445e-05
1.3873711e-05
1.3873735e-05
1.3873668e-05
1.3873593e-05
1.3907515e-05
1.390913e-05
1.3910755e-05
1.3912422e-05
1.3914148e-05
1.3941433e-05
1.394241e-05
1.3943378e-05
1.4071601e-05
1.4074058e-05
1.4075888e-05
1.4426116e-05
1.4429834e-05
1.5397568e-05
1.5408303e-05
1.7679415e-05
0.00066672413
0.004023055
0.0092993101
0.012441165
0.0063641564
1.5734467e-05
1.4229233e-05
1.4098385e-05
1.4024354e-05
1.3993507e-05
1.3966993e-05
1.3940927e-05
1.3912262e-05
1.3884026e-05
1.3883335e-05
1.385879e-05
1.3858113e-05
1.3838265e-05
1.3837593e-05
1.3836882e-05
1.3816578e-05
1.3815831e-05
1.3815056e-05
1.3794334e-05
1.379382e-05
1.37933e-05
1.3792757e-05
1.3792165e-05
1.3778773e-05
1.3778204e-05
1.3777677e-05
1.3777192e-05
1.377674e-05
1.3776306e-05
1.3775859e-05
1.3775363e-05
1.3774786e-05
1.3774118e-05
1.3773383e-05
1.3772646e-05
1.3772133e-05
1.3772128e-05
1.377217e-05
1.3772076e-05
1.3771908e-05
1.3771738e-05
1.377162e-05
1.3771577e-05
1.3771604e-05
1.3771683e-05
1.3771793e-05
1.3771917e-05
1.3772043e-05
1.3772164e-05
1.3772274e-05
1.3772373e-05
1.377246e-05
1.3772533e-05
1.3772593e-05
1.3772641e-05
1.3772677e-05
1.37727e-05
1.3772712e-05
1.3772713e-05
1.3772704e-05
1.3772683e-05
1.3856118e-05
1.3856747e-05
1.3857355e-05
1.3857943e-05
1.3858511e-05
1.3859059e-05
1.3859587e-05
1.3860096e-05
1.3860585e-05
1.3861052e-05
1.3861497e-05
1.3861914e-05
1.3862299e-05
1.3862641e-05
1.3862921e-05
1.3863103e-05
1.386313e-05
1.3862899e-05
1.3862255e-05
1.386099e-05
1.3858877e-05
1.3855715e-05
1.3851357e-05
1.3845787e-05
1.3839823e-05
1.3837415e-05
1.3842242e-05
1.3849914e-05
1.3857016e-05
1.3862769e-05
1.3867044e-05
1.3869928e-05
1.3871674e-05
1.3872614e-05
1.387306e-05
1.3873237e-05
1.3873295e-05
1.3873321e-05
1.3907453e-05
1.3909165e-05
1.3910885e-05
1.3912645e-05
1.391446e-05
1.3941621e-05
1.3942634e-05
1.3943642e-05
1.3944646e-05
1.4073445e-05
1.4075352e-05
1.442249e-05
1.4426218e-05
1.5385889e-05
1.5396271e-05
1.7645829e-05
0.00065542269
0.003965646
0.009231393
0.01245402
0.0065350695
1.6299734e-05
1.422866e-05
1.4098297e-05
1.40246e-05
1.3993859e-05
1.3967326e-05
1.3941166e-05
1.3912462e-05
1.3884185e-05
1.3883488e-05
1.385902e-05
1.3858328e-05
1.3838465e-05
1.3837769e-05
1.3817493e-05
1.3816731e-05
1.3815951e-05
1.3815146e-05
1.3794383e-05
1.3793834e-05
1.3793279e-05
1.3792701e-05
1.3792077e-05
1.3778852e-05
1.3778263e-05
1.3777717e-05
1.377721e-05
1.3776734e-05
1.3776273e-05
1.3775802e-05
1.3775289e-05
1.377471e-05
1.3774064e-05
1.3773379e-05
1.3772737e-05
1.3772311e-05
1.3772188e-05
1.3772108e-05
1.3771936e-05
1.3771711e-05
1.3771503e-05
1.3771369e-05
1.3771333e-05
1.3771383e-05
1.3771493e-05
1.3771633e-05
1.3771783e-05
1.3771931e-05
1.3772069e-05
1.3772194e-05
1.3772305e-05
1.3772401e-05
1.3772483e-05
1.3772549e-05
1.3772603e-05
1.3772643e-05
1.377267e-05
1.3772686e-05
1.3772689e-05
1.3772682e-05
1.3772664e-05
)
;

boundaryField
{
    farfieldLeft
    {
        type            calculated;
        value           uniform 0;
    }
    farfieldRight
    {
        type            calculated;
        value           uniform 0;
    }
    farfieldTop
    {
        type            calculated;
        value           uniform 0;
    }
    airfoil
    {
        type            nutUSpaldingWallFunction;
        value           uniform 0;
    }
    front
    {
        type            empty;
    }
    back
    {
        type            empty;
    }
}


// ************************************************************************* //
