/*--------------------------------*- C++ -*----------------------------------*\
| =========                 |                                                 |
| \\      /  F ield         | OpenFOAM: The Open Source CFD Toolbox           |
|  \\    /   O peration     | Version:  2312                                  |
|   \\  /    A nd           | Website:  www.openfoam.com                      |
|    \\/     M anipulation  |                                                 |
\*---------------------------------------------------------------------------*/
FoamFile
{
    version     2.0;
    format      ascii;
    arch        "LSB;label=32;scalar=64";
    class       volScalarField;
    location    "0";
    object      nuTilda;
}
// * * * * * * * * * * * * * * * * * * * * * * * * * * * * * * * * * * * * * //

dimensions      [0 2 -1 0 0 0 0];

internalField   nonuniform List<scalar> 
8880
(
0.0002183561
0.00021828023
0.0002182046
0.00021812911
0.00021805366
0.00021797817
0.00021790256
0.00021782673
0.0002177506
0.00021767412
0.0002175971
0.00021751957
0.00021744141
0.00021736252
0.00021728284
0.00021257641
0.00021256688
0.00021255728
0.00021254757
0.0002125377
0.00021252761
0.00021251724
0.00021250655
0.00021249544
0.00021248386
0.00021247173
0.000212459
0.00021244564
0.00021243171
0.00021241751
0.00021240377
0.00021239083
0.00021237848
0.00021236675
0.00021235575
0.00021234571
0.00021233691
0.00021232975
0.0002123247
0.00021232234
0.000619916
0.00062105904
0.00062228061
0.00062360878
0.00062507795
0.0030821961
0.0030896283
0.0030976372
0.0031063243
0.0079002818
0.0079111523
0.01198063
0.011987729
0.011583966
0.0077753133
0.0077723638
0.0036797898
0.00038347226
0.00021922835
0.00020238936
0.00020229432
0.00020203858
0.00020191939
0.00020168023
0.00020154501
0.00020154456
0.00020139974
0.00020126301
0.00020126261
0.00020114102
0.00020114064
0.00020103076
0.00020103036
0.00020102996
0.00020102955
0.00020091629
0.00020091593
0.00020091557
0.00020091521
0.00020091482
0.00020079276
0.00020079248
0.00020079219
0.00020079188
0.00020079155
0.00020079119
0.00020079079
0.00020079034
0.00020078983
0.00020078925
0.00020078859
0.00020078779
0.00020078688
0.00020078585
0.00020078471
0.00020078347
0.00020078214
0.00020078071
0.00020077918
0.00020077756
0.00020077585
0.00020077404
0.00020077215
0.00020077016
0.00020076807
0.00020048932
0.0002004861
0.00020048297
0.00020047992
0.00020047696
0.00020047408
0.00020047129
0.00020046857
0.00020046592
0.00020046334
0.00020046084
0.0002004584
0.00020045602
0.00020045371
0.00020045147
0.00021835597
0.00021828012
0.00021820449
0.000218129
0.00021805356
0.00021797808
0.00021790246
0.00021782664
0.00021775051
0.00021767398
0.00021759705
0.00021751949
0.00021744133
0.00021736247
0.00021728276
0.00021257635
0.00021256682
0.00021255722
0.00021254751
0.00021253763
0.00021252754
0.00021251717
0.00021250646
0.00021249535
0.00021248376
0.00021247163
0.00021245889
0.00021244554
0.00021243159
0.00021241739
0.00021240363
0.00021239069
0.00021237833
0.00021236658
0.00021235557
0.00021234551
0.0002123367
0.00021232952
0.00021232446
0.00021232207
0.00061991028
0.00062105221
0.00062227352
0.00062360237
0.00062506895
0.0030821818
0.0030896146
0.0030976183
0.0031063067
0.0079002773
0.00791115
0.011980708
0.011987806
0.011584062
0.0077753303
0.0077723754
0.0036797355
0.00038345267
0.00021922655
0.00020238939
0.00020229435
0.0002020386
0.00020191941
0.00020168025
0.00020154502
0.00020154457
0.00020139974
0.00020126302
0.00020126261
0.00020114103
0.00020114064
0.00020103076
0.00020103036
0.00020102996
0.00020102955
0.00020091629
0.00020091593
0.00020091557
0.0002009152
0.00020091482
0.00020079276
0.00020079247
0.00020079218
0.00020079188
0.00020079155
0.00020079119
0.00020079079
0.00020079034
0.00020078983
0.00020078925
0.00020078858
0.00020078779
0.00020078688
0.00020078585
0.00020078471
0.00020078347
0.00020078214
0.00020078071
0.00020077918
0.00020077756
0.00020077585
0.00020077404
0.00020077215
0.00020077015
0.00020076807
0.00020048932
0.0002004861
0.00020048297
0.00020047992
0.00020047696
0.00020047409
0.00020047129
0.00020046857
0.00020046592
0.00020046334
0.00020046084
0.0002004584
0.00020045602
0.00020045371
0.00020045147
0.00021835583
0.00021827998
0.00021820436
0.00021812888
0.00021805344
0.00021797798
0.00021790235
0.00021782653
0.00021775041
0.00021767392
0.0002175969
0.00021751942
0.00021744123
0.00021736235
0.00021728269
0.00021257628
0.00021256675
0.00021255715
0.00021254743
0.00021253755
0.00021252746
0.00021251708
0.00021250637
0.00021249525
0.00021248365
0.00021247151
0.00021245877
0.0002124454
0.00021243145
0.00021241724
0.00021240349
0.00021239053
0.00021237815
0.00021236638
0.00021235536
0.00021234527
0.00021233645
0.00021232924
0.00021232416
0.00021232175
0.00021232268
0.00062104498
0.0006222653
0.0006235929
0.00062506088
0.0030821619
0.0030895898
0.0030976013
0.0031062876
0.0079002706
0.0079111521
0.0119808
0.011987893
0.011584175
0.0077753492
0.0077723885
0.0036796725
0.00038342927
0.0002192244
0.00020238941
0.00020229438
0.00020203862
0.00020191943
0.00020168026
0.00020154503
0.00020154458
0.00020139975
0.00020126302
0.00020126262
0.00020114103
0.00020114065
0.00020103076
0.00020103036
0.00020102996
0.00020102956
0.00020091629
0.00020091593
0.00020091557
0.0002009152
0.00020079306
0.00020079276
0.00020079247
0.00020079218
0.00020079188
0.00020079155
0.00020079119
0.00020079078
0.00020079033
0.00020078983
0.00020078925
0.00020078858
0.00020078779
0.00020078687
0.00020078585
0.00020078471
0.00020078347
0.00020078214
0.00020078071
0.00020077918
0.00020077756
0.00020077585
0.00020077404
0.00020077215
0.00020077016
0.00020076807
0.00020048932
0.0002004861
0.00020048297
0.00020047992
0.00020047696
0.00020047408
0.00020047129
0.00020046857
0.00020046592
0.00020046334
0.00020046084
0.0002004584
0.00020045602
0.00020045371
0.00020045147
0.00021835566
0.00021827981
0.0002182042
0.00021812873
0.0002180533
0.00021797782
0.00021790222
0.0002178264
0.0002177503
0.00021767376
0.00021759682
0.00021751928
0.00021744114
0.00021736224
0.00021728256
0.00021257621
0.00021256667
0.00021255706
0.00021254734
0.00021253746
0.00021252735
0.00021251697
0.00021250625
0.00021249513
0.00021248352
0.00021247137
0.00021245863
0.00021244525
0.00021243128
0.00021241708
0.00021240331
0.00021239032
0.00021237794
0.00021236615
0.0002123551
0.00021234501
0.00021233614
0.00021232892
0.00021232381
0.00021232138
0.00021232229
0.00062103587
0.00062225528
0.00062358306
0.00062504999
0.0030821363
0.0030895679
0.0030975762
0.0031062669
0.0079002673
0.0079111442
0.011980906
0.011988003
0.011584308
0.0077753715
0.0077724024
0.0036795984
0.00038340205
0.00021922187
0.00020238944
0.00020229441
0.00020203865
0.00020191945
0.00020168028
0.00020154504
0.00020154459
0.00020139976
0.00020126303
0.00020126262
0.00020114103
0.00020114065
0.00020103076
0.00020103036
0.00020102997
0.00020102956
0.00020091629
0.00020091593
0.00020091557
0.0002009152
0.00020079305
0.00020079276
0.00020079247
0.00020079218
0.00020079187
0.00020079155
0.00020079119
0.00020079078
0.00020079033
0.00020078983
0.00020078925
0.00020078858
0.00020078779
0.00020078687
0.00020078584
0.00020078471
0.00020078347
0.00020078214
0.00020078071
0.00020077918
0.00020077756
0.00020077585
0.00020077404
0.00020077215
0.00020077016
0.00020076807
0.00020048932
0.0002004861
0.00020048297
0.00020047992
0.00020047696
0.00020047409
0.00020047129
0.00020046857
0.00020046592
0.00020046334
0.00020046084
0.0002004584
0.00020045602
0.00020045371
0.00020045147
0.00021835545
0.00021827962
0.00021820402
0.00021812855
0.00021805314
0.00021797764
0.00021790206
0.00021782626
0.00021775012
0.00021767365
0.00021759667
0.00021751914
0.00021744099
0.00021736212
0.00021728244
0.00021257612
0.00021256658
0.00021255697
0.00021254724
0.00021253734
0.00021252723
0.00021251684
0.00021250612
0.00021249498
0.00021248336
0.00021247121
0.00021245845
0.00021244506
0.00021243109
0.00021241687
0.00021240309
0.00021239009
0.00021237768
0.00021236588
0.0002123548
0.00021234467
0.00021233579
0.00021232854
0.00021232339
0.00021232094
0.00021232182
0.00062102483
0.00062224375
0.00062357045
0.00062503729
0.003082109
0.0030895357
0.0030975452
0.0031062407
0.0079002594
0.0079111373
0.011981039
0.011988131
0.011584468
0.0077753977
0.007772421
0.0036795082
0.00038336898
0.00021921883
0.00020238948
0.00020229445
0.00020203868
0.00020191948
0.0002016803
0.00020154506
0.00020154461
0.00020139977
0.00020126303
0.00020126263
0.00020114104
0.00020114065
0.00020103077
0.00020103037
0.00020102997
0.00020102956
0.00020091628
0.00020091592
0.00020091557
0.0002009152
0.00020079305
0.00020079275
0.00020079246
0.00020079218
0.00020079187
0.00020079154
0.00020079118
0.00020079078
0.00020079033
0.00020078982
0.00020078925
0.00020078858
0.00020078779
0.00020078687
0.00020078584
0.00020078471
0.00020078347
0.00020078214
0.00020078071
0.00020077918
0.00020077756
0.00020077585
0.00020077404
0.00020077215
0.00020077016
0.00020076807
0.00020048933
0.0002004861
0.00020048297
0.00020047992
0.00020047696
0.00020047409
0.00020047129
0.00020046857
0.00020046592
0.00020046334
0.00020046084
0.0002004584
0.00020045602
0.00020045371
0.00020045147
0.0002183552
0.00021827938
0.00021820379
0.00021812834
0.0002180529
0.00021797746
0.00021790188
0.00021782606
0.00021774995
0.00021767346
0.00021759651
0.00021751898
0.00021744083
0.00021736195
0.00021258553
0.00021257601
0.00021256646
0.00021255684
0.00021254711
0.00021253721
0.00021252708
0.00021251669
0.00021250595
0.0002124948
0.00021248318
0.00021247101
0.00021245823
0.00021244483
0.00021243085
0.00021241662
0.00021240282
0.0002123898
0.00021237737
0.00021236553
0.00021235443
0.00021234427
0.00021233535
0.00021232806
0.00021232289
0.00021232039
0.00021232124
0.00062101138
0.00062222961
0.00062355585
0.00062502157
0.0030820716
0.0030895015
0.0030975107
0.0031062086
0.0079002496
0.0079111317
0.011981193
0.011988288
0.011584663
0.0077754286
0.0077724434
0.0036793986
0.00038332875
0.00021921516
0.00020238952
0.0002022945
0.00020203872
0.00020191952
0.00020168033
0.00020154508
0.00020154463
0.00020139978
0.00020126304
0.00020126264
0.00020114104
0.00020114066
0.00020103077
0.00020103037
0.00020102997
0.00020102956
0.00020091628
0.00020091592
0.00020091557
0.0002009152
0.00020079304
0.00020079275
0.00020079246
0.00020079217
0.00020079187
0.00020079154
0.00020079118
0.00020079078
0.00020079033
0.00020078982
0.00020078925
0.00020078858
0.00020078779
0.00020078687
0.00020078584
0.00020078471
0.00020078347
0.00020078214
0.00020078071
0.00020077918
0.00020077756
0.00020077585
0.00020077405
0.00020077215
0.00020077016
0.00020076807
0.00020076589
0.0002004861
0.00020048297
0.00020047992
0.00020047696
0.00020047409
0.00020047129
0.00020046857
0.00020046592
0.00020046334
0.00020046084
0.0002004584
0.00020045602
0.00020045371
0.00020045146
0.00021835489
0.00021827908
0.00021820351
0.00021812805
0.00021805267
0.00021797721
0.00021790163
0.00021782584
0.00021774974
0.00021767325
0.00021759629
0.00021751878
0.00021744062
0.00021736175
0.00021258541
0.00021257588
0.00021256632
0.00021255669
0.00021254695
0.00021253703
0.00021252691
0.00021251649
0.00021250574
0.00021249458
0.00021248295
0.00021247076
0.00021245797
0.00021244455
0.00021243056
0.00021241631
0.0002124025
0.00021238945
0.00021237699
0.00021236512
0.00021235398
0.00021234378
0.00021233482
0.00021232749
0.00021232226
0.00021231973
0.00021232054
0.00062099517
0.00062221182
0.00062353724
0.0006250028
0.0030820286
0.0030894553
0.0030974673
0.0031061682
0.0079002376
0.0079111229
0.011981386
0.011988478
0.011584901
0.0077754672
0.0077724698
0.0036792655
0.00038327976
0.00021921061
0.00020238958
0.00020229456
0.00020203877
0.00020191956
0.00020168036
0.0002015451
0.00020154465
0.0002013998
0.00020126305
0.00020126265
0.00020114105
0.00020114067
0.00020103077
0.00020103037
0.00020102997
0.00020102957
0.00020091628
0.00020091592
0.00020091557
0.0002009152
0.00020079304
0.00020079274
0.00020079245
0.00020079217
0.00020079186
0.00020079154
0.00020079118
0.00020079078
0.00020079033
0.00020078982
0.00020078925
0.00020078858
0.00020078779
0.00020078687
0.00020078584
0.00020078471
0.00020078347
0.00020078214
0.00020078071
0.00020077918
0.00020077756
0.00020077585
0.00020077405
0.00020077215
0.00020077016
0.00020076807
0.00020076589
0.0002004861
0.00020048297
0.00020047993
0.00020047697
0.00020047409
0.00020047129
0.00020046857
0.00020046592
0.00020046334
0.00020046084
0.0002004584
0.00020045602
0.00020045371
0.00020045146
0.00021835452
0.00021827873
0.00021820318
0.00021812774
0.00021805234
0.00021797692
0.00021790135
0.00021782556
0.00021774948
0.00021767299
0.00021759603
0.00021751853
0.00021744038
0.00021736152
0.00021258525
0.00021257571
0.00021256615
0.00021255651
0.00021254675
0.00021253683
0.00021252669
0.00021251626
0.00021250549
0.00021249432
0.00021248266
0.00021247046
0.00021245765
0.00021244422
0.0002124302
0.00021241594
0.0002124021
0.00021238902
0.00021237652
0.00021236462
0.00021235343
0.00021234318
0.00021233417
0.00021232678
0.00021232151
0.00021231892
0.00021231967
0.00062097514
0.00062219072
0.0006235147
0.00062497937
0.0030819748
0.0030894014
0.0030974138
0.0031061189
0.0079002224
0.007911112
0.011981621
0.011988708
0.01158519
0.007775514
0.0077725019
0.0036791021
0.00038322031
0.00021920508
0.00020238965
0.00020229463
0.00020203883
0.00020191962
0.0002016804
0.00020154513
0.00020154468
0.00020139982
0.00020126306
0.00020126266
0.00020114105
0.00020114067
0.00020103077
0.00020103037
0.00020102998
0.00020102957
0.00020091628
0.00020091592
0.00020091557
0.0002009152
0.00020079303
0.00020079273
0.00020079245
0.00020079216
0.00020079186
0.00020079153
0.00020079117
0.00020079077
0.00020079033
0.00020078982
0.00020078924
0.00020078857
0.00020078778
0.00020078687
0.00020078584
0.00020078471
0.00020078347
0.00020078214
0.00020078071
0.00020077918
0.00020077756
0.00020077585
0.00020077405
0.00020077215
0.00020077016
0.00020076807
0.00020076589
0.00020048611
0.00020048297
0.00020047993
0.00020047697
0.00020047409
0.00020047129
0.00020046857
0.00020046592
0.00020046334
0.00020046084
0.0002004584
0.00020045602
0.00020045371
0.00020045146
0.00021835406
0.00021827829
0.00021820275
0.00021812735
0.00021805197
0.00021797655
0.000217901
0.00021782523
0.00021774914
0.00021767268
0.00021759572
0.00021751822
0.00021744009
0.00021736121
0.00021258507
0.00021257552
0.00021256594
0.00021255629
0.00021254652
0.00021253658
0.00021252642
0.00021251598
0.00021250519
0.000212494
0.00021248232
0.00021247009
0.00021245727
0.0002124438
0.00021242977
0.00021241549
0.00021240162
0.00021238851
0.00021237596
0.000212364
0.00021235276
0.00021234245
0.00021233338
0.00021232592
0.00021232058
0.00021231793
0.00021231863
0.00062095085
0.00062216456
0.00062348712
0.00062495092
0.0030819097
0.0030893327
0.003097347
0.00310606
0.0079002044
0.0079110955
0.011981904
0.01198899
0.011585541
0.011586154
0.0077725399
0.0036789035
0.00038314714
0.00021919838
0.00020238973
0.00020229472
0.0002020389
0.00020191968
0.00020168045
0.00020154517
0.00020140026
0.00020139984
0.00020126308
0.00020126268
0.00020114106
0.00020114068
0.00020103078
0.00020103038
0.00020102998
0.00020102958
0.00020091627
0.00020091592
0.00020091556
0.0002009152
0.00020079302
0.00020079272
0.00020079244
0.00020079215
0.00020079185
0.00020079153
0.00020079117
0.00020079077
0.00020079032
0.00020078982
0.00020078924
0.00020078857
0.00020078778
0.00020078687
0.00020078584
0.00020078471
0.00020078347
0.00020078214
0.00020078071
0.00020077918
0.00020077756
0.00020077585
0.00020077405
0.00020077215
0.00020077016
0.00020076807
0.00020076589
0.00020048611
0.00020048297
0.00020047993
0.00020047697
0.00020047409
0.00020047129
0.00020046857
0.00020046592
0.00020046334
0.00020046084
0.0002004584
0.00020045602
0.00020045371
0.00020045146
0.0002183535
0.00021827776
0.00021820226
0.00021812686
0.00021805152
0.00021797611
0.00021790058
0.00021782481
0.00021774875
0.00021767228
0.00021759535
0.00021751786
0.00021743972
0.00021736086
0.00021258484
0.00021257528
0.00021256568
0.00021255602
0.00021254623
0.00021253627
0.0002125261
0.00021251563
0.00021250483
0.00021249361
0.0002124819
0.00021246965
0.00021245679
0.0002124433
0.00021242925
0.00021241494
0.00021240104
0.00021238787
0.00021237527
0.00021236325
0.00021235195
0.00021234156
0.00021233241
0.00021232488
0.00021231946
0.00021231672
0.00021231735
0.00062092112
0.00062213268
0.0006234535
0.00062491612
0.003081828
0.0030892506
0.003097267
0.0031059853
0.0079001791
0.0079110761
0.011982247
0.011989329
0.011585967
0.011586563
0.007772586
0.0036786614
0.00038305837
0.0002191902
0.00020238982
0.00020229482
0.00020203898
0.00020191977
0.00020168051
0.00020154521
0.00020140029
0.00020139987
0.0002012631
0.00020126269
0.00020114107
0.00020114069
0.00020103078
0.00020103038
0.00020102999
0.00020102958
0.00020091627
0.00020091591
0.00020091556
0.0002009152
0.000200793
0.00020079271
0.00020079243
0.00020079214
0.00020079185
0.00020079152
0.00020079117
0.00020079077
0.00020079032
0.00020078981
0.00020078924
0.00020078857
0.00020078778
0.00020078686
0.00020078584
0.0002007847
0.00020078347
0.00020078214
0.00020078071
0.00020077918
0.00020077756
0.00020077585
0.00020077405
0.00020077215
0.00020077016
0.00020076808
0.0002007659
0.00020048611
0.00020048298
0.00020047993
0.00020047697
0.00020047409
0.00020047129
0.00020046857
0.00020046592
0.00020046334
0.00020046084
0.0002004584
0.00020045602
0.00020045371
0.00020045146
0.00021835282
0.00021827712
0.00021820164
0.00021812628
0.00021805095
0.00021797557
0.00021790006
0.00021782432
0.00021774826
0.00021767182
0.0002175949
0.00021751741
0.00021743928
0.00021736043
0.00021258456
0.00021257498
0.00021256537
0.00021255569
0.00021254588
0.00021253591
0.0002125257
0.00021251522
0.00021250438
0.00021249313
0.0002124814
0.00021246911
0.00021245622
0.0002124427
0.00021242861
0.00021241427
0.00021240033
0.00021238711
0.00021237444
0.00021236234
0.00021235096
0.00021234049
0.00021233124
0.00021232361
0.00021231809
0.00021231526
0.00021231579
0.00062088494
0.00062209396
0.00062341237
0.00062487346
0.0030817302
0.0030891491
0.0030971662
0.0031058938
0.0079001464
0.0079110497
0.011982662
0.01198974
0.011586483
0.011587059
0.007772641
0.0036783665
0.00038295073
0.00021918028
0.00020238994
0.00020229495
0.00020203909
0.00020191986
0.00020168058
0.00020154526
0.00020140032
0.0002013999
0.00020126312
0.00020126272
0.00020114108
0.00020114071
0.00020103079
0.00020103039
0.00020103
0.00020102959
0.00020091626
0.00020091591
0.00020091556
0.0002009152
0.00020079299
0.0002007927
0.00020079242
0.00020079213
0.00020079184
0.00020079152
0.00020079116
0.00020079076
0.00020079031
0.00020078981
0.00020078923
0.00020078856
0.00020078777
0.00020078686
0.00020078584
0.0002007847
0.00020078347
0.00020078214
0.00020078071
0.00020077918
0.00020077756
0.00020077585
0.00020077405
0.00020077215
0.00020077016
0.00020076808
0.0002007659
0.00020048612
0.00020048298
0.00020047993
0.00020047697
0.00020047409
0.00020047129
0.00020046857
0.00020046592
0.00020046334
0.00020046084
0.0002004584
0.00020045602
0.00020045371
0.00020045146
0.000218352
0.00021827634
0.00021820089
0.00021812557
0.00021805028
0.00021797493
0.00021789943
0.00021782371
0.00021774768
0.00021767125
0.00021759434
0.00021751687
0.00021743875
0.00021735991
0.00021258423
0.00021257463
0.000212565
0.00021255529
0.00021254546
0.00021253546
0.00021252523
0.00021251471
0.00021250385
0.00021249256
0.00021248079
0.00021246847
0.00021245553
0.00021244197
0.00021242784
0.00021241347
0.00021239948
0.00021238618
0.00021237343
0.00021236125
0.00021234976
0.00021233919
0.00021232983
0.00021232208
0.00021231644
0.00021231349
0.00021231391
0.00062084084
0.00062204665
0.00062336241
0.0006248217
0.00062645838
0.0030890236
0.0030970431
0.0031057807
0.0079001047
0.0079110148
0.011983162
0.011990234
0.011587106
0.011587656
0.0077727057
0.0036780093
0.0012655652
0.00021916823
0.00020239009
0.0002022951
0.00020203921
0.00020180306
0.00020168066
0.00020154532
0.00020140037
0.00020139994
0.00020126314
0.00020126274
0.0002011411
0.00020114072
0.00020103079
0.0002010304
0.00020103
0.00020091663
0.00020091626
0.0002009159
0.00020091556
0.0002009152
0.00020079297
0.00020079268
0.0002007924
0.00020079212
0.00020079183
0.00020079151
0.00020079115
0.00020079075
0.00020079031
0.0002007898
0.00020078923
0.00020078856
0.00020078777
0.00020078686
0.00020078583
0.0002007847
0.00020078347
0.00020078214
0.00020078071
0.00020077918
0.00020077756
0.00020077585
0.00020077405
0.00020077215
0.00020077016
0.00020076808
0.0002007659
0.00020048612
0.00020048298
0.00020047994
0.00020047698
0.0002004741
0.0002004713
0.00020046857
0.00020046592
0.00020046334
0.00020046084
0.0002004584
0.00020045602
0.00020045371
0.00020045146
0.00021835101
0.0002182754
0.00021819999
0.00021812472
0.00021804945
0.00021797414
0.00021789868
0.00021782298
0.00021774698
0.00021767056
0.00021759367
0.00021751622
0.00021743811
0.00021735927
0.00021258383
0.00021257421
0.00021256455
0.00021255482
0.00021254496
0.00021253493
0.00021252466
0.00021251411
0.0002125032
0.00021249187
0.00021248006
0.00021246769
0.0002124547
0.00021244109
0.00021242692
0.0002124125
0.00021239845
0.00021238507
0.00021237221
0.00021235992
0.00021234832
0.00021233761
0.00021232812
0.00021232023
0.00021231443
0.00021231134
0.00021231163
0.00062078746
0.00062198916
0.00062330158
0.00062475835
0.00062639467
0.0030888696
0.0030968916
0.003105641
0.0079000493
0.007910966
0.011983762
0.011990826
0.011587855
0.011588374
0.0077727815
0.0036775764
0.0012652198
0.0002191537
0.00020239026
0.00020229529
0.00020203936
0.00020180318
0.00020168076
0.0002015454
0.00020140041
0.00020139999
0.00020126317
0.00020126277
0.00020114112
0.00020114074
0.0002010308
0.0002010304
0.00020103001
0.00020091662
0.00020091625
0.0002009159
0.00020091555
0.0002009152
0.00020079294
0.00020079266
0.00020079238
0.00020079211
0.00020079181
0.0002007915
0.00020079114
0.00020079075
0.0002007903
0.0002007898
0.00020078922
0.00020078855
0.00020078776
0.00020078685
0.00020078583
0.0002007847
0.00020078347
0.00020078213
0.00020078071
0.00020077918
0.00020077757
0.00020077585
0.00020077405
0.00020077215
0.00020077016
0.00020076808
0.0002007659
0.00020048613
0.00020048299
0.00020047994
0.00020047698
0.0002004741
0.0002004713
0.00020046857
0.00020046592
0.00020046335
0.00020046084
0.0002004584
0.00020045602
0.00020045371
0.00020045146
0.00021834981
0.00021827425
0.00021819891
0.00021812368
0.00021804847
0.00021797319
0.00021789776
0.0002178221
0.00021774612
0.00021766974
0.00021759287
0.00021751543
0.00021743734
0.00021735851
0.00021258335
0.0002125737
0.00021256401
0.00021255425
0.00021254435
0.00021253428
0.00021252398
0.00021251338
0.00021250243
0.00021249105
0.00021247918
0.00021246675
0.00021245371
0.00021244004
0.00021242581
0.00021241133
0.00021239721
0.00021238372
0.00021237076
0.00021235833
0.00021234658
0.00021233572
0.00021232606
0.00021231799
0.00021231202
0.00021230875
0.00021230887
0.00062072265
0.00062191947
0.0006232275
0.00062468156
0.00062631674
0.0030886808
0.0030967053
0.0031054682
0.0078999752
0.0079109023
0.011984477
0.011991533
0.011588752
0.011589234
0.0077728698
0.0036770529
0.0012648031
0.00021913618
0.00020239046
0.00020229551
0.00020203954
0.00020180334
0.00020168089
0.00020154549
0.00020140047
0.00020140005
0.00020126321
0.00020126281
0.00020114114
0.00020114076
0.00020103081
0.00020103041
0.00020103002
0.00020091661
0.00020091624
0.00020091589
0.00020091555
0.0002009152
0.00020079291
0.00020079263
0.00020079236
0.00020079209
0.0002007918
0.00020079148
0.00020079113
0.00020079074
0.00020079029
0.00020078979
0.00020078921
0.00020078854
0.00020078776
0.00020078685
0.00020078583
0.0002007847
0.00020078346
0.00020078213
0.00020078071
0.00020077918
0.00020077757
0.00020077586
0.00020077405
0.00020077216
0.00020077017
0.00020076808
0.0002007659
0.00020048613
0.00020048299
0.00020047995
0.00020047698
0.0002004741
0.0002004713
0.00020046858
0.00020046592
0.00020046335
0.00020046084
0.0002004584
0.00020045602
0.00020045371
0.00020045146
0.00021834837
0.00021827289
0.00021819761
0.00021812243
0.00021804728
0.00021797205
0.00021789667
0.00021782105
0.0002177451
0.00021766875
0.00021759191
0.00021751449
0.00021743642
0.00021735761
0.00021258277
0.00021257309
0.00021256337
0.00021255357
0.00021254363
0.00021253352
0.00021252316
0.00021251251
0.0002125015
0.00021249007
0.00021247813
0.00021246563
0.00021245252
0.00021243878
0.00021242448
0.00021240994
0.00021239573
0.00021238212
0.00021236901
0.00021235643
0.0002123445
0.00021233345
0.00021232359
0.00021231531
0.00021230912
0.00021230563
0.00021230556
0.00062064435
0.00062183509
0.00062313798
0.00062458815
0.00062622207
0.0030884491
0.0030964748
0.0031052539
0.0078998783
0.0079108147
0.011985326
0.011992372
0.01158982
0.011590258
0.0077729701
0.0036764233
0.0012643017
0.00021911512
0.00020239071
0.00020229578
0.00020203976
0.00020180352
0.00020168103
0.00020154559
0.00020140054
0.00020140012
0.00020126325
0.00020126286
0.00020114116
0.00020114079
0.00020103081
0.00020103042
0.00020103004
0.00020091659
0.00020091623
0.00020091588
0.00020091554
0.0002009152
0.00020079288
0.0002007926
0.00020079233
0.00020079206
0.00020079178
0.00020079147
0.00020079112
0.00020079073
0.00020079028
0.00020078978
0.0002007892
0.00020078854
0.00020078775
0.00020078684
0.00020078582
0.00020078469
0.00020078346
0.00020078213
0.00020078071
0.00020077918
0.00020077757
0.00020077586
0.00020077406
0.00020077216
0.00020077017
0.00020076809
0.00020076591
0.00020048614
0.000200483
0.00020047995
0.00020047699
0.00020047411
0.0002004713
0.00020046858
0.00020046593
0.00020046335
0.00020046084
0.00020045839
0.00020045602
0.00020045371
0.00020045146
0.0002075544
0.00020752464
0.0002074949
0.00020746512
0.00020743527
0.00020740532
0.00020737522
0.00020734494
0.00020731445
0.00020728371
0.00020725268
0.00020722132
0.00020718961
0.0002071575
0.00020604879
0.00020603795
0.00020602708
0.00020601616
0.00020600516
0.00020599405
0.0002059828
0.00020597137
0.00020595974
0.00020594787
0.00020593573
0.00020592331
0.00020591059
0.00020589761
0.00020588449
0.00020587154
0.00021239396
0.00021238021
0.00021236693
0.00021235416
0.00021234202
0.00021233075
0.00021232064
0.0002123121
0.00021230565
0.00021230191
0.00021230158
0.00062055002
0.00062173329
0.00062302957
0.000624475
0.00062610715
0.0030881643
0.0030961914
0.0031049888
0.0078997477
0.0079106953
0.011986328
0.01199336
0.011591088
0.011591471
0.0077730843
0.0036756655
0.0012637019
0.00021908994
0.000202391
0.0002022961
0.00020204002
0.00020180373
0.0002016812
0.00020154572
0.00020140062
0.0002014002
0.0002012633
0.00020126291
0.00020114119
0.00020114082
0.00020103082
0.00020103044
0.00020103005
0.00020091657
0.00020091621
0.00020091587
0.00020091554
0.00020091519
0.00020079283
0.00020079256
0.0002007923
0.00020079204
0.00020079176
0.00020079145
0.0002007911
0.00020079071
0.00020079027
0.00020078977
0.00020078919
0.00020067473
0.00020067435
0.00020067387
0.00020067331
0.00020067266
0.00020067193
0.00020067111
0.00020067021
0.00020066924
0.00020066818
0.00020066705
0.00020066584
0.00020066456
0.0002006632
0.00020066176
0.00020066025
0.00020043117
0.00020042849
0.00020042588
0.00020042335
0.0002004209
0.00020041851
0.0002004162
0.00020041395
0.00020041176
0.00020040964
0.00020040757
0.00020040556
0.00020040361
0.00020040172
0.00020755387
0.00020752414
0.00020749441
0.00020746464
0.00020743481
0.00020740486
0.00020737477
0.0002073445
0.00020731401
0.00020728327
0.00020725223
0.00020722088
0.00020718916
0.00020715704
0.00020604817
0.00020603728
0.00020602637
0.0002060154
0.00020600435
0.00020599318
0.00020598187
0.00020597037
0.00020595866
0.00020594671
0.00020593448
0.00020592196
0.00020590914
0.00020589607
0.00020588284
0.00020586979
0.00020585736
0.00021237795
0.00021236447
0.00021235147
0.00021233908
0.00021232754
0.00021231714
0.00021230829
0.00021230152
0.00021229746
0.00021229684
0.00062043678
0.00062161079
0.0006228989
0.00062433831
0.00062596781
0.0030878155
0.0030958418
0.0031046594
0.0078995745
0.0079105332
0.011987501
0.011994516
0.01159258
0.011592898
0.0077732099
0.0036747635
0.0012629878
0.00021906004
0.00020239135
0.00020229647
0.00020204032
0.00020180398
0.00020168141
0.00020154587
0.00020140071
0.0002014003
0.00020126336
0.00020126297
0.00020114122
0.00020114086
0.00020103084
0.00020103045
0.00020103007
0.00020091655
0.00020091619
0.00020091586
0.00020091553
0.00020091519
0.00020079278
0.00020079252
0.00020079226
0.000200792
0.00020079173
0.00020079143
0.00020079108
0.0002007907
0.00020079026
0.00020078976
0.000200675
0.00020067469
0.00020067431
0.00020067384
0.00020067328
0.00020067264
0.0002006719
0.00020067109
0.0002006702
0.00020066922
0.00020066817
0.00020066704
0.00020066583
0.00020066455
0.00020066319
0.00020066175
0.00020066024
0.00020043119
0.0002004285
0.00020042589
0.00020042336
0.00020042091
0.00020041852
0.0002004162
0.00020041395
0.00020041176
0.00020040964
0.00020040757
0.00020040556
0.00020040361
0.00020040172
0.00020755325
0.00020752354
0.00020749382
0.00020746408
0.00020743425
0.00020740432
0.00020737424
0.00020734397
0.00020731349
0.00020728275
0.00020725171
0.00020722035
0.00020718863
0.0002071565
0.00020604744
0.00020603651
0.00020602554
0.00020601452
0.0002060034
0.00020599216
0.00020598077
0.0002059692
0.0002059574
0.00020594535
0.00020593302
0.00020592039
0.00020590745
0.00020589425
0.00020588091
0.00020586772
0.00020585514
0.00020584343
0.00021236157
0.0002123483
0.00021233562
0.00021232375
0.000212313
0.00021230378
0.00021229663
0.00021229219
0.0002122912
0.00021229454
0.00062146399
0.00062274186
0.00062417364
0.00062579956
0.0030873875
0.0030954121
0.0031042513
0.0078993424
0.0079103134
0.011988862
0.011995857
0.011594324
0.011594564
0.0077733456
0.0036736892
0.001262142
0.00021902464
0.00020239175
0.0002022969
0.00020204067
0.00020180427
0.00020168164
0.00020154604
0.00020140082
0.00020140041
0.00020126343
0.00020126304
0.00020114126
0.0002011409
0.00020103085
0.00020103047
0.00020103009
0.00020091652
0.00020091617
0.00020091584
0.00020091552
0.00020079301
0.00020079272
0.00020079246
0.00020079222
0.00020079197
0.0002007917
0.0002007914
0.00020079106
0.00020079068
0.00020079024
0.0002006752
0.00020067495
0.00020067465
0.00020067427
0.00020067381
0.00020067325
0.00020067261
0.00020067188
0.00020067107
0.00020067018
0.00020066921
0.00020066816
0.00020066703
0.00020066582
0.00020066454
0.00020066318
0.00020066174
0.00020066023
0.00020043121
0.00020042852
0.00020042591
0.00020042337
0.00020042091
0.00020041853
0.00020041621
0.00020041395
0.00020041176
0.00020040964
0.00020040757
0.00020040556
0.00020040361
0.00020040171
0.00020755251
0.00020752282
0.00020749313
0.00020746341
0.0002074336
0.00020740368
0.00020737361
0.00020734335
0.00020731288
0.00020728214
0.00020725111
0.00020721974
0.00020718801
0.00020715588
0.0002060466
0.00020603561
0.00020602458
0.00020601348
0.00020600229
0.00020599098
0.0002059795
0.00020596783
0.00020595593
0.00020594377
0.00020593132
0.00020591856
0.00020590549
0.00020589214
0.00020587866
0.00020586532
0.00020585255
0.0002058406
0.00020582951
0.0002123446
0.00021233157
0.00021231931
0.00021230814
0.00021229848
0.00021229087
0.00021228597
0.00021228455
0.0002122875
0.00062128878
0.00062255398
0.00062397588
0.00062559676
0.0030868645
0.0030948828
0.0031037458
0.0078990335
0.0079100151
0.011990426
0.011997396
0.011596347
0.011596494
0.0077734873
0.0036724202
0.0012611444
0.00021898296
0.00020239221
0.00020229741
0.00020204108
0.00020180462
0.00020168192
0.00020154624
0.00020140095
0.00020140054
0.00020126351
0.00020126312
0.0002011413
0.00020114094
0.00020103086
0.00020103048
0.00020103011
0.00020091648
0.00020091614
0.00020091582
0.0002009155
0.00020079293
0.00020079265
0.0002007924
0.00020079216
0.00020079192
0.00020079166
0.00020079137
0.00020079104
0.00020079066
0.00020067535
0.00020067514
0.0002006749
0.0002006746
0.00020067423
0.00020067376
0.00020067321
0.00020067258
0.00020067185
0.00020067104
0.00020067016
0.00020066919
0.00020066814
0.00020066701
0.00020066581
0.00020066453
0.00020066317
0.00020066173
0.00020066022
0.00020043123
0.00020042853
0.00020042592
0.00020042339
0.00020042092
0.00020041853
0.00020041621
0.00020041396
0.00020041177
0.00020040964
0.00020040757
0.00020040556
0.0002004036
0.00020040171
0.00020755165
0.00020752199
0.00020749233
0.00020746262
0.00020743284
0.00020740294
0.00020737288
0.00020734263
0.00020731216
0.00020728143
0.0002072504
0.00020721904
0.0002071873
0.00020605667
0.00020604563
0.00020603457
0.00020602347
0.0002060123
0.00020600102
0.00020598961
0.00020597804
0.00020596626
0.00020595424
0.00020594195
0.00020592936
0.00020591645
0.00020590322
0.00020588971
0.00020587605
0.00020586253
0.00020584953
0.00020583731
0.00020582591
0.00020581549
0.00021232686
0.00021231415
0.00021230248
0.0002122923
0.00021228414
0.00021227868
0.00021227673
0.00021227921
0.00062108069
0.00062233006
0.0006237394
0.00062535325
0.0030862266
0.0030942339
0.0031031195
0.007898623
0.0079096126
0.0079217368
0.011999141
0.011598671
0.011598709
0.0077736275
0.0036709278
0.0012599775
0.00021893429
0.00020239275
0.00020229799
0.00020204155
0.00020180501
0.00020168223
0.00020154647
0.00020140109
0.00020140068
0.0002012636
0.0002011417
0.00020114134
0.00020114099
0.00020103087
0.0002010305
0.00020103014
0.00020091644
0.00020091611
0.00020091579
0.00020091549
0.00020079283
0.00020079256
0.00020079233
0.0002007921
0.00020079187
0.00020079162
0.00020079133
0.00020079101
0.00020067545
0.00020067527
0.00020067508
0.00020067484
0.00020067454
0.00020067417
0.00020067372
0.00020067317
0.00020067254
0.00020067182
0.00020067102
0.00020067013
0.00020066916
0.00020066812
0.00020066699
0.00020066579
0.00020066451
0.00020066316
0.00020066172
0.00020066021
0.00020065862
0.00020042855
0.00020042594
0.0002004234
0.00020042093
0.00020041854
0.00020041622
0.00020041396
0.00020041177
0.00020040964
0.00020040757
0.00020040555
0.0002004036
0.0002004017
0.00020755063
0.00020752101
0.00020749138
0.00020746171
0.00020743195
0.00020740207
0.00020737203
0.0002073418
0.00020731134
0.00020728062
0.00020724959
0.00020721822
0.00020718648
0.00020605563
0.00020604452
0.00020603338
0.0002060222
0.00020601094
0.00020599957
0.00020598806
0.00020597637
0.00020596446
0.00020595231
0.00020593987
0.00020592712
0.00020591404
0.00020590062
0.00020588692
0.00020587307
0.00020585933
0.00020584607
0.00020583352
0.00020582176
0.00020581095
0.00020580133
0.00021230819
0.00021229595
0.00021228514
0.00021227633
0.00021227021
0.00021226762
0.00021226952
0.00062083499
0.00062206456
0.0006234579
0.00062506211
0.0030854504
0.0030934387
0.0031023463
0.0078980812
0.0079090745
0.007921271
0.012001097
0.011601314
0.011601224
0.0077737598
0.0036691851
0.0012586216
0.00021887783
0.00020239336
0.00020229865
0.00020204208
0.00020180545
0.00020168259
0.00020154672
0.00020140125
0.00020140084
0.00020126369
0.00020114175
0.00020114139
0.00020114105
0.00020103088
0.00020103052
0.00020103016
0.00020091639
0.00020091606
0.00020091576
0.00020091546
0.00020079271
0.00020079246
0.00020079224
0.00020079203
0.00020079181
0.00020079157
0.00020079129
0.00020067549
0.00020067535
0.00020067519
0.000200675
0.00020067476
0.00020067448
0.00020067411
0.00020067366
0.00020067312
0.0002006725
0.00020067178
0.00020067098
0.0002006701
0.00020066914
0.0002006681
0.00020066698
0.00020066577
0.0002006645
0.00020066314
0.00020066171
0.0002006602
0.00020065861
0.00020042857
0.00020042596
0.00020042341
0.00020042095
0.00020041855
0.00020041622
0.00020041397
0.00020041177
0.00020040964
0.00020040756
0.00020040555
0.00020040359
0.00020040169
0.00020754946
0.00020751988
0.0002074903
0.00020746066
0.00020743093
0.00020740108
0.00020737106
0.00020734085
0.0002073104
0.00020727968
0.00020724866
0.0002072173
0.00020718555
0.00020605445
0.00020604326
0.00020603204
0.00020602077
0.00020600941
0.00020599793
0.0002059863
0.00020597448
0.00020596243
0.00020595013
0.00020593752
0.00020592459
0.00020591131
0.00020589769
0.00020588377
0.00020586968
0.00020585569
0.00020584212
0.0002058292
0.00020581702
0.00020580575
0.00020579564
0.00021230139
0.00021228847
0.00021227693
0.00021226734
0.00021226043
0.00021225707
0.00021225827
0.00021226515
0.00062175165
0.00062312444
0.00062471548
0.0006265753
0.0030924689
0.003101394
0.0031114377
0.0079083603
0.0079206354
0.01200326
0.011604289
0.011604048
0.0077738709
0.0036671649
0.0012570588
0.0002188129
0.00020239404
0.0002022994
0.00020204269
0.00020180596
0.00020168299
0.00020154701
0.00020140143
0.00020140102
0.0002012638
0.00020114179
0.00020114144
0.00020103127
0.00020103089
0.00020103053
0.00020091668
0.00020091632
0.00020091601
0.00020091572
0.00020079287
0.00020079258
0.00020079234
0.00020079214
0.00020079194
0.00020079173
0.00020079151
0.00020079124
0.00020067537
0.00020067523
0.00020067509
0.00020067491
0.00020067468
0.0002006744
0.00020067404
0.0002006736
0.00020067307
0.00020067245
0.00020067174
0.00020067095
0.00020067007
0.00020066911
0.00020066807
0.00020066695
0.00020066576
0.00020066448
0.00020066313
0.0002006617
0.00020066019
0.0002006586
0.0002004286
0.00020042597
0.00020042343
0.00020042096
0.00020041856
0.00020041623
0.00020041397
0.00020041177
0.00020040964
0.00020040756
0.00020040555
0.00020040359
0.00020040168
0.00020754811
0.00020751859
0.00020748905
0.00020745945
0.00020742976
0.00020739994
0.00020736995
0.00020733976
0.00020730933
0.00020727863
0.00020724761
0.00020721625
0.0002071845
0.00020605314
0.00020604186
0.00020603055
0.00020601917
0.0002060077
0.0002059961
0.00020598434
0.00020597237
0.00020596017
0.00020594769
0.0002059349
0.00020592176
0.00020590826
0.00020589441
0.00020588024
0.00020586588
0.00020585159
0.00020583766
0.00020582431
0.00020581165
0.00020579985
0.00020578916
0.00020577997
0.00021227997
0.00021226758
0.00021225708
0.00021224924
0.00021224495
0.00021224529
0.00021225148
0.00062138497
0.00062273176
0.00062430501
0.00062615977
0.0030912902
0.0031002258
0.003110352
0.0079074226
0.0079197797
0.012005613
0.012012271
0.011607186
0.0077739465
0.0036648411
0.0012552703
0.00021873879
0.0002023948
0.00020230024
0.00020204336
0.00020180652
0.00020168344
0.00020154733
0.00020140162
0.00020126428
0.00020126391
0.00020114184
0.0002011415
0.00020103126
0.00020103089
0.00020103055
0.00020091659
0.00020091625
0.00020091595
0.00020091567
0.00020079269
0.00020079242
0.00020079221
0.00020079202
0.00020079184
0.00020079165
0.00020079144
0.00020067533
0.00020067522
0.00020067511
0.00020067497
0.0002006748
0.00020067459
0.00020067432
0.00020067397
0.00020067354
0.00020067301
0.0002006724
0.0002006717
0.00020067091
0.00020067004
0.00020066908
0.00020066805
0.00020066693
0.00020066574
0.00020066446
0.00020066311
0.00020066168
0.00020066017
0.00020065859
0.00020042862
0.000200426
0.00020042345
0.00020042097
0.00020041857
0.00020041624
0.00020041397
0.00020041177
0.00020040964
0.00020040756
0.00020040554
0.00020040358
0.00020040167
0.00020754657
0.00020751711
0.00020748763
0.00020745808
0.00020742844
0.00020739866
0.0002073687
0.00020733854
0.00020730813
0.00020727745
0.00020724644
0.00020721509
0.00020606304
0.00020605169
0.00020604031
0.0002060289
0.00020601741
0.00020600581
0.00020599408
0.00020598217
0.00020597005
0.00020595767
0.000205945
0.000205932
0.00020591864
0.0002059049
0.00020589077
0.00020587632
0.00020586166
0.00020584702
0.00020583269
0.00020581885
0.00020580563
0.00020579321
0.00020578187
0.00020577198
0.00020576403
0.00021225704
0.00021224548
0.00021223653
0.00021223114
0.00021223046
0.00021223576
0.00062095826
0.00062227211
0.00062382146
0.00062566699
0.0030898657
0.0030987995
0.0031090089
0.0079062053
0.0079186451
0.012008131
0.012014755
0.011610626
0.0077739691
0.0036621879
0.0012532425
0.00021865494
0.00020239564
0.00020230116
0.0002020441
0.00020180713
0.00020168392
0.00020154767
0.00020140182
0.00020126439
0.00020126402
0.00020114188
0.00020114155
0.00020103125
0.00020103089
0.00020103056
0.00020091649
0.00020091615
0.00020091587
0.00020091561
0.00020079249
0.00020079224
0.00020079205
0.00020079188
0.00020079173
0.00020079156
0.00020067524
0.00020067515
0.00020067506
0.00020067496
0.00020067484
0.00020067469
0.00020067449
0.00020067423
0.00020067389
0.00020067346
0.00020067295
0.00020067234
0.00020067165
0.00020067087
0.00020067
0.00020066905
0.00020066802
0.00020066691
0.00020066571
0.00020066444
0.00020066309
0.00020066167
0.00020066016
0.00020065857
0.00020065691
0.00020042602
0.00020042346
0.00020042099
0.00020041858
0.00020041625
0.00020041398
0.00020041178
0.00020040964
0.00020040756
0.00020040554
0.00020040357
0.00020040166
0.00020754483
0.00020751545
0.00020748603
0.00020745654
0.00020742695
0.00020739722
0.0002073673
0.00020733717
0.0002073068
0.00020727613
0.00020724515
0.0002072138
0.00020606156
0.0002060501
0.00020603862
0.0002060271
0.00020601548
0.00020600376
0.00020599188
0.00020597981
0.00020596751
0.00020595495
0.00020594207
0.00020592884
0.00020591523
0.00020590122
0.0002058868
0.00020587204
0.00020585703
0.000205842
0.00020582719
0.0002058128
0.00020579895
0.00020578583
0.00020577373
0.00020576302
0.00020575423
0.00021224528
0.00021223249
0.00021222224
0.00021221554
0.00021221361
0.00021221785
0.00021222977
0.00062173758
0.00062325538
0.00062508571
0.0030881541
0.0030970685
0.0031073571
0.0079046434
0.007917163
0.012010779
0.01201736
0.011614354
0.0077739204
0.0036591845
0.001250962
0.00021856094
0.00020241675
0.00020223816
0.0002020449
0.0002018078
0.00020168445
0.00020154804
0.00020140204
0.0002012645
0.00020126414
0.00020114192
0.0002011416
0.00020103123
0.00020103088
0.00020103056
0.00020091636
0.00020091604
0.00020091578
0.00020079257
0.00020079226
0.00020079203
0.00020079187
0.00020079173
0.0002007916
0.00020079146
0.00020067501
0.00020067494
0.00020067488
0.0002006748
0.0002006747
0.00020067457
0.00020067438
0.00020067413
0.0002006738
0.00020067338
0.00020067288
0.00020067228
0.0002006716
0.00020067082
0.00020066996
0.00020066902
0.00020066799
0.00020066688
0.00020066569
0.00020066442
0.00020066308
0.00020066165
0.00020066015
0.00020065856
0.0002006569
0.00020042604
0.00020042348
0.000200421
0.00020041859
0.00020041625
0.00020041398
0.00020041178
0.00020040964
0.00020040755
0.00020040553
0.00020040356
0.00020040165
0.00020754288
0.00020751358
0.00020748424
0.00020745483
0.0002074253
0.00020739562
0.00020736575
0.00020733567
0.00020730532
0.00020727469
0.00020724373
0.0002072124
0.00020605995
0.00020604839
0.0002060368
0.00020602515
0.00020601341
0.00020600154
0.0002059895
0.00020597726
0.00020596478
0.00020595201
0.00020593891
0.00020592543
0.00020591156
0.00020589725
0.00020588251
0.0002058674
0.00020585201
0.00020583654
0.0002058212
0.00020580619
0.00020579162
0.00020577771
0.00020576473
0.00020575309
0.00020574332
0.00020573611
0.00021221807
0.00021220631
0.00021219807
0.00021219464
0.00021219756
0.0002122085
0.00062112029
0.00062259674
0.00062440406
0.00062661445
0.0030949815
0.0031053394
0.0079026649
0.0079152575
0.012013511
0.012020036
0.011618346
0.0077737767
0.0036558123
0.0012484189
0.00021845641
0.00020241755
0.00020223917
0.00020204576
0.00020180852
0.00020168502
0.00020154843
0.00020140226
0.00020126461
0.00020126426
0.00020114195
0.00020114164
0.0002010312
0.00020103086
0.00020091658
0.00020091621
0.00020091591
0.00020091567
0.00020079228
0.00020079199
0.0002007918
0.00020079166
0.00020079156
0.00020079146
0.00020067482
0.00020067475
0.00020067471
0.00020067468
0.00020067463
0.00020067455
0.00020067443
0.00020067426
0.00020067402
0.0002006737
0.0002006733
0.00020067281
0.00020067222
0.00020067154
0.00020067077
0.00020066992
0.00020066898
0.00020066796
0.00020066685
0.00020066567
0.0002006644
0.00020066306
0.00020066163
0.00020066013
0.00020065855
0.00020065689
0.00020042606
0.0002004235
0.00020042102
0.0002004186
0.00020041626
0.00020041399
0.00020041178
0.00020040963
0.00020040755
0.00020040552
0.00020040355
0.00020040164
0.00020754072
0.00020751152
0.00020748227
0.00020745293
0.00020742347
0.00020739386
0.00020736405
0.00020733402
0.00020730372
0.00020727312
0.00020724218
0.00020606989
0.00020605823
0.00020604656
0.00020603486
0.00020602308
0.0002060112
0.00020599918
0.00020598697
0.00020597455
0.00020596187
0.00020594888
0.00020593554
0.00020592181
0.00020590764
0.00020589301
0.00020587793
0.00020586243
0.00020584662
0.00020583065
0.00020581473
0.00020579902
0.00020578367
0.00020576886
0.00020575489
0.00020574217
0.00020573127
0.00020572289
0.00020571796
0.00021218871
0.00021217865
0.00021217345
0.00021217475
0.00021218444
0.00062041249
0.00062183554
0.00062360947
0.00062581717
0.0030924829
0.0031028922
0.0079001943
0.0079128375
0.01201627
0.012022725
0.01162257
0.007773518
0.0036520558
0.0012456055
0.00021834117
0.00020241839
0.00020224025
0.00020204667
0.00020180928
0.00020168561
0.00020154884
0.00020140248
0.00020126472
0.00020126438
0.00020114197
0.00020114168
0.00020103114
0.00020103082
0.00020091639
0.00020091603
0.00020091576
0.00020091554
0.00020079194
0.00020079169
0.00020079153
0.00020079143
0.00020079137
0.00020067458
0.00020067449
0.00020067446
0.00020067446
0.00020067445
0.00020067444
0.00020067439
0.00020067429
0.00020067413
0.00020067391
0.0002006736
0.00020067321
0.00020067273
0.00020067215
0.00020067148
0.00020067072
0.00020066988
0.00020066894
0.00020066793
0.00020066683
0.00020066564
0.00020066438
0.00020066304
0.00020066162
0.00020066012
0.00020065854
0.00020065688
0.00020065514
0.00020042352
0.00020042103
0.00020041861
0.00020041627
0.00020041399
0.00020041178
0.00020040963
0.00020040754
0.00020040552
0.00020040354
0.00020040163
0.00020753834
0.00020750925
0.0002074801
0.00020745085
0.00020742148
0.00020739194
0.0002073622
0.00020733223
0.00020730198
0.00020727143
0.00020724053
0.00020606818
0.00020605641
0.00020604463
0.0002060328
0.00020602089
0.00020600887
0.00020599669
0.00020598431
0.0002059717
0.00020595881
0.00020594559
0.000205932
0.00020591798
0.00020590351
0.00020588855
0.0002058731
0.00020585718
0.0002058409
0.00020582439
0.00020580783
0.00020579136
0.00020577512
0.00020575932
0.00020574423
0.00020573029
0.00020571807
0.00020570834
0.00020570208
0.00021216944
0.00021215727
0.00021214994
0.00021214929
0.00021215739
0.00021217646
0.00062096171
0.00062268893
0.00062488442
0.0030895146
0.0030999481
0.0031124112
0.0079098181
0.0079249175
0.012025362
0.011626989
0.007773123
0.0036479065
0.0012425195
0.00021821507
0.00020241926
0.00020224137
0.00020204763
0.00020181007
0.00020168623
0.00020154926
0.0002014027
0.00020126481
0.00020114231
0.00020114198
0.00020103144
0.00020103107
0.00020103077
0.00020091616
0.00020091582
0.00020091557
0.00020079192
0.00020079156
0.00020079134
0.00020079123
0.00020079118
0.00020079115
0.00020067417
0.00020067413
0.00020067414
0.00020067418
0.00020067422
0.00020067423
0.00020067421
0.00020067413
0.000200674
0.00020067379
0.0002006735
0.00020067312
0.00020067265
0.00020067208
0.00020067142
0.00020067067
0.00020066983
0.00020066891
0.00020066789
0.0002006668
0.00020066562
0.00020066436
0.00020066302
0.0002006616
0.00020066011
0.00020065853
0.00020065687
0.00020065513
0.00020042353
0.00020042104
0.00020041862
0.00020041627
0.00020041399
0.00020041178
0.00020040963
0.00020040754
0.00020040551
0.00020040353
0.00020040162
0.00020370912
0.00020369309
0.00020367703
0.00020366092
0.00020364474
0.00020362845
0.00020361205
0.0002035955
0.00020357879
0.0002035619
0.0002035448
0.00020279374
0.00020278723
0.00020278063
0.00020277392
0.00020276711
0.00020276015
0.00020275305
0.00020274577
0.00020273831
0.00020273065
0.00020272277
0.00020271466
0.00020270631
0.00020589921
0.00020588389
0.00020586805
0.00020585169
0.0002058349
0.00020581781
0.00020580054
0.00020578324
0.00020576604
0.00020574913
0.0002057328
0.00020571747
0.00020570376
0.00020569245
0.00020568461
0.00020568153
0.0002121339
0.00021212408
0.00021212105
0.00021212717
0.00021214496
0.00061996542
0.00062162914
0.00062379936
0.0030860143
0.0030964318
0.0031091049
0.0079060906
0.0079214755
0.012027875
0.011631566
0.0077725726
0.0036433571
0.001239159
0.00021807817
0.00020242015
0.00020224255
0.00020204862
0.00020181089
0.00020168687
0.00020154968
0.00020140291
0.00020126489
0.00020114228
0.00020114196
0.00020103133
0.00020103098
0.00020103069
0.00020091589
0.00020091557
0.00020091536
0.00020079145
0.00020079112
0.00020079095
0.00020079089
0.00020079089
0.0002006738
0.00020067372
0.00020067373
0.00020067379
0.00020067388
0.00020067396
0.00020067401
0.00020067402
0.00020067397
0.00020067386
0.00020067367
0.0002006734
0.00020067303
0.00020067257
0.00020067201
0.00020067136
0.00020057664
0.00020057616
0.0002005756
0.00020057497
0.00020057428
0.00020057352
0.0002005727
0.00020057181
0.00020057086
0.00020056984
0.00020056875
0.00020056761
0.00020056639
0.00020037479
0.0002003725
0.00020037027
0.00020036812
0.00020036603
0.000200364
0.00020036203
0.00020036012
0.00020035827
0.00020035648
0.00020035473
0.00020370792
0.00020369193
0.0002036759
0.00020365982
0.00020364366
0.0002036274
0.00020361101
0.00020359447
0.00020357777
0.00020356088
0.0002027989
0.00020279236
0.00020278575
0.00020277904
0.00020277222
0.00020276527
0.00020275817
0.0002027509
0.00020274345
0.0002027358
0.00020272792
0.0002027198
0.00020271141
0.00020270277
0.00020269385
0.00020268468
0.0002026753
0.0002026658
0.00020265629
0.00020264696
0.00020579293
0.00020577473
0.00020575648
0.00020573836
0.00020572065
0.00020570378
0.00020568836
0.00020567523
0.00020566554
0.0002056607
0.0002056624
0.00021209582
0.00021208994
0.00021209358
0.00021210967
0.00061883736
0.0006204166
0.00062254448
0.00062534103
0.0030922669
0.003105125
0.0079015535
0.0079172176
0.012030192
0.011636261
0.011632977
0.0077653595
0.0012355244
0.00021793056
0.00020242104
0.00020224375
0.00020204963
0.00020181174
0.00020155049
0.00020140348
0.00020140311
0.00020126495
0.00020114223
0.00020114193
0.00020103119
0.00020103085
0.000200916
0.00020091557
0.00020091529
0.00020091512
0.00020079091
0.00020079064
0.00020079052
0.00020079052
0.00020067343
0.00020067325
0.00020067322
0.00020067329
0.00020067342
0.00020067356
0.00020067369
0.00020067378
0.00020067383
0.00020067381
0.00020067372
0.00020057791
0.00020057783
0.0002005777
0.00020057751
0.00020057725
0.00020057692
0.00020057652
0.00020057605
0.0002005755
0.00020057489
0.00020057421
0.00020057345
0.00020057264
0.00020057175
0.0002005708
0.00020056979
0.00020056871
0.00020056757
0.00020056636
0.00020056508
0.00020037253
0.0002003703
0.00020036814
0.00020036604
0.00020036401
0.00020036203
0.00020036012
0.00020035827
0.00020035647
0.00020035472
0.00020370662
0.00020369068
0.00020367469
0.00020365865
0.00020364251
0.00020362628
0.00020360991
0.00020359339
0.0002035767
0.00020355981
0.00020279758
0.00020279095
0.00020278423
0.00020277741
0.00020277047
0.00020276338
0.00020275613
0.00020274871
0.00020274107
0.00020273322
0.00020272511
0.00020271674
0.00020270807
0.0002026991
0.00020268983
0.00020268026
0.00020267043
0.00020266041
0.00020265033
0.00020264035
0.0002026307
0.00020262168
0.00020261364
0.00020572709
0.00020570786
0.00020568927
0.00020567193
0.00020565672
0.00020564485
0.00020563789
0.00020563775
0.00021206517
0.00021205588
0.00021205645
0.00021207028
0.00021210082
0.00061903786
0.00062110078
0.0006239031
0.0030873692
0.0031003786
0.0078960913
0.0079120216
0.012032232
0.011641037
0.011637272
0.0077639132
0.0012316188
0.00036728487
0.00020242193
0.00020224497
0.00020193106
0.00020181259
0.0002015509
0.00020140365
0.00020140329
0.00020126498
0.00020114215
0.00020114186
0.00020103101
0.0002010307
0.00020091562
0.00020091521
0.00020091497
0.00020079078
0.00020079032
0.00020079009
0.00020079005
0.00020079012
0.00020067275
0.00020067263
0.00020067268
0.00020067282
0.00020067301
0.00020067322
0.0002006734
0.00020067354
0.00020057758
0.00020057762
0.00020057764
0.00020057764
0.0002005776
0.0002005775
0.00020057733
0.00020057709
0.00020057678
0.0002005764
0.00020057594
0.00020057541
0.0002005748
0.00020057413
0.00020057339
0.00020057257
0.0002005717
0.00020057075
0.00020056974
0.00020056867
0.00020056753
0.00020056632
0.00020056505
0.00020037256
0.00020037032
0.00020036815
0.00020036605
0.00020036401
0.00020036204
0.00020036012
0.00020035826
0.00020035645
0.0002003547
0.00020370523
0.00020368934
0.0002036734
0.0002036574
0.0002036413
0.0002036251
0.00020360876
0.00020359226
0.00020357559
0.00020280288
0.00020279624
0.00020278951
0.00020278269
0.00020277576
0.00020276869
0.00020276146
0.00020275407
0.00020274647
0.00020273865
0.00020273059
0.00020272225
0.00020271362
0.00020270466
0.00020269536
0.00020268572
0.00020267572
0.00020266542
0.00020265485
0.00020264414
0.00020263344
0.00020262297
0.00020261302
0.00020260396
0.00020259627
0.00020569453
0.00020567404
0.00020565455
0.00020563696
0.00020562257
0.00020561308
0.00020561066
0.00020561783
0.00021201881
0.00021201561
0.00021202649
0.0002120556
0.00061747951
0.00061944914
0.00062223739
0.003081651
0.0030947584
0.0078895857
0.0079057538
0.012033922
0.01204051
0.011641566
0.007762218
0.0012274455
0.00036544456
0.00020242281
0.00020224621
0.00020193204
0.00020181345
0.00020155129
0.0002014038
0.00020126533
0.00020126499
0.00020114204
0.00020114177
0.0002010308
0.0002010305
0.00020091518
0.0002009148
0.0002009146
0.00020079007
0.00020078965
0.00020078949
0.00020078952
0.00020067228
0.00020067199
0.00020067196
0.00020067209
0.00020067232
0.00020067259
0.00020067286
0.0002006731
0.00020057711
0.00020057717
0.00020057725
0.00020057732
0.00020057736
0.00020057735
0.00020057728
0.00020057714
0.00020057693
0.00020057664
0.00020057627
0.00020057583
0.00020057531
0.00020057471
0.00020057405
0.00020057332
0.00020057251
0.00020057164
0.0002005707
0.0002005697
0.00020056862
0.00020056749
0.00020056628
0.00020056501
0.00020056367
0.00020037034
0.00020036816
0.00020036606
0.00020036402
0.00020036203
0.00020036011
0.00020035825
0.00020035644
0.00020035468
0.00020370375
0.00020368792
0.00020367204
0.00020365608
0.00020364003
0.00020362386
0.00020360755
0.00020359109
0.00020357443
0.00020280161
0.00020279488
0.00020278806
0.00020278114
0.00020277409
0.0002027669
0.00020275954
0.00020275199
0.00020274422
0.00020273621
0.00020272794
0.00020271937
0.00020271046
0.00020270121
0.00020269157
0.00020268154
0.00020267111
0.00020266029
0.00020264915
0.00020263777
0.00020262629
0.00020261493
0.00020260395
0.00020259374
0.00020258479
0.00020257781
0.0002025737
0.00020563631
0.00020561604
0.00020559873
0.00020558624
0.00020558102
0.000205586
0.00021197871
0.00021197091
0.00021197798
0.00021200495
0.0006157285
0.00061756942
0.00062031654
0.003075023
0.0030881474
0.0031053165
0.0078982717
0.012035184
0.012041724
0.011645831
0.0077602663
0.0012230087
0.00036349351
0.00020242366
0.00020224744
0.00020193301
0.0002018143
0.00020155166
0.00020140391
0.00020126528
0.00020126496
0.00020114188
0.00020103095
0.00020103054
0.00020103027
0.00020091467
0.00020091433
0.00020091419
0.00020078926
0.0002007889
0.00020078882
0.00020078895
0.00020067138
0.00020067117
0.00020067122
0.00020067145
0.00020067178
0.00020067214
0.00020057654
0.00020057652
0.00020057661
0.00020057674
0.00020057687
0.000200577
0.00020057708
0.00020057711
0.00020057707
0.00020057695
0.00020057676
0.00020057649
0.00020057614
0.00020057571
0.00020057521
0.00020057463
0.00020057397
0.00020057325
0.00020057245
0.00020057158
0.00020057065
0.00020056965
0.00020056858
0.00020056745
0.00020056625
0.00020056498
0.00020056364
0.00020037035
0.00020036817
0.00020036606
0.00020036402
0.00020036203
0.00020036011
0.00020035824
0.00020035642
0.00020035467
0.00020370219
0.00020368642
0.0002036706
0.0002036547
0.0002036387
0.00020362258
0.00020360631
0.00020358987
0.00020280708
0.00020280035
0.00020279353
0.00020278662
0.00020277959
0.00020277243
0.00020276511
0.00020275761
0.0002027499
0.00020274197
0.00020273378
0.00020272529
0.00020271648
0.00020270731
0.00020269775
0.00020268776
0.00020267733
0.00020266645
0.00020265511
0.00020264336
0.00020263127
0.00020261896
0.00020260662
0.00020259452
0.00020258302
0.00020257265
0.00020256415
0.00020255852
0.00020255702
0.00020559405
0.00020557339
0.00020555737
0.00020554872
0.00020555088
0.00020556762
0.0002119222
0.00021192444
0.00021194834
0.00021199974
0.00061544047
0.00061811073
0.00062201338
0.0030804221
0.0030980855
0.0078894211
0.012035942
0.012042416
0.011650045
0.0077580585
0.0036087102
0.00036143411
0.00020242447
0.00020224866
0.00020193397
0.00020169041
0.00020155199
0.00020140398
0.0002012652
0.00020126489
0.00020114168
0.00020103063
0.00020103023
0.00020091468
0.0002009141
0.0002009138
0.00020078907
0.00020078836
0.00020078806
0.00020078809
0.00020067089
0.00020067037
0.00020067026
0.00020067043
0.00020067078
0.00020067121
0.00020057594
0.00020057585
0.00020057592
0.00020057608
0.00020057628
0.00020057648
0.00020057666
0.00020057679
0.00020057685
0.00020057685
0.00020057676
0.0002005766
0.00020057635
0.00020057602
0.0002005756
0.00020057511
0.00020057454
0.0002005739
0.00020057318
0.00020057239
0.00020057153
0.0002005706
0.00020056961
0.00020056854
0.00020056741
0.00020056621
0.00020056495
0.00020056361
0.00020056221
0.00020036818
0.00020036606
0.00020036401
0.00020036202
0.0002003601
0.00020035822
0.00020035641
0.00020035465
0.00020370054
0.00020368485
0.0002036691
0.00020365326
0.00020363732
0.00020362124
0.00020360502
0.00020358863
0.0002028059
0.00020279909
0.00020279219
0.00020278518
0.00020277805
0.00020277077
0.00020276333
0.0002027557
0.00020274784
0.00020273974
0.00020273136
0.00020272266
0.00020271361
0.00020270417
0.0002026943
0.00020268397
0.00020267314
0.00020266178
0.00020264991
0.00020263752
0.00020262468
0.00020261149
0.00020259811
0.00020258478
0.00020257186
0.00020255989
0.00020254964
0.00020254221
0.00020253903
0.00020254185
0.00020554664
0.00020552648
0.00020551368
0.00020551223
0.00020552674
0.00021186938
0.00021186551
0.00021188515
0.00021193567
0.00061304022
0.00061558703
0.00061953332
0.0030714459
0.0030895509
0.0078790305
0.0079018678
0.012042508
0.011654194
0.0077555973
0.0036013348
0.00035926876
0.00020242524
0.00020224987
0.00020193492
0.00020169099
0.0002015523
0.00020140401
0.00020126507
0.00020114178
0.00020114144
0.00020103024
0.00020102986
0.00020091401
0.00020091344
0.0002009132
0.00020078802
0.00020078734
0.00020078714
0.00020078729
0.00020066969
0.00020066926
0.00020066927
0.00020066958
0.00020067006
0.00020057536
0.00020057511
0.00020057511
0.00020057527
0.00020057552
0.0002005758
0.00020057607
0.00020057631
0.00020057649
0.0002005766
0.00020057663
0.00020057658
0.00020057643
0.00020057621
0.00020057589
0.00020057549
0.00020057501
0.00020057446
0.00020057382
0.00020057311
0.00020057233
0.00020057148
0.00020057056
0.00020056956
0.0002005685
0.00020056738
0.00020056618
0.00020056492
0.00020056359
0.00020056219
0.00020036818
0.00020036606
0.00020036401
0.00020036201
0.00020036008
0.00020035821
0.00020035639
0.00020035462
0.00020369882
0.00020368321
0.00020366753
0.00020365177
0.00020363588
0.00020361987
0.0002036037
0.00020281155
0.00020280474
0.00020279784
0.00020279086
0.00020278376
0.00020277653
0.00020276915
0.00020276158
0.00020275381
0.00020274581
0.00020273754
0.00020272898
0.00020272007
0.00020271078
0.00020270108
0.0002026909
0.00020268022
0.00020266898
0.00020265716
0.00020264473
0.00020263169
0.00020261807
0.00020260395
0.00020258946
0.00020257481
0.00020256033
0.00020254656
0.00020253431
0.00020252476
0.00020251952
0.00020252065
0.00020253043
0.00020549363
0.00020547583
0.00020546981
0.00020548121
0.00020551565
0.00021180087
0.00021181473
0.00021186329
0.00061034709
0.00061271028
0.00061666376
0.0030610646
0.0030795301
0.0078669136
0.0078906327
0.012041918
0.011658274
0.0077528957
0.0035935497
0.00035699901
0.00020242596
0.00020225104
0.00020193583
0.00020169154
0.00020155256
0.000201404
0.00020126489
0.00020114147
0.00020114114
0.00020102979
0.00020102944
0.00020091325
0.0002009127
0.00020091253
0.00020078682
0.00020078621
0.00020078613
0.00020066935
0.00020066836
0.00020066803
0.00020066819
0.00020066867
0.00020057491
0.00020057436
0.0002005742
0.00020057431
0.00020057458
0.00020057493
0.00020057531
0.00020057566
0.00020057596
0.00020057619
0.00020057635
0.00020057641
0.00020057639
0.00020057627
0.00020057607
0.00020057577
0.00020057539
0.00020057492
0.00020057438
0.00020057375
0.00020057305
0.00020057228
0.00020057143
0.00020057051
0.00020056952
0.00020056847
0.00020056735
0.00020056615
0.00020056489
0.00020056356
0.00020056217
0.0002005607
0.00020036605
0.000200364
0.000200362
0.00020036007
0.00020035819
0.00020035637
0.0002003546
0.00020168526
0.00020167733
0.00020166934
0.00020166127
0.00020165313
0.00020164488
0.00020163653
0.00020151643
0.00020151563
0.00020151474
0.00020151374
0.00020151264
0.00020151143
0.0002015101
0.00020150865
0.00020150706
0.00020150534
0.00020150347
0.00020150145
0.00020149927
0.00020149692
0.0002014944
0.00020149171
0.00020267654
0.0002026649
0.0002026526
0.00020263961
0.0002026259
0.00020261149
0.0002025964
0.00020258074
0.00020256467
0.00020254851
0.00020253275
0.00020251823
0.00020250619
0.00020249845
0.00020249741
0.00020250588
0.00020545892
0.00020543513
0.00020542337
0.0002054305
0.00020546376
0.0002117302
0.00021173635
0.00021178145
0.00021187558
0.0006094422
0.00061335163
0.003049112
0.0030678172
0.0078528582
0.0078774603
0.012040566
0.01166229
0.0077499711
0.0035853678
0.00035462638
0.00020242661
0.00020225217
0.00020193671
0.00020169205
0.00020155278
0.00020140392
0.00020126465
0.0002011411
0.00020114079
0.00020102927
0.00020102895
0.00020091237
0.00020091186
0.00020078679
0.00020078547
0.00020078494
0.00020078501
0.00020066782
0.00020066687
0.00020066668
0.00020066703
0.0002006677
0.00020057374
0.00020057327
0.00020057322
0.00020057346
0.00020057386
0.00020057433
0.0002005748
0.00020057524
0.00020057561
0.0002005759
0.0002005761
0.0002005762
0.00020057621
0.00020057612
0.00020057593
0.00020057566
0.00020049341
0.00020049328
0.00020049309
0.00020049283
0.0002004925
0.00020049212
0.00020049166
0.00020049114
0.00020049056
0.00020048992
0.00020048921
0.00020048845
0.00020048762
0.00020048673
0.00020048578
0.00020048477
0.00020032246
0.00020032031
0.00020031824
0.00020031623
0.00020031428
0.00020031239
0.00020031055
0.00020168461
0.00020167669
0.00020166872
0.00020166067
0.00020165253
0.00020164429
0.00020151659
0.00020151585
0.00020151501
0.00020151407
0.00020151302
0.00020151187
0.00020151059
0.0002015092
0.00020150767
0.000201506
0.00020150419
0.00020150221
0.00020150007
0.00020149775
0.00020149524
0.00020149254
0.00020148964
0.00020148655
0.00020148326
0.00020147982
0.00020147627
0.00020147269
0.00020146919
0.00020258891
0.00020257202
0.00020255446
0.00020253648
0.00020251854
0.00020250145
0.00020248652
0.00020247576
0.00020247198
0.00020247861
0.00020249907
0.0002053916
0.00020537268
0.00020537406
0.0002054051
0.00020547308
0.00021164921
0.00021168882
0.00021178568
0.00060574022
0.00060953404
0.00061585874
0.0030541623
0.0030821699
0.007862079
0.012038368
0.011666258
0.0077468475
0.0035767992
0.00035215188
0.0002024272
0.00020225327
0.00020193755
0.00020169252
0.00020155294
0.00020140379
0.00020126435
0.00020114066
0.00020102931
0.00020102867
0.00020091244
0.00020091138
0.00020091092
0.00020078528
0.00020078395
0.00020078352
0.00020066804
0.00020066607
0.0002006652
0.0002006652
0.00020066578
0.00020057345
0.00020057243
0.00020057206
0.00020057216
0.00020057255
0.0002005731
0.0002005737
0.00020057429
0.00020057481
0.00020057526
0.00020057561
0.00020049248
0.00020049265
0.00020049283
0.00020049297
0.00020049307
0.00020049312
0.00020049309
0.000200493
0.00020049284
0.00020049261
0.00020049231
0.00020049194
0.00020049151
0.000200491
0.00020049043
0.0002004898
0.00020048911
0.00020048835
0.00020048753
0.00020048665
0.0002004857
0.00020048469
0.00020048363
0.00020032033
0.00020031825
0.00020031623
0.00020031428
0.00020031238
0.00020031054
0.00020168393
0.00020167604
0.00020166808
0.00020166005
0.00020165192
0.00020164369
0.00020151606
0.00020151528
0.0002015144
0.00020151341
0.00020151232
0.00020151111
0.00020150978
0.00020150831
0.00020150671
0.00020150496
0.00020150305
0.00020150097
0.00020149871
0.00020149625
0.00020149358
0.0002014907
0.00020148759
0.00020148425
0.00020148068
0.00020147691
0.00020147297
0.00020146894
0.00020146492
0.0002014611
0.00020145774
0.00020145518
0.00020252436
0.00020250405
0.00020248409
0.00020246583
0.00020245144
0.00020244418
0.00020244829
0.0002024682
0.00020250682
0.00020531753
0.00020531126
0.00020533863
0.00020540973
0.00021155251
0.00021158385
0.0002116823
0.00060155901
0.00060514247
0.00061169583
0.0030382963
0.0030677696
0.0078441953
0.012035231
0.011670207
0.0077435585
0.0035678573
0.00034957562
0.0002024277
0.00020225431
0.00020193835
0.00020169294
0.00020155305
0.00020140359
0.00020126398
0.00020114014
0.00020102863
0.00020102798
0.00020091135
0.00020091025
0.00020090986
0.00020078355
0.00020078221
0.00020078195
0.00020066615
0.00020066409
0.00020066334
0.00020066358
0.00020057382
0.00020057196
0.00020057098
0.00020057074
0.00020057102
0.0002005716
0.00020057232
0.00020057306
0.00020057377
0.00020049142
0.00020049139
0.00020049153
0.00020049177
0.00020049204
0.00020049229
0.00020049251
0.00020049267
0.00020049276
0.00020049278
0.00020049273
0.0002004926
0.0002004924
0.00020049212
0.00020049177
0.00020049135
0.00020049086
0.00020049031
0.00020048969
0.000200489
0.00020048825
0.00020048744
0.00020048656
0.00020048562
0.00020048462
0.00020048356
0.00020032034
0.00020031825
0.00020031623
0.00020031427
0.00020031237
0.00020031052
0.00020168324
0.00020167537
0.00020166743
0.00020165942
0.00020165131
0.00020151625
0.00020151553
0.00020151472
0.0002015138
0.00020151277
0.00020151163
0.00020151037
0.00020150897
0.00020150745
0.00020150577
0.00020150394
0.00020150194
0.00020149975
0.00020149737
0.00020149477
0.00020149195
0.00020148889
0.00020148556
0.00020148198
0.00020147812
0.000201474
0.00020146966
0.00020146515
0.00020146057
0.00020145611
0.00020145202
0.00020144868
0.0002014466
0.00020248939
0.00020246627
0.0002024442
0.00020242549
0.00020241386
0.00020241455
0.00020243336
0.00020247433
0.0002052578
0.00020524141
0.0002052631
0.00020533699
0.00020546679
0.00021146471
0.00021156292
0.00021175428
0.0006000939
0.00060683261
0.0030198936
0.0030508077
0.0078234447
0.012031058
0.011674178
0.0077401495
0.0035585579
0.00034689798
0.00020242813
0.00020225529
0.00020193909
0.0002016933
0.0002015531
0.00020140333
0.00020126354
0.00020113955
0.00020102785
0.0002010272
0.00020091009
0.00020090897
0.00020078436
0.00020078156
0.00020078025
0.00020066778
0.00020066398
0.00020066183
0.00020066126
0.00020066182
0.00020057224
0.00020057027
0.00020056936
0.0002005693
0.0002005698
0.0002005706
0.00020057151
0.00020057242
0.0002004905
0.00020049031
0.00020049041
0.00020049068
0.00020049103
0.0002004914
0.00020049175
0.00020049204
0.00020049226
0.00020049241
0.00020049248
0.00020049246
0.00020049236
0.00020049219
0.00020049193
0.0002004916
0.0002004912
0.00020049073
0.00020049019
0.00020048958
0.0002004889
0.00020048816
0.00020048735
0.00020048648
0.00020048555
0.00020048455
0.00020048349
0.00020048237
0.00020031825
0.00020031622
0.00020031426
0.00020031235
0.0002003105
0.00020168253
0.00020167469
0.00020166677
0.00020165878
0.00020151643
0.00020151578
0.00020151502
0.00020151417
0.00020151321
0.00020151214
0.00020151096
0.00020150964
0.0002015082
0.0002015066
0.00020150486
0.00020150294
0.00020150085
0.00020149856
0.00020149606
0.00020149333
0.00020149036
0.00020148711
0.00020148358
0.00020147974
0.00020147559
0.00020147112
0.00020146635
0.00020146134
0.00020145617
0.00020145101
0.00020144611
0.00020144189
0.00020143889
0.00020143782
0.00020143942
0.00020242179
0.00020239797
0.00020238089
0.00020237695
0.00020239386
0.00020243735
0.00020250697
0.00020516377
0.00020517696
0.00020525304
0.00020539783
0.00021132926
0.00021142442
0.00021163428
0.00059429507
0.00060114507
0.0029985779
0.0030308436
0.0077994113
0.012025739
0.012035322
0.011664945
0.0035489201
0.00034411858
0.00020242847
0.00020225621
0.00020193978
0.0002016936
0.00020140343
0.00020126347
0.00020126302
0.00020113887
0.00020102695
0.0002010263
0.00020090865
0.00020090751
0.00020078234
0.00020077925
0.00020077801
0.00020066575
0.00020066147
0.00020065924
0.00020065893
0.00020057377
0.00020057044
0.00020056836
0.00020056754
0.00020056772
0.0002005685
0.00020056956
0.00020049085
0.00020048969
0.00020048918
0.00020048913
0.00020048938
0.0002004898
0.00020049028
0.00020049076
0.0002004912
0.00020049157
0.00020049186
0.00020049206
0.00020049217
0.0002004922
0.00020049213
0.00020049198
0.00020049175
0.00020049144
0.00020049105
0.0002004906
0.00020049007
0.00020048947
0.0002004888
0.00020048807
0.00020048727
0.00020048641
0.00020048548
0.00020048449
0.00020048343
0.00020048231
0.00020048112
0.00020031621
0.00020031424
0.00020031233
0.00020031048
0.0002016818
0.00020167399
0.0002016661
0.00020165813
0.000201516
0.00020151531
0.00020151453
0.00020151364
0.00020151265
0.00020151154
0.00020151031
0.00020150894
0.00020150744
0.00020150579
0.00020150397
0.00020150198
0.0002014998
0.00020149741
0.0002014948
0.00020149194
0.00020148881
0.00020148538
0.00020148164
0.00020147755
0.0002014731
0.00020146828
0.00020146308
0.00020145755
0.00020145174
0.00020144583
0.00020144005
0.00020143483
0.00020143077
0.00020142869
0.00020142947
0.00020143387
0.00020236902
0.00020234517
0.00020233501
0.00020234888
0.00020239506
0.00020247296
0.0002025727
0.00020507829
0.00020515554
0.00020531861
0.00021117504
0.00021126282
0.00021149358
0.00058763737
0.00059448686
0.0029739079
0.0030073419
0.0077715882
0.0078194459
0.012029097
0.01166768
0.0035389673
0.00034123687
0.00020242872
0.00020225707
0.0002019404
0.00020169384
0.000201403
0.00020126286
0.00020113872
0.00020113809
0.00020102592
0.00020102528
0.00020090699
0.00020090584
0.00020077999
0.00020077657
0.00020077547
0.00020066342
0.00020065854
0.00020065626
0.00020057686
0.00020057212
0.00020056839
0.00020056617
0.00020056552
0.00020056601
0.00020056713
0.00020049124
0.00020048923
0.00020048812
0.00020048773
0.00020048786
0.00020048829
0.00020048888
0.00020048951
0.00020049011
0.00020049065
0.00020049111
0.00020049146
0.00020049172
0.00020049188
0.00020049194
0.0002004919
0.00020049178
0.00020049157
0.00020049128
0.00020049091
0.00020049047
0.00020048995
0.00020048936
0.00020048871
0.00020048798
0.00020048719
0.00020048633
0.00020048541
0.00020048442
0.00020048337
0.00020048225
0.00020048107
0.0002003162
0.00020031422
0.00020031231
0.00020031045
0.00020168105
0.00020167328
0.00020166542
0.00020151619
0.00020151558
0.00020151487
0.00020151405
0.00020151314
0.0002015121
0.00020151096
0.00020150968
0.00020150827
0.00020150671
0.000201505
0.00020150312
0.00020150106
0.00020149879
0.00020149631
0.00020149358
0.00020149059
0.00020148731
0.00020148372
0.00020147977
0.00020147544
0.00020147069
0.00020146551
0.00020145987
0.0002014538
0.00020144733
0.0002014406
0.00020143386
0.00020142751
0.00020142224
0.00020141898
0.00020141879
0.00020142253
0.00020143056
0.00020230668
0.00020228821
0.00020229735
0.0002023464
0.00020243466
0.00020254714
0.00020496472
0.00020504138
0.00020522743
0.00020548956
0.00021107302
0.00021132742
0.00021174752
0.00058667293
0.00060048398
0.0029796429
0.0077393813
0.0077910578
0.012021498
0.011670516
0.0035287249
0.00033825249
0.00020242887
0.00020225785
0.00020194096
0.00020169401
0.00020140249
0.00020126216
0.00020113786
0.0002011372
0.00020102474
0.00020090786
0.00020090507
0.00020078366
0.00020077724
0.00020077343
0.00020066856
0.00020066074
0.0002006551
0.00020065281
0.00020057564
0.00020057027
0.00020056602
0.00020056366
0.00020056324
0.00020056416
0.00020049268
0.00020048951
0.00020048741
0.00020048637
0.00020048616
0.00020048651
0.00020048716
0.00020048794
0.00020048873
0.00020048946
0.00020049011
0.00020049065
0.00020049107
0.00020049138
0.00020049159
0.00020049168
0.00020049168
0.00020049159
0.0002004914
0.00020049113
0.00020049078
0.00020049035
0.00020048984
0.00020048926
0.00020048862
0.0002004879
0.00020048712
0.00020048626
0.00020048535
0.00020048436
0.00020048332
0.0002004822
0.00020048102
0.00020047978
0.0002003142
0.00020031228
0.00020031043
0.00020168029
0.00020167255
0.00020166473
0.00020151582
0.00020151518
0.00020151444
0.0002015136
0.00020151265
0.00020151158
0.00020151039
0.00020150908
0.00020150762
0.00020150602
0.00020150425
0.0002015023
0.00020150017
0.00020149782
0.00020149525
0.00020149242
0.00020148931
0.00020148589
0.00020148212
0.00020147797
0.0002014734
0.00020146836
0.00020146283
0.00020145675
0.00020145012
0.00020144297
0.00020143538
0.00020142758
0.00020141998
0.00020141331
0.00020140866
0.00020140734
0.00020141036
0.00020141788
0.00020142955
0.00020223602
0.00020223788
0.00020228996
0.00020239162
0.0002025196
0.0002026527
0.00020490638
0.00020512251
0.000205428
0.00021084821
0.00021112966
0.00021162426
0.00057747573
0.00059259981
0.0029469296
0.0077020465
0.0077578648
0.012012359
0.011673558
0.003518223
0.0011543897
0.00020242891
0.00020225855
0.00020194145
0.00020169411
0.00020140188
0.00020126135
0.00020113687
0.0002011362
0.00020102338
0.00020090599
0.00020090282
0.00020078162
0.00020077398
0.00020076972
0.00020066691
0.00020065766
0.00020065101
0.0002005806
0.00020057434
0.00020056819
0.00020056326
0.00020056075
0.0002005607
0.0002004955
0.00020049105
0.00020048755
0.00020048535
0.00020048442
0.00020048445
0.00020048507
0.00020048598
0.00020048697
0.00020048794
0.00020048881
0.00020048957
0.0002004902
0.00020049069
0.00020049106
0.00020049131
0.00020049144
0.00020049147
0.0002004914
0.00020049124
0.00020049098
0.00020049065
0.00020049023
0.00020048974
0.00020048917
0.00020048853
0.00020048782
0.00020048704
0.0002004862
0.00020048529
0.00020048431
0.00020048327
0.00020048216
0.00020048098
0.00020047973
0.00020031417
0.00020031225
0.00020031039
0.00020093071
0.00020093257
0.00020099384
0.00020099433
0.00020099472
0.00020099503
0.00020099524
0.00020099536
0.00020099539
0.00020099532
0.00020099516
0.0002009949
0.00020099455
0.00020099409
0.00020099354
0.00020099289
0.00020099215
0.00020099132
0.00020149131
0.00020148808
0.00020148453
0.0002014806
0.00020147626
0.00020147146
0.00020146614
0.00020146025
0.00020145374
0.00020144656
0.0002014387
0.00020143022
0.00020142128
0.00020141228
0.000201404
0.00020139771
0.00020139505
0.00020139733
0.00020140442
0.00020141499
0.0002014295
0.00020216867
0.00020222383
0.00020234339
0.0002024906
0.00020263442
0.00020474462
0.00020500194
0.00020536235
0.00021057944
0.00021089214
0.0002114839
0.00056660935
0.00058320499
0.0029081767
0.0029802477
0.0077189506
0.012001481
0.011676936
0.0077008051
0.0011468227
0.00020242885
0.00020225918
0.00020182202
0.0002015527
0.00020140117
0.00020126042
0.00020113574
0.00020102368
0.00020102181
0.0002009038
0.00020090018
0.00020077935
0.00020077008
0.00020076528
0.00020066521
0.0002006541
0.00020064607
0.00020057981
0.00020057299
0.00020056586
0.00020056003
0.00020055736
0.00020049961
0.00020049423
0.00020048921
0.00020048531
0.00020048301
0.00020048226
0.00020048261
0.00020048356
0.00020048477
0.000200486
0.00020048716
0.00020048818
0.00020048905
0.00020048976
0.00020049033
0.00020049075
0.00020049104
0.00020049121
0.00020049127
0.00020049123
0.00020049108
0.00020039611
0.00020039616
0.00020039615
0.00020039609
0.00020039596
0.00020039577
0.00020039552
0.00020039521
0.00020039484
0.00020039441
0.00020039393
0.00020039338
0.00020039278
0.00020039212
0.00020039141
0.00020039063
0.00020025777
0.00020025593
0.00020093049
0.00020093237
0.00020099355
0.00020099402
0.00020099439
0.00020099467
0.00020099485
0.00020099494
0.00020099494
0.00020099483
0.00020099462
0.00020099431
0.00020099389
0.00020099337
0.00020099274
0.000200992
0.00020099116
0.00020099021
0.00020098917
0.00020098804
0.00020098685
0.00020098564
0.00020098446
0.00020098341
0.00020098261
0.00020098225
0.00020098262
0.00020144314
0.00020143457
0.00020142516
0.00020141501
0.00020140447
0.00020139433
0.00020138607
0.00020138182
0.00020138336
0.00020139027
0.00020139965
0.00020141034
0.00020208742
0.00020214545
0.00020228969
0.00020246106
0.00020261428
0.0002045476
0.00020486431
0.00020529506
0.00020570413
0.00021060367
0.00021132636
0.00055370525
0.00057197598
0.0028620875
0.002942244
0.0076731386
0.011988626
0.011680826
0.0076959812
0.0011390246
0.00020242868
0.00020225972
0.00020182225
0.00020155227
0.00020140034
0.00020125936
0.00020113446
0.00020102209
0.00020101999
0.00020090124
0.00020089703
0.00020077684
0.00020076536
0.00020067578
0.00020066355
0.00020065002
0.00020064
0.00020057899
0.00020057164
0.00020056326
0.00020055618
0.00020055336
0.00020049884
0.00020049284
0.00020048711
0.00020048271
0.00020048034
0.00020047986
0.00020048062
0.00020048199
0.00020048353
0.00020048503
0.00020048639
0.00020048756
0.00020039372
0.00020039356
0.00020039367
0.00020039392
0.00020039424
0.00020039458
0.0002003949
0.00020039519
0.00020039542
0.00020039559
0.0002003957
0.00020039574
0.00020039571
0.00020039562
0.00020039546
0.00020039524
0.00020039496
0.00020039461
0.0002003942
0.00020039373
0.0002003932
0.00020039261
0.00020039197
0.00020039126
0.0002003905
0.00020025778
0.00020025593
0.00020093025
0.00020099273
0.00020099327
0.00020099372
0.00020099407
0.00020099432
0.00020099448
0.00020099454
0.00020099449
0.00020099434
0.00020099409
0.00020099373
0.00020099325
0.00020099266
0.00020099195
0.00020099112
0.00020099017
0.0002009891
0.00020098792
0.00020098662
0.00020098523
0.00020098379
0.00020098234
0.00020098097
0.00020097981
0.00020097907
0.00020097905
0.00020098017
0.00020098293
0.00020098785
0.00020140886
0.00020139664
0.00020138437
0.00020137373
0.00020136751
0.00020136835
0.00020137555
0.00020138391
0.0002013893
0.00020140129
0.00020205137
0.00020223064
0.00020243237
0.00020259232
0.000202737
0.0002047101
0.00020523036
0.0002056703
0.00021024903
0.0002111543
0.00053827754
0.00055849709
0.0028069622
0.0028964185
0.0076189293
0.011973488
0.011685435
0.0076915357
0.0011309996
0.00020242839
0.00020226017
0.0002018224
0.00020155173
0.00020139938
0.00020125816
0.00020113298
0.00020102025
0.00020101787
0.0002008982
0.00020089324
0.00020077417
0.00020075956
0.0002006756
0.00020066206
0.0002006454
0.00020058473
0.00020057815
0.00020057034
0.00020056039
0.00020055154
0.00020050391
0.00020049808
0.00020049135
0.0002004847
0.00020047969
0.00020047727
0.00020047719
0.0002004785
0.00020048036
0.00020048229
0.00020039527
0.00020039342
0.00020039241
0.00020039203
0.00020039207
0.00020039236
0.00020039278
0.00020039325
0.00020039372
0.00020039415
0.00020039453
0.00020039484
0.00020039508
0.00020039524
0.00020039533
0.00020039535
0.00020039529
0.00020039517
0.00020039497
0.00020039471
0.00020039438
0.00020039399
0.00020039354
0.00020039303
0.00020039245
0.00020039181
0.00020039112
0.00020039036
0.00020038954
0.00020025592
0.00020093
0.00020099248
0.000200993
0.00020099343
0.00020099376
0.00020099398
0.00020099411
0.00020099414
0.00020099406
0.00020099387
0.00020099357
0.00020099316
0.00020099262
0.00020099197
0.00020099118
0.00020099026
0.0002009892
0.00020098801
0.00020098667
0.0002009852
0.00020098361
0.00020098191
0.00020098016
0.00020097844
0.00020097687
0.00020097568
0.00020097519
0.00020097588
0.00020097838
0.00020098338
0.00020099141
0.00020100247
0.0002013742
0.00020136066
0.0002013519
0.00020135207
0.00020136038
0.00020136836
0.000201367
0.00020136453
0.00020141497
0.00020216757
0.00020240632
0.00020256891
0.0002026949
0.00020454525
0.00020517473
0.00020562693
0.0002098077
0.00021097631
0.000212134
0.00054226426
0.00058637647
0.0028408045
0.0075543317
0.01195568
0.011691046
0.0076876645
0.0011227577
0.00020242797
0.00020226053
0.00020182246
0.00020155109
0.00020139827
0.00020125678
0.0002011313
0.00020101809
0.00020090512
0.00020089455
0.00020078975
0.00020077148
0.00020075232
0.00020067552
0.00020066096
0.00020064042
0.00020058314
0.00020057731
0.00020056918
0.00020055732
0.00020050887
0.00020050343
0.00020049737
0.00020048973
0.00020048192
0.00020047612
0.00020047371
0.00020047424
0.00020047626
0.00020040007
0.00020039596
0.00020039302
0.00020039123
0.00020039039
0.00020039023
0.0002003905
0.000200391
0.00020039161
0.00020039225
0.00020039285
0.0002003934
0.00020039387
0.00020039426
0.00020039457
0.00020039479
0.00020039493
0.00020039499
0.00020039497
0.00020039487
0.00020039471
0.00020039447
0.00020039416
0.00020039379
0.00020039335
0.00020039285
0.00020039229
0.00020039166
0.00020039098
0.00020039023
0.00020038942
0.0002002559
0.00020099163
0.00020099223
0.00020099274
0.00020099315
0.00020099346
0.00020099366
0.00020099376
0.00020099376
0.00020099364
0.00020099342
0.00020099307
0.00020099261
0.00020099201
0.00020099129
0.00020099042
0.00020098941
0.00020098825
0.00020098693
0.00020098544
0.00020098379
0.00020098198
0.00020098002
0.00020097795
0.00020097584
0.00020097382
0.00020097209
0.00020097102
0.00020097114
0.00020097324
0.00020097821
0.00020098683
0.00020099925
0.00020101462
0.00020103093
0.00020133472
0.00020133417
0.00020134486
0.00020135373
0.00020134483
0.00020131953
0.00020136471
0.00020210444
0.00020238489
0.00020254546
0.00020263054
0.00020294372
0.00020513621
0.00020556544
0.00020603877
0.0002108121
0.00021215083
0.00052267077
0.00057603314
0.0027727696
0.0074766734
0.011934704
0.011698009
0.0076846287
0.0011143093
0.00020254177
0.00020217289
0.00020182243
0.00020155031
0.00020139701
0.00020125521
0.00020112934
0.00020101554
0.00020090363
0.00020089013
0.00020079062
0.00020076912
0.00020068725
0.00020067546
0.00020066047
0.00020059347
0.00020058072
0.00020057652
0.00020056824
0.00020055424
0.00020050793
0.00020050301
0.00020049674
0.00020048797
0.0002004787
0.00020047186
0.00020046959
0.00020040945
0.00020040349
0.000200398
0.00020039356
0.0002003905
0.00020038881
0.00020038819
0.00020038831
0.00020038885
0.0002003896
0.00020039042
0.00020039123
0.00020039198
0.00020039265
0.00020039322
0.00020039369
0.00020039407
0.00020039435
0.00020039453
0.00020039463
0.00020039465
0.00020039459
0.00020039445
0.00020039423
0.00020039395
0.00020039359
0.00020039317
0.00020039268
0.00020039213
0.00020039152
0.00020039084
0.0002003901
0.0002003893
0.00020038844
0.00020099142
0.000200992
0.00020099249
0.00020099288
0.00020099317
0.00020099335
0.00020099342
0.00020099339
0.00020099324
0.00020099298
0.00020099259
0.00020099207
0.00020099142
0.00020099063
0.00020098969
0.00020098859
0.00020098732
0.00020098587
0.00020098423
0.0002009824
0.00020098036
0.00020097813
0.00020097572
0.0002009732
0.00020097066
0.00020096831
0.00020096653
0.00020096592
0.00020096742
0.0002009722
0.00020098138
0.00020099532
0.00020101313
0.00020103244
0.0002010492
0.00020131408
0.00020132903
0.00020134087
0.00020132535
0.00020126675
0.00020130369
0.00020151188
0.00020236985
0.00020252679
0.00020253687
0.00020293606
0.00020512218
0.00020547369
0.00020593493
0.00021069728
0.00021218649
0.00049908329
0.00056453496
0.0026887202
0.0073823278
0.011909898
0.011706779
0.007682754
0.0011056695
0.00020253755
0.00020217288
0.00020182229
0.0002015494
0.00020139556
0.0002012534
0.00020112706
0.00020101249
0.00020090237
0.00020088474
0.00020079221
0.00020076769
0.00020068623
0.0002006752
0.00020066073
0.0002005932
0.00020057717
0.00020057593
0.00020056759
0.00020051605
0.0002005068
0.00020050272
0.00020049615
0.00020048605
0.00020047495
0.00020046674
0.00020041445
0.00020040825
0.00020040176
0.00020039567
0.00020039083
0.00020038768
0.00020038614
0.00020038582
0.00020038627
0.00020038714
0.00020038816
0.00020038922
0.00020039021
0.00020039112
0.0002003919
0.00020039258
0.00020039313
0.00020039358
0.00020039391
0.00020039415
0.00020039429
0.00020039434
0.00020039431
0.00020039419
0.000200394
0.00020039374
0.0002003934
0.000200393
0.00020039252
0.00020039198
0.00020039138
0.00020039071
0.00020038998
0.00020038919
0.00020038833
0.00020099121
0.00020099179
0.00020099226
0.00020099263
0.00020099289
0.00020099305
0.0002009931
0.00020099304
0.00020099286
0.00020099256
0.00020099213
0.00020099156
0.00020099086
0.00020099
0.00020098898
0.00020098779
0.00020098642
0.00020098484
0.00020098305
0.00020098103
0.00020097877
0.00020097625
0.00020097349
0.00020097052
0.00020096741
0.00020096436
0.00020096174
0.00020096019
0.00020096084
0.0002009652
0.00020097485
0.00020099048
0.00020101115
0.00020103421
0.00020105467
0.00020106491
0.00020131295
0.00020133056
0.00020131221
0.00020121714
0.00020124673
0.00020149715
0.00020236253
0.00020252267
0.00020249405
0.00020294802
0.00020513679
0.00020535312
0.00020580263
0.00021068019
0.0002122245
0.0004711256
0.00055209344
0.0025837937
0.0072661372
0.0075125786
0.01171796
0.0076824653
0.0010968567
0.00020253307
0.00020217275
0.00020182206
0.00020154834
0.00020139391
0.00020112823
0.00020112437
0.00020100878
0.00020090169
0.00020087818
0.00020079452
0.000200768
0.00020068461
0.0002006746
0.00020066172
0.00020059372
0.00020057555
0.00020057583
0.00020056729
0.00020051554
0.00020050575
0.00020050259
0.0002004955
0.00020048399
0.00020047067
0.00020041947
0.00020041346
0.00020040705
0.00020039986
0.00020039304
0.00020038772
0.00020038448
0.00020038318
0.00020038326
0.00020038413
0.00020038537
0.0002003867
0.00020038801
0.0002003892
0.00020039026
0.00020039118
0.00020039195
0.00020039259
0.0002003931
0.00020039349
0.00020039378
0.00020039396
0.00020039404
0.00020039404
0.00020039395
0.00020039378
0.00020039354
0.00020039322
0.00020039283
0.00020039237
0.00020039184
0.00020039125
0.00020039059
0.00020038987
0.00020038908
0.00020038823
0.00020099102
0.00020099158
0.00020099204
0.00020099239
0.00020099263
0.00020099277
0.0002009928
0.0002009927
0.00020099249
0.00020099215
0.00020099168
0.00020099107
0.00020099031
0.00020098939
0.0002009883
0.00020098703
0.00020098555
0.00020098385
0.00020098191
0.00020097971
0.00020097722
0.00020097441
0.00020097129
0.00020096784
0.00020096412
0.00020096028
0.00020095666
0.00020095394
0.00020095341
0.00020095703
0.000200967
0.00020098445
0.00020100841
0.000201036
0.00020106175
0.00020107321
0.00020106869
0.00020132331
0.00020130843
0.00020121138
0.00020124352
0.00020149321
0.00020174824
0.00020253683
0.0002026002
0.00020298172
0.00020357881
0.00020531426
0.00020579387
0.00021079383
0.00021222092
0.0004398662
0.00053884703
0.002451308
0.0071206681
0.0074247524
0.011901622
0.0076843222
0.0010878998
0.00020252833
0.0002021725
0.00020182171
0.0002015471
0.00020125157
0.0002011259
0.00020112115
0.00020100419
0.0002009021
0.00020087063
0.00020079724
0.00020077056
0.00020068484
0.00020067463
0.00020061896
0.00020059514
0.00020057967
0.00020057635
0.00020052952
0.00020051522
0.00020050556
0.00020050239
0.00020049467
0.00020048184
0.00020042646
0.00020041801
0.00020041259
0.00020040586
0.00020039777
0.00020039003
0.00020038415
0.00020038086
0.00020037991
0.0002003805
0.00020038188
0.00020038355
0.00020038523
0.0002003868
0.0002003882
0.00020038942
0.00020039047
0.00020039134
0.00020039206
0.00020039264
0.00020039309
0.00020039342
0.00020039364
0.00020039376
0.00020039378
0.00020039372
0.00020039357
0.00020039334
0.00020039304
0.00020039266
0.00020039222
0.0002003917
0.00020039112
0.00020039047
0.00020038976
0.00020038898
0.00020038813
0.00020099084
0.00020099139
0.00020099183
0.00020099216
0.00020099239
0.0002009925
0.00020099251
0.00020099239
0.00020099215
0.00020099177
0.00020099126
0.00020099061
0.0002009898
0.00020098882
0.00020098766
0.0002009863
0.00020098472
0.00020098291
0.00020098082
0.00020097844
0.00020097572
0.00020097263
0.00020096913
0.00020096519
0.00020096082
0.00020095611
0.00020095134
0.00020094718
0.00020094507
0.00020094748
0.00020095752
0.00020097694
0.00020100455
0.00020103728
0.00020107042
0.00020108432
0.00020107258
0.00020106573
0.00020131385
0.00020125417
0.00020129453
0.00020149981
0.00020173072
0.00020256048
0.00020268806
0.00020302179
0.00020356671
0.00020547425
0.00020602062
0.00020772083
0.00021210429
0.0002136261
0.0005238685
0.0022824027
0.0028178523
0.0073194285
0.011871161
0.0076890663
0.0010788375
0.00020252333
0.00020217214
0.00020182124
0.00020154566
0.00020124924
0.00020112323
0.00020101612
0.00020099842
0.0002009042
0.00020081502
0.00020079962
0.00020072291
0.00020068893
0.00020067681
0.00020061864
0.00020059685
0.00020058315
0.00020057725
0.00020052823
0.00020051507
0.0002005061
0.00020050184
0.00020049361
0.00020043855
0.00020042469
0.00020041653
0.00020041194
0.00020040465
0.00020039542
0.00020038654
0.00020037999
0.00020037672
0.0002003763
0.00020037756
0.00020037956
0.00020038172
0.00020038377
0.00020038562
0.00020038723
0.00020038862
0.00020038978
0.00020039076
0.00020039156
0.0002003922
0.0002003927
0.00020039308
0.00020039333
0.00020039348
0.00020039354
0.00020039349
0.00020039337
0.00020039316
0.00020039287
0.00020039251
0.00020039207
0.00020039157
0.000200391
0.00020039036
0.00020038965
0.00020038888
0.00020038804
0.00020099067
0.00020099121
0.00020099163
0.00020099195
0.00020099216
0.00020099225
0.00020099223
0.00020099209
0.00020099182
0.00020099141
0.00020099087
0.00020099017
0.00020098931
0.00020098828
0.00020098705
0.00020098561
0.00020098394
0.00020098201
0.00020097979
0.00020097723
0.00020097429
0.00020097091
0.00020096704
0.00020096261
0.00020095757
0.00020095192
0.00020094586
0.00020093996
0.00020093575
0.00020093633
0.00020094607
0.0002009676
0.00020099917
0.00020103714
0.0002010793
0.00020109854
0.00020107542
0.00020106579
0.00020106575
0.00020130177
0.00020134902
0.00020151197
0.00020171108
0.00020190412
0.0002027501
0.00020305312
0.00020352289
0.00020567873
0.00020630406
0.00020789852
0.00021200377
0.0002138542
0.0005031865
0.0020682754
0.0027869181
0.0071935282
0.011835035
0.0076977109
0.0010697193
0.00020251804
0.00020217165
0.00020182063
0.00020154399
0.00020124654
0.00020112017
0.00020101571
0.00020099113
0.00020090831
0.00020081802
0.00020080091
0.00020072656
0.00020069403
0.00020067979
0.00020061715
0.00020059827
0.0002005857
0.00020053903
0.00020052669
0.00020051496
0.00020050657
0.00020050115
0.00020045372
0.00020043654
0.00020042307
0.00020041521
0.00020041156
0.00020040333
0.00020039272
0.00020038246
0.00020037512
0.00020037199
0.00020037232
0.00020037446
0.00020037719
0.00020037989
0.00020038234
0.00020038448
0.0002003863
0.00020038784
0.00020038913
0.0002003902
0.00020039108
0.00020039178
0.00020039234
0.00020039275
0.00020039304
0.00020039322
0.0002003933
0.00020039328
0.00020039318
0.00020039298
0.00020039271
0.00020039236
0.00020039194
0.00020039144
0.00020039088
0.00020039025
0.00020038955
0.00020038879
0.00020038796
0.00020080643
0.00020080873
0.0002008109
0.00020081295
0.00020081488
0.00020081668
0.00020081836
0.00020081991
0.00020082134
0.00020082264
0.00020082382
0.00020082487
0.00020082579
0.00020082659
0.00020082726
0.00020082782
0.00020082827
0.00020082863
0.00020082894
0.00020082921
0.00020082953
0.00020082994
0.00020083055
0.00020083145
0.00020083269
0.00020083429
0.00020094031
0.00020093238
0.00020092547
0.00020092335
0.00020093224
0.00020095612
0.00020099193
0.00020103446
0.00020108322
0.00020110891
0.00020107585
0.00020106501
0.00020106417
0.00020134083
0.00020139243
0.00020152474
0.00020169216
0.00020184933
0.00020279267
0.00020307043
0.00020346434
0.00020585578
0.00020652702
0.0002079384
0.00021242566
0.00021441384
0.00046976643
0.0005986909
0.0027742624
0.0070462655
0.011791679
0.0077116407
0.0010606146
0.00020251246
0.00020217103
0.00020181988
0.00020154204
0.00020124337
0.00020111669
0.00020101662
0.00020093119
0.00020091382
0.00020082354
0.00020080309
0.00020072742
0.00020069813
0.00020068268
0.00020061515
0.00020059919
0.00020058756
0.00020053534
0.00020052511
0.00020051478
0.00020050678
0.00020050048
0.00020044976
0.00020043447
0.00020042184
0.00020041446
0.00020041112
0.00020040171
0.00020038958
0.00020037769
0.00020036937
0.00020036657
0.00020036799
0.00020037124
0.0002003748
0.00020032064
0.00020032003
0.00020031959
0.00020031932
0.00020031917
0.00020031911
0.00020031911
0.00020031914
0.00020031916
0.00020031916
0.00020031913
0.00020031907
0.00020031896
0.00020031881
0.00020031861
0.00020031836
0.00020031806
0.00020031772
0.00020031732
0.00020031688
0.00020031639
0.00020031585
0.00020031527
0.00020031464
0.00020031396
0.00020031323
0.00020080617
0.00020080845
0.0002008106
0.00020081263
0.00020081453
0.0002008163
0.00020081794
0.00020081946
0.00020082084
0.00020082209
0.00020082321
0.00020082419
0.00020082503
0.00020082573
0.0002008263
0.00020082673
0.00020082703
0.00020082722
0.00020082733
0.00020082738
0.00020082744
0.00020082758
0.00020082789
0.00020082849
0.00020082942
0.00020083066
0.00020083203
0.00020083329
0.0002008346
0.00020083808
0.00020091556
0.00020094228
0.00020098272
0.00020102859
0.00020107666
0.00020109697
0.00020107314
0.00020106334
0.00020106226
0.00020106431
0.00020142494
0.00020153548
0.00020167524
0.00020180446
0.00020187742
0.00020307502
0.00020340323
0.0002036994
0.00020667166
0.00020786438
0.00021293888
0.00021507216
0.00043257726
0.00058533928
0.0027767766
0.0068859727
0.011739032
0.0077328231
0.0010516222
0.00020250659
0.00020217027
0.00020181896
0.00020153976
0.00020123961
0.00020111295
0.00020101941
0.00020093416
0.00020091876
0.00020082983
0.00020080645
0.00020072601
0.00020070087
0.00020062509
0.0002006131
0.00020059966
0.0002005374
0.00020053228
0.00020052362
0.00020051448
0.00020050679
0.00020045719
0.00020044591
0.00020043251
0.000200421
0.00020041428
0.00020040999
0.00020039964
0.00020038596
0.00020037211
0.00020036256
0.00020032248
0.00020032118
0.00020032054
0.00020031992
0.00020031932
0.00020031881
0.00020031847
0.0002003183
0.00020031826
0.00020031831
0.0002003184
0.00020031851
0.00020031861
0.00020031868
0.00020031871
0.00020031869
0.00020031863
0.00020031851
0.00020031834
0.00020031812
0.00020031784
0.00020031752
0.00020031714
0.00020031672
0.00020031624
0.00020031572
0.00020031514
0.00020031452
0.00020031385
0.00020031313
0.00020080591
0.00020080817
0.00020081031
0.00020081231
0.00020081418
0.00020081592
0.00020081753
0.00020081901
0.00020082034
0.00020082154
0.0002008226
0.00020082351
0.00020082427
0.00020082488
0.00020082534
0.00020082564
0.00020082579
0.00020082581
0.0002008257
0.00020082552
0.0002008253
0.00020082514
0.00020082514
0.00020082542
0.00020082605
0.00020082696
0.00020082785
0.00020082815
0.00020082746
0.00020082757
0.00020083668
0.00020086451
0.00020097179
0.00020101986
0.0002010634
0.00020108014
0.00020106795
0.00020106084
0.0002010601
0.00020106184
0.00020144897
0.00020154352
0.00020166059
0.00020176817
0.00020183295
0.0002030705
0.0002033454
0.00020358238
0.00020675104
0.00020773491
0.00021336361
0.00021553651
0.00045967675
0.0006505575
0.0027463505
0.0067505697
0.011674547
0.0077641263
0.0010428781
0.00020250041
0.00020216936
0.00020181785
0.00020153705
0.00020123511
0.00020110955
0.00020102383
0.00020093924
0.00020092156
0.00020083427
0.00020080987
0.00020072354
0.00020070248
0.00020062103
0.00020061123
0.00020059983
0.00020053451
0.00020052977
0.00020052227
0.00020051411
0.0002005067
0.0002004521
0.00020044243
0.0002004307
0.00020042032
0.00020041371
0.00020040813
0.00020039709
0.00020038191
0.00020033114
0.00020032216
0.0002003191
0.00020031883
0.00020031879
0.00020031844
0.00020031796
0.00020031755
0.00020031731
0.00020031724
0.00020031732
0.00020031748
0.00020031768
0.00020031788
0.00020031805
0.00020031819
0.00020031828
0.00020031832
0.00020031829
0.00020031821
0.00020031807
0.00020031788
0.00020031763
0.00020031733
0.00020031697
0.00020031656
0.00020031609
0.00020031558
0.00020031502
0.0002003144
0.00020031374
0.00020031303
0.00020080566
0.0002008079
0.00020081001
0.00020081199
0.00020081384
0.00020081555
0.00020081713
0.00020081856
0.00020081986
0.000200821
0.000200822
0.00020082284
0.00020082352
0.00020082404
0.00020082439
0.00020082456
0.00020082456
0.00020082439
0.00020082407
0.00020082363
0.00020082313
0.00020082264
0.0002008223
0.00020082225
0.00020082258
0.00020082321
0.00020082372
0.00020082316
0.00020082031
0.00020081598
0.00020082127
0.00020085108
0.00020089782
0.00020100945
0.00020104906
0.00020106549
0.00020106157
0.00020105772
0.00020105775
0.00020105952
0.00020106087
0.0002015491
0.00020164805
0.00020173882
0.0002017968
0.00020306022
0.00020329303
0.00020348816
0.00020678385
0.00020759128
0.00020831408
0.00021573003
0.00054547539
0.00078231592
0.0025324906
0.0067525132
0.011596412
0.011800585
0.0033516383
0.0002024939
0.0002021683
0.00020168463
0.00020137832
0.00020122969
0.00020110829
0.00020102792
0.000200947
0.00020092446
0.00020083614
0.00020073633
0.00020072086
0.00020070329
0.00020061789
0.00020060963
0.00020059982
0.00020053218
0.00020052773
0.00020052109
0.0002005137
0.00020045223
0.00020044786
0.00020043936
0.00020042902
0.00020041958
0.00020041273
0.00020040592
0.00020039423
0.00020034182
0.00020032684
0.00020031724
0.00020031539
0.00020031649
0.00020031708
0.00020031696
0.00020031657
0.00020031624
0.00020031609
0.00020031615
0.00020031635
0.00020031663
0.00020031694
0.00020031724
0.0002003175
0.00020031771
0.00020031786
0.00020031794
0.00020031796
0.00020031792
0.00020031781
0.00020031765
0.00020031742
0.00020031714
0.00020031679
0.0002003164
0.00020031595
0.00020031545
0.0002003149
0.00020031429
0.00020031364
0.00020031293
0.00020080541
0.00020080764
0.00020080973
0.00020081169
0.00020081351
0.00020081519
0.00020081673
0.00020081813
0.00020081938
0.00020082047
0.00020082141
0.00020082219
0.00020082279
0.00020082321
0.00020082345
0.00020082349
0.00020082333
0.00020082298
0.00020082244
0.00020082173
0.00020082092
0.00020082008
0.00020081937
0.00020081896
0.00020081899
0.00020081942
0.0002008197
0.0002008185
0.0002008136
0.00020080368
0.00020080327
0.00020083736
0.00020088631
0.00020093768
0.00020103588
0.00020105321
0.00020105497
0.00020105422
0.00020105528
0.00020105732
0.00020105901
0.00020105999
0.00020163735
0.00020171494
0.00020176711
0.00020178786
0.00020324645
0.00020341103
0.00020349089
0.0002074529
0.00020801634
0.0002157192
0.00021814478
0.00089070842
0.0021511077
0.0070852709
0.01150973
0.011854691
0.0033506795
0.00020248707
0.00020216706
0.00020168247
0.00020137397
0.00020122345
0.00020111206
0.00020102881
0.00020095338
0.00020086224
0.00020083608
0.00020073074
0.00020071839
0.00020061944
0.00020061544
0.00020060829
0.00020053251
0.00020053031
0.00020052607
0.00020052008
0.00020045002
0.00020044873
0.00020044432
0.00020043669
0.00020042746
0.00020041872
0.00020041151
0.00020040366
0.00020035459
0.00020033815
0.00020032246
0.00020031152
0.00020031147
0.00020031429
0.00020031547
0.0002003155
0.00020031514
0.00020031486
0.00020031482
0.000200315
0.00020031535
0.00020031577
0.0002003162
0.0002003166
0.00020031695
0.00020031723
0.00020031744
0.00020031758
0.00020031764
0.00020031764
0.00020031756
0.00020031742
0.00020031722
0.00020031695
0.00020031663
0.00020031625
0.00020031581
0.00020031532
0.00020031478
0.00020031418
0.00020031354
0.00020031284
0.00020080517
0.00020080738
0.00020080945
0.00020081138
0.00020081318
0.00020081483
0.00020081634
0.0002008177
0.00020081891
0.00020081996
0.00020082084
0.00020082155
0.00020082207
0.0002008224
0.00020082253
0.00020082244
0.00020082213
0.00020082159
0.00020082082
0.00020081983
0.00020081869
0.00020081747
0.00020081635
0.00020081553
0.00020081527
0.00020081556
0.00020081582
0.00020081436
0.00020080794
0.00020079184
0.00020078239
0.00020082518
0.00020087593
0.00020092421
0.00020096345
0.00020104293
0.00020104865
0.00020105058
0.00020105275
0.00020105523
0.00020105732
0.00020105881
0.00020162817
0.00020169535
0.00020174253
0.0002017647
0.00020320533
0.00020334693
0.00020342228
0.00020732693
0.00020778125
0.00021559606
0.00021737154
0.00094199069
0.0029860719
0.0077778877
0.011456952
0.011925676
0.0033555078
0.0002024799
0.00020216563
0.00020167989
0.00020136893
0.00020121767
0.00020112084
0.00020103563
0.00020095607
0.00020085457
0.00020083504
0.0002007265
0.00020071626
0.00020061742
0.00020061354
0.00020060721
0.00020053121
0.00020052879
0.00020052474
0.00020051923
0.0002004476
0.00020044574
0.00020044134
0.00020043436
0.00020042599
0.00020041774
0.0002004102
0.00020036292
0.00020035033
0.00020033484
0.00020031857
0.00020030492
0.00020030772
0.00020031242
0.000200314
0.00020031405
0.00020031366
0.00020031341
0.00020031348
0.00020031382
0.00020031432
0.00020031489
0.00020031546
0.00020031597
0.00020031641
0.00020031676
0.00020031704
0.00020031722
0.00020031733
0.00020031736
0.00020031731
0.0002003172
0.00020031702
0.00020031677
0.00020031646
0.0002003161
0.00020031568
0.0002003152
0.00020031466
0.00020031408
0.00020031344
0.00020031275
0.00020080493
0.00020080712
0.00020080918
0.00020081109
0.00020081286
0.00020081448
0.00020081596
0.00020081729
0.00020081845
0.00020081945
0.00020082028
0.00020082093
0.00020082138
0.00020082162
0.00020082164
0.00020082142
0.00020082096
0.00020082022
0.00020081922
0.00020081795
0.00020081645
0.00020081482
0.00020081322
0.00020081195
0.00020081136
0.00020081158
0.00020081205
0.00020081082
0.00020080394
0.00020078352
0.00020076044
0.00020081705
0.00020086757
0.0002009124
0.00020094766
0.00020096662
0.00020104287
0.00020104699
0.00020105025
0.00020105326
0.00020105577
0.00020105774
0.00020162031
0.00020167912
0.000201722
0.0002017447
0.00020316912
0.00020329294
0.00020336378
0.0002072147
0.0002075911
0.00021542536
0.00021677479
0.00095007
0.0036394231
0.0084346026
0.011607022
0.012010438
0.0033689252
0.00020247238
0.000202164
0.00020167675
0.00020136353
0.00020121756
0.00020112891
0.00020104315
0.00020095586
0.00020084887
0.00020083366
0.00020072325
0.00020071451
0.00020061582
0.00020061206
0.00020060637
0.00020053015
0.00020052758
0.00020052367
0.00020051854
0.00020044547
0.00020044319
0.00020043882
0.00020043234
0.00020042462
0.00020041673
0.00020036422
0.00020035798
0.00020034661
0.00020033218
0.00020031597
0.000200298
0.00020030507
0.00020031105
0.0002003127
0.0002003126
0.0002003121
0.00020031187
0.00020031206
0.00020031258
0.00020031327
0.00020031401
0.00020031471
0.00020031534
0.00020031587
0.00020031631
0.00020031664
0.00020031688
0.00020031703
0.00020031709
0.00020031708
0.00020031699
0.00020031683
0.0002003166
0.00020031631
0.00020031596
0.00020031554
0.00020031508
0.00020031455
0.00020031398
0.00020031334
0.00020031266
0.0002008047
0.00020080688
0.00020080891
0.0002008108
0.00020081255
0.00020081414
0.00020081559
0.00020081688
0.00020081801
0.00020081896
0.00020081974
0.00020082032
0.0002008207
0.00020082086
0.00020082078
0.00020082044
0.00020081982
0.0002008189
0.00020081766
0.00020081609
0.00020081422
0.00020081213
0.00020081
0.00020080819
0.00020080721
0.00020080741
0.00020080833
0.00020080788
0.00020080188
0.00020078272
0.00020076343
0.00020081468
0.00020086164
0.00020090256
0.00020093449
0.00020095308
0.00020095854
0.00020104358
0.00020104784
0.00020105141
0.00020105436
0.00020105678
0.00020105894
0.00020166557
0.00020170472
0.0002017274
0.00020313723
0.00020324694
0.00020331344
0.00020711549
0.00020743412
0.00021524233
0.00021630423
0.00093769074
0.0040405739
0.0087213395
0.01220631
0.012078182
0.0033955043
0.0002024645
0.00020216215
0.00020167286
0.00020135964
0.00020122838
0.00020113513
0.0002010486
0.0002009544
0.00020084459
0.0002008323
0.00020072073
0.0002007131
0.00020061457
0.00020061093
0.00020060573
0.0002005293
0.00020052662
0.00020052282
0.00020044491
0.0002004436
0.00020044102
0.00020043667
0.00020043057
0.00020042335
0.00020036209
0.00020036002
0.00020035387
0.00020034351
0.00020033029
0.00020031519
0.00020029892
0.00020030476
0.00020031027
0.00020031155
0.00020031112
0.00020031043
0.00020031021
0.00020031055
0.0002003113
0.00020031221
0.00020031313
0.00020031398
0.00020031473
0.00020031536
0.00020031586
0.00020031626
0.00020031655
0.00020031674
0.00020031683
0.00020031685
0.00020031678
0.00020031664
0.00020031643
0.00020031616
0.00020031582
0.00020031542
0.00020031496
0.00020031445
0.00020031388
0.00020031325
0.00020031257
0.00020080448
0.00020080664
0.00020080865
0.00020081052
0.00020081224
0.00020081382
0.00020081523
0.00020081649
0.00020081758
0.00020081849
0.00020081922
0.00020081975
0.00020082006
0.00020082013
0.00020081995
0.0002008195
0.00020081873
0.00020081762
0.00020081615
0.00020081428
0.00020081202
0.00020080943
0.00020080669
0.00020080422
0.00020080273
0.00020080291
0.00020080453
0.00020080539
0.00020080148
0.00020078824
0.0002007817
0.00020081704
0.00020085793
0.00020089463
0.0002009236
0.00020094166
0.00020094897
0.00020094925
0.00020104558
0.0002010497
0.00020105309
0.00020105594
0.00020105852
0.00020165418
0.00020169008
0.00020171238
0.00020172228
0.00020320736
0.0002032698
0.00020702786
0.00020730221
0.00021506382
0.00021592392
0.00091852884
0.0042382019
0.0059278312
0.012977253
0.012029418
0.0034426886
0.00020245625
0.00020216002
0.00020166787
0.00020136318
0.00020124071
0.00020108038
0.00020105167
0.00020095272
0.00020084137
0.00020083113
0.0002007188
0.000200712
0.00020061362
0.00020061008
0.00020053063
0.00020052864
0.00020052588
0.00020052218
0.00020044365
0.00020044197
0.00020043916
0.00020043484
0.00020042904
0.00020035969
0.00020035916
0.00020035649
0.00020035047
0.00020034101
0.0002003291
0.00020031591
0.00020030461
0.00020030638
0.00020030997
0.00020031049
0.00020030956
0.00020030861
0.00020030839
0.00020030895
0.00020030997
0.00020031113
0.00020031226
0.00020031327
0.00020031414
0.00020031486
0.00020031544
0.00020031589
0.00020031623
0.00020031646
0.00020031659
0.00020031663
0.00020031658
0.00020031646
0.00020031627
0.00020031601
0.00020031568
0.0002003153
0.00020031485
0.00020031434
0.00020031378
0.00020031317
0.00020031249
0.00020080426
0.0002008064
0.0002008084
0.00020081025
0.00020081195
0.0002008135
0.00020081489
0.00020081611
0.00020081717
0.00020081804
0.00020081872
0.00020081919
0.00020081944
0.00020081944
0.00020081917
0.0002008186
0.00020081769
0.00020081641
0.00020081471
0.00020081254
0.00020080988
0.00020080676
0.00020080332
0.00020080003
0.00020079784
0.00020079795
0.00020080048
0.00020080311
0.00020080204
0.00020079531
0.00020079572
0.00020082152
0.00020085592
0.00020088838
0.00020091465
0.00020093204
0.00020094055
0.00020094277
0.00020094178
0.00020104815
0.00020105197
0.00020105523
0.00020105819
0.00020106109
0.00020167761
0.00020169933
0.00020171035
0.00020317301
0.00020323169
0.00020325816
0.0002071897
0.00020731784
0.00021560977
0.00089847627
0.0010020919
0.0054510718
0.012957252
0.011840783
0.0035222702
0.00020244761
0.00020215757
0.00020166127
0.000201379
0.00020125167
0.00020107314
0.00020096136
0.00020095125
0.00020083894
0.00020072129
0.00020071733
0.00020061527
0.00020061291
0.00020060948
0.0002005303
0.00020052815
0.00020052533
0.0002004439
0.00020044255
0.00020044056
0.00020043757
0.00020043328
0.00020035796
0.00020035775
0.0002003566
0.00020035353
0.00020034769
0.00020033905
0.00020032846
0.0002003173
0.00020030893
0.00020030845
0.00020030993
0.00020030946
0.00020030787
0.00020030656
0.00020030639
0.00020030725
0.00020030861
0.00020031006
0.0002003114
0.00020031258
0.00020031357
0.00020031439
0.00020031504
0.00020031555
0.00020031593
0.0002003162
0.00020031636
0.00020031642
0.0002003164
0.0002003163
0.00020031612
0.00020031587
0.00020031556
0.00020031518
0.00020031474
0.00020031425
0.00020031369
0.00020031308
0.00020031242
0.00020062728
0.00020062739
0.00020062742
0.00020062739
0.0002006273
0.00020062717
0.000200627
0.00020062682
0.00020062665
0.00020062653
0.00020062651
0.00020062665
0.00020062701
0.00020062772
0.00020062888
0.00020063066
0.00020063321
0.00020063672
0.00020064135
0.00020064721
0.00020065433
0.00020066259
0.00020067164
0.00020068078
0.00020079244
0.00020079234
0.00020079602
0.0002008008
0.00020080284
0.00020080146
0.00020080576
0.0002008262
0.00020085499
0.0002008835
0.0002009073
0.00020092393
0.00020093318
0.00020093687
0.00020093737
0.00020104677
0.000201051
0.00020105465
0.00020105797
0.0002010612
0.00020166693
0.00020168795
0.00020169971
0.00020314299
0.00020319818
0.00020322585
0.0002070925
0.00020721255
0.00021534526
0.00087966009
0.00096026476
0.00511428
0.011140532
0.012142982
0.0036435269
0.0002024386
0.00020215472
0.00020165263
0.0002013891
0.00020118361
0.00020106838
0.00020095845
0.00020095014
0.00020083713
0.00020072009
0.00020071623
0.00020061486
0.00020061242
0.00020060907
0.00020053009
0.00020052781
0.00020052494
0.00020044322
0.00020044159
0.00020043935
0.00020043621
0.00020043195
0.00020035668
0.000200356
0.00020035437
0.00020035105
0.00020034542
0.00020033754
0.00020032817
0.00020031874
0.00020031199
0.00020031021
0.00020030994
0.00020030838
0.00020030597
0.00020030423
0.00020030416
0.00020027153
0.0002002695
0.00020026748
0.00020026563
0.00020026403
0.0002002627
0.00020026164
0.00020026085
0.00020026028
0.00020025988
0.00020025962
0.00020025946
0.00020025937
0.00020025933
0.00020025932
0.00020025931
0.00020025931
0.00020025929
0.00020025927
0.00020025922
0.00020025914
0.00020025904
0.00020025891
0.00020025876
0.00020062654
0.00020062658
0.00020062654
0.00020062642
0.00020062623
0.00020062598
0.00020062568
0.00020062536
0.00020062503
0.00020062473
0.00020062451
0.00020062443
0.00020062456
0.00020062502
0.00020062595
0.00020062752
0.00020062991
0.00020063337
0.00020063808
0.00020064421
0.00020065184
0.00020066088
0.000200671
0.00020068146
0.00020069072
0.00020069669
0.0002006993
0.00020070169
0.00020070601
0.00020080616
0.00020081289
0.00020083025
0.00020085464
0.00020087969
0.00020090127
0.00020091709
0.00020092676
0.00020093154
0.00020093326
0.00020093345
0.00020105019
0.00020105419
0.00020105785
0.0002010614
0.00020165774
0.00020167801
0.00020169022
0.00020169584
0.00020316856
0.00020319679
0.0002070076
0.00020711982
0.00021511892
0.00086263983
0.00092731303
0.0048678292
0.010612548
0.010964044
0.0037051724
0.00020242921
0.00020215129
0.00020164617
0.000201411
0.00020117646
0.0002010653
0.00020095643
0.00020094938
0.00020083582
0.0002007192
0.00020071545
0.00020061462
0.00020061211
0.00020053202
0.00020053001
0.00020052761
0.0002005247
0.00020044264
0.00020044076
0.00020043832
0.00020043506
0.00020035617
0.00020035551
0.00020035443
0.00020035245
0.00020034896
0.00020034357
0.00020033636
0.00020032806
0.00020031999
0.00020031413
0.0002003115
0.00020028016
0.00020027794
0.00020027627
0.00020027495
0.00020027339
0.00020027136
0.00020026911
0.00020026689
0.00020026489
0.00020026318
0.0002002618
0.00020026074
0.00020025997
0.00020025944
0.0002002591
0.00020025891
0.00020025881
0.00020025879
0.0002002588
0.00020025884
0.00020025888
0.00020025892
0.00020025895
0.00020025895
0.00020025893
0.00020025889
0.00020025881
0.0002002587
0.00020025856
0.00020062581
0.00020062578
0.00020062565
0.00020062544
0.00020062515
0.00020062479
0.00020062436
0.00020062388
0.00020062338
0.00020062289
0.00020062245
0.00020062212
0.00020062199
0.00020062217
0.00020062282
0.00020062411
0.0002006263
0.00020062963
0.00020063438
0.00020064077
0.00020064892
0.00020065882
0.00020067018
0.0002006823
0.00020069335
0.00020069973
0.00020070056
0.00020070094
0.0002007037
0.00020070778
0.00020071043
0.00020071041
0.00020085455
0.00020087669
0.0002008963
0.0002009113
0.00020092118
0.00020092677
0.00020092948
0.00020093061
0.00020104952
0.00020105386
0.00020105784
0.00020106169
0.00020106554
0.0002016693
0.00020168176
0.00020168827
0.00020314222
0.00020317059
0.00020693268
0.00020703749
0.00021492245
0.00021517905
0.00090058656
0.0046800466
0.010243226
0.010267396
0.0030531633
0.00020241947
0.00020214699
0.00020166656
0.00020142832
0.00020117214
0.00020106335
0.00020095508
0.00020083911
0.0002008349
0.00020071858
0.00020071493
0.00020061452
0.00020061197
0.00020053217
0.00020053002
0.00020052753
0.00020044394
0.00020044216
0.00020044007
0.00020043745
0.0002004341
0.00020035541
0.00020035445
0.00020035305
0.00020035078
0.00020034721
0.00020034205
0.00020033544
0.00020032804
0.00020028299
0.00020028257
0.00020028125
0.00020027925
0.00020027734
0.00020027603
0.00020027505
0.00020027351
0.00020027122
0.00020026868
0.00020026623
0.00020026405
0.00020026223
0.0002002608
0.00020025975
0.00020025901
0.00020025854
0.00020025827
0.00020025815
0.00020025814
0.00020025818
0.00020025826
0.00020025836
0.00020025845
0.00020025854
0.0002002586
0.00020025864
0.00020025865
0.00020025863
0.00020025858
0.00020025849
0.00020025837
0.00020062509
0.00020062498
0.00020062478
0.00020062447
0.00020062408
0.00020062359
0.00020062302
0.00020062239
0.00020062171
0.00020062101
0.00020062033
0.00020061973
0.00020061931
0.00020061916
0.00020061947
0.00020062043
0.00020062233
0.00020062547
0.00020063019
0.00020063679
0.00020064547
0.00020065626
0.00020066901
0.00020068315
0.00020069688
0.00020070427
0.00020070236
0.00020070027
0.0002007015
0.00020070456
0.00020070697
0.00020070759
0.00020070715
0.00020087429
0.00020089219
0.0002009064
0.00020091632
0.00020092251
0.00020092603
0.00020092796
0.0002009291
0.00020105366
0.00020105795
0.00020106208
0.0002010662
0.00020166167
0.00020167423
0.00020168141
0.0002031187
0.00020314688
0.00020686598
0.00020696383
0.00021474974
0.00021498407
0.0008783851
0.0045320037
0.0099749124
0.010180461
0.0022241989
0.00020240948
0.00020214105
0.00020169176
0.00020143139
0.00020116962
0.00020106221
0.00020095425
0.00020083834
0.00020083432
0.00020071819
0.00020071464
0.00020061455
0.00020061197
0.00020053241
0.00020053014
0.00020052757
0.00020044375
0.00020044178
0.0002004395
0.00020043673
0.00020035574
0.00020035472
0.0002003535
0.00020035182
0.00020034936
0.00020034575
0.00020034082
0.00020033473
0.0002002825
0.00020028216
0.00020028151
0.00020028018
0.0002002784
0.00020027679
0.00020027589
0.00020027541
0.0002002738
0.0002002711
0.00020026819
0.00020026546
0.0002002631
0.00020026117
0.0002002597
0.00020025865
0.00020025797
0.00020025758
0.0002002574
0.00020025737
0.00020025743
0.00020025756
0.00020025771
0.00020025786
0.00020025801
0.00020025815
0.00020025825
0.00020025833
0.00020025837
0.00020025838
0.00020025835
0.00020025828
0.00020025818
0.00020062437
0.0002006242
0.00020062391
0.00020062351
0.00020062301
0.0002006224
0.00020062169
0.00020062089
0.00020062002
0.0002006191
0.00020061816
0.00020061728
0.00020061651
0.000200616
0.00020061591
0.00020061647
0.00020061799
0.00020062085
0.00020062545
0.0002006322
0.00020064136
0.00020065306
0.00020066723
0.00020068363
0.00020070111
0.00020071087
0.00020070443
0.00020069953
0.00020069937
0.00020070161
0.00020070385
0.00020070494
0.00020070521
0.00020070547
0.00020088878
0.00020090224
0.00020091211
0.00020091873
0.0002009229
0.00020092552
0.0002009273
0.00020105359
0.00020105816
0.00020106256
0.00020106694
0.00020165496
0.00020166751
0.0002016752
0.00020309761
0.00020312538
0.00020313855
0.00020689747
0.00021459625
0.00021481072
0.00085956568
0.0044118476
0.0097728072
0.010308763
0.0021184645
0.00020239954
0.0002021312
0.00020171501
0.0002014296
0.00020116828
0.00020106168
0.00020095384
0.00020083787
0.00020083402
0.00020071801
0.0002006169
0.00020061471
0.0002006121
0.00020053273
0.00020053036
0.00020052771
0.00020044364
0.00020044149
0.00020043904
0.00020043614
0.00020035534
0.0002003541
0.00020035265
0.00020035076
0.00020034814
0.00020034453
0.00020033981
0.00020028257
0.00020028198
0.0002002814
0.00020028056
0.00020027922
0.0002002776
0.00020027627
0.00020027585
0.00020027614
0.00020027426
0.00020027093
0.00020026759
0.00020026456
0.000200262
0.00020025996
0.00020025846
0.00020025744
0.00020025684
0.00020025654
0.00020025647
0.00020025654
0.00020025671
0.00020025692
0.00020025714
0.00020025737
0.00020025757
0.00020025775
0.0002002579
0.00020025802
0.00020025809
0.00020025813
0.00020025813
0.00020025808
0.000200258
0.00020062367
0.00020062342
0.00020062305
0.00020062256
0.00020062195
0.00020062121
0.00020062036
0.00020061939
0.00020061832
0.00020061717
0.00020061596
0.00020061475
0.00020061362
0.00020061269
0.00020061213
0.0002006122
0.00020061324
0.00020061569
0.00020062008
0.00020062688
0.00020063647
0.00020064902
0.00020066455
0.0002006831
0.00020070489
0.00020072023
0.00020070594
0.00020069844
0.00020069719
0.00020069884
0.00020070098
0.00020070245
0.00020070332
0.00020070416
0.00020070539
0.0002008987
0.00020090846
0.00020091538
0.00020092008
0.00020092329
0.00020092564
0.00020092756
0.00020105848
0.00020106315
0.00020106777
0.00020107241
0.00020166153
0.0002016696
0.00020307861
0.00020310581
0.00020311989
0.00020683727
0.00021445843
0.00021465511
0.00084333116
0.0043120361
0.0096161234
0.01046607
0.0021786947
0.00020299699
0.00020204125
0.00020171853
0.00020142768
0.00020116778
0.00020106161
0.00020095376
0.00020083766
0.00020083396
0.00020071802
0.00020061724
0.00020061498
0.00020061234
0.00020053313
0.00020053066
0.00020044573
0.0002004436
0.00020044129
0.00020043869
0.00020035633
0.00020035499
0.00020035356
0.00020035191
0.00020034983
0.0002003471
0.00020034351
0.00020028317
0.00020028225
0.00020028148
0.0002002807
0.0002002797
0.00020027836
0.00020027686
0.00020027576
0.0002002758
0.00020027738
0.0002002747
0.0002002706
0.00020026682
0.00020026349
0.00020026072
0.00020025858
0.00020025707
0.00020025611
0.00020025561
0.00020025544
0.00020025549
0.00020025569
0.00020025596
0.00020025626
0.00020025657
0.00020025687
0.00020025713
0.00020025737
0.00020025756
0.00020025771
0.00020025782
0.00020025788
0.0002002579
0.00020025788
0.00020025782
0.00020062299
0.00020062267
0.00020062221
0.00020062163
0.00020062091
0.00020062005
0.00020061904
0.0002006179
0.00020061663
0.00020061523
0.00020061373
0.00020061219
0.00020061065
0.00020060925
0.00020060815
0.00020060762
0.00020060806
0.00020060997
0.00020061399
0.00020062073
0.00020063066
0.00020064398
0.00020066068
0.00020068083
0.0002007053
0.00020072735
0.00020070549
0.00020069673
0.00020069487
0.00020069617
0.0002006983
0.00020070011
0.00020070151
0.00020070287
0.00020070455
0.00020070677
0.00020090529
0.00020091243
0.00020091755
0.00020092127
0.00020092412
0.00020092652
0.00020105892
0.00020106383
0.00020106869
0.00020107356
0.0002016562
0.00020166454
0.00020166959
0.00020308797
0.00020310266
0.00020678232
0.00020682332
0.00021451422
0.00082912101
0.0042274906
0.0094919018
0.012432077
0.0023517951
0.00020279953
0.00020210158
0.00020171509
0.00020129311
0.00020116789
0.00020106192
0.00020095397
0.00020083768
0.00020072086
0.00020071818
0.00020061768
0.00020061535
0.000200536
0.00020053361
0.00020053104
0.00020044592
0.00020044363
0.00020044117
0.00020043844
0.00020035619
0.00020035469
0.00020035309
0.00020035126
0.00020034903
0.00020034622
0.00020028427
0.00020028302
0.00020028195
0.00020028101
0.00020028006
0.00020027893
0.00020027756
0.00020027615
0.0002002752
0.00020027553
0.0002002784
0.00020027462
0.00020026997
0.00020026581
0.0002002622
0.00020025924
0.00020025701
0.00020025551
0.00020025465
0.00020025428
0.00020025426
0.00020025447
0.0002002548
0.00020025519
0.0002002556
0.000200256
0.00020025636
0.00020025669
0.00020025698
0.00020025722
0.00020025741
0.00020025755
0.00020025764
0.00020025769
0.00020025769
0.00020025764
0.00020062232
0.00020062193
0.00020062139
0.00020062072
0.00020061989
0.0002006189
0.00020061775
0.00020061643
0.00020061494
0.00020061329
0.0002006115
0.00020060959
0.00020060762
0.00020060569
0.00020060397
0.00020060275
0.00020060244
0.00020060364
0.00020060711
0.00020061363
0.00020062379
0.00020063777
0.00020065538
0.00020067633
0.00020070014
0.0002007152
0.00020070222
0.00020069421
0.00020069233
0.00020069354
0.00020069576
0.0002006979
0.00020069977
0.00020070161
0.00020070373
0.00020070631
0.00020070944
0.00020090983
0.0002009153
0.00020091945
0.00020092276
0.00020092558
0.00020092819
0.00020106461
0.0002010697
0.0002010748
0.00020165146
0.00020165999
0.00020166547
0.00020307166
0.00020308673
0.00020673188
0.00020677214
0.00021438565
0.00081651939
0.0041546271
0.0093916828
0.012434964
0.0025026677
0.00020355447
0.0002020769
0.00020171268
0.0002012926
0.00020116847
0.00020106254
0.00020095442
0.0002008379
0.0002007212
0.0002007185
0.00020061821
0.00020061582
0.00020053665
0.00020053416
0.00020053151
0.00020044617
0.00020044374
0.00020044114
0.00020035771
0.00020035609
0.00020035444
0.00020035268
0.0002003507
0.00020034835
0.0002002858
0.00020028424
0.00020028287
0.00020028167
0.00020028058
0.00020027947
0.00020027823
0.00020027682
0.00020027545
0.00020027457
0.00020027487
0.00020027643
0.0002002736
0.00020026892
0.00020026451
0.00020026065
0.00020025751
0.00020025521
0.00020025376
0.00020025303
0.00020025285
0.00020025302
0.0002002534
0.00020025388
0.00020025441
0.00020025493
0.00020025542
0.00020025587
0.00020025626
0.0002002566
0.00020025688
0.00020025711
0.00020025729
0.00020025741
0.00020025748
0.0002002575
0.00020025747
0.00020062167
0.00020062121
0.0002006206
0.00020061983
0.00020061889
0.00020061777
0.00020061647
0.00020061498
0.00020061328
0.00020061138
0.00020060927
0.00020060698
0.00020060454
0.00020060204
0.00020059964
0.0002005976
0.00020059637
0.00020059666
0.00020059936
0.00020060548
0.00020061574
0.00020063028
0.00020064858
0.00020066965
0.00020069118
0.00020070276
0.00020069669
0.00020069086
0.00020068952
0.00020069091
0.00020069331
0.0002006958
0.00020069811
0.00020070041
0.00020070294
0.00020070588
0.00020070932
0.0002007133
0.00020091331
0.00020091783
0.00020092154
0.00020092476
0.00020092774
0.00020106548
0.0002010708
0.00020107612
0.00020164725
0.00020165591
0.00020166174
0.00020305669
0.00020307197
0.00020668531
0.0002067245
0.00021426746
0.00080521431
0.0040909319
0.0093097744
0.012443251
0.006379107
0.00020433318
0.00020206785
0.00020157817
0.00020129283
0.00020116942
0.00020106341
0.00020095508
0.0002008383
0.00020072168
0.00020071895
0.00020061883
0.00020061638
0.00020053736
0.00020053478
0.00020053204
0.00020044649
0.00020044391
0.00020044118
0.00020035779
0.00020035604
0.00020035425
0.00020035235
0.00020035023
0.00020028773
0.00020028588
0.00020028422
0.00020028274
0.00020028142
0.00020028018
0.00020027893
0.00020027758
0.00020027613
0.00020027475
0.00020027383
0.00020027385
0.00020027428
0.00020027186
0.00020026744
0.0002002629
0.00020025881
0.0002002555
0.00020025316
0.0002002518
0.00020025126
0.0002002513
0.0002002517
0.00020025229
0.00020025295
0.00020025362
0.00020025426
0.00020025485
0.00020025537
0.00020025584
0.00020025623
0.00020025656
0.00020025682
0.00020025703
0.00020025718
0.00020025727
0.00020025731
0.0002002573
0.00020062104
0.00020062052
0.00020061983
0.00020061897
0.00020061792
0.00020061669
0.00020061524
0.00020061357
0.00020061166
0.0002006095
0.00020060707
0.00020060439
0.00020060146
0.00020059834
0.00020059517
0.0002005922
0.00020058988
0.00020058899
0.00020059065
0.00020059614
0.0002006064
0.00020062146
0.00020064034
0.00020066124
0.0002006808
0.00020069139
0.00020069
0.00020068684
0.00020068646
0.00020068825
0.00020069095
0.00020069379
0.00020069652
0.00020069925
0.00020070218
0.00020070548
0.00020070923
0.00020071349
0.00020091155
0.0002009164
0.00020092047
0.00020092406
0.00020092739
0.00020106645
0.00020107199
0.00020107753
0.00020108309
0.00020165225
0.00020165836
0.00020304294
0.00020305828
0.00020664209
0.00020667997
0.00021415805
0.00079496717
0.0040345299
0.0092421045
0.012456228
0.0065500257
0.0002050921
0.00020206561
0.00020157774
0.00020129362
0.00020117067
0.00020106451
0.00020095593
0.00020083887
0.00020072227
0.00020071952
0.00020061953
0.00020061703
0.00020053814
0.00020053546
0.00020044945
0.00020044686
0.00020044416
0.0002004413
0.00020035791
0.00020035603
0.0002003541
0.00020035207
0.00020034984
0.00020028792
0.00020028598
0.00020028422
0.00020028263
0.00020028118
0.00020027981
0.00020027843
0.00020027698
0.00020027546
0.00020027403
0.00020027299
0.0002002726
0.0002002722
0.0002002698
0.00020026559
0.00020026096
0.00020025667
0.00020025319
0.00020025083
0.00020024961
0.00020024932
0.00020024965
0.00020025033
0.00020025115
0.00020025201
0.00020025283
0.0002002536
0.00020025429
0.00020025489
0.00020025542
0.00020025587
0.00020025624
0.00020025655
0.00020025678
0.00020025696
0.00020025708
0.00020025714
0.00020025714
)
;

boundaryField
{
    farfieldLeft
    {
        type            inletOutlet;
        inletValue      uniform 0.0002;
        value           uniform 0.0002;
    }
    farfieldRight
    {
        type            inletOutlet;
        inletValue      uniform 0.0002;
        value           uniform 0.0002;
    }
    farfieldTop
    {
        type            inletOutlet;
        inletValue      uniform 0.0002;
        value           uniform 0.0002;
    }
    airfoil
    {
        type            fixedValue;
        value           uniform 0;
    }
    front
    {
        type            empty;
    }
    back
    {
        type            empty;
    }
}


// ************************************************************************* //
