/*--------------------------------*- C++ -*----------------------------------*\
| =========                 |                                                 |
| \\      /  F ield         | OpenFOAM: The Open Source CFD Toolbox           |
|  \\    /   O peration     | Version:  2312                                  |
|   \\  /    A nd           | Website:  www.openfoam.com                      |
|    \\/     M anipulation  |                                                 |
\*---------------------------------------------------------------------------*/
FoamFile
{
    version     2.0;
    format      ascii;
    arch        "LSB;label=32;scalar=64";
    class       volVectorField;
    location    "0";
    object      U;
}
// * * * * * * * * * * * * * * * * * * * * * * * * * * * * * * * * * * * * * //

dimensions      [0 1 -1 0 0 0 0];

internalField   nonuniform List<vector> 
8880
(
(253.4247 7.5389478 5.2832401e-19)
(253.4436 7.5410345 5.2604363e-19)
(253.46269 7.5431396 5.2371257e-19)
(253.482 7.5452648 5.2131962e-19)
(253.50154 7.5474115 5.1885436e-19)
(253.52133 7.5495813 5.1630691e-19)
(253.5414 7.5517756 5.136677e-19)
(253.56176 7.5539964 5.1092755e-19)
(253.58243 7.5562452 5.080775e-19)
(253.60344 7.5585232 5.0510995e-19)
(253.62482 7.5608349 5.0201264e-19)
(253.64657 7.5631795 4.987806e-19)
(253.66874 7.5655602 4.9540407e-19)
(253.69133 7.567979 4.9187444e-19)
(253.71438 7.5704381 4.8818307e-19)
(254.99548 7.7979469 -2.2274412e-18)
(255.01411 7.8017434 -2.2009916e-18)
(255.03244 7.8054772 -2.1745034e-18)
(255.05053 7.8091569 -2.1479092e-18)
(255.06838 7.8127794 -2.1212279e-18)
(255.08603 7.8163514 -2.0944055e-18)
(255.1035 7.8198746 -2.0674218e-18)
(255.12078 7.823345 -2.0403039e-18)
(255.13793 7.8267716 -2.0129748e-18)
(255.15493 7.8301469 -1.9854904e-18)
(255.17181 7.8334724 -1.9578352e-18)
(255.18853 7.8367393 -1.9300831e-18)
(255.20507 7.8399379 -1.9023252e-18)
(255.22129 7.843038 -1.8748423e-18)
(255.23685 7.8459759 -1.848253e-18)
(255.25136 7.848696 -1.8231576e-18)
(255.2649 7.8512333 -1.7993381e-18)
(255.27785 7.8536644 -1.7761341e-18)
(255.29026 7.8560058 -1.7534264e-18)
(255.30218 7.8582709 -1.7311152e-18)
(255.31352 7.8604536 -1.7092888e-18)
(255.32426 7.8625566 -1.6879525e-18)
(255.33422 7.864561 -1.6673331e-18)
(255.34327 7.8664616 -1.6475233e-18)
(255.35123 7.868237 -1.6287926e-18)
(252.84254 7.7585694 9.6008493e-19)
(252.84603 7.7592275 9.5715836e-19)
(252.84861 7.7598404 9.5517729e-19)
(252.8501 7.7604042 9.5423427e-19)
(252.85034 7.7609162 9.5442762e-19)
(250.59849 7.7445256 -1.3909031e-18)
(250.59543 7.7454613 -1.3770302e-18)
(250.59205 7.7462889 -1.3643837e-18)
(250.58833 7.7469995 -1.3531254e-18)
(250.24213 7.7225953 5.5568824e-18)
(250.23531 7.7228857 5.5693746e-18)
(252.17166 7.7947645 1.9464236e-18)
(252.16884 7.7953124 1.9553433e-18)
(254.54743 7.8603757 6.2034512e-18)
(256.92156 7.9217824 -2.6621301e-18)
(256.92223 7.9221692 -2.6613999e-18)
(257.8205 7.9546717 -3.6046507e-19)
(258.57151 7.9762055 9.8656886e-19)
(258.66646 7.9782891 -5.6123077e-20)
(258.72781 7.9834081 2.0970812e-19)
(258.74782 7.9858179 5.7916307e-19)
(258.77784 7.9911348 2.0913531e-19)
(258.78842 7.9933388 1.8137798e-18)
(258.81161 7.9996018 4.5819284e-20)
(258.82432 8.0030134 2.4801054e-18)
(258.82445 8.0027298 2.4833154e-18)
(258.83392 8.0078577 -5.1169194e-18)
(258.84286 8.0117444 1.3688701e-18)
(258.84305 8.0113368 1.3704308e-18)
(258.85142 8.0188971 -4.1069909e-18)
(258.85165 8.0183092 -4.1003917e-18)
(258.861 8.0218687 4.4630098e-18)
(258.86126 8.0213701 4.4602646e-18)
(258.86153 8.0208148 4.4565179e-18)
(258.86184 8.0202064 4.4518086e-18)
(258.87366 8.0301542 1.8806326e-18)
(258.87396 8.0293095 1.8548079e-18)
(258.87429 8.0283944 1.8253669e-18)
(258.87463 8.0274149 1.7928997e-18)
(258.87499 8.0263766 1.757955e-18)
(258.88171 8.0282414 8.8927757e-21)
(258.88207 8.027612 -1.6398548e-20)
(258.88246 8.0269522 -3.980629e-20)
(258.88286 8.0262647 -6.1834093e-20)
(258.88327 8.0255474 -8.3047914e-20)
(258.88371 8.0248034 -1.037606e-19)
(258.88416 8.0240293 -1.2439993e-19)
(258.88462 8.0232248 -1.4522597e-19)
(258.88511 8.0223835 -1.6660438e-19)
(258.88562 8.0214978 -1.8887242e-19)
(258.88618 8.0205387 -2.1295502e-19)
(258.88678 8.0194886 -2.3988701e-19)
(258.88743 8.018363 -2.6975776e-19)
(258.8881 8.0171838 -3.0200594e-19)
(258.8888 8.0159618 -3.3625219e-19)
(258.88953 8.014701 -3.7229337e-19)
(258.89027 8.0134049 -4.0993086e-19)
(258.89102 8.0120733 -4.490844e-19)
(258.8918 8.0107096 -4.8957458e-19)
(258.8926 8.0093106 -5.3142467e-19)
(258.89341 8.0078782 -5.7451049e-19)
(258.89424 8.0064122 -6.1878589e-19)
(258.89509 8.0049101 -6.6427206e-19)
(258.89596 8.0033734 -7.1087433e-19)
(258.89685 8.0017988 -7.5865472e-19)
(259.03251 7.8630512 2.0989436e-19)
(259.03363 7.8602638 1.4741543e-19)
(259.03468 7.857521 8.6232282e-20)
(259.03568 7.8548203 2.6281631e-20)
(259.03661 7.8521594 -3.2497966e-20)
(259.03749 7.8495351 -9.0188752e-20)
(259.03831 7.8469483 -1.4677925e-19)
(259.03907 7.8443938 -2.0239235e-19)
(259.03978 7.8418707 -2.5705919e-19)
(259.04044 7.8393771 -3.108312e-19)
(259.04104 7.8369112 -3.6375747e-19)
(259.0416 7.8344713 -4.1588609e-19)
(259.0421 7.8320557 -4.6726213e-19)
(259.04255 7.8296632 -5.1792949e-19)
(259.04296 7.8272919 -5.679352e-19)
(253.42472 7.5389483 5.283039e-19)
(253.44362 7.541035 5.2602477e-19)
(253.46271 7.5431402 5.2369485e-19)
(253.48202 7.5452655 5.2130295e-19)
(253.50156 7.5474122 5.1883867e-19)
(253.52135 7.5495819 5.162921e-19)
(253.54141 7.5517763 5.136537e-19)
(253.56177 7.553997 5.1091429e-19)
(253.58245 7.5562459 5.0806492e-19)
(253.60347 7.5585255 5.0509581e-19)
(253.62483 7.5608349 5.0200227e-19)
(253.64659 7.5631803 4.9876972e-19)
(253.66875 7.5655611 4.9539364e-19)
(253.69134 7.5679791 4.9186559e-19)
(253.71439 7.5704391 4.8817341e-19)
(254.99551 7.7979504 -2.2274131e-18)
(255.01412 7.8017444 -2.2009814e-18)
(255.03247 7.805481 -2.1744725e-18)
(255.05055 7.8091582 -2.1478961e-18)
(255.06841 7.8127822 -2.1212028e-18)
(255.08607 7.8163555 -2.09437e-18)
(255.10352 7.8198752 -2.067413e-18)
(255.12082 7.8233497 -2.0402622e-18)
(255.13796 7.8267739 -2.0129515e-18)
(255.15497 7.8301507 -1.9854541e-18)
(255.17184 7.8334753 -1.9578063e-18)
(255.18858 7.8367448 -1.9300311e-18)
(255.2051 7.8399401 -1.9023008e-18)
(255.22133 7.8430408 -1.8748134e-18)
(255.23689 7.8459794 -1.8482161e-18)
(255.25141 7.8487017 -1.8230997e-18)
(255.26496 7.8512397 -1.7992726e-18)
(255.2779 7.8536694 -1.776082e-18)
(255.29032 7.856013 -1.7533513e-18)
(255.30224 7.858278 -1.7310399e-18)
(255.31361 7.8604646 -1.7091732e-18)
(255.32434 7.8625654 -1.6878572e-18)
(255.33432 7.8645733 -1.6671998e-18)
(255.34337 7.8664726 -1.6474015e-18)
(255.35134 7.8682496 -1.6286514e-18)
(252.84261 7.7585736 9.6001653e-19)
(252.84611 7.7592315 9.5708911e-19)
(252.84869 7.7598448 9.5510538e-19)
(252.85018 7.7604092 9.5416021e-19)
(252.85043 7.7609206 9.5435208e-19)
(250.5985 7.7445353 -1.3907787e-18)
(250.59544 7.7454714 -1.376897e-18)
(250.59206 7.7462989 -1.364252e-18)
(250.58834 7.7470098 -1.3529863e-18)
(250.24202 7.7225973 5.5569888e-18)
(250.2352 7.7228878 5.5694828e-18)
(252.17154 7.7947724 1.9464746e-18)
(252.16872 7.7953207 1.9554006e-18)
(254.54739 7.8603813 6.2036986e-18)
(256.92156 7.9217924 -2.6620452e-18)
(256.92223 7.9221794 -2.6613134e-18)
(257.8205 7.9546797 -3.6063488e-19)
(258.5715 7.9762139 9.8665156e-19)
(258.66646 7.9782989 -5.6120752e-20)
(258.7278 7.9834172 2.0979135e-19)
(258.74781 7.9858274 5.7916431e-19)
(258.77784 7.9911436 2.091428e-19)
(258.78842 7.9933482 1.8138206e-18)
(258.81161 7.9996112 4.6074748e-20)
(258.82432 8.0030215 2.4800657e-18)
(258.82444 8.0027374 2.4832822e-18)
(258.83392 8.0078664 -5.1170651e-18)
(258.84285 8.0117517 1.3689284e-18)
(258.84305 8.0113433 1.3704943e-18)
(258.85142 8.0189054 -4.1070314e-18)
(258.85164 8.0183174 -4.1004356e-18)
(258.861 8.0218748 4.4630822e-18)
(258.86125 8.0213751 4.4603326e-18)
(258.86153 8.02082 4.4565875e-18)
(258.86183 8.0202116 4.4518782e-18)
(258.87366 8.0301613 1.880991e-18)
(258.87396 8.0293162 1.8551439e-18)
(258.87429 8.0284001 1.8256596e-18)
(258.87463 8.0274205 1.7931794e-18)
(258.87499 8.0263829 1.7582448e-18)
(258.88171 8.028244 8.7236255e-21)
(258.88207 8.0276144 -1.6561787e-20)
(258.88246 8.0269552 -3.9933013e-20)
(258.88286 8.0262666 -6.1979967e-20)
(258.88327 8.0255501 -8.3154028e-20)
(258.88371 8.024805 -1.0388766e-19)
(258.88416 8.024031 -1.2451158e-19)
(258.88462 8.0232258 -1.4534503e-19)
(258.88511 8.022385 -1.6669931e-19)
(258.88562 8.0214992 -1.8896485e-19)
(258.88618 8.0205393 -2.1306047e-19)
(258.88678 8.019489 -2.3999391e-19)
(258.88743 8.0183633 -2.6986184e-19)
(258.8881 8.0171853 -3.0206862e-19)
(258.8888 8.0159624 -3.3633377e-19)
(258.88952 8.014702 -3.7235693e-19)
(258.89027 8.0134053 -4.1000425e-19)
(258.89102 8.0120747 -4.4912381e-19)
(258.8918 8.0107094 -4.8965619e-19)
(258.89259 8.0093119 -5.3145826e-19)
(258.89341 8.007879 -5.7455442e-19)
(258.89424 8.0064124 -6.1884425e-19)
(258.89509 8.0049113 -6.6429461e-19)
(258.89596 8.0033735 -7.1092836e-19)
(258.89684 8.0018 -7.5867197e-19)
(259.03251 7.8630522 2.0992405e-19)
(259.03363 7.8602638 1.4742377e-19)
(259.03468 7.8575218 8.6259453e-20)
(259.03568 7.854821 2.6307673e-20)
(259.03661 7.8521593 -3.2491707e-20)
(259.03749 7.8495376 -9.012314e-20)
(259.03831 7.8469489 -1.4675505e-19)
(259.03907 7.8443944 -2.0236845e-19)
(259.03978 7.8418712 -2.5703548e-19)
(259.04044 7.8393776 -3.108076e-19)
(259.04104 7.8369116 -3.637335e-19)
(259.0416 7.8344717 -4.1586165e-19)
(259.0421 7.8320562 -4.672375e-19)
(259.04255 7.8296636 -5.1790457e-19)
(259.04296 7.8272923 -5.6790986e-19)
(253.42474 7.538949 5.2828002e-19)
(253.44364 7.5410357 5.2600239e-19)
(253.46273 7.5431409 5.2367384e-19)
(253.48204 7.5452661 5.2128319e-19)
(253.50157 7.5474129 5.1882005e-19)
(253.52136 7.549582 5.1627526e-19)
(253.54143 7.551777 5.136371e-19)
(253.56179 7.5539978 5.1089858e-19)
(253.58246 7.5562467 5.0805002e-19)
(253.60347 7.558525 5.0508346e-19)
(253.62486 7.5608372 5.0198685e-19)
(253.6466 7.5631806 4.9875773e-19)
(253.66877 7.5655621 4.9538126e-19)
(253.69136 7.567981 4.9185253e-19)
(253.7144 7.5704395 4.8816303e-19)
(254.99554 7.7979529 -2.2273923e-18)
(255.01415 7.8017482 -2.2009505e-18)
(255.03249 7.8054827 -2.1744558e-18)
(255.05058 7.8091612 -2.1478692e-18)
(255.06845 7.8127865 -2.1211667e-18)
(255.08609 7.8163567 -2.0943559e-18)
(255.10356 7.8198799 -2.0673714e-18)
(255.12085 7.8233525 -2.0402351e-18)
(255.138 7.826778 -2.0129131e-18)
(255.15501 7.830155 -1.9854133e-18)
(255.17189 7.8334799 -1.957762e-18)
(255.18862 7.8367475 -1.9300028e-18)
(255.20516 7.8399452 -1.9022506e-18)
(255.22138 7.8430461 -1.8747597e-18)
(255.23694 7.8459844 -1.8481649e-18)
(255.25147 7.8487061 -1.8230541e-18)
(255.26502 7.851245 -1.7992175e-18)
(255.27797 7.8536774 -1.7759999e-18)
(255.29041 7.8560223 -1.7532558e-18)
(255.30233 7.8582871 -1.7309431e-18)
(255.31371 7.8604755 -1.7090574e-18)
(255.32445 7.8625771 -1.6877315e-18)
(255.33443 7.8645863 -1.667057e-18)
(255.3435 7.8664871 -1.6472403e-18)
(255.35147 7.8682647 -1.6284814e-18)
(255.35812 7.8699011 -1.6110244e-18)
(252.8462 7.7592368 9.5700509e-19)
(252.84879 7.75985 9.5501977e-19)
(252.85029 7.7604144 9.5407283e-19)
(252.85053 7.7609267 9.542638e-19)
(250.59851 7.7445463 -1.390637e-18)
(250.59545 7.7454825 -1.3767534e-18)
(250.59207 7.7463112 -1.3640875e-18)
(250.58835 7.7470222 -1.3528189e-18)
(250.24189 7.7225996 5.5571135e-18)
(250.23506 7.7228905 5.5696164e-18)
(252.1714 7.7947819 1.946535e-18)
(252.16858 7.7953302 1.9554628e-18)
(254.54735 7.8603879 6.20399e-18)
(256.92156 7.9218043 -2.6619437e-18)
(256.92223 7.9221916 -2.6612107e-18)
(257.82049 7.9546891 -3.6083333e-19)
(258.5715 7.9762241 9.867504e-19)
(258.66645 7.9783106 -5.6118445e-20)
(258.7278 7.9834281 2.0989187e-19)
(258.74781 7.9858389 5.7916608e-19)
(258.77784 7.9911542 2.0915186e-19)
(258.78841 7.9933594 1.8138687e-18)
(258.8116 7.999622 4.6369509e-20)
(258.82431 8.003031 2.4800215e-18)
(258.82444 8.0027468 2.4832388e-18)
(258.83392 8.0078768 -5.1172383e-18)
(258.84285 8.01176 1.3689994e-18)
(258.84304 8.0113517 1.3705676e-18)
(258.85141 8.0189151 -4.1070784e-18)
(258.85164 8.0183267 -4.1004819e-18)
(258.861 8.0218813 4.4631653e-18)
(258.86125 8.0213817 4.4604174e-18)
(258.86153 8.0208259 4.456668e-18)
(258.86183 8.0202175 4.4519588e-18)
(258.87366 8.0301695 1.8814103e-18)
(258.87396 8.0293241 1.8555424e-18)
(258.87428 8.0284081 1.8260468e-18)
(258.87463 8.0274276 1.793523e-18)
(258.88136 8.0288459 3.6328082e-20)
(258.8817 8.0282473 8.5278629e-21)
(258.88207 8.0276179 -1.6727876e-20)
(258.88245 8.026958 -4.0107974e-20)
(258.88285 8.0262693 -6.214038e-20)
(258.88327 8.0255527 -8.3300791e-20)
(258.8837 8.024807 -1.0403138e-19)
(258.88415 8.0240332 -1.2463815e-19)
(258.88462 8.0232277 -1.4546777e-19)
(258.88511 8.0223861 -1.6683322e-19)
(258.88562 8.0215 -1.8909655e-19)
(258.88617 8.0205404 -2.1317841e-19)
(258.88678 8.0194902 -2.4010038e-19)
(258.88743 8.0183645 -2.6996134e-19)
(258.8881 8.0171857 -3.0218318e-19)
(258.8888 8.0159636 -3.3641837e-19)
(258.88952 8.014703 -3.7243549e-19)
(258.89026 8.0134064 -4.1007627e-19)
(258.89102 8.0120753 -4.4920311e-19)
(258.8918 8.0107108 -4.8970551e-19)
(258.89259 8.0093119 -5.3154272e-19)
(258.89341 8.0078803 -5.7459617e-19)
(258.89424 8.0064133 -6.1889431e-19)
(258.89509 8.0049116 -6.6435623e-19)
(258.89596 8.0033747 -7.1095895e-19)
(258.89684 8.0018007 -7.5871517e-19)
(259.03251 7.8630525 2.0994157e-19)
(259.03363 7.8602658 1.4747741e-19)
(259.03468 7.8575228 8.6291714e-20)
(259.03568 7.8548212 2.632201e-20)
(259.03661 7.8521617 -3.242676e-20)
(259.03749 7.8495368 -9.0128423e-20)
(259.03831 7.8469496 -1.4672654e-19)
(259.03907 7.844395 -2.0234005e-19)
(259.03978 7.8418719 -2.5700709e-19)
(259.04044 7.8393775 -3.107944e-19)
(259.04104 7.8369122 -3.6370556e-19)
(259.0416 7.8344722 -4.1583338e-19)
(259.0421 7.8320566 -4.6720879e-19)
(259.04255 7.829664 -5.1787529e-19)
(259.04296 7.8272927 -5.6787987e-19)
(253.42476 7.5389498 5.2825195e-19)
(253.44366 7.5410365 5.2597608e-19)
(253.46275 7.5431417 5.2364915e-19)
(253.48206 7.5452669 5.2125996e-19)
(253.5016 7.5474137 5.1879815e-19)
(253.52139 7.5495835 5.1625389e-19)
(253.54145 7.5517779 5.1361761e-19)
(253.56181 7.5539987 5.108801e-19)
(253.58248 7.5562472 5.0803316e-19)
(253.6035 7.5585272 5.0506524e-19)
(253.62486 7.560837 5.0197259e-19)
(253.64663 7.5631824 4.9874163e-19)
(253.66878 7.5655627 4.9536755e-19)
(253.69138 7.5679823 4.9183859e-19)
(253.71443 7.5704416 4.8814852e-19)
(254.99556 7.7979548 -2.2273742e-18)
(255.01418 7.8017503 -2.2009306e-18)
(255.03253 7.8054869 -2.1744204e-18)
(255.05062 7.8091648 -2.1478378e-18)
(255.06848 7.8127892 -2.1211406e-18)
(255.08614 7.8163617 -2.0943124e-18)
(255.1036 7.8198833 -2.0673395e-18)
(255.1209 7.8233579 -2.0401863e-18)
(255.13804 7.826782 -2.0128749e-18)
(255.15506 7.8301592 -1.9853724e-18)
(255.17194 7.8334852 -1.9577105e-18)
(255.18867 7.8367523 -1.9299547e-18)
(255.20521 7.8399503 -1.9021994e-18)
(255.22144 7.8430516 -1.8747048e-18)
(255.237 7.8459891 -1.8481162e-18)
(255.25153 7.8487119 -1.8229939e-18)
(255.2651 7.8512534 -1.799132e-18)
(255.27805 7.8536855 -1.7759152e-18)
(255.2905 7.8560321 -1.7531531e-18)
(255.30244 7.8582994 -1.7308147e-18)
(255.31382 7.860487 -1.7089335e-18)
(255.32457 7.8625919 -1.6875717e-18)
(255.33456 7.8646006 -1.6669007e-18)
(255.34364 7.8665036 -1.6470583e-18)
(255.35163 7.8682832 -1.6282744e-18)
(255.35829 7.8699202 -1.6108065e-18)
(252.84631 7.7592426 9.5690754e-19)
(252.8489 7.7598561 9.5491947e-19)
(252.8504 7.760421 9.5396981e-19)
(252.85066 7.7609333 9.5415936e-19)
(250.59853 7.744559 -1.3904746e-18)
(250.59546 7.7454964 -1.376572e-18)
(250.59208 7.7463253 -1.3639017e-18)
(250.58836 7.7470369 -1.35262e-18)
(250.24174 7.7226025 5.5572656e-18)
(250.23491 7.7228934 5.5697625e-18)
(252.17124 7.7947929 1.9466033e-18)
(252.16842 7.7953419 1.9555457e-18)
(254.54729 7.8603956 6.2043323e-18)
(256.92155 7.9218183 -2.6618246e-18)
(256.92223 7.9222061 -2.6610899e-18)
(257.82049 7.9547002 -3.6106665e-19)
(258.5715 7.9762358 9.8686516e-19)
(258.66645 7.9783244 -5.6115643e-20)
(258.72779 7.9834408 2.1000914e-19)
(258.7478 7.9858523 5.7916794e-19)
(258.77783 7.9911666 2.0916244e-19)
(258.78841 7.9933724 1.8139256e-18)
(258.8116 7.999635 4.6725966e-20)
(258.82431 8.003042 2.4799698e-18)
(258.82443 8.0027578 2.4831884e-18)
(258.83391 8.0078891 -5.117442e-18)
(258.84285 8.0117698 1.3690827e-18)
(258.84304 8.0113611 1.370655e-18)
(258.85141 8.0189267 -4.1071351e-18)
(258.85164 8.0183381 -4.100541e-18)
(258.86099 8.021889 4.463263e-18)
(258.86125 8.0213893 4.4605159e-18)
(258.86152 8.0208332 4.4567654e-18)
(258.86183 8.0202243 4.4520522e-18)
(258.87365 8.0301795 1.8819166e-18)
(258.87396 8.0293334 1.8560117e-18)
(258.87428 8.0284168 1.8264802e-18)
(258.87462 8.027436 1.7939298e-18)
(258.88135 8.0288501 3.608664e-20)
(258.8817 8.0282516 8.313944e-21)
(258.88207 8.0276213 -1.6954964e-20)
(258.88245 8.0269617 -4.0298581e-20)
(258.88285 8.0262726 -6.2322209e-20)
(258.88327 8.0255552 -8.3485047e-20)
(258.8837 8.02481 -1.0418688e-19)
(258.88415 8.0240354 -1.2479562e-19)
(258.88462 8.0232295 -1.4562244e-19)
(258.88511 8.022388 -1.66971e-19)
(258.88562 8.0215011 -1.89245e-19)
(258.88617 8.0205412 -2.1332838e-19)
(258.88678 8.0194913 -2.4023421e-19)
(258.88743 8.0183655 -2.7008682e-19)
(258.8881 8.0171867 -3.0229973e-19)
(258.8888 8.0159649 -3.365182e-19)
(258.88952 8.014704 -3.7253698e-19)
(258.89026 8.0134073 -4.1017063e-19)
(258.89102 8.0120768 -4.4927165e-19)
(258.8918 8.0107116 -4.8978907e-19)
(258.89259 8.0093134 -5.315991e-19)
(258.89341 8.007881 -5.7467197e-19)
(258.89424 8.0064143 -6.1895355e-19)
(258.89509 8.0049129 -6.6440091e-19)
(258.89596 8.0033752 -7.11024e-19)
(258.89684 8.0018011 -7.587773e-19)
(259.03251 7.8630547 2.1000075e-19)
(259.03363 7.860267 1.4751692e-19)
(259.03468 7.8575233 8.6315343e-20)
(259.03568 7.854823 2.6375272e-20)
(259.03661 7.8521613 -3.2421319e-20)
(259.03749 7.849539 -9.0064623e-20)
(259.03831 7.8469498 -1.4670572e-19)
(259.03907 7.8443958 -2.0230679e-19)
(259.03978 7.8418726 -2.5697443e-19)
(259.04044 7.8393788 -3.107465e-19)
(259.04105 7.8369128 -3.6367247e-19)
(259.0416 7.8344728 -4.1580047e-19)
(259.0421 7.8320572 -4.6717552e-19)
(259.04256 7.8296645 -5.1784114e-19)
(259.04296 7.8272932 -5.6784469e-19)
(253.4248 7.5389507 5.2821818e-19)
(253.44369 7.5410375 5.2594442e-19)
(253.46278 7.5431427 5.2361941e-19)
(253.48209 7.5452679 5.21232e-19)
(253.50162 7.5474143 5.187723e-19)
(253.52142 7.5495849 5.1622853e-19)
(253.54148 7.551779 5.135941e-19)
(253.56183 7.5539994 5.1085839e-19)
(253.58251 7.5562493 5.080108e-19)
(253.60352 7.5585275 5.0504644e-19)
(253.62489 7.5608389 5.0195272e-19)
(253.64665 7.5631838 4.9872337e-19)
(253.66881 7.5655647 4.9534924e-19)
(253.6914 7.5679833 4.9182248e-19)
(253.71445 7.5704428 4.8813307e-19)
(254.9956 7.7979591 -2.2273386e-18)
(255.01422 7.8017541 -2.2008979e-18)
(255.03257 7.80549 -2.1743919e-18)
(255.05066 7.809169 -2.1478006e-18)
(255.06853 7.8127937 -2.1211005e-18)
(255.08618 7.8163657 -2.0942748e-18)
(255.10365 7.8198884 -2.0672925e-18)
(255.12095 7.8233618 -2.0401481e-18)
(255.1381 7.8267885 -2.0128149e-18)
(255.15512 7.8301653 -1.9853148e-18)
(255.172 7.8334902 -1.957661e-18)
(255.18873 7.8367584 -1.9298944e-18)
(255.20528 7.8399567 -1.9021359e-18)
(255.22151 7.8430575 -1.8746437e-18)
(255.23708 7.8459961 -1.8480447e-18)
(255.25161 7.8487194 -1.8229168e-18)
(255.26519 7.8512627 -1.7990368e-18)
(255.27815 7.8536957 -1.7758098e-18)
(255.29061 7.8560438 -1.7530307e-18)
(255.30256 7.8583132 -1.7306691e-18)
(255.31396 7.8605026 -1.708768e-18)
(255.32472 7.8626076 -1.6874018e-18)
(255.33473 7.8646196 -1.6666934e-18)
(255.34382 7.866524 -1.6468318e-18)
(255.35181 7.868304 -1.6280399e-18)
(255.35849 7.8699435 -1.6105416e-18)
(252.84644 7.7592496 9.5678996e-19)
(252.84904 7.7598636 9.5479789e-19)
(252.85055 7.7604288 9.5384582e-19)
(252.8508 7.7609415 9.540337e-19)
(250.59855 7.7445748 -1.3902717e-18)
(250.59548 7.7455124 -1.3763635e-18)
(250.5921 7.7463421 -1.3636789e-18)
(250.58837 7.7470545 -1.352382e-18)
(250.24155 7.7226059 5.5574442e-18)
(250.23472 7.7228969 5.5699412e-18)
(252.17103 7.7948066 1.9466927e-18)
(252.16822 7.7953557 1.9556409e-18)
(254.54723 7.8604048 6.2047436e-18)
(256.92155 7.9218353 -2.6616807e-18)
(256.92223 7.9222234 -2.6609445e-18)
(257.82049 7.9547137 -3.6134944e-19)
(258.57149 7.9762502 9.8700467e-19)
(258.66644 7.9783409 -5.6111958e-20)
(258.72779 7.9834561 2.1015027e-19)
(258.7478 7.9858684 5.7917029e-19)
(258.77783 7.9911815 2.091752e-19)
(258.7884 7.9933881 1.8139943e-18)
(258.81159 7.9996505 4.7147475e-20)
(258.8243 8.0030554 2.479907e-18)
(258.82443 8.0027709 2.4831285e-18)
(258.8339 8.007904 -5.1176874e-18)
(258.84284 8.0117815 1.3691837e-18)
(258.84303 8.0113728 1.3707595e-18)
(258.85141 8.0189407 -4.107204e-18)
(258.85163 8.0183515 -4.1006089e-18)
(258.86099 8.0218985 4.4633818e-18)
(258.86124 8.0213983 4.4606338e-18)
(258.86152 8.0208421 4.4568834e-18)
(258.86182 8.0202326 4.4521653e-18)
(258.87365 8.0301912 1.8825152e-18)
(258.87395 8.0293447 1.8565763e-18)
(258.87428 8.0284274 1.8270036e-18)
(258.87462 8.0274457 1.7944036e-18)
(258.88135 8.0288555 3.5819834e-20)
(258.8817 8.0282562 8.0371417e-21)
(258.88207 8.027626 -1.7201318e-20)
(258.88245 8.0269656 -4.0547397e-20)
(258.88285 8.0262765 -6.2546682e-20)
(258.88327 8.0255589 -8.3691607e-20)
(258.8837 8.0248132 -1.043826e-19)
(258.88415 8.0240381 -1.2498612e-19)
(258.88462 8.0232317 -1.4580588e-19)
(258.88511 8.0223901 -1.6714428e-19)
(258.88562 8.0215027 -1.8941923e-19)
(258.88617 8.0205426 -2.1349645e-19)
(258.88678 8.0194925 -2.4040045e-19)
(258.88743 8.0183669 -2.7023573e-19)
(258.8881 8.0171881 -3.0243702e-19)
(258.8888 8.0159659 -3.3665418e-19)
(258.88952 8.0147055 -3.7264813e-19)
(258.89026 8.0134091 -4.1026444e-19)
(258.89102 8.0120777 -4.4938395e-19)
(258.8918 8.010713 -4.8987676e-19)
(258.89259 8.0093144 -5.3169035e-19)
(258.89341 8.0078822 -5.7474901e-19)
(258.89424 8.0064154 -6.1902573e-19)
(258.89509 8.0049137 -6.6447919e-19)
(258.89596 8.0033763 -7.1108689e-19)
(258.89684 8.0018025 -7.5882704e-19)
(259.03251 7.8630558 2.1003839e-19)
(259.03363 7.860268 1.4755256e-19)
(259.03468 7.8575253 8.6375239e-20)
(259.03568 7.8548243 2.64191e-20)
(259.03661 7.8521631 -3.2364947e-20)
(259.03749 7.849539 -9.0047068e-20)
(259.03831 7.8469519 -1.4664078e-19)
(259.03907 7.8443962 -2.0227734e-19)
(259.03978 7.8418734 -2.5693462e-19)
(259.04044 7.8393801 -3.1069615e-19)
(259.04105 7.8369131 -3.6364256e-19)
(259.0416 7.8344735 -4.1576022e-19)
(259.0421 7.8320579 -4.6713455e-19)
(259.04256 7.8296652 -5.1779963e-19)
(259.04296 7.8272938 -5.6780244e-19)
(253.42483 7.5389519 5.2817707e-19)
(253.44373 7.5410386 5.2590588e-19)
(253.46282 7.5431439 5.2358321e-19)
(253.48212 7.5452688 5.2119836e-19)
(253.50166 7.5474163 5.1873939e-19)
(253.52144 7.5495858 5.1619878e-19)
(253.5415 7.55178 5.1356593e-19)
(253.56186 7.5540012 5.1083079e-19)
(253.58254 7.5562503 5.0798567e-19)
(253.60355 7.5585294 5.0502141e-19)
(253.62492 7.5608401 5.0192994e-19)
(253.64668 7.5631855 4.9870113e-19)
(253.66884 7.5655661 4.9532851e-19)
(253.69144 7.5679857 4.9180135e-19)
(254.97672 7.7941044 -2.2537159e-18)
(254.99564 7.7979627 -2.2273071e-18)
(255.01426 7.8017586 -2.2008587e-18)
(255.03262 7.8054948 -2.1743497e-18)
(255.05071 7.8091741 -2.1477555e-18)
(255.06858 7.8127979 -2.121061e-18)
(255.08624 7.8163721 -2.0942178e-18)
(255.10371 7.819894 -2.0672407e-18)
(255.12102 7.8233689 -2.0400828e-18)
(255.13817 7.8267942 -2.01276e-18)
(255.15519 7.8301719 -1.9852507e-18)
(255.17208 7.8334979 -1.9575865e-18)
(255.18881 7.836766 -1.92982e-18)
(255.20536 7.8399639 -1.9020627e-18)
(255.22159 7.8430646 -1.8745709e-18)
(255.23717 7.8460042 -1.8479623e-18)
(255.25171 7.8487287 -1.8228215e-18)
(255.26529 7.8512726 -1.7989347e-18)
(255.27828 7.8537095 -1.7756687e-18)
(255.29075 7.8560588 -1.7528749e-18)
(255.30271 7.8583292 -1.730501e-18)
(255.31412 7.860521 -1.708572e-18)
(255.3249 7.862629 -1.6871722e-18)
(255.33492 7.8646419 -1.6664501e-18)
(255.34403 7.8665474 -1.6465729e-18)
(255.35204 7.8683303 -1.6277444e-18)
(255.35873 7.8699712 -1.6102263e-18)
(252.8466 7.7592582 9.5664705e-19)
(252.8492 7.7598728 9.5465014e-19)
(252.85072 7.7604385 9.5369459e-19)
(252.85099 7.7609514 9.5388048e-19)
(250.59857 7.7445935 -1.390033e-18)
(250.5955 7.7455326 -1.3761007e-18)
(250.59212 7.7463629 -1.3634028e-18)
(250.58839 7.7470759 -1.3520925e-18)
(250.24133 7.72261 5.5576614e-18)
(250.2345 7.7229013 5.5701616e-18)
(252.17079 7.7948225 1.9467914e-18)
(252.16797 7.7953727 1.9557585e-18)
(254.54714 7.860416 6.2052445e-18)
(256.92155 7.9218561 -2.6615053e-18)
(256.92223 7.9222444 -2.6607675e-18)
(257.82048 7.95473 -3.616929e-19)
(258.57149 7.9762675 9.8717427e-19)
(258.66643 7.9783609 -5.6107171e-20)
(258.72778 7.9834746 2.1032076e-19)
(258.74779 7.9858879 5.7917314e-19)
(258.77782 7.9911994 2.0919042e-19)
(258.7884 7.9934074 1.8140774e-18)
(258.81158 7.9996694 4.766314e-20)
(258.8243 8.0030717 2.4798301e-18)
(258.82442 8.002787 2.4830553e-18)
(258.8339 8.0079218 -5.1179856e-18)
(258.84284 8.0117959 1.3693055e-18)
(258.84303 8.0113868 1.370887e-18)
(258.8514 8.0189574 -4.1072849e-18)
(258.85163 8.018368 -4.1006939e-18)
(258.86099 8.0219099 4.4635256e-18)
(258.86124 8.0214094 4.4607781e-18)
(258.86152 8.0208526 4.4570243e-18)
(258.86182 8.020243 4.4523055e-18)
(258.87365 8.0302054 1.8832424e-18)
(258.87395 8.0293584 1.857264e-18)
(258.87427 8.0284404 1.8276457e-18)
(258.87462 8.027458 1.7950006e-18)
(258.88135 8.0288615 3.5465654e-20)
(258.8817 8.0282621 7.7074297e-21)
(258.88206 8.0276314 -1.7514792e-20)
(258.88245 8.0269708 -4.0835179e-20)
(258.88285 8.0262813 -6.2814837e-20)
(258.88327 8.0255631 -8.3948092e-20)
(258.8837 8.0248168 -1.0462923e-19)
(258.88415 8.0240416 -1.2521196e-19)
(258.88462 8.023235 -1.4601717e-19)
(258.88511 8.0223921 -1.6736764e-19)
(258.88562 8.0215046 -1.8963001e-19)
(258.88617 8.0205442 -2.1370495e-19)
(258.88678 8.0194938 -2.4060406e-19)
(258.88742 8.0183684 -2.7042122e-19)
(258.8881 8.0171898 -3.0260266e-19)
(258.8888 8.0159678 -3.3680133e-19)
(258.88952 8.0147071 -3.7279132e-19)
(258.89026 8.0134104 -4.1040378e-19)
(258.89102 8.0120796 -4.4949281e-19)
(258.8918 8.0107144 -4.8999132e-19)
(258.89259 8.0093162 -5.3178341e-19)
(258.89341 8.0078832 -5.7485774e-19)
(258.89424 8.0064168 -6.191139e-19)
(258.89509 8.0049151 -6.6456144e-19)
(258.89595 8.0033776 -7.1116426e-19)
(258.89684 8.0018034 -7.5890914e-19)
(258.89775 8.0001917 -8.0778309e-19)
(259.03363 7.8602703 1.4762242e-19)
(259.03468 7.8575266 8.6421179e-20)
(259.03568 7.8548258 2.6472955e-20)
(259.03661 7.8521641 -3.2321886e-20)
(259.03749 7.8495409 -8.9985019e-20)
(259.03831 7.8469527 -1.4660171e-19)
(259.03907 7.8443979 -2.0221771e-19)
(259.03978 7.8418741 -2.5689452e-19)
(259.04044 7.8393807 -3.1065791e-19)
(259.04105 7.8369149 -3.6357553e-19)
(259.0416 7.834474 -4.1571917e-19)
(259.0421 7.8320587 -4.6708444e-19)
(259.04256 7.829666 -5.1774883e-19)
(259.04296 7.8272946 -5.677507e-19)
(253.42488 7.5389533 5.2812695e-19)
(253.44377 7.5410401 5.2585889e-19)
(253.46286 7.5431453 5.2353911e-19)
(253.48216 7.5452709 5.2115618e-19)
(253.50169 7.5474172 5.1870103e-19)
(253.52148 7.5495874 5.161619e-19)
(253.54154 7.5517819 5.1353066e-19)
(253.5619 7.5540029 5.1079781e-19)
(253.58257 7.5562517 5.0795475e-19)
(253.60359 7.5585312 5.0499166e-19)
(253.62496 7.5608424 5.0190109e-19)
(253.64671 7.5631872 4.9867448e-19)
(253.66888 7.5655686 4.9530204e-19)
(253.69147 7.567988 4.9177644e-19)
(254.97676 7.7941082 -2.2536823e-18)
(254.99569 7.7979679 -2.2272629e-18)
(255.01432 7.8017646 -2.2008079e-18)
(255.03267 7.8055002 -2.1743023e-18)
(255.05077 7.8091798 -2.1477045e-18)
(255.06865 7.8128056 -2.1209939e-18)
(255.08631 7.8163781 -2.0941622e-18)
(255.10379 7.819902 -2.0671686e-18)
(255.12109 7.8233758 -2.0400179e-18)
(255.13825 7.8268026 -2.0126816e-18)
(255.15527 7.8301798 -1.985175e-18)
(255.17216 7.8335062 -1.9575056e-18)
(255.18891 7.8367757 -1.9297256e-18)
(255.20546 7.8399731 -1.9019711e-18)
(255.2217 7.8430742 -1.8744743e-18)
(255.23727 7.8460133 -1.8478678e-18)
(255.25183 7.8487399 -1.8227074e-18)
(255.26543 7.8512865 -1.7987925e-18)
(255.27843 7.8537243 -1.7755149e-18)
(255.29091 7.8560764 -1.7526921e-18)
(255.30289 7.8583497 -1.7302852e-18)
(255.31433 7.860544 -1.7083278e-18)
(255.32512 7.8626531 -1.6869113e-18)
(255.33516 7.8646694 -1.6661497e-18)
(255.34429 7.8665773 -1.6462413e-18)
(255.35232 7.8683621 -1.6273873e-18)
(255.35903 7.8700054 -1.6098364e-18)
(252.84679 7.7592687 9.5647207e-19)
(252.84941 7.7598837 9.5447043e-19)
(252.85094 7.76045 9.5351026e-19)
(252.85121 7.7609636 9.5369361e-19)
(250.5986 7.7446167 -1.389736e-18)
(250.59553 7.7455567 -1.3757874e-18)
(250.59214 7.7463882 -1.3630674e-18)
(250.58841 7.747102 -1.35174e-18)
(250.24106 7.7226151 5.5579265e-18)
(250.23422 7.7229066 5.5704287e-18)
(252.1705 7.7948425 1.9469185e-18)
(252.16768 7.7953932 1.9558991e-18)
(254.54705 7.8604298 6.2058573e-18)
(256.92155 7.9218813 -2.6612916e-18)
(256.92223 7.92227 -2.6605513e-18)
(257.82048 7.9547498 -3.621101e-19)
(258.57148 7.9762887 9.8738059e-19)
(258.66643 7.9783856 -5.6102797e-20)
(258.72777 7.9834973 2.1052989e-19)
(258.74778 7.9859117 5.7917667e-19)
(258.77781 7.9912217 2.0920962e-19)
(258.78839 7.9934308 1.8141792e-18)
(258.81158 7.9996924 4.8289017e-20)
(258.82429 8.0030916 2.4797361e-18)
(258.82441 8.0028065 2.4829668e-18)
(258.83389 8.0079438 -5.1183503e-18)
(258.84283 8.0118135 1.3694543e-18)
(258.84302 8.0114038 1.371043e-18)
(258.85139 8.0189782 -4.1073868e-18)
(258.85162 8.018388 -4.1007956e-18)
(258.86098 8.0219239 4.4637016e-18)
(258.86123 8.021423 4.4609543e-18)
(258.86151 8.0208656 4.4571976e-18)
(258.86181 8.0202552 4.4524725e-18)
(258.87364 8.0302233 1.884145e-18)
(258.87395 8.029375 1.8581035e-18)
(258.87427 8.0284558 1.8284165e-18)
(258.87461 8.0274726 1.7957158e-18)
(258.88134 8.0288694 3.5055839e-20)
(258.88169 8.0282693 7.3042443e-21)
(258.88206 8.0276382 -1.7894689e-20)
(258.88244 8.0269771 -4.1188964e-20)
(258.88284 8.0262868 -6.3155737e-20)
(258.88326 8.0255685 -8.4256127e-20)
(258.8837 8.0248216 -1.0492003e-19)
(258.88415 8.0240456 -1.2549409e-19)
(258.88462 8.0232383 -1.4629179e-19)
(258.8851 8.0223953 -1.6762404e-19)
(258.88562 8.0215069 -1.898891e-19)
(258.88617 8.0205459 -2.1396517e-19)
(258.88678 8.0194958 -2.4084403e-19)
(258.88742 8.0183704 -2.7064482e-19)
(258.8881 8.0171921 -3.0280013e-19)
(258.8888 8.0159697 -3.3699296e-19)
(258.88952 8.0147089 -3.7296885e-19)
(258.89026 8.0134125 -4.1055759e-19)
(258.89102 8.0120813 -4.4964726e-19)
(258.8918 8.0107166 -4.9011742e-19)
(258.89259 8.0093177 -5.3191874e-19)
(258.8934 8.0078854 -5.7495938e-19)
(258.89424 8.0064183 -6.1922778e-19)
(258.89509 8.0049165 -6.6466861e-19)
(258.89595 8.0033793 -7.1125311e-19)
(258.89684 8.0018049 -7.5899844e-19)
(258.89775 8.0001927 -8.0788164e-19)
(259.03363 7.8602726 1.4769305e-19)
(259.03468 7.857529 8.6498527e-20)
(259.03568 7.8548274 2.6530663e-20)
(259.03661 7.8521663 -3.2249324e-20)
(259.03749 7.8495425 -8.9923435e-20)
(259.03831 7.8469539 -1.4654852e-19)
(259.03907 7.8443993 -2.021581e-19)
(259.03978 7.8418758 -2.5682656e-19)
(259.04044 7.8393819 -3.1059855e-19)
(259.04105 7.8369154 -3.6353109e-19)
(259.0416 7.8344758 -4.1564426e-19)
(259.0421 7.8320597 -4.6702372e-19)
(259.04256 7.8296669 -5.1768675e-19)
(259.04296 7.8272955 -5.6768735e-19)
(253.42493 7.538955 5.2806587e-19)
(253.44383 7.5410418 5.2580164e-19)
(253.46291 7.5431469 5.2348563e-19)
(253.48221 7.5452724 5.2110595e-19)
(253.50174 7.5474195 5.1865282e-19)
(253.52153 7.549589 5.1611726e-19)
(253.54159 7.5517839 5.1348819e-19)
(253.56195 7.5540049 5.1075759e-19)
(253.58262 7.5562539 5.0791656e-19)
(253.60363 7.5585334 5.0495543e-19)
(253.625 7.5608447 5.0186656e-19)
(253.64676 7.5631897 4.9864143e-19)
(253.66892 7.5655713 4.9527045e-19)
(253.69151 7.5679902 4.9174687e-19)
(254.97683 7.794115 -2.2536262e-18)
(254.99576 7.7979741 -2.2272095e-18)
(255.01439 7.8017704 -2.2007569e-18)
(255.03274 7.8055073 -2.1742404e-18)
(255.05085 7.8091878 -2.1476352e-18)
(255.06872 7.8128128 -2.120929e-18)
(255.08639 7.8163867 -2.0940853e-18)
(255.10387 7.8199105 -2.0670899e-18)
(255.12119 7.8233854 -2.0399292e-18)
(255.13835 7.8268119 -2.0125934e-18)
(255.15538 7.8301904 -1.9850737e-18)
(255.17228 7.833517 -1.9574012e-18)
(255.18903 7.8367861 -1.9296227e-18)
(255.20559 7.8399844 -1.9018582e-18)
(255.22182 7.8430851 -1.8743629e-18)
(255.2374 7.846025 -1.847748e-18)
(255.25197 7.8487532 -1.8225709e-18)
(255.26559 7.8513027 -1.7986262e-18)
(255.27861 7.8537439 -1.7753134e-18)
(255.29112 7.8560984 -1.7524631e-18)
(255.30312 7.8583742 -1.7300276e-18)
(255.31457 7.860571 -1.7080394e-18)
(255.32539 7.862684 -1.6865788e-18)
(255.33546 7.8647021 -1.665792e-18)
(255.34461 7.8666136 -1.6458401e-18)
(255.35266 7.8684011 -1.6269499e-18)
(255.35939 7.8700466 -1.6093667e-18)
(252.84702 7.7592814 9.5625895e-19)
(252.84965 7.7598972 9.5425031e-19)
(252.8512 7.7604641 9.5328531e-19)
(252.85147 7.7609783 9.5346539e-19)
(250.59863 7.7446448 -1.3893762e-18)
(250.59556 7.7455863 -1.3754008e-18)
(250.59217 7.7464191 -1.3626585e-18)
(250.58844 7.7471339 -1.3513098e-18)
(250.24073 7.7226212 5.5582491e-18)
(250.23388 7.7229131 5.5707541e-18)
(252.17013 7.7948667 1.9470727e-18)
(252.16731 7.7954182 1.9560706e-18)
(254.54693 7.8604465 6.2066037e-18)
(256.92154 7.921912 -2.6610308e-18)
(256.92223 7.9223013 -2.6602875e-18)
(257.82047 7.9547741 -3.6262092e-19)
(258.57148 7.9763144 9.8763064e-19)
(258.66641 7.9784156 -5.6096556e-20)
(258.72776 7.9835252 2.1078674e-19)
(258.74777 7.9859411 5.7918105e-19)
(258.7778 7.9912487 2.0923274e-19)
(258.78838 7.9934591 1.8143034e-18)
(258.81156 7.9997205 4.9054751e-20)
(258.82428 8.0031158 2.4796224e-18)
(258.8244 8.0028304 2.482858e-18)
(258.83388 8.0079705 -5.1187951e-18)
(258.84282 8.0118349 1.3696361e-18)
(258.84301 8.0114247 1.3712329e-18)
(258.85139 8.0190034 -4.1075093e-18)
(258.85161 8.0184124 -4.1009198e-18)
(258.86097 8.021941 4.4639164e-18)
(258.86122 8.0214393 4.4611678e-18)
(258.8615 8.0208813 4.4574091e-18)
(258.86181 8.0202704 4.4526797e-18)
(258.87363 8.0302446 1.8852331e-18)
(258.87394 8.0293955 1.8591295e-18)
(258.87426 8.0284752 1.8293731e-18)
(258.87461 8.0274905 1.7965888e-18)
(258.88134 8.0288785 3.4533765e-20)
(258.88169 8.0282781 6.8160218e-21)
(258.88205 8.0276464 -1.8357025e-20)
(258.88244 8.0269846 -4.1629916e-20)
(258.88284 8.026294 -6.3557244e-20)
(258.88326 8.0255747 -8.4641855e-20)
(258.88369 8.0248273 -1.0527899e-19)
(258.88414 8.0240507 -1.2583254e-19)
(258.88461 8.0232428 -1.4661381e-19)
(258.8851 8.0223988 -1.6794288e-19)
(258.88562 8.0215096 -1.9020688e-19)
(258.88617 8.0205482 -2.1427749e-19)
(258.88678 8.019498 -2.4114296e-19)
(258.88742 8.0183728 -2.7091564e-19)
(258.8881 8.0171944 -3.0305485e-19)
(258.8888 8.0159722 -3.372189e-19)
(258.88952 8.0147116 -3.7317285e-19)
(258.89026 8.0134147 -4.1075525e-19)
(258.89102 8.0120838 -4.4982136e-19)
(258.8918 8.0107188 -4.9028474e-19)
(258.89259 8.00932 -5.3206887e-19)
(258.8934 8.0078873 -5.7511038e-19)
(258.89423 8.0064206 -6.1935431e-19)
(258.89508 8.0049185 -6.6479169e-19)
(258.89595 8.0033808 -7.1138069e-19)
(258.89684 8.0018067 -7.5910788e-19)
(258.89775 8.0001948 -8.0797309e-19)
(259.03363 7.8602747 1.477659e-19)
(259.03468 7.8575316 8.6581096e-20)
(259.03568 7.8548298 2.6611411e-20)
(259.03661 7.8521684 -3.2172479e-20)
(259.03749 7.8495445 -8.98483e-20)
(259.03831 7.8469558 -1.4647348e-19)
(259.03907 7.844401 -2.020851e-19)
(259.03978 7.8418774 -2.5675404e-19)
(259.04044 7.8393831 -3.1053229e-19)
(259.04105 7.8369173 -3.6344624e-19)
(259.0416 7.8344768 -4.1557777e-19)
(259.0421 7.8320607 -4.6695524e-19)
(259.04256 7.8296681 -5.1761139e-19)
(259.04296 7.8272966 -5.6761022e-19)
(253.425 7.5389571 5.2799154e-19)
(253.44389 7.5410439 5.2573197e-19)
(253.46297 7.5431494 5.2341976e-19)
(253.48227 7.5452745 5.2104467e-19)
(253.5018 7.5474216 5.1859516e-19)
(253.52159 7.5495916 5.1606234e-19)
(253.54164 7.5517863 5.1343655e-19)
(253.562 7.5540072 5.1070892e-19)
(253.58267 7.5562568 5.0786985e-19)
(253.60368 7.558536 5.049116e-19)
(253.62505 7.5608476 5.0182457e-19)
(253.64681 7.563193 4.9860097e-19)
(253.66897 7.565574 4.9523264e-19)
(253.69157 7.5679942 4.9170922e-19)
(254.9769 7.7941214 -2.2535712e-18)
(254.99583 7.7979817 -2.227145e-18)
(255.01447 7.8017785 -2.2006872e-18)
(255.03283 7.8055162 -2.1741634e-18)
(255.05094 7.8091961 -2.1475604e-18)
(255.06882 7.8128225 -2.1208428e-18)
(255.0865 7.8163969 -2.093993e-18)
(255.10398 7.8199207 -2.0669958e-18)
(255.1213 7.8233965 -2.0398256e-18)
(255.13848 7.826824 -2.0124792e-18)
(255.15551 7.8302026 -1.9849574e-18)
(255.17242 7.8335301 -1.9572745e-18)
(255.18917 7.8367991 -1.929494e-18)
(255.20574 7.8399982 -1.9017205e-18)
(255.22198 7.8430987 -1.8742244e-18)
(255.23756 7.8460392 -1.8476022e-18)
(255.25215 7.8487697 -1.8224015e-18)
(255.26579 7.8513223 -1.7984252e-18)
(255.27883 7.8537668 -1.775077e-18)
(255.29136 7.856125 -1.7521866e-18)
(255.30339 7.8584042 -1.7297125e-18)
(255.31487 7.8606047 -1.7076811e-18)
(255.32572 7.8627207 -1.686183e-18)
(255.33581 7.8647428 -1.6653476e-18)
(255.34499 7.8666573 -1.6453554e-18)
(255.35307 7.8684483 -1.6264198e-18)
(255.35983 7.8700973 -1.6087901e-18)
(252.84731 7.759297 9.5599915e-19)
(252.84996 7.7599136 9.5398263e-19)
(252.85151 7.7604813 9.5301115e-19)
(252.8518 7.7609963 9.5318731e-19)
(250.59868 7.7446791 -1.3889365e-18)
(250.5956 7.7456222 -1.3749346e-18)
(250.59221 7.7464565 -1.3621627e-18)
(250.58847 7.7471727 -1.3507843e-18)
(250.24033 7.7226287 5.5586431e-18)
(250.23347 7.7229209 5.5711474e-18)
(252.16969 7.7948961 1.9472586e-18)
(252.16687 7.7954488 1.9562822e-18)
(254.54678 7.8604668 6.2075116e-18)
(254.54779 7.8607877 6.2113028e-18)
(256.92223 7.9223395 -2.6599661e-18)
(257.82046 7.9548035 -3.6324102e-19)
(258.57147 7.9763459 9.879384e-19)
(258.6664 7.9784519 -5.6088065e-20)
(258.72774 7.983559 2.1109812e-19)
(258.74775 7.9859766 5.7918642e-19)
(258.77779 7.9912814 2.0926055e-19)
(258.78836 7.993494 1.8144539e-18)
(258.81155 7.9997547 4.9987133e-20)
(258.82427 8.0031452 2.4794844e-18)
(258.83371 8.0083728 -5.1193195e-18)
(258.83387 8.0080031 -5.1193371e-18)
(258.84281 8.0118608 1.3698578e-18)
(258.843 8.01145 1.3714644e-18)
(258.85138 8.0190341 -4.1076585e-18)
(258.8516 8.018442 -4.1010698e-18)
(258.86096 8.0219617 4.4641776e-18)
(258.86121 8.0214594 4.4614299e-18)
(258.86149 8.0209006 4.4576671e-18)
(258.8618 8.0202886 4.4529291e-18)
(258.87363 8.0302709 1.8865681e-18)
(258.87393 8.02942 1.8603687e-18)
(258.87426 8.0284986 1.8305333e-18)
(258.8746 8.0275123 1.7976525e-18)
(258.88133 8.0288898 3.3907638e-20)
(258.88168 8.0282887 6.2136102e-21)
(258.88205 8.0276563 -1.8926002e-20)
(258.88243 8.0269939 -4.2158318e-20)
(258.88284 8.0263024 -6.4056169e-20)
(258.88325 8.0255825 -8.5103201e-20)
(258.88369 8.0248342 -1.0571687e-19)
(258.88414 8.0240568 -1.2624686e-19)
(258.88461 8.0232479 -1.4701386e-19)
(258.8851 8.0224031 -1.6833187e-19)
(258.88561 8.0215131 -1.9059026e-19)
(258.88617 8.020551 -2.1465705e-19)
(258.88677 8.0195007 -2.415032e-19)
(258.88742 8.0183758 -2.7124439e-19)
(258.8881 8.0171972 -3.0336051e-19)
(258.8888 8.0159753 -3.3749407e-19)
(258.88952 8.0147145 -3.7342989e-19)
(258.89026 8.0134178 -4.1098551e-19)
(258.89102 8.0120866 -4.5003881e-19)
(258.89179 8.0107214 -4.9049063e-19)
(258.89259 8.0093227 -5.322533e-19)
(258.8934 8.0078899 -5.7528208e-19)
(258.89423 8.0064228 -6.195241e-19)
(258.89508 8.004921 -6.6493819e-19)
(258.89595 8.0033831 -7.1152184e-19)
(258.89684 8.0018088 -7.592416e-19)
(258.89775 8.0001965 -8.0810879e-19)
(259.03363 7.8602786 1.4788387e-19)
(259.03468 7.8575341 8.6670932e-20)
(259.03568 7.8548329 2.6714481e-20)
(259.03661 7.852171 -3.2078605e-20)
(259.03749 7.8495467 -8.9761407e-20)
(259.03831 7.8469583 -1.4637722e-19)
(259.03907 7.8444029 -2.0200093e-19)
(259.03978 7.8418794 -2.5666601e-19)
(259.04044 7.8393852 -3.1043878e-19)
(259.04105 7.8369188 -3.6336349e-19)
(259.0416 7.8344782 -4.1549309e-19)
(259.0421 7.8320627 -4.6685485e-19)
(259.04256 7.8296696 -5.1751924e-19)
(259.04296 7.827298 -5.6751597e-19)
(253.42508 7.5389597 5.2790125e-19)
(253.44397 7.5410466 5.2564733e-19)
(253.46305 7.5431518 5.2334068e-19)
(253.48234 7.5452775 5.2096959e-19)
(253.50187 7.5474242 5.1852499e-19)
(253.52165 7.5495944 5.1599597e-19)
(253.54171 7.551789 5.1337405e-19)
(253.56207 7.5540106 5.1064912e-19)
(253.58274 7.5562598 5.0781373e-19)
(253.60375 7.5585395 5.048578e-19)
(253.62512 7.5608509 5.0177378e-19)
(253.64687 7.5631965 4.985525e-19)
(253.66904 7.5655782 4.9518568e-19)
(253.69163 7.5679981 4.9166475e-19)
(254.97699 7.7941304 -2.2534963e-18)
(254.99593 7.7979906 -2.227069e-18)
(255.01457 7.8017883 -2.2006032e-18)
(255.03294 7.805526 -2.1740776e-18)
(255.05105 7.8092072 -2.1474634e-18)
(255.06894 7.8128341 -2.120739e-18)
(255.08662 7.816409 -2.0938838e-18)
(255.10411 7.8199338 -2.0668761e-18)
(255.12144 7.8234099 -2.0397017e-18)
(255.13862 7.8268384 -2.0123442e-18)
(255.15567 7.8302175 -1.9848151e-18)
(255.17258 7.8335457 -1.9571235e-18)
(255.18934 7.8368154 -1.9293338e-18)
(255.20591 7.8400145 -1.9015581e-18)
(255.22216 7.8431152 -1.8740572e-18)
(255.23776 7.8460565 -1.8474252e-18)
(255.25236 7.8487897 -1.8221966e-18)
(255.26603 7.8513464 -1.7981785e-18)
(255.2791 7.8537949 -1.7747874e-18)
(255.29166 7.8561573 -1.7518502e-18)
(255.30372 7.8584404 -1.7293316e-18)
(255.31524 7.8606454 -1.7072483e-18)
(255.32612 7.8627655 -1.6856995e-18)
(255.33625 7.8647917 -1.6648126e-18)
(255.34546 7.8667105 -1.6447665e-18)
(255.35357 7.868506 -1.6257724e-18)
(255.36036 7.8701587 -1.6080906e-18)
(252.84766 7.7593159 9.5568331e-19)
(252.85033 7.7599335 9.5365691e-19)
(252.8519 7.7605022 9.5267756e-19)
(252.8522 7.7610182 9.5284881e-19)
(250.59873 7.7447206 -1.3884057e-18)
(250.59565 7.745666 -1.3743643e-18)
(250.59225 7.7465022 -1.3615572e-18)
(250.58851 7.7472199 -1.350148e-18)
(250.23984 7.7226377 5.5591185e-18)
(250.23297 7.7229305 5.5716267e-18)
(252.16916 7.7949318 1.9474834e-18)
(252.16634 7.7954858 1.9565359e-18)
(254.5466 7.8604917 6.2086192e-18)
(254.54762 7.8608131 6.2124185e-18)
(256.92223 7.9223858 -2.6595749e-18)
(257.82045 7.9548393 -3.6399543e-19)
(258.57146 7.9763841 9.8831106e-19)
(258.66639 7.9784962 -5.6078493e-20)
(258.72772 7.9835999 2.1147539e-19)
(258.74774 7.9860197 5.7919302e-19)
(258.77777 7.9913213 2.0929465e-19)
(258.78835 7.9935362 1.814638e-18)
(258.81154 7.9997962 5.1117011e-20)
(258.82425 8.0031811 2.4793157e-18)
(258.8337 8.008413 -5.1199765e-18)
(258.83385 8.0080426 -5.119996e-18)
(258.84279 8.0118924 1.3701272e-18)
(258.84298 8.0114809 1.3717456e-18)
(258.85136 8.0190713 -4.107838e-18)
(258.85159 8.0184781 -4.1012524e-18)
(258.86095 8.0219869 4.4644956e-18)
(258.8612 8.0214836 4.4617471e-18)
(258.86148 8.0209239 4.45798e-18)
(258.86179 8.0203109 4.4532343e-18)
(258.87362 8.0303025 1.8881841e-18)
(258.87392 8.0294502 1.8618882e-18)
(258.87425 8.0285267 1.8319321e-18)
(258.87459 8.0275389 1.7989521e-18)
(258.88132 8.0289036 3.3140885e-20)
(258.88167 8.0283017 5.4839289e-21)
(258.88204 8.0276683 -1.9619428e-20)
(258.88243 8.027005 -4.2807749e-20)
(258.88283 8.0263127 -6.466127e-20)
(258.88325 8.0255919 -8.5668244e-20)
(258.88368 8.0248426 -1.0625039e-19)
(258.88414 8.0240643 -1.2675039e-19)
(258.88461 8.0232543 -1.4749798e-19)
(258.8851 8.0224084 -1.6880273e-19)
(258.88561 8.0215172 -1.9105704e-19)
(258.88617 8.0205544 -2.1511804e-19)
(258.88677 8.019504 -2.4194144e-19)
(258.88742 8.0183793 -2.7164872e-19)
(258.88809 8.0172009 -3.0372669e-19)
(258.88879 8.015979 -3.3783159e-19)
(258.88952 8.0147181 -3.7374048e-19)
(258.89026 8.0134214 -4.1126996e-19)
(258.89102 8.0120899 -4.5030532e-19)
(258.89179 8.0107248 -4.9073199e-19)
(258.89259 8.0093259 -5.3248153e-19)
(258.8934 8.0078931 -5.754915e-19)
(258.89423 8.0064258 -6.1971943e-19)
(258.89508 8.0049237 -6.6512909e-19)
(258.89595 8.0033859 -7.1169414e-19)
(258.89684 8.0018113 -7.5940796e-19)
(258.89775 8.0001991 -8.0825808e-19)
(259.03363 7.8602824 1.4800643e-19)
(259.03468 7.8575381 8.679918e-20)
(259.03568 7.8548361 2.6828163e-20)
(259.03661 7.8521741 -3.1968102e-20)
(259.03749 7.8495499 -8.9644619e-20)
(259.03831 7.8469609 -1.462716e-19)
(259.03907 7.8444059 -2.0188416e-19)
(259.03979 7.8418816 -2.5656285e-19)
(259.04044 7.8393875 -3.1033139e-19)
(259.04105 7.8369208 -3.6325953e-19)
(259.0416 7.8344806 -4.1537627e-19)
(259.04211 7.8320642 -4.6675244e-19)
(259.04256 7.8296714 -5.1740656e-19)
(259.04296 7.8272997 -5.6740102e-19)
(253.42518 7.5389629 5.2779179e-19)
(253.44407 7.5410498 5.2554475e-19)
(253.46314 7.5431552 5.2324421e-19)
(253.48243 7.5452805 5.2087939e-19)
(253.50196 7.5474277 5.184396e-19)
(253.52174 7.5495979 5.1591558e-19)
(253.54179 7.5517928 5.1329789e-19)
(253.56214 7.554014 5.1057756e-19)
(253.58282 7.5562638 5.0774531e-19)
(253.60382 7.5585434 5.0479317e-19)
(253.6252 7.5608551 5.0171202e-19)
(253.64695 7.563201 4.9849353e-19)
(253.66912 7.5655829 4.9512923e-19)
(253.69171 7.568003 4.9161078e-19)
(254.97709 7.7941408 -2.2534089e-18)
(254.99604 7.7980017 -2.2269749e-18)
(255.01469 7.8018 -2.2005023e-18)
(255.03306 7.8055385 -2.1739689e-18)
(255.05119 7.8092202 -2.1473484e-18)
(255.06908 7.812848 -2.1206156e-18)
(255.08677 7.8164234 -2.0937529e-18)
(255.10427 7.8199494 -2.0667338e-18)
(255.12161 7.8234266 -2.0395471e-18)
(255.1388 7.8268556 -2.0121831e-18)
(255.15586 7.8302358 -1.9846409e-18)
(255.17278 7.8335642 -1.9569442e-18)
(255.18955 7.836835 -1.9291423e-18)
(255.20613 7.8400342 -1.9013614e-18)
(255.22239 7.8431354 -1.8738528e-18)
(255.238 7.8460777 -1.8472085e-18)
(255.25262 7.8488136 -1.8219524e-18)
(255.26632 7.8513757 -1.797879e-18)
(255.27943 7.8538291 -1.7744358e-18)
(255.29203 7.8561962 -1.7514464e-18)
(255.30413 7.858485 -1.7288636e-18)
(255.31568 7.8606944 -1.7067271e-18)
(255.3266 7.86282 -1.6851131e-18)
(255.33677 7.8648514 -1.6641616e-18)
(255.34603 7.8667753 -1.6440492e-18)
(255.35418 7.8685755 -1.6249919e-18)
(255.36101 7.8702331 -1.6072427e-18)
(252.84808 7.7593387 9.5529986e-19)
(252.85077 7.7599577 9.5326121e-19)
(252.85237 7.7605276 9.5227237e-19)
(252.85269 7.7610446 9.5243755e-19)
(250.59879 7.7447712 -1.3877581e-18)
(250.59571 7.7457191 -1.373674e-18)
(250.59231 7.7465574 -1.360826e-18)
(250.58855 7.7472771 -1.3493752e-18)
(250.23925 7.7226486 5.5596937e-18)
(250.23236 7.722942 5.5722055e-18)
(252.16851 7.7949752 1.947758e-18)
(252.16569 7.7955308 1.9568447e-18)
(254.54639 7.8605216 6.2099603e-18)
(254.54741 7.8608441 6.2137734e-18)
(256.92223 7.9224419 -2.6590998e-18)
(257.82044 7.9548828 -3.6491099e-19)
(258.57145 7.9764304 9.8876226e-19)
(258.66637 7.9785499 -5.606684e-20)
(258.7277 7.9836494 2.1193216e-19)
(258.74771 7.9860718 5.7920115e-19)
(258.77775 7.9913696 2.0933592e-19)
(258.78833 7.9935873 1.8148616e-18)
(258.81152 7.9998466 5.2489193e-20)
(258.82423 8.0032244 2.4791125e-18)
(258.83368 8.0084618 -5.1207742e-18)
(258.83383 8.0080906 -5.1207962e-18)
(258.84277 8.0119307 1.3704541e-18)
(258.84297 8.0115182 1.3720875e-18)
(258.85135 8.0191164 -4.1080555e-18)
(258.85157 8.0185218 -4.1014726e-18)
(258.86094 8.0220174 4.4648814e-18)
(258.86119 8.021513 4.4621332e-18)
(258.86147 8.0209521 4.45836e-18)
(258.86177 8.0203379 4.4536046e-18)
(258.87361 8.0303409 1.890145e-18)
(258.87391 8.0294866 1.8637261e-18)
(258.87424 8.0285611 1.8336412e-18)
(258.87459 8.027571 1.8005202e-18)
(258.88131 8.0289202 3.2204739e-20)
(258.88166 8.0283172 4.5877593e-21)
(258.88203 8.0276829 -2.0460181e-20)
(258.88242 8.0270186 -4.3595507e-20)
(258.88282 8.0263252 -6.539692e-20)
(258.88324 8.0256032 -8.6358205e-20)
(258.88368 8.0248529 -1.0689335e-19)
(258.88413 8.0240732 -1.2736509e-19)
(258.8846 8.0232621 -1.4808479e-19)
(258.88509 8.0224149 -1.6937276e-19)
(258.88561 8.0215221 -1.9162637e-19)
(258.88616 8.0205586 -2.1567396e-19)
(258.88677 8.0195081 -2.4246963e-19)
(258.88742 8.0183834 -2.7213796e-19)
(258.88809 8.0172053 -3.0417277e-19)
(258.88879 8.0159833 -3.3824449e-19)
(258.88951 8.0147225 -3.7411388e-19)
(258.89025 8.0134257 -4.1161743e-19)
(258.89101 8.0120943 -4.5062121e-19)
(258.89179 8.0107289 -4.9102786e-19)
(258.89258 8.0093297 -5.3275957e-19)
(258.8934 8.0078968 -5.7574861e-19)
(258.89423 8.0064294 -6.1995984e-19)
(258.89508 8.0049272 -6.6535178e-19)
(258.89595 8.0033892 -7.1190384e-19)
(258.89684 8.0018145 -7.5960523e-19)
(258.89775 8.0002021 -8.0844469e-19)
(259.03362 7.8602872 1.4815731e-19)
(259.03468 7.8575427 8.694769e-20)
(259.03568 7.8548403 2.697157e-20)
(259.03661 7.852178 -3.1829019e-20)
(259.03749 7.8495533 -8.9512981e-20)
(259.03831 7.8469644 -1.4613449e-19)
(259.03907 7.8444087 -2.0175989e-19)
(259.03979 7.8418847 -2.5642842e-19)
(259.04044 7.8393902 -3.10201e-19)
(259.04105 7.8369235 -3.6312496e-19)
(259.0416 7.8344827 -4.1525059e-19)
(259.04211 7.8320668 -4.6661399e-19)
(259.04256 7.8296736 -5.1726968e-19)
(259.04296 7.8273018 -5.6726102e-19)
(253.42531 7.5389668 5.276595e-19)
(253.44418 7.5410537 5.2542078e-19)
(253.46325 7.5431592 5.2312785e-19)
(253.48254 7.5452847 5.2076986e-19)
(253.50206 7.5474318 5.183366e-19)
(253.52184 7.549602 5.1581856e-19)
(253.54189 7.5517971 5.1320608e-19)
(253.56224 7.5540185 5.1049066e-19)
(253.58291 7.5562684 5.0766294e-19)
(253.60392 7.5585483 5.0471487e-19)
(253.62529 7.5608603 5.0163748e-19)
(253.64705 7.5632064 4.9842238e-19)
(253.66921 7.5655886 4.9506111e-19)
(253.69181 7.5680091 4.9154537e-19)
(254.97722 7.7941532 -2.2533053e-18)
(254.99618 7.7980148 -2.2268634e-18)
(255.01483 7.801814 -2.2003826e-18)
(255.03322 7.8055536 -2.1738388e-18)
(255.05135 7.8092362 -2.1472085e-18)
(255.06925 7.8128647 -2.1204671e-18)
(255.08695 7.8164414 -2.0935919e-18)
(255.10447 7.819968 -2.0665641e-18)
(255.12182 7.8234463 -2.0393653e-18)
(255.13902 7.8268761 -2.0119899e-18)
(255.15609 7.8302575 -1.9844348e-18)
(255.17302 7.8335871 -1.9567236e-18)
(255.18981 7.8368586 -1.9289113e-18)
(255.2064 7.8400583 -1.9011211e-18)
(255.22266 7.8431596 -1.8736084e-18)
(255.23828 7.8461029 -1.8469516e-18)
(255.25293 7.8488432 -1.8216508e-18)
(255.26667 7.8514106 -1.7975212e-18)
(255.27982 7.8538702 -1.774013e-18)
(255.29247 7.8562435 -1.7509549e-18)
(255.30461 7.8585382 -1.7283046e-18)
(255.31621 7.8607539 -1.7060938e-18)
(255.32719 7.8628858 -1.6844041e-18)
(255.33741 7.8649232 -1.6633771e-18)
(255.34672 7.8668536 -1.6431826e-18)
(255.35492 7.8686598 -1.6240456e-18)
(255.3618 7.8703235 -1.606214e-18)
(252.84859 7.7593663 9.5483562e-19)
(252.85132 7.7599869 9.52782e-19)
(252.85294 7.7605582 9.5178117e-19)
(252.85328 7.7610766 9.5193896e-19)
(252.85216 7.7615379 9.5336405e-19)
(250.59579 7.7457832 -1.3728405e-18)
(250.59238 7.7466244 -1.35994e-18)
(250.58861 7.7473463 -1.3484407e-18)
(250.23853 7.7226618 5.5603884e-18)
(250.23163 7.7229559 5.5729039e-18)
(252.16773 7.7950277 1.9480879e-18)
(252.1649 7.7955851 1.9572169e-18)
(254.54613 7.8605579 6.2115866e-18)
(254.54717 7.8608814 6.2154138e-18)
(256.92223 7.9225098 -2.6585242e-18)
(257.82043 7.9549353 -3.6601714e-19)
(258.4166 7.9690401 -2.5611402e-18)
(258.66634 7.9786149 -5.6052942e-20)
(258.72768 7.9837095 2.1248659e-19)
(258.74769 7.9861351 5.7921123e-19)
(258.77773 7.9914281 2.0938601e-19)
(258.80042 7.996438 3.946871e-18)
(258.81149 7.9999074 5.4146241e-20)
(258.82421 8.0032769 2.4788666e-18)
(258.83366 8.0085208 -5.1217406e-18)
(258.83381 8.0081485 -5.1217653e-18)
(258.84275 8.0119769 1.3708498e-18)
(258.84295 8.0115634 1.3725011e-18)
(258.85133 8.019171 -4.1083158e-18)
(258.85156 8.0185748 -4.1017381e-18)
(258.86092 8.0220543 4.4653489e-18)
(258.86117 8.0215486 4.4626002e-18)
(258.86145 8.0209862 4.4588203e-18)
(258.87331 8.0311662 1.9147601e-18)
(258.87359 8.0303874 1.8925234e-18)
(258.8739 8.0295306 1.8659516e-18)
(258.87423 8.0286025 1.8357051e-18)
(258.87457 8.0276098 1.8024209e-18)
(258.8813 8.0289403 3.1067476e-20)
(258.88165 8.0283361 3.4998334e-21)
(258.88202 8.0277006 -2.1484076e-20)
(258.88241 8.027035 -4.4554083e-20)
(258.88281 8.0263402 -6.6290702e-20)
(258.88323 8.0256169 -8.7192987e-20)
(258.88367 8.0248652 -1.0767762e-19)
(258.88412 8.0240841 -1.2810594e-19)
(258.8846 8.0232714 -1.4879667e-19)
(258.88509 8.0224226 -1.7006561e-19)
(258.8856 8.0215283 -1.9230827e-19)
(258.88616 8.0205635 -2.1635007e-19)
(258.88677 8.019513 -2.4310968e-19)
(258.88741 8.0183886 -2.7272521e-19)
(258.88809 8.0172107 -3.0471119e-19)
(258.88879 8.0159886 -3.3873735e-19)
(258.88951 8.0147278 -3.7456976e-19)
(258.89025 8.0134308 -4.1203846e-19)
(258.89101 8.0120993 -4.5100918e-19)
(258.89179 8.0107337 -4.9138779e-19)
(258.89258 8.0093345 -5.3309023e-19)
(258.8934 8.0079013 -5.7605943e-19)
(258.89423 8.0064338 -6.2024782e-19)
(258.89508 8.0049314 -6.6562193e-19)
(258.89595 8.0033931 -7.121603e-19)
(258.89683 8.0018182 -7.5984673e-19)
(258.89774 8.0002057 -8.086731e-19)
(259.03362 7.8602931 1.4834435e-19)
(259.03468 7.8575482 8.7126858e-20)
(259.03568 7.8548454 2.7144349e-20)
(259.03661 7.8521827 -3.1661178e-20)
(259.03749 7.8495577 -8.9348623e-20)
(259.03831 7.8469685 -1.4597363e-19)
(259.03908 7.8444125 -2.0159997e-19)
(259.03979 7.8418883 -2.5626957e-19)
(259.04044 7.8393935 -3.100451e-19)
(259.04105 7.8369267 -3.6296572e-19)
(259.0416 7.8344859 -4.1508652e-19)
(259.04211 7.8320696 -4.6645057e-19)
(259.04256 7.8296763 -5.1710312e-19)
(259.04297 7.8273044 -5.6709056e-19)
(253.42545 7.5389716 5.2750004e-19)
(253.44432 7.5410585 5.2527148e-19)
(253.46339 7.5431641 5.2298756e-19)
(253.48267 7.5452895 5.2063816e-19)
(253.50219 7.5474369 5.1821249e-19)
(253.52196 7.5496072 5.157014e-19)
(253.54201 7.5518023 5.1309564e-19)
(253.56236 7.5540241 5.1038592e-19)
(253.58303 7.5562739 5.0756401e-19)
(253.60403 7.5585542 5.0462062e-19)
(253.6254 7.5608665 5.0154776e-19)
(253.64716 7.5632129 4.9833675e-19)
(253.66933 7.5655954 4.9497932e-19)
(253.69193 7.5680164 4.9146673e-19)
(254.97738 7.7941683 -2.2531797e-18)
(254.99634 7.7980309 -2.2267285e-18)
(255.01501 7.801831 -2.2002378e-18)
(255.0334 7.8055712 -2.1736857e-18)
(255.05154 7.8092551 -2.1470429e-18)
(255.06946 7.8128848 -2.1202891e-18)
(255.08717 7.8164625 -2.093402e-18)
(255.1047 7.8199906 -2.066359e-18)
(255.12206 7.8234699 -2.0391469e-18)
(255.13928 7.8269013 -2.0117549e-18)
(255.15636 7.8302836 -1.9841869e-18)
(255.17331 7.8336145 -1.9564606e-18)
(255.19011 7.8368865 -1.9286378e-18)
(255.20671 7.8400871 -1.9008354e-18)
(255.22299 7.8431887 -1.8733146e-18)
(255.23863 7.8461337 -1.846638e-18)
(255.25331 7.8488785 -1.8212909e-18)
(255.2671 7.851453 -1.7970893e-18)
(255.2803 7.85392 -1.7735014e-18)
(255.293 7.8563004 -1.750365e-18)
(255.3052 7.8586024 -1.7276309e-18)
(255.31686 7.8608257 -1.7053309e-18)
(255.32789 7.8629648 -1.6835531e-18)
(255.33818 7.8650102 -1.6624276e-18)
(255.34755 7.8669479 -1.6421389e-18)
(255.35582 7.8687615 -1.6229035e-18)
(255.36275 7.8704321 -1.604977e-18)
(252.84921 7.7593997 9.542745e-19)
(252.85197 7.760022 9.5220302e-19)
(252.85362 7.7605952 9.5118744e-19)
(252.85399 7.7611152 9.5133574e-19)
(252.85289 7.7615781 9.5275904e-19)
(250.59588 7.7458606 -1.371835e-18)
(250.59246 7.7467051 -1.3588715e-18)
(250.58868 7.7474298 -1.3473133e-18)
(250.23767 7.7226776 5.5612223e-18)
(250.23074 7.7229726 5.5737407e-18)
(252.16678 7.7950909 1.9484856e-18)
(252.16395 7.7956507 1.9576656e-18)
(254.54581 7.8606016 6.2135499e-18)
(254.54687 7.8609265 6.2173956e-18)
(256.92223 7.9225918 -2.6578284e-18)
(257.82041 7.9549986 -3.6735201e-19)
(258.41659 7.9691205 -2.5619751e-18)
(258.66632 7.9786931 -5.6035379e-20)
(258.72765 7.983782 2.131558e-19)
(258.74766 7.9862115 5.7922373e-19)
(258.77771 7.9914985 2.0944612e-19)
(258.80039 7.9965057 3.9477479e-18)
(258.81147 7.9999808 5.6145885e-20)
(258.82418 8.0033402 2.4785713e-18)
(258.83363 8.008592 -5.1229082e-18)
(258.83379 8.0082184 -5.1229363e-18)
(258.84273 8.0120327 1.3713279e-18)
(258.84292 8.0116179 1.3730007e-18)
(258.85131 8.0192368 -4.1086291e-18)
(258.85154 8.0186385 -4.1020553e-18)
(258.8609 8.0220987 4.4659136e-18)
(258.86115 8.0215915 4.4631647e-18)
(258.86143 8.0210274 4.4593768e-18)
(258.87329 8.0312249 1.9177955e-18)
(258.87358 8.0304434 1.895395e-18)
(258.87389 8.0295837 1.8686392e-18)
(258.87421 8.0286526 1.8381991e-18)
(258.87456 8.0276565 1.8047093e-18)
(258.88129 8.0289645 2.9681566e-20)
(258.88164 8.0283588 2.1790937e-21)
(258.88201 8.0277218 -2.2727899e-20)
(258.8824 8.0270547 -4.5715697e-20)
(258.8828 8.0263584 -6.7372932e-20)
(258.88322 8.0256335 -8.820217e-20)
(258.88366 8.0248801 -1.0862568e-19)
(258.88412 8.0240972 -1.2900285e-19)
(258.88459 8.0232827 -1.496531e-19)
(258.88508 8.0224319 -1.709007e-19)
(258.8856 8.0215357 -1.931331e-19)
(258.88616 8.0205697 -2.1715978e-19)
(258.88676 8.0195189 -2.438801e-19)
(258.88741 8.0183948 -2.7343554e-19)
(258.88809 8.0172169 -3.0536423e-19)
(258.88879 8.0159951 -3.3933311e-19)
(258.88951 8.0147341 -3.7511811e-19)
(258.89025 8.0134371 -4.1254109e-19)
(258.89101 8.0121053 -4.5147619e-19)
(258.89178 8.0107396 -4.9181931e-19)
(258.89258 8.0093401 -5.3349377e-19)
(258.89339 8.0079067 -5.7643417e-19)
(258.89422 8.006439 -6.2059836e-19)
(258.89507 8.0049363 -6.6595261e-19)
(258.89594 8.0033979 -7.1246698e-19)
(258.89683 8.0018228 -7.6013528e-19)
(258.89774 8.00021 -8.0894555e-19)
(259.03362 7.8603003 1.4856888e-19)
(259.03468 7.8575547 8.7339846e-20)
(259.03568 7.8548516 2.7352749e-20)
(259.03661 7.8521884 -3.1458483e-20)
(259.03749 7.8495631 -8.9150193e-20)
(259.03831 7.8469733 -1.4578383e-19)
(259.03908 7.8444173 -2.0140484e-19)
(259.03979 7.8418926 -2.560799e-19)
(259.04045 7.8393978 -3.0985036e-19)
(259.04105 7.8369306 -3.6277227e-19)
(259.04161 7.8344895 -4.1489346e-19)
(259.04211 7.8320733 -4.6625036e-19)
(259.04256 7.8296796 -5.1690289e-19)
(259.04297 7.8273076 -5.6688348e-19)
(253.42563 7.5389775 5.2730855e-19)
(253.4445 7.5410645 5.2509191e-19)
(253.46355 7.5431699 5.228194e-19)
(253.48283 7.5452956 5.2047986e-19)
(253.50234 7.5474429 5.1806368e-19)
(253.52211 7.5496135 5.1556099e-19)
(253.54216 7.5518087 5.1296303e-19)
(253.5625 7.5540306 5.1026058e-19)
(253.58317 7.556281 5.0744485e-19)
(253.60417 7.5585613 5.0450766e-19)
(253.62554 7.5608739 5.0144022e-19)
(253.6473 7.5632207 4.9823426e-19)
(253.66946 7.5656037 4.9488116e-19)
(253.69206 7.5680252 4.9137257e-19)
(254.97757 7.794186 -2.2530323e-18)
(254.99654 7.79805 -2.2265682e-18)
(255.01522 7.801851 -2.2000677e-18)
(255.03362 7.8055929 -2.1735001e-18)
(255.05178 7.8092778 -2.1468458e-18)
(255.06971 7.8129085 -2.1200792e-18)
(255.08744 7.8164881 -2.0931734e-18)
(255.10498 7.8200174 -2.0661159e-18)
(255.12236 7.8234983 -2.0388866e-18)
(255.13959 7.8269309 -2.0114786e-18)
(255.15669 7.830315 -1.9838901e-18)
(255.17366 7.8336468 -1.95615e-18)
(255.19048 7.8369205 -1.928307e-18)
(255.20709 7.8401216 -1.900494e-18)
(255.22338 7.8432235 -1.872965e-18)
(255.23904 7.8461707 -1.8462632e-18)
(255.25376 7.8489211 -1.8208573e-18)
(255.26761 7.851504 -1.796569e-18)
(255.28087 7.8539794 -1.7728914e-18)
(255.29363 7.8563687 -1.749657e-18)
(255.3059 7.8586795 -1.7268221e-18)
(255.31763 7.8609118 -1.704417e-18)
(255.32874 7.8630601 -1.6825274e-18)
(255.3391 7.8651143 -1.6612912e-18)
(255.34855 7.8670612 -1.6408843e-18)
(255.35689 7.8688838 -1.6215301e-18)
(255.3639 7.870563 -1.6034863e-18)
(252.84996 7.7594397 9.5359907e-19)
(252.85276 7.7600643 9.5150535e-19)
(252.85445 7.7606395 9.5047195e-19)
(252.85485 7.7611616 9.5060864e-19)
(252.85377 7.7616262 9.5202879e-19)
(250.59599 7.7459536 -1.3706269e-18)
(250.59256 7.7468022 -1.3575872e-18)
(250.58877 7.7475303 -1.3459579e-18)
(250.23663 7.7226966 5.562219e-18)
(250.22968 7.7229926 5.5747435e-18)
(252.16564 7.7951669 1.9489614e-18)
(252.16281 7.7957295 1.9582035e-18)
(254.54544 7.8606541 6.2159138e-18)
(254.54651 7.8609806 6.2197818e-18)
(256.92223 7.9226902 -2.6569898e-18)
(257.82039 7.9550747 -3.6895802e-19)
(258.41658 7.9692171 -2.5629799e-18)
(258.66628 7.9787871 -5.6014677e-20)
(258.72761 7.983869 2.1395868e-19)
(258.74762 7.986303 5.7923911e-19)
(258.77767 7.9915831 2.0951848e-19)
(258.80036 7.9965871 3.9488028e-18)
(258.81143 8.000069 5.8548199e-20)
(258.82415 8.0034162 2.4782168e-18)
(258.8336 8.0086774 -5.1243149e-18)
(258.83375 8.0083024 -5.1243471e-18)
(258.8427 8.0120997 1.3719038e-18)
(258.84289 8.0116833 1.3736025e-18)
(258.85128 8.0193159 -4.1090016e-18)
(258.85151 8.0187151 -4.1024343e-18)
(258.86087 8.0221521 4.4665936e-18)
(258.86113 8.0216429 4.4638442e-18)
(258.86141 8.0210768 4.4600461e-18)
(258.87327 8.0312955 1.9214534e-18)
(258.87356 8.0305107 1.8988513e-18)
(258.87387 8.0296475 1.8718723e-18)
(258.8742 8.0287125 1.8411928e-18)
(258.87454 8.0277127 1.8074654e-18)
(258.88127 8.0289934 2.7998063e-20)
(258.88162 8.028386 5.7757923e-22)
(258.88199 8.0277473 -2.4234287e-20)
(258.88238 8.0270783 -4.7121076e-20)
(258.88279 8.0263801 -6.8680497e-20)
(258.88321 8.0256533 -8.9421534e-20)
(258.88365 8.0248978 -1.09768e-19)
(258.88411 8.0241129 -1.3008276e-19)
(258.88458 8.0232962 -1.5068768e-19)
(258.88508 8.0224432 -1.7190219e-19)
(258.8856 8.0215446 -1.9412124e-19)
(258.88615 8.020577 -2.1813154e-19)
(258.88676 8.0195259 -2.4480566e-19)
(258.88741 8.0184022 -2.7428775e-19)
(258.88808 8.0172246 -3.0614288e-19)
(258.88878 8.0160026 -3.4005268e-19)
(258.8895 8.0147417 -3.7577538e-19)
(258.89024 8.0134444 -4.1315045e-19)
(258.891 8.0121125 -4.5203724e-19)
(258.89178 8.0107466 -4.9233962e-19)
(258.89258 8.0093469 -5.3397479e-19)
(258.89339 8.0079131 -5.7688783e-19)
(258.89422 8.0064452 -6.2102004e-19)
(258.89507 8.0049423 -6.6634426e-19)
(258.89594 8.0034035 -7.128397e-19)
(258.89683 8.0018283 -7.6048282e-19)
(258.89774 8.0002151 -8.0927689e-19)
(259.03362 7.8603089 1.4883749e-19)
(259.03468 7.8575626 8.7598397e-20)
(259.03568 7.8548588 2.7600585e-20)
(259.03661 7.8521953 -3.121532e-20)
(259.03749 7.8495695 -8.8912169e-20)
(259.03831 7.8469795 -1.4554503e-19)
(259.03908 7.8444228 -2.0117516e-19)
(259.03979 7.8418979 -2.558489e-19)
(259.04045 7.8394028 -3.09619e-19)
(259.04105 7.8369353 -3.6254112e-19)
(259.04161 7.8344942 -4.1465544e-19)
(259.04211 7.8320774 -4.6601438e-19)
(259.04257 7.829684 -5.1665397e-19)
(259.04297 7.8273116 -5.6663227e-19)
(253.42585 7.5389846 5.270796e-19)
(253.4447 7.5410716 5.248776e-19)
(253.46375 7.5431772 5.2261812e-19)
(253.48302 7.545303 5.202908e-19)
(253.50253 7.5474504 5.1788569e-19)
(253.52229 7.5496209 5.1539345e-19)
(253.54233 7.5518166 5.1280459e-19)
(253.56267 7.5540386 5.1011077e-19)
(253.58333 7.5562891 5.0730296e-19)
(253.60434 7.5585699 5.0437281e-19)
(253.6257 7.5608828 5.0131208e-19)
(253.64746 7.5632301 4.9811188e-19)
(253.66963 7.5656137 4.9476415e-19)
(253.69223 7.5680356 4.9126047e-19)
(254.97779 7.7942076 -2.2528549e-18)
(254.99677 7.7980726 -2.2263797e-18)
(255.01546 7.8018751 -2.1998643e-18)
(255.03388 7.805618 -2.1732844e-18)
(255.05206 7.8093047 -2.1466124e-18)
(255.07 7.8129373 -2.1198268e-18)
(255.08775 7.8165181 -2.0929062e-18)
(255.10531 7.8200492 -2.0658283e-18)
(255.12271 7.8235317 -2.0385802e-18)
(255.13996 7.8269665 -2.0111483e-18)
(255.15708 7.8303519 -1.9835425e-18)
(255.17407 7.8336857 -1.9557781e-18)
(255.19091 7.8369604 -1.9279194e-18)
(255.20755 7.8401627 -1.9000886e-18)
(255.22385 7.8432654 -1.8725448e-18)
(255.23953 7.8462148 -1.8458165e-18)
(255.2543 7.848972 -1.8203411e-18)
(255.26822 7.8515648 -1.7959501e-18)
(255.28156 7.8540506 -1.7721616e-18)
(255.2944 7.8564503 -1.7488116e-18)
(255.30675 7.8587715 -1.7258571e-18)
(255.31856 7.8610146 -1.7033251e-18)
(255.32976 7.8631738 -1.6813039e-18)
(255.34021 7.865239 -1.6599306e-18)
(255.34975 7.8671967 -1.6393847e-18)
(255.35819 7.8690303 -1.6198865e-18)
(255.36528 7.8707197 -1.6017014e-18)
(252.85085 7.7594875 9.5278868e-19)
(252.85371 7.7601147 9.5066798e-19)
(252.85545 7.7606926 9.4961248e-19)
(252.85588 7.7612171 9.4973453e-19)
(252.85482 7.7616839 9.5115061e-19)
(250.59612 7.7460649 -1.3691817e-18)
(250.59269 7.7469184 -1.3560518e-18)
(250.58888 7.7476506 -1.3443358e-18)
(250.23539 7.7227192 5.5634068e-18)
(250.22841 7.7230165 5.5759354e-18)
(252.16428 7.7952577 1.9495292e-18)
(252.16145 7.7958237 1.9588456e-18)
(254.54499 7.8607168 6.2187491e-18)
(254.54609 7.8610453 6.2226442e-18)
(256.92223 7.9228081 -2.6559822e-18)
(257.82037 7.9551658 -3.708795e-19)
(258.41657 7.9693328 -2.5641847e-18)
(258.66624 7.9788998 -5.598927e-20)
(258.72757 7.9839733 2.1492164e-19)
(258.74757 7.9864128 5.7925821e-19)
(258.77763 7.9916845 2.0960515e-19)
(258.80032 7.9966846 3.9500679e-18)
(258.81139 8.0001746 6.1420305e-20)
(258.82412 8.0035072 2.4777934e-18)
(258.83356 8.0087797 -5.1260029e-18)
(258.83372 8.0084029 -5.1260401e-18)
(258.84266 8.0121799 1.3725943e-18)
(258.84286 8.0117615 1.3743245e-18)
(258.85125 8.0194105 -4.109443e-18)
(258.85148 8.0188067 -4.1028837e-18)
(258.86084 8.0222159 4.4674095e-18)
(258.8611 8.0217045 4.4646597e-18)
(258.86138 8.0211358 4.4608493e-18)
(258.87325 8.0313799 1.925841e-18)
(258.87354 8.0305912 1.9029963e-18)
(258.87385 8.0297237 1.8757471e-18)
(258.87418 8.0287842 1.8447827e-18)
(258.87452 8.0277798 1.8107662e-18)
(258.88125 8.029028 2.5958474e-20)
(258.8816 8.0284186 -1.3599913e-21)
(258.88198 8.0277776 -2.6053327e-20)
(258.88237 8.0271065 -4.8816316e-20)
(258.88277 8.0264061 -7.0256239e-20)
(258.8832 8.0256769 -9.0887969e-20)
(258.88364 8.0249191 -1.1114134e-19)
(258.8841 8.0241317 -1.3137863e-19)
(258.88457 8.0233124 -1.5192585e-19)
(258.88507 8.0224566 -1.7310292e-19)
(258.88559 8.0215552 -1.9530407e-19)
(258.88615 8.0205859 -2.1929182e-19)
(258.88675 8.0195344 -2.4590628e-19)
(258.8874 8.018411 -2.7530583e-19)
(258.88808 8.0172335 -3.0707954e-19)
(258.88878 8.0160117 -3.4090821e-19)
(258.8895 8.0147506 -3.7656673e-19)
(258.89024 8.0134533 -4.138751e-19)
(258.891 8.012121 -4.5271137e-19)
(258.89178 8.0107549 -4.929631e-19)
(258.89257 8.0093549 -5.3455622e-19)
(258.89338 8.0079209 -5.7742461e-19)
(258.89422 8.0064526 -6.2152461e-19)
(258.89507 8.0049493 -6.6681987e-19)
(258.89594 8.0034104 -7.1328217e-19)
(258.89683 8.0018347 -7.609009e-19)
(258.89774 8.0002214 -8.0966791e-19)
(259.03362 7.8603191 1.4915569e-19)
(259.03468 7.8575722 8.7906716e-20)
(259.03568 7.8548677 2.7899533e-20)
(259.03661 7.8522034 -3.0927381e-20)
(259.03749 7.8495772 -8.8626915e-20)
(259.03831 7.8469867 -1.4526592e-19)
(259.03908 7.8444297 -2.0089652e-19)
(259.03979 7.8419045 -2.5556967e-19)
(259.04045 7.8394088 -3.0934421e-19)
(259.04106 7.8369413 -3.622591e-19)
(259.04161 7.8344998 -4.1437101e-19)
(259.04212 7.8320829 -4.657232e-19)
(259.04257 7.829689 -5.1636142e-19)
(259.04297 7.8273166 -5.6632895e-19)
(255.43575 7.5943948 -9.8354853e-19)
(255.45469 7.5987522 -9.6858194e-19)
(255.47389 7.6031704 -9.5374881e-19)
(255.49336 7.6076526 -9.3903226e-19)
(255.51313 7.6122025 -9.2441589e-19)
(255.53322 7.6168238 -9.0988393e-19)
(255.55365 7.6215196 -8.9542354e-19)
(255.57444 7.6262944 -8.8101842e-19)
(255.59562 7.6311525 -8.6665361e-19)
(255.61722 7.636098 -8.5231613e-19)
(255.63926 7.641136 -8.3799072e-19)
(255.66176 7.6462706 -8.236652e-19)
(255.68475 7.6515076 -8.0932396e-19)
(255.70827 7.6568521 -7.9495406e-19)
(256.90848 7.8409365 0)
(256.91845 7.8425703 0)
(256.92827 7.8441572 0)
(256.93795 7.8456982 0)
(256.9475 7.8471939 0)
(256.95694 7.8486454 0)
(256.96626 7.8500529 0)
(256.97549 7.8514168 0)
(256.98463 7.8527372 0)
(256.99368 7.8540138 0)
(257.00265 7.8552461 0)
(257.01153 7.8564324 0)
(257.02032 7.8575704 0)
(257.02898 7.8586557 0)
(257.03743 7.8596803 0)
(257.04552 7.86063 0)
(255.25495 7.8490327 -1.8197272e-18)
(255.26895 7.8516372 -1.795215e-18)
(255.28237 7.8541351 -1.7712963e-18)
(255.2953 7.8565472 -1.7478091e-18)
(255.30775 7.8588812 -1.7247097e-18)
(255.31967 7.861137 -1.7020267e-18)
(255.33097 7.863309 -1.6798503e-18)
(255.34153 7.8653876 -1.6583112e-18)
(255.35118 7.8673583 -1.6375975e-18)
(255.35973 7.8692046 -1.6179302e-18)
(255.36693 7.8709065 -1.599574e-18)
(252.85193 7.7595444 9.5182103e-19)
(252.85485 7.7601748 9.4966735e-19)
(252.85664 7.7607557 9.4858458e-19)
(252.85713 7.7612831 9.4868817e-19)
(252.85609 7.7617525 9.500985e-19)
(250.59628 7.7461976 -1.3674616e-18)
(250.59284 7.7470569 -1.3542222e-18)
(250.58901 7.747794 -1.3424024e-18)
(250.23391 7.7227459 5.5648108e-18)
(250.22689 7.7230447 5.5773447e-18)
(252.16265 7.795366 1.9502029e-18)
(252.15982 7.795936 1.959608e-18)
(254.54445 7.8607915 6.2221356e-18)
(254.54558 7.8611224 6.2260627e-18)
(256.92224 7.9229485 -2.6547773e-18)
(257.82034 7.9552744 -3.731747e-19)
(258.41655 7.9694706 -2.5656244e-18)
(258.66619 7.9790339 -5.5958612e-20)
(258.72751 7.9840973 2.160683e-19)
(258.74752 7.9865434 5.7928185e-19)
(258.77759 7.9918052 2.0970833e-19)
(258.80028 7.9968007 3.9515772e-18)
(258.81135 8.0003005 6.4848617e-20)
(258.82407 8.0036155 2.4772921e-18)
(258.83352 8.0089015 -5.1280203e-18)
(258.83367 8.0085225 -5.1280634e-18)
(258.84262 8.0122753 1.373419e-18)
(258.84282 8.0118546 1.3751869e-18)
(258.85121 8.0195232 -4.1099625e-18)
(258.85144 8.0189158 -4.1034131e-18)
(258.86081 8.0222918 4.4683845e-18)
(258.86107 8.0217777 4.4656339e-18)
(258.86135 8.021206 4.4618086e-18)
(258.87322 8.0314804 1.931084e-18)
(258.87351 8.030687 1.9079463e-18)
(258.87382 8.0298144 1.8803714e-18)
(258.87415 8.0288696 1.8490651e-18)
(258.8745 8.0278595 1.814692e-18)
(258.88122 8.0290691 2.3497303e-20)
(258.88158 8.0284571 -3.6973983e-21)
(258.88195 8.0278137 -2.8243197e-20)
(258.88235 8.0271399 -5.0853493e-20)
(258.88276 8.0264368 -7.2148109e-20)
(258.88318 8.025705 -9.264494e-20)
(258.88362 8.0249443 -1.1278362e-19)
(258.88408 8.0241539 -1.3292811e-19)
(258.88456 8.0233315 -1.5340377e-19)
(258.88506 8.0224726 -1.7453315e-19)
(258.88558 8.021568 -1.9670991e-19)
(258.90358 8.0301836 -4.5047308e-19)
(258.90414 8.0286326 -4.1173272e-19)
(258.90475 8.0269915 -3.7178199e-19)
(258.90539 8.0252879 -3.3136761e-19)
(258.90606 8.0235368 -2.9086985e-19)
(258.90675 8.0217462 -2.5047468e-19)
(258.90746 8.0199203 -2.1026364e-19)
(258.9082 8.0180616 -1.7027826e-19)
(258.90896 8.016171 -1.3051985e-19)
(258.90974 8.0142488 -9.0975612e-20)
(258.91054 8.0122949 -5.1626002e-20)
(258.91137 8.0103084 -1.2438266e-20)
(258.91221 8.0082889 2.6613526e-20)
(258.91308 8.0062349 6.5571491e-20)
(258.91397 8.0041453 1.0446708e-19)
(258.91488 8.0020186 1.433394e-19)
(259.04566 7.8764972 -3.4968535e-18)
(259.04712 7.87443 -3.4271053e-18)
(259.0485 7.8723946 -3.3592319e-18)
(259.04981 7.8703891 -3.2931667e-18)
(259.05106 7.8684116 -3.2288357e-18)
(259.05224 7.8664604 -3.1661842e-18)
(259.05335 7.8645337 -3.1051492e-18)
(259.05441 7.8626301 -3.0456838e-18)
(259.05539 7.8607479 -2.9877365e-18)
(259.05632 7.8588855 -2.9312563e-18)
(259.05719 7.8570418 -2.8762115e-18)
(259.058 7.8552152 -2.8225642e-18)
(259.05876 7.8534046 -2.7702806e-18)
(259.05945 7.8516085 -2.7193313e-18)
(255.43597 7.594396 -9.8333346e-19)
(255.45491 7.5987551 -9.6837383e-19)
(255.47411 7.6031749 -9.5354689e-19)
(255.49358 7.6076591 -9.3883537e-19)
(255.51335 7.6122108 -9.2422375e-19)
(255.53343 7.6168339 -9.0969621e-19)
(255.55386 7.6215321 -8.9523809e-19)
(255.57466 7.6263094 -8.8083467e-19)
(255.59584 7.6311698 -8.6647188e-19)
(255.61744 7.6361182 -8.5213457e-19)
(255.63949 7.641159 -8.3780916e-19)
(255.662 7.6462971 -8.2348186e-19)
(255.685 7.6515374 -8.0913927e-19)
(255.70853 7.6568857 -7.9476663e-19)
(256.90868 7.8409448 0)
(256.91866 7.8425792 0)
(256.9285 7.8441666 0)
(256.93819 7.845708 0)
(256.94776 7.8472043 0)
(256.95722 7.8486561 0)
(256.96656 7.8500639 0)
(256.97581 7.8514281 0)
(256.98496 7.8527486 0)
(256.99404 7.8540252 0)
(257.00303 7.8552572 0)
(257.01194 7.8564432 0)
(257.02075 7.8575805 0)
(257.02944 7.8586648 0)
(257.03791 7.8596883 0)
(257.04603 7.8606378 0)
(257.05364 7.8615085 0)
(255.26981 7.8517229 -1.7943481e-18)
(255.28333 7.8542349 -1.770277e-18)
(255.29637 7.8566617 -1.7466267e-18)
(255.30894 7.8590106 -1.723356e-18)
(255.32098 7.8612816 -1.7004952e-18)
(255.33241 7.8634692 -1.678129e-18)
(255.3431 7.8655632 -1.656397e-18)
(255.35289 7.8675497 -1.6354817e-18)
(255.36156 7.8694114 -1.6156106e-18)
(255.36889 7.8711281 -1.5970511e-18)
(252.8532 7.7596117 9.5067097e-19)
(252.8562 7.7602459 9.4847708e-19)
(252.85807 7.7608305 9.4736083e-19)
(252.85861 7.7613613 9.4744132e-19)
(252.85761 7.7618338 9.4884345e-19)
(250.59648 7.7463548 -1.3654252e-18)
(250.59302 7.747221 -1.3520562e-18)
(250.58918 7.7479641 -1.3401123e-18)
(250.23216 7.7227773 5.5664621e-18)
(250.2251 7.7230779 5.5789999e-18)
(252.16072 7.795494 1.9509962e-18)
(252.15788 7.7960689 1.9605075e-18)
(254.54382 7.8608799 6.2261599e-18)
(254.54499 7.8612135 6.2301251e-18)
(256.92224 7.9231148 -2.6533437e-18)
(257.82032 7.9554028 -3.7588761e-19)
(258.41653 7.9696337 -2.5673308e-18)
(258.66614 7.9791924 -5.5921793e-20)
(258.72745 7.984244 2.174247e-19)
(258.74746 7.9866979 5.7931109e-19)
(258.77753 7.9919479 2.0983024e-19)
(258.80023 7.9969381 3.953366e-18)
(258.81129 8.0004492 6.8894391e-20)
(258.82402 8.0037437 2.4767006e-18)
(258.83346 8.0090458 -5.1304194e-18)
(258.83362 8.0086642 -5.1304695e-18)
(258.84257 8.0123883 1.3743992e-18)
(258.84277 8.0119647 1.3762122e-18)
(258.85117 8.0196566 -4.1105682e-18)
(258.8514 8.0190449 -4.1040317e-18)
(258.86077 8.0223817 4.4695436e-18)
(258.86103 8.0218643 4.4667922e-18)
(258.86131 8.021289 4.4629484e-18)
(258.87319 8.0315995 1.9373178e-18)
(258.87348 8.0308004 1.9138257e-18)
(258.87379 8.0299217 1.8858598e-18)
(258.87412 8.0289704 1.8541397e-18)
(258.87447 8.0279538 1.8193518e-18)
(258.8812 8.0291176 2.0527441e-20)
(258.88155 8.0285026 -6.5068088e-21)
(258.88193 8.0278562 -3.0870615e-20)
(258.88232 8.0271794 -5.3292974e-20)
(258.88273 8.0264732 -7.4407006e-20)
(258.88316 8.025738 -9.4742998e-20)
(258.88361 8.024974 -1.1473991e-19)
(258.88407 8.0241802 -1.3477003e-19)
(258.88455 8.0233542 -1.5515903e-19)
(258.88505 8.0224915 -1.7622766e-19)
(258.90306 8.0316711 -4.8880195e-19)
(258.90358 8.0302255 -4.5179393e-19)
(258.90414 8.0286722 -4.129826e-19)
(258.90475 8.02703 -3.7298748e-19)
(258.90538 8.0253254 -3.3252837e-19)
(258.90605 8.0235729 -2.9197638e-19)
(258.90674 8.0217806 -2.5152206e-19)
(258.90746 8.0199531 -2.1125592e-19)
(258.90819 8.0180927 -1.712119e-19)
(258.90895 8.0162003 -1.31397e-19)
(258.90973 8.0142764 -9.1798568e-20)
(258.91054 8.0123209 -5.2397583e-20)
(258.91136 8.0103329 -1.3162271e-20)
(258.91221 8.0083116 2.5939419e-20)
(258.91307 8.0062562 6.4940227e-20)
(258.91396 8.0041651 1.0387804e-19)
(258.91487 8.002037 1.4278947e-19)
(259.04565 7.8765096 -3.4971084e-18)
(259.04711 7.874441 -3.427296e-18)
(259.04849 7.8724043 -3.3593649e-18)
(259.04981 7.8703976 -3.2932396e-18)
(259.05106 7.8684189 -3.2288559e-18)
(259.05224 7.8664666 -3.1661514e-18)
(259.05335 7.864539 -3.1050701e-18)
(259.0544 7.8626344 -3.0455554e-18)
(259.05539 7.8607513 -2.9875595e-18)
(259.05632 7.8588882 -2.931037e-18)
(259.05719 7.8570437 -2.8759483e-18)
(259.058 7.8552163 -2.8222555e-18)
(259.05876 7.853405 -2.7699275e-18)
(259.05945 7.8516082 -2.718933e-18)
(255.43624 7.594398 -9.8307592e-19)
(255.45518 7.598759 -9.6812481e-19)
(255.47437 7.6031807 -9.533057e-19)
(255.49383 7.6076669 -9.3860064e-19)
(255.5136 7.6122208 -9.2399469e-19)
(255.53368 7.6168463 -9.0947184e-19)
(255.55411 7.6215469 -8.9501741e-19)
(255.57491 7.6263269 -8.8061664e-19)
(255.5961 7.6311904 -8.6625546e-19)
(255.61771 7.6361418 -8.5191931e-19)
(255.63976 7.641186 -8.3759387e-19)
(255.66228 7.6463278 -8.2326556e-19)
(255.6853 7.6515723 -8.0892072e-19)
(255.70884 7.6569249 -7.9454539e-19)
(256.90891 7.8409545 0)
(256.91891 7.8425895 0)
(256.92876 7.8441776 0)
(256.93848 7.8457196 0)
(256.94807 7.8472164 0)
(256.95754 7.8486686 0)
(256.96691 7.8500768 0)
(256.97618 7.8514411 0)
(256.98536 7.8527618 0)
(256.99446 7.8540384 0)
(257.00348 7.8552702 0)
(257.01242 7.8564557 0)
(257.02126 7.8575922 0)
(257.02997 7.8586755 0)
(257.03848 7.8596977 0)
(257.04663 7.8606469 0)
(257.05429 7.8615191 0)
(257.06143 7.8623284 0)
(255.28446 7.8543521 -1.7690827e-18)
(255.29764 7.8567961 -1.745242e-18)
(255.31033 7.8591625 -1.7217707e-18)
(255.32252 7.8614515 -1.698697e-18)
(255.3341 7.8636573 -1.6761101e-18)
(255.34495 7.8657697 -1.6541474e-18)
(255.35489 7.8677749 -1.6329929e-18)
(255.36373 7.8696549 -1.6128791e-18)
(255.37121 7.8713893 -1.594078e-18)
(255.37705 7.8729552 -1.5768983e-18)
(252.8578 7.7603294 9.470692e-19)
(252.85976 7.7609183 9.4591186e-19)
(252.86036 7.7614532 9.4596325e-19)
(252.85941 7.7619295 9.4735385e-19)
(250.59672 7.7465399 -1.3630311e-18)
(250.59325 7.7474146 -1.3495055e-18)
(250.58938 7.7481646 -1.3374147e-18)
(250.2301 7.722814 5.5683865e-18)
(250.22299 7.7231166 5.5809292e-18)
(252.15845 7.7956447 1.951924e-18)
(252.15561 7.7962254 1.961561e-18)
(254.54308 7.8609838 6.2309148e-18)
(254.54429 7.8613207 6.2349251e-18)
(256.92226 7.9233104 -2.6516472e-18)
(257.82028 7.9555539 -3.7908616e-19)
(258.41652 7.9698256 -2.569345e-18)
(258.66607 7.9793791 -5.5877729e-20)
(258.72738 7.9844167 2.1902336e-19)
(258.74738 7.9868797 5.7934728e-19)
(258.77747 7.9921158 2.099738e-19)
(258.80017 7.9970996 3.955475e-18)
(258.81123 8.0006244 7.3658781e-20)
(258.82396 8.0038944 2.476009e-18)
(258.8334 8.0092154 -5.1332563e-18)
(258.83355 8.0088308 -5.1333153e-18)
(258.84251 8.0125211 1.3755578e-18)
(258.84271 8.0120943 1.3774239e-18)
(258.85112 8.0198135 -4.1112681e-18)
(258.85135 8.0191967 -4.1047487e-18)
(258.86072 8.0224872 4.4709142e-18)
(258.86098 8.0219659 4.4681613e-18)
(258.86127 8.0213865 4.4642958e-18)
(258.87315 8.0317395 1.9446858e-18)
(258.87344 8.0309338 1.92077e-18)
(258.87376 8.0300478 1.8923363e-18)
(258.87409 8.029089 1.8601257e-18)
(258.88082 8.0297598 4.7340523e-20)
(258.88116 8.0291743 1.6964726e-20)
(258.88152 8.0285559 -9.87231e-21)
(258.8819 8.027906 -3.4008594e-20)
(258.8823 8.0272256 -5.6201798e-20)
(258.88271 8.0265157 -7.7094608e-20)
(258.88314 8.0257768 -9.7231843e-20)
(258.88359 8.0250088 -1.1705863e-19)
(258.88405 8.024211 -1.3694767e-19)
(258.88453 8.0233808 -1.5722928e-19)
(258.90257 8.0330846 -5.2612495e-19)
(258.90305 8.0317262 -4.9051872e-19)
(258.90357 8.0302747 -4.5333849e-19)
(258.90414 8.0287186 -4.1443969e-19)
(258.90474 8.0270752 -3.7439209e-19)
(258.90538 8.025369 -3.338747e-19)
(258.90604 8.0236149 -2.932613e-19)
(258.90674 8.0218208 -2.5273936e-19)
(258.90745 8.0199913 -2.1240431e-19)
(258.90819 8.0181288 -1.722946e-19)
(258.90895 8.0162344 -1.324126e-19)
(258.90973 8.0143087 -9.2754866e-20)
(258.91053 8.012351 -5.3290416e-20)
(258.91135 8.0103612 -1.3998671e-20)
(258.9122 8.0083382 2.5156693e-20)
(258.91307 8.0062809 6.4208942e-20)
(258.91396 8.0041881 1.0319561e-19)
(258.91487 8.0020583 1.421527e-19)
(259.04564 7.8765241 -3.4974001e-18)
(259.0471 7.8744539 -3.4275147e-18)
(259.04848 7.8724157 -3.3595125e-18)
(259.0498 7.8704076 -3.2933213e-18)
(259.05105 7.8684276 -3.2288748e-18)
(259.05223 7.8664741 -3.1661118e-18)
(259.05335 7.8645454 -3.1049729e-18)
(259.0544 7.8626397 -3.0454026e-18)
(259.05539 7.8607556 -2.987353e-18)
(259.05632 7.8588915 -2.9307781e-18)
(259.05719 7.8570461 -2.8756379e-18)
(259.058 7.8552179 -2.8218931e-18)
(259.05876 7.8534057 -2.7695142e-18)
(259.05946 7.8516081 -2.718467e-18)
(255.43655 7.5944011 -9.8276898e-19)
(255.45548 7.5987642 -9.6782838e-19)
(255.47467 7.6031881 -9.5301851e-19)
(255.49413 7.6076766 -9.3832183e-19)
(255.51389 7.6122331 -9.2372244e-19)
(255.53398 7.616861 -9.0920589e-19)
(255.55441 7.6215646 -8.9475597e-19)
(255.57521 7.6263475 -8.8035907e-19)
(255.59641 7.6312144 -8.6600006e-19)
(255.61802 7.6361695 -8.5166512e-19)
(255.64008 7.6412175 -8.373402e-19)
(255.66261 7.6463635 -8.2301122e-19)
(255.68564 7.6516126 -8.0866424e-19)
(255.70919 7.6569701 -7.9428602e-19)
(256.90918 7.8409657 0)
(256.9192 7.8426015 0)
(256.92907 7.8441902 0)
(256.93881 7.8457329 0)
(256.94842 7.8472302 0)
(256.95791 7.848683 0)
(256.96731 7.8500915 0)
(256.9766 7.8514563 0)
(256.98582 7.852777 0)
(256.99495 7.8540536 0)
(257.004 7.8552851 0)
(257.01297 7.85647 0)
(257.02185 7.8576057 0)
(257.0306 7.8586877 0)
(257.03914 7.8597087 0)
(257.04734 7.8606576 0)
(257.05505 7.8615314 0)
(257.06228 7.8623435 0)
(257.06908 7.8631124 0)
(255.29911 7.8569524 -1.7436339e-18)
(255.31197 7.8593394 -1.7199267e-18)
(255.32432 7.8616493 -1.6966056e-18)
(255.33608 7.8638767 -1.6737574e-18)
(255.34711 7.866011 -1.6515218e-18)
(255.35725 7.868038 -1.6300871e-18)
(255.36627 7.8699397 -1.6096863e-18)
(255.37393 7.8716951 -1.5905966e-18)
(255.37994 7.8732805 -1.5731375e-18)
(252.85969 7.7604268 9.4541467e-19)
(252.86175 7.7610209 9.4420659e-19)
(252.86244 7.7615606 9.4422129e-19)
(252.86155 7.7620413 9.455954e-19)
(250.59701 7.7467565 -1.3602349e-18)
(250.59352 7.7476409 -1.3465267e-18)
(250.58962 7.7483994 -1.3342601e-18)
(250.22769 7.7228564 5.570611e-18)
(250.22052 7.7231615 5.5831561e-18)
(252.15579 7.7958208 1.9529998e-18)
(252.15294 7.7964082 1.9627859e-18)
(254.54221 7.8611052 6.2364987e-18)
(254.54347 7.861446 6.2405651e-18)
(256.92228 7.9235392 -2.6496504e-18)
(257.82025 7.9557304 -3.8282523e-19)
(258.4165 7.9700501 -2.5717095e-18)
(258.666 7.9795973 -5.5824799e-20)
(258.7273 7.9846186 2.2089376e-19)
(258.74729 7.9870923 5.7939207e-19)
(258.7774 7.9923121 2.1014157e-19)
(258.8001 7.9972885 3.9579483e-18)
(258.81115 8.0008289 7.9217735e-20)
(258.82388 8.0040704 2.475206e-18)
(258.83332 8.0094138 -5.1365929e-18)
(258.83348 8.0090256 -5.1366609e-18)
(258.84244 8.0126762 1.3769189e-18)
(258.84264 8.0122455 1.3788478e-18)
(258.85105 8.0199968 -4.1120691e-18)
(258.85129 8.019374 -4.1055709e-18)
(258.86066 8.0226104 4.472525e-18)
(258.86092 8.0220845 4.4697703e-18)
(258.86121 8.0215002 4.4658782e-18)
(258.8731 8.031903 1.9533427e-18)
(258.8734 8.0310894 1.9289197e-18)
(258.87371 8.030195 1.8999291e-18)
(258.87405 8.0292272 1.867133e-18)
(258.88078 8.0298297 4.2892542e-20)
(258.88112 8.0292403 1.2702926e-20)
(258.88148 8.0286179 -1.3882699e-20)
(258.88187 8.0279638 -3.7740293e-20)
(258.88226 8.0272793 -5.9648948e-20)
(258.88268 8.0265651 -8.027464e-20)
(258.88311 8.0258218 -1.0016911e-19)
(258.88356 8.0250493 -1.1978782e-19)
(258.88403 8.0242467 -1.395074e-19)
(258.9021 8.0344572 -5.6328241e-19)
(258.90256 8.0331585 -5.2840039e-19)
(258.90304 8.0317907 -4.9251325e-19)
(258.90357 8.0303322 -4.5513174e-19)
(258.90413 8.0287726 -4.1612503e-19)
(258.90473 8.0271274 -3.7601017e-19)
(258.90537 8.0254195 -3.3542454e-19)
(258.90604 8.0236634 -2.9473633e-19)
(258.90673 8.0218671 -2.5413768e-19)
(258.90744 8.0200353 -2.1372465e-19)
(258.90818 8.0181705 -1.7353582e-19)
(258.90894 8.0162738 -1.335812e-19)
(258.90972 8.0143456 -9.3847132e-20)
(258.91052 8.0123859 -5.4317353e-20)
(258.91135 8.0103938 -1.4958203e-20)
(258.91219 8.0083686 2.425967e-20)
(258.91306 8.0063093 6.3371055e-20)
(258.91395 8.0042145 1.0241309e-19)
(258.91487 8.0020828 1.4142394e-19)
(259.04562 7.876541 -3.4977293e-18)
(259.04709 7.874469 -3.4277598e-18)
(259.04848 7.872429 -3.3596766e-18)
(259.04979 7.8704193 -3.2934105e-18)
(259.05104 7.8684379 -3.2288933e-18)
(259.05223 7.866483 -3.1660611e-18)
(259.05334 7.8645529 -3.1048552e-18)
(259.0544 7.8626461 -3.0452227e-18)
(259.05539 7.8607608 -2.9871107e-18)
(259.05632 7.8588957 -2.9304773e-18)
(259.05719 7.8570493 -2.8752759e-18)
(259.058 7.8552201 -2.8214726e-18)
(259.05876 7.853407 -2.7690336e-18)
(259.05946 7.8516084 -2.7179258e-18)
(255.43692 7.5944058 -9.8240508e-19)
(255.45585 7.5987711 -9.6747755e-19)
(255.47502 7.6031976 -9.5267878e-19)
(255.49448 7.6076886 -9.3799213e-19)
(255.51424 7.6122477 -9.234017e-19)
(255.53432 7.6168787 -9.0889201e-19)
(255.55475 7.6215853 -8.9444852e-19)
(255.57556 7.6263717 -8.8005619e-19)
(255.59676 7.6312421 -8.6570091e-19)
(255.61838 7.6362012 -8.5136798e-19)
(255.64044 7.6412536 -8.3704367e-19)
(255.66299 7.6464043 -8.2271442e-19)
(255.68603 7.6516586 -8.0836559e-19)
(256.89928 7.8392938 0)
(256.90948 7.8409786 0)
(256.91953 7.8426152 0)
(256.92942 7.8442048 0)
(256.93918 7.8457481 0)
(256.94882 7.8472461 0)
(256.95835 7.8486994 0)
(256.96777 7.8501084 0)
(256.9771 7.8514734 0)
(256.98634 7.8527943 0)
(256.99551 7.8540708 0)
(257.0046 7.855302 0)
(257.01361 7.8564863 0)
(257.02253 7.857621 0)
(257.03132 7.8587017 0)
(257.0399 7.8597213 0)
(257.04815 7.86067 0)
(257.05594 7.8615456 0)
(257.06326 7.8623607 0)
(257.07016 7.8631325 0)
(257.07665 7.8638715 0)
(255.31386 7.8595437 -1.7178018e-18)
(255.32641 7.8618781 -1.694192e-18)
(255.33838 7.8641304 -1.6710397e-18)
(255.34963 7.8662902 -1.6484865e-18)
(255.35999 7.868343 -1.6267204e-18)
(255.36924 7.8702703 -1.6059815e-18)
(255.37712 7.8720504 -1.5865532e-18)
(255.38333 7.8736591 -1.568762e-18)
(252.8619 7.7605395 9.4348337e-19)
(252.86408 7.7611396 9.4221301e-19)
(252.86488 7.7616849 9.4218119e-19)
(252.86405 7.7621708 9.4353255e-19)
(250.59735 7.7470078 -1.3569964e-18)
(250.59386 7.7479039 -1.3430723e-18)
(250.58992 7.7486721 -1.3306003e-18)
(250.22491 7.722905 5.5731564e-18)
(250.21766 7.7232128 5.5857008e-18)
(250.21174 7.7235088 5.5975887e-18)
(252.14984 7.7966201 1.9641954e-18)
(254.54121 7.8612456 6.2430079e-18)
(254.54253 7.8615911 6.2471418e-18)
(256.9223 7.9238049 -2.6473144e-18)
(257.82021 7.9559351 -3.8716756e-19)
(258.41647 7.9703103 -2.5744622e-18)
(258.66591 7.9798503 -5.5762085e-20)
(258.7272 7.9848525 2.2306259e-19)
(258.74719 7.9873386 5.7944725e-19)
(258.77731 7.9925396 2.1033604e-19)
(258.80001 7.9975074 3.9608236e-18)
(258.81106 8.0010661 8.5660519e-20)
(258.8238 8.0042746 2.4742802e-18)
(258.83324 8.0096438 -5.1404888e-18)
(258.8334 8.0092511 -5.140566e-18)
(258.84236 8.0128559 1.3785071e-18)
(258.85078 8.0207443 -4.1193593e-18)
(258.85098 8.0202093 -4.1129739e-18)
(258.85122 8.0195794 -4.106503e-18)
(258.86059 8.0227529 4.4744058e-18)
(258.86086 8.0222217 4.4716484e-18)
(258.86115 8.0216317 4.467724e-18)
(258.87305 8.0320926 1.9634423e-18)
(258.87335 8.0312697 1.9384166e-18)
(258.87367 8.0303653 1.9087631e-18)
(258.87401 8.0293871 1.8752748e-18)
(258.88073 8.0299103 3.7577619e-20)
(258.88108 8.0293163 7.6293233e-21)
(258.88144 8.0286893 -1.8642336e-20)
(258.88183 8.0280305 -4.2152707e-20)
(258.88223 8.0273411 -6.3713045e-20)
(258.88265 8.0266219 -8.4011521e-20)
(258.88308 8.0258736 -1.0361298e-19)
(258.88354 8.0250959 -1.229793e-19)
(258.90165 8.0358043 -6.0072007e-19)
(258.90209 8.0345542 -5.662576e-19)
(258.90255 8.033244 -5.3101858e-19)
(258.90304 8.0318654 -4.9480947e-19)
(258.90356 8.0303988 -4.5719469e-19)
(258.90412 8.028835 -4.1805493e-19)
(258.90473 8.0271874 -3.7785581e-19)
(258.90536 8.0254773 -3.3718831e-19)
(258.90603 8.0237187 -2.9641376e-19)
(258.90672 8.0219199 -2.5572631e-19)
(258.90743 8.0200855 -2.152231e-19)
(258.90817 8.018218 -1.7494624e-19)
(258.90893 8.0163186 -1.3490389e-19)
(258.90971 8.0143879 -9.5089547e-20)
(258.91052 8.0124255 -5.5479168e-20)
(258.91134 8.010431 -1.6046383e-20)
(258.91219 8.0084034 2.3242445e-20)
(258.91305 8.0063418 6.2420458e-20)
(258.91395 8.0042447 1.0152601e-19)
(258.91486 8.0021109 1.4059644e-19)
(258.9158 7.9999386 1.7967105e-19)
(259.04707 7.8744863 -3.428029e-18)
(259.04847 7.8724444 -3.3598548e-18)
(259.04979 7.8704329 -3.2935039e-18)
(259.05104 7.8684498 -3.2289045e-18)
(259.05222 7.8664933 -3.1659942e-18)
(259.05334 7.8645619 -3.1047153e-18)
(259.05439 7.8626537 -3.0450106e-18)
(259.05539 7.8607672 -2.9868303e-18)
(259.05632 7.8589009 -2.9301265e-18)
(259.05719 7.8570534 -2.8748586e-18)
(259.05801 7.8552232 -2.8209878e-18)
(259.05876 7.853409 -2.7684796e-18)
(259.05946 7.8516095 -2.7173033e-18)
(255.43735 7.5944127 -9.8197625e-19)
(255.45627 7.5987805 -9.6706409e-19)
(255.47544 7.6032095 -9.5227942e-19)
(255.49488 7.6077032 -9.3760534e-19)
(255.51464 7.6122653 -9.2302563e-19)
(255.53472 7.6168994 -9.0852494e-19)
(255.55515 7.6216095 -8.9408901e-19)
(255.57596 7.6263996 -8.7970267e-19)
(255.59716 7.6312741 -8.6535196e-19)
(255.61879 7.6362376 -8.5102215e-19)
(255.64086 7.6412947 -8.3669988e-19)
(255.66341 7.6464507 -8.223704e-19)
(255.68647 7.6517106 -8.0802029e-19)
(256.89961 7.8393076 0)
(256.90984 7.8409933 0)
(256.9199 7.8426309 0)
(256.92982 7.8442212 0)
(256.93961 7.8457654 0)
(256.94928 7.847264 0)
(256.95884 7.8487179 0)
(256.96829 7.8501274 0)
(256.97766 7.8514927 0)
(256.98694 7.8528138 0)
(256.99615 7.8540902 0)
(257.00528 7.855321 0)
(257.01434 7.8565045 0)
(257.0233 7.8576382 0)
(257.03214 7.8587175 0)
(257.04077 7.8597357 0)
(257.04909 7.8606842 0)
(257.05696 7.8615617 0)
(257.06439 7.8623801 0)
(257.07141 7.863155 0)
(257.07802 7.8638969 0)
(257.0842 7.8646134 0)
(255.32881 7.8621399 -1.691434e-18)
(255.34103 7.8644212 -1.66793e-18)
(255.35253 7.8666107 -1.6450059e-18)
(255.36316 7.8686934 -1.622856e-18)
(255.37268 7.8706506 -1.6017215e-18)
(255.38081 7.8724599 -1.5818952e-18)
(255.38726 7.8740959 -1.5637131e-18)
(252.86446 7.7606688 9.4124586e-19)
(252.8668 7.7612758 9.3989939e-19)
(252.86772 7.7618278 9.3980897e-19)
(252.86698 7.7623198 9.4112869e-19)
(250.59777 7.747297 -1.353279e-18)
(250.59426 7.7482067 -1.3391033e-18)
(250.59029 7.7489865 -1.3263894e-18)
(250.2217 7.72296 5.5760379e-18)
(250.21437 7.723271 5.5885777e-18)
(250.20839 7.7235707 5.6004755e-18)
(252.14627 7.7968636 1.9658016e-18)
(254.54006 7.8614066 6.2505372e-18)
(254.54145 7.8617575 6.2547503e-18)
(256.92234 7.9241103 -2.6446041e-18)
(257.82018 7.9561704 -3.9216671e-19)
(258.41645 7.9706095 -2.5776419e-18)
(258.66581 7.9801411 -5.5687727e-20)
(258.72709 7.9851213 2.2555913e-19)
(258.74708 7.9876217 5.7951515e-19)
(258.77721 7.9928011 2.1055948e-19)
(258.79992 7.9977588 3.96414e-18)
(258.81096 8.0013387 9.3060578e-20)
(258.82371 8.0045091 2.4732271e-18)
(258.83314 8.009908 -5.1450022e-18)
(258.8333 8.0095103 -5.1450902e-18)
(258.84227 8.0130622 1.3803468e-18)
(258.85069 8.0209953 -4.1203454e-18)
(258.8509 8.0204534 -4.1139824e-18)
(258.85114 8.0198154 -4.1075468e-18)
(258.86052 8.0229163 4.4765857e-18)
(258.86079 8.022379 4.4738246e-18)
(258.86108 8.0217822 4.4698608e-18)
(258.87299 8.0323104 1.9751352e-18)
(258.87329 8.0314767 1.9493942e-18)
(258.87361 8.0305607 1.9189604e-18)
(258.87395 8.0295703 1.8846566e-18)
(258.88068 8.0300023 3.1255253e-20)
(258.88103 8.029403 1.6190852e-21)
(258.88139 8.0287707 -2.4255858e-20)
(258.88178 8.0281064 -4.7338534e-20)
(258.88219 8.0274115 -6.8473818e-20)
(258.88261 8.0266868 -8.8374052e-20)
(258.88305 8.0259326 -1.0762042e-19)
(258.9012 8.0371349 -6.3875045e-19)
(258.90163 8.0359289 -6.0454888e-19)
(258.90207 8.0346654 -5.6964672e-19)
(258.90254 8.0333421 -5.3399904e-19)
(258.90303 8.0319511 -4.9742467e-19)
(258.90355 8.0304753 -4.5954015e-19)
(258.90411 8.0289062 -4.2024103e-19)
(258.90472 8.0272555 -3.7993738e-19)
(258.90535 8.0255427 -3.3917239e-19)
(258.90602 8.0237813 -2.982984e-19)
(258.90671 8.0219795 -2.5750874e-19)
(258.90742 8.0201421 -2.1690379e-19)
(258.90816 8.0182715 -1.7652589e-19)
(258.90892 8.0163691 -1.363877e-19)
(258.9097 8.0144354 -9.6479723e-20)
(258.91051 8.0124701 -5.6780954e-20)
(258.91133 8.0104728 -1.7264192e-20)
(258.91218 8.0084426 2.2102999e-20)
(258.91305 8.0063783 6.1356844e-20)
(258.91394 8.0042787 1.0053305e-19)
(258.91485 8.0021424 1.3967157e-19)
(258.91579 7.9999679 1.7880786e-19)
(259.04706 7.874506 -3.4283205e-18)
(259.04846 7.872462 -3.3600452e-18)
(259.04978 7.8704485 -3.2935968e-18)
(259.05103 7.8684636 -3.2289084e-18)
(259.05222 7.8665055 -3.1659115e-18)
(259.05334 7.8645725 -3.1045492e-18)
(259.05439 7.8626628 -3.0447635e-18)
(259.05539 7.860775 -2.9865048e-18)
(259.05632 7.8589074 -2.9297236e-18)
(259.05719 7.8570587 -2.8743796e-18)
(259.05801 7.8552273 -2.8204337e-18)
(259.05876 7.853412 -2.7678495e-18)
(259.05946 7.8516114 -2.7165942e-18)
(255.43785 7.5944222 -9.8147429e-19)
(255.45675 7.5987927 -9.6658102e-19)
(255.47591 7.6032244 -9.5181334e-19)
(255.49535 7.6077211 -9.3715408e-19)
(255.5151 7.6122863 -9.2258748e-19)
(255.53517 7.6169237 -9.0809848e-19)
(255.5556 7.6216375 -8.9367187e-19)
(255.57641 7.6264316 -8.792934e-19)
(255.59761 7.6313106 -8.6494838e-19)
(255.61925 7.6362787 -8.5062336e-19)
(255.64133 7.6413411 -8.3630357e-19)
(255.6639 7.6465028 -8.2197505e-19)
(255.68697 7.6517688 -8.0762461e-19)
(256.89998 7.8393231 0)
(256.91023 7.8410099 0)
(256.92032 7.8426484 0)
(256.93028 7.8442396 0)
(256.9401 7.8457846 0)
(256.94979 7.8472841 0)
(256.95939 7.8487386 0)
(256.96888 7.8501486 0)
(256.97829 7.8515142 0)
(256.98761 7.8528354 0)
(256.99687 7.8541117 0)
(257.00605 7.855342 0)
(257.01516 7.8565248 0)
(257.02418 7.8576573 0)
(257.03307 7.8587351 0)
(257.04176 7.8597519 0)
(257.05015 7.8607003 0)
(257.05812 7.8615799 0)
(257.06567 7.8624015 0)
(257.07283 7.8631798 0)
(257.07959 7.8639247 0)
(257.08592 7.864644 0)
(255.33155 7.8624367 -1.6883157e-18)
(255.34404 7.8647513 -1.6644063e-18)
(255.35585 7.866975 -1.6410559e-18)
(255.36679 7.8690924 -1.6184605e-18)
(255.37662 7.8710844 -1.5968672e-18)
(255.38506 7.8729276 -1.5765773e-18)
(255.3918 7.8745956 -1.5579391e-18)
(255.39646 7.8760596 -1.5413432e-18)
(252.86993 7.7614306 9.3723534e-19)
(252.87101 7.7619903 9.3707096e-19)
(252.87039 7.7624894 9.3834723e-19)
(252.8678 7.7629224 9.412324e-19)
(250.59474 7.7485525 -1.3345837e-18)
(250.59074 7.7493457 -1.3215892e-18)
(250.58621 7.749995 -1.3102816e-18)
(250.21062 7.7233362 5.59179e-18)
(250.20457 7.7236401 5.6036948e-18)
(252.14219 7.797141 1.9676137e-18)
(254.53875 7.8615898 6.2591811e-18)
(254.54022 7.8619469 6.2634873e-18)
(256.9224 7.9244585 -2.6414829e-18)
(257.82014 7.9564384 -3.9786967e-19)
(258.41643 7.9709502 -2.5812846e-18)
(258.6657 7.9804723 -5.5600264e-20)
(258.72696 7.9854274 2.2840656e-19)
(258.74695 7.9879442 5.795983e-19)
(258.7771 7.9930988 2.1081389e-19)
(258.79981 7.9980452 3.9679335e-18)
(258.81085 8.0016492 1.0147915e-19)
(258.8236 8.0047761 2.47204e-18)
(258.83303 8.0102089 -5.1501938e-18)
(258.83319 8.0098055 -5.1502935e-18)
(258.84217 8.0132969 1.3824615e-18)
(258.8506 8.0212812 -4.1214222e-18)
(258.85081 8.0207313 -4.1150898e-18)
(258.86019 8.0235823 4.4805794e-18)
(258.86043 8.023102 4.4790935e-18)
(258.86071 8.0225576 4.4763264e-18)
(258.87264 8.0333126 2.0094888e-18)
(258.87292 8.0325583 1.9885648e-18)
(258.87323 8.0317121 1.9619803e-18)
(258.87355 8.0307827 1.9306283e-18)
(258.88029 8.0306767 5.7971584e-20)
(258.88062 8.0301061 2.3770474e-20)
(258.88097 8.0295009 -5.4588382e-21)
(258.88134 8.0288625 -3.0837874e-20)
(258.88173 8.0281922 -5.3392707e-20)
(258.88214 8.027491 -7.400988e-20)
(258.88257 8.0267599 -9.3428933e-20)
(258.88301 8.0259992 -1.1224786e-19)
(258.90118 8.0372917 -6.436021e-19)
(258.90161 8.0360703 -6.0886454e-19)
(258.90206 8.0347914 -5.7346171e-19)
(258.90252 8.0334533 -5.3735288e-19)
(258.90301 8.0320485 -5.003687e-19)
(258.90354 8.0305622 -4.6217817e-19)
(258.9041 8.0289866 -4.2268759e-19)
(258.90471 8.027332 -3.8225543e-19)
(258.90534 8.025616 -3.413774e-19)
(258.90601 8.0238512 -3.0038783e-19)
(258.9067 8.022046 -2.5948283e-19)
(258.90741 8.0202051 -2.1876297e-19)
(258.90815 8.018331 -1.7827367e-19)
(258.90891 8.0164253 -1.3802762e-19)
(258.90969 8.0144882 -9.8016107e-20)
(258.9105 8.0125198 -5.8219414e-20)
(258.91132 8.0105193 -1.860948e-20)
(258.91217 8.0084861 2.0845576e-20)
(258.91304 8.0064189 6.0182568e-20)
(258.91393 8.0043165 9.9437579e-20)
(258.91485 8.0021776 1.3864845e-19)
(258.91578 8.0000004 1.7785613e-19)
(259.04705 7.8745283 -3.4286281e-18)
(259.04844 7.8724821 -3.3602426e-18)
(259.04977 7.8704664 -3.2936883e-18)
(259.05102 7.8684795 -3.2288986e-18)
(259.05221 7.8665197 -3.1658077e-18)
(259.05333 7.8645849 -3.1043518e-18)
(259.05439 7.8626737 -3.0444774e-18)
(259.05539 7.8607844 -2.986131e-18)
(259.05632 7.8589155 -2.929266e-18)
(259.0572 7.8570654 -2.8738374e-18)
(259.05801 7.8552329 -2.8198063e-18)
(259.05877 7.8534164 -2.7671371e-18)
(259.05947 7.8516146 -2.7157949e-18)
(255.43842 7.5944354 -9.8089086e-19)
(255.4573 7.5988084 -9.6602055e-19)
(255.47645 7.603243 -9.5127315e-19)
(255.49588 7.6077426 -9.3663233e-19)
(255.51562 7.6123111 -9.2208159e-19)
(255.53569 7.6169521 -9.0760651e-19)
(255.55611 7.6216697 -8.9319185e-19)
(255.57692 7.6264681 -8.7882308e-19)
(255.59813 7.6313516 -8.6448635e-19)
(255.61976 7.6363248 -8.5016717e-19)
(255.64186 7.6413927 -8.3585133e-19)
(255.66444 7.6465604 -8.2152526e-19)
(255.68752 7.6518332 -8.071745e-19)
(256.90039 7.8393404 0)
(256.91067 7.8410283 0)
(256.9208 7.8426678 0)
(256.93078 7.8442601 0)
(256.94063 7.8458059 0)
(256.95037 7.8473062 0)
(256.96 7.8487613 0)
(256.96953 7.8501718 0)
(256.97898 7.8515378 0)
(256.98836 7.8528591 0)
(256.99767 7.8541352 0)
(257.0069 7.8553651 0)
(257.01607 7.856547 0)
(257.02515 7.8576782 0)
(257.03411 7.8587544 0)
(257.04287 7.8597699 0)
(257.05134 7.8607184 0)
(257.05943 7.8616 0)
(257.06712 7.862425 0)
(257.07443 7.8632066 0)
(257.08136 7.8639545 0)
(257.08786 7.8646766 0)
(257.09386 7.8653798 0)
(255.34745 7.8651221 -1.6604576e-18)
(255.3596 7.8673848 -1.6366194e-18)
(255.3709 7.8695422 -1.613512e-18)
(255.3811 7.8715743 -1.5913901e-18)
(255.38991 7.8734569 -1.5705631e-18)
(255.39698 7.8751622 -1.5513947e-18)
(255.40194 7.8766597 -1.5342932e-18)
(252.87353 7.7616048 9.3419313e-19)
(252.8748 7.7621733 9.3393571e-19)
(252.87431 7.7626806 9.35153e-19)
(252.87179 7.763121 9.3802931e-19)
(250.59532 7.7489435 -1.3294891e-18)
(250.59128 7.7497524 -1.3161694e-18)
(250.58668 7.7504137 -1.3045577e-18)
(250.20639 7.7234083 5.5953309e-18)
(250.20025 7.7237169 5.6072363e-18)
(252.13756 7.7974539 1.9696318e-18)
(252.13637 7.7979865 1.9800253e-18)
(254.53884 7.8621602 6.273437e-18)
(256.92247 7.9248516 -2.6379171e-18)
(257.8201 7.9567407 -4.0431437e-19)
(258.41641 7.971335 -2.5854224e-18)
(258.66557 7.9808459 -5.5497645e-20)
(258.72682 7.9857727 2.3162364e-19)
(258.7468 7.9883079 5.7969958e-19)
(258.77698 7.9934345 2.1110076e-19)
(258.79969 7.9983682 3.9722326e-18)
(258.81072 8.0019994 1.1096231e-19)
(258.82348 8.0050771 2.4707176e-18)
(258.8329 8.0105485 -5.1561182e-18)
(258.84188 8.0139347 1.3814759e-18)
(258.84205 8.0135615 1.3848744e-18)
(258.8505 8.0216037 -4.1225773e-18)
(258.85071 8.0210447 -4.1162854e-18)
(258.86009 8.0237984 4.4833934e-18)
(258.86034 8.0233108 4.4819557e-18)
(258.86061 8.0227583 4.4791803e-18)
(258.87256 8.033605 2.0256347e-18)
(258.87285 8.0328377 2.0038565e-18)
(258.87316 8.0319772 1.9762814e-18)
(258.87348 8.0310323 1.9438559e-18)
(258.88022 8.0307994 4.8823934e-20)
(258.88055 8.0302221 1.4960859e-20)
(258.8809 8.0296102 -1.3744633e-20)
(258.88128 8.028965 -3.8503739e-20)
(258.88167 8.0282878 -6.0409378e-20)
(258.88209 8.0275797 -8.0398088e-20)
(258.88252 8.0268414 -9.9237726e-20)
(258.90074 8.0386474 -6.8367802e-19)
(258.90116 8.0374678 -6.4901188e-19)
(258.90159 8.0362289 -6.1367029e-19)
(258.90204 8.0349329 -5.7770691e-19)
(258.90251 8.0335781 -5.4108294e-19)
(258.903 8.032158 -5.0364475e-19)
(258.90353 8.0306597 -4.6510675e-19)
(258.90409 8.0290765 -4.2539064e-19)
(258.9047 8.0274171 -3.8480506e-19)
(258.90533 8.0256969 -3.4379208e-19)
(258.906 8.0239284 -3.026732e-19)
(258.90669 8.0221192 -2.6163869e-19)
(258.9074 8.0202744 -2.207913e-19)
(258.90814 8.0183965 -1.8017861e-19)
(258.9089 8.0164869 -1.3981343e-19)
(258.90968 8.0145462 -9.9688633e-20)
(258.91049 8.0125742 -5.9784201e-20)
(258.91131 8.0105703 -2.0073145e-20)
(258.91216 8.0085338 1.9478365e-20)
(258.91303 8.0064635 5.8904694e-20)
(258.91392 8.0043581 9.8244916e-20)
(258.91484 8.0022162 1.3753729e-19)
(258.91578 8.0000362 1.7682046e-19)
(259.04704 7.8745534 -3.4289475e-18)
(259.04843 7.8725046 -3.3604383e-18)
(259.04976 7.8704867 -3.2937703e-18)
(259.05102 7.8684977 -3.2288703e-18)
(259.05221 7.8665359 -3.1656745e-18)
(259.05333 7.8645994 -3.1041199e-18)
(259.05439 7.8626865 -3.0441482e-18)
(259.05539 7.8607957 -2.9857074e-18)
(259.05632 7.8589253 -2.9287489e-18)
(259.0572 7.8570739 -2.8732272e-18)
(259.05802 7.8552402 -2.8191046e-18)
(259.05878 7.8534225 -2.7663412e-18)
(259.05948 7.8516196 -2.7149042e-18)
(255.43907 7.5944529 -9.8021833e-19)
(255.45793 7.5988286 -9.6537475e-19)
(255.47706 7.6032658 -9.5065231e-19)
(255.49647 7.6077686 -9.3603288e-19)
(255.5162 7.6123403 -9.215019e-19)
(255.53626 7.6169849 -9.0704379e-19)
(255.55668 7.6217064 -8.926439e-19)
(255.57748 7.6265091 -8.7828759e-19)
(255.59869 7.6313973 -8.6396101e-19)
(255.62034 7.6363759 -8.4964963e-19)
(255.64244 7.6414495 -8.3533988e-19)
(255.66503 7.6466235 -8.2101749e-19)
(256.89038 7.8376209 0)
(256.90085 7.8393595 0)
(256.91116 7.8410485 0)
(256.92131 7.8426891 0)
(256.93133 7.8442824 0)
(256.94122 7.8458291 0)
(256.951 7.8473302 0)
(256.96067 7.848786 0)
(256.97025 7.850197 0)
(256.97975 7.8515633 0)
(256.98918 7.8528847 0)
(256.99854 7.8541606 0)
(257.00784 7.8553899 0)
(257.01708 7.8565709 0)
(257.02622 7.8577007 0)
(257.03525 7.8587754 0)
(257.0441 7.8597896 0)
(257.05267 7.8607382 0)
(257.06089 7.861622 0)
(257.06873 7.8624503 0)
(257.07622 7.8632351 0)
(257.08334 7.8639859 0)
(257.09004 7.8647106 0)
(257.09625 7.8654164 0)
(257.10185 7.8661103 0)
(255.36381 7.867841 -1.6316903e-18)
(255.37552 7.8700439 -1.6080009e-18)
(255.38615 7.872122 -1.5852738e-18)
(255.39538 7.87405 -1.5638294e-18)
(255.40286 7.8757986 -1.5440476e-18)
(255.40818 7.8773352 -1.5263593e-18)
(252.87761 7.7617988 9.3074878e-19)
(252.87911 7.7623774 9.3037474e-19)
(252.8788 7.7628941 9.3151258e-19)
(252.87636 7.7633429 9.3436608e-19)
(250.59602 7.7493816 -1.323804e-18)
(250.59193 7.7502085 -1.3101119e-18)
(250.58725 7.7508838 -1.2981491e-18)
(250.20166 7.723487 5.5991806e-18)
(250.19543 7.7238008 5.6110781e-18)
(252.13237 7.797803 1.9718483e-18)
(252.13121 7.7983481 1.9825765e-18)
(254.53731 7.862398 6.2846621e-18)
(256.92257 7.9252913 -2.6338775e-18)
(257.82008 7.9570784 -4.1152931e-19)
(258.41639 7.9717647 -2.5900806e-18)
(258.66543 7.9812634 -5.5378343e-20)
(258.72666 7.9861582 2.3522219e-19)
(258.74664 7.9887141 5.7982212e-19)
(258.77684 7.9938094 2.1142091e-19)
(258.79956 7.9987285 3.9770581e-18)
(258.81058 8.0023906 1.2154076e-19)
(258.82334 8.005413 2.4692623e-18)
(258.83276 8.0109276 -5.1628171e-18)
(258.84175 8.0142362 1.3840231e-18)
(258.84192 8.0138564 1.3876053e-18)
(258.85038 8.0219639 -4.123792e-18)
(258.8506 8.0213944 -4.1175538e-18)
(258.85998 8.0240392 4.4865796e-18)
(258.86023 8.0235433 4.4851972e-18)
(258.86051 8.0229815 4.4824094e-18)
(258.87248 8.0339315 2.0438978e-18)
(258.87277 8.0331495 2.0211146e-18)
(258.87308 8.0322726 1.9923821e-18)
(258.87341 8.0313102 1.9587113e-18)
(258.88013 8.0309348 3.8047331e-20)
(258.88047 8.0303502 4.6529602e-21)
(258.88083 8.0297308 -2.3379481e-20)
(258.88121 8.0290781 -4.736635e-20)
(258.88161 8.0283933 -6.8479161e-20)
(258.88203 8.0276774 -8.7707826e-20)
(258.90031 8.039998 -7.2500373e-19)
(258.90072 8.0388629 -6.9036631e-19)
(258.90113 8.0376635 -6.5497241e-19)
(258.90157 8.036405 -6.1895663e-19)
(258.90202 8.0350898 -5.823713e-19)
(258.90249 8.0337166 -5.4517835e-19)
(258.90299 8.0322796 -5.0723983e-19)
(258.90352 8.0307679 -4.6831609e-19)
(258.90408 8.0291757 -4.2833702e-19)
(258.90468 8.0275103 -3.8756814e-19)
(258.90532 8.0257853 -3.4639994e-19)
(258.90598 8.0240122 -3.0513419e-19)
(258.90667 8.0221987 -2.6395701e-19)
(258.90739 8.0203495 -2.2297038e-19)
(258.90813 8.0184673 -1.8222234e-19)
(258.90889 8.0165536 -1.4172799e-19)
(258.90967 8.0146089 -1.0148098e-19)
(258.91047 8.012633 -6.1460483e-20)
(258.9113 8.0106254 -2.1639732e-20)
(258.91215 8.0085854 1.8014484e-20)
(258.91302 8.0065117 5.7538053e-20)
(258.91391 8.0044031 9.6969127e-20)
(258.91483 8.0022581 1.3634663e-19)
(258.91577 8.0000751 1.7571063e-19)
(258.91673 7.9978524 2.1510108e-19)
(259.04842 7.8725296 -3.3606254e-18)
(259.04975 7.8705093 -3.2938342e-18)
(259.05101 7.8685182 -3.2288183e-18)
(259.0522 7.8665543 -3.1655099e-18)
(259.05333 7.864616 -3.1038477e-18)
(259.05439 7.8627015 -3.0437722e-18)
(259.05539 7.8608092 -2.9852302e-18)
(259.05633 7.8589374 -2.9281714e-18)
(259.0572 7.8570847 -2.8725515e-18)
(259.05802 7.8552496 -2.8183272e-18)
(259.05878 7.8534308 -2.7654644e-18)
(259.05949 7.8516267 -2.7139225e-18)
(255.4398 7.5944757 -9.7944906e-19)
(255.45864 7.5988538 -9.6463786e-19)
(255.47774 7.6032939 -9.4994387e-19)
(255.49714 7.6077994 -9.3535098e-19)
(255.51685 7.6123744 -9.2084294e-19)
(255.5369 7.6170225 -9.0640545e-19)
(255.55731 7.621748 -8.9202348e-19)
(255.57811 7.6265549 -8.776828e-19)
(255.59932 7.6314479 -8.6336913e-19)
(255.62096 7.6364317 -8.4906845e-19)
(255.64307 7.6415113 -8.347665e-19)
(255.66567 7.6466917 -8.2044991e-19)
(256.89084 7.8376407 0)
(256.90134 7.8393804 0)
(256.91168 7.8410706 0)
(256.92187 7.8427122 0)
(256.93193 7.8443064 0)
(256.94186 7.8458541 0)
(256.95168 7.8473559 0)
(256.9614 7.8488124 0)
(256.97103 7.8502239 0)
(256.98059 7.8515905 0)
(256.99007 7.852912 0)
(256.9995 7.8541876 0)
(257.00886 7.8554163 0)
(257.01817 7.8565963 0)
(257.02739 7.8577248 0)
(257.03651 7.8587979 0)
(257.04544 7.8598109 0)
(257.05413 7.8607596 0)
(257.06249 7.8616455 0)
(257.07051 7.8624769 0)
(257.0782 7.8632648 0)
(257.08553 7.8640183 0)
(257.09246 7.8647452 0)
(257.09892 7.8654531 0)
(257.10477 7.8661494 0)
(255.36847 7.8683433 -1.6262771e-18)
(255.38066 7.8705977 -1.6019294e-18)
(255.39178 7.8727281 -1.5785151e-18)
(255.40152 7.8747082 -1.5563667e-18)
(255.40948 7.8765066 -1.5358808e-18)
(255.41522 7.8780886 -1.5175139e-18)
(255.41826 7.8794177 -1.5017655e-18)
(252.88399 7.7626026 9.2636376e-19)
(252.88389 7.7631301 9.2739613e-19)
(252.88158 7.7635885 9.3020678e-19)
(250.59684 7.7498677 -1.3175273e-18)
(250.59272 7.7507152 -1.3034107e-18)
(250.58795 7.7514065 -1.2910453e-18)
(250.19643 7.7235715 5.6033057e-18)
(250.19008 7.7238912 5.615183e-18)
(252.12659 7.7981891 1.9742551e-18)
(252.12548 7.798748 1.9853603e-18)
(254.53562 7.8626602 6.2972214e-18)
(256.9227 7.9257778 -2.6293391e-18)
(257.82006 7.9574517 -4.1952417e-19)
(258.41637 7.9722402 -2.5952754e-18)
(258.66528 7.9817248 -5.5240093e-20)
(258.71581 7.9850313 -1.2089068e-18)
(258.75544 7.9907011 1.7978726e-18)
(258.77669 7.9942236 2.1177456e-19)
(258.79942 7.9991269 3.9824268e-18)
(258.81042 8.002823 1.3321463e-19)
(258.82319 8.0057841 2.4676823e-18)
(258.83261 8.0113468 -5.1703325e-18)
(258.8416 8.0145691 1.3868789e-18)
(258.84178 8.0141819 1.3906722e-18)
(258.85025 8.0223622 -4.1250406e-18)
(258.85047 8.0217808 -4.1188725e-18)
(258.85986 8.0243044 4.4901603e-18)
(258.86012 8.0237992 4.4888398e-18)
(258.8604 8.0232271 4.4860341e-18)
(258.87238 8.0342927 2.064379e-18)
(258.87268 8.0334939 2.0404191e-18)
(258.87299 8.0325985 2.0103414e-18)
(258.87973 8.0316394 6.5299786e-20)
(258.88005 8.0310827 2.5428034e-20)
(258.88039 8.0304898 -7.3307843e-21)
(258.88075 8.0298622 -3.4504061e-20)
(258.88114 8.0292013 -5.7534545e-20)
(258.88154 8.0285082 -7.7683791e-20)
(258.88197 8.0277839 -9.6000712e-20)
(258.90028 8.0402575 -7.3316553e-19)
(258.90069 8.0391003 -6.9765539e-19)
(258.90111 8.0378787 -6.6145702e-19)
(258.90154 8.0365984 -6.2469781e-19)
(258.902 8.0352619 -5.8742719e-19)
(258.90247 8.0338684 -5.4961379e-19)
(258.90297 8.0324129 -5.1113163e-19)
(258.9035 8.0308863 -4.717795e-19)
(258.90407 8.0292838 -4.3150264e-19)
(258.90467 8.0276112 -3.9051951e-19)
(258.90531 8.0258805 -3.4917359e-19)
(258.90597 8.0241022 -3.0774429e-19)
(258.90666 8.0222837 -2.664101e-19)
(258.90738 8.0204297 -2.2527231e-19)
(258.90811 8.0185429 -1.8438e-19)
(258.90887 8.0166246 -1.4374754e-19)
(258.90966 8.0146756 -1.0336932e-19)
(258.91046 8.0126956 -6.3226176e-20)
(258.91129 8.0106841 -2.3289091e-20)
(258.91214 8.0086403 1.647356e-20)
(258.91301 8.006563 5.6099421e-20)
(258.9139 8.004451 9.5626067e-20)
(258.91482 8.0023028 1.3509367e-19)
(258.91576 8.0001167 1.7454235e-19)
(258.91672 7.997891 2.1401245e-19)
(259.04842 7.8725571 -3.3607926e-18)
(259.04975 7.8705344 -3.2938724e-18)
(259.05101 7.8685411 -3.2287328e-18)
(259.0522 7.8665753 -3.1653078e-18)
(259.05333 7.8646351 -3.1035325e-18)
(259.05439 7.862719 -3.0433477e-18)
(259.05539 7.8608251 -2.9846982e-18)
(259.05633 7.8589519 -2.9275341e-18)
(259.05721 7.8570979 -2.8718075e-18)
(259.05803 7.8552616 -2.8174788e-18)
(259.05879 7.8534417 -2.7645062e-18)
(259.0595 7.8516365 -2.7128547e-18)
(255.44062 7.5945048 -9.7857693e-19)
(255.45942 7.5988852 -9.6380321e-19)
(255.4785 7.6033276 -9.4914347e-19)
(255.49788 7.6078359 -9.3458111e-19)
(255.51757 7.6124138 -9.2010081e-19)
(255.5376 7.6170653 -9.0568778e-19)
(255.558 7.6217945 -8.9132754e-19)
(255.57879 7.6266056 -8.7700562e-19)
(255.6 7.6315033 -8.6270814e-19)
(255.62164 7.6364923 -8.4842081e-19)
(255.64376 7.6415775 -8.3413002e-19)
(255.66636 7.6467644 -8.1982175e-19)
(256.89134 7.8376621 0)
(256.90187 7.839403 0)
(256.91225 7.8410942 0)
(256.92247 7.8427369 0)
(256.93257 7.8443321 0)
(256.94254 7.8458806 0)
(256.95241 7.8473832 0)
(256.96218 7.8488403 0)
(256.97186 7.8502523 0)
(256.98148 7.8516192 0)
(256.99103 7.8529406 0)
(257.00052 7.8542159 0)
(257.00996 7.855444 0)
(257.01934 7.8566229 0)
(257.02865 7.85775 0)
(257.03786 7.8588216 0)
(257.0469 7.8598335 0)
(257.05572 7.8607825 0)
(257.06424 7.8616702 0)
(257.07245 7.8625045 0)
(257.08035 7.8632951 0)
(257.08793 7.8640508 0)
(257.09512 7.8647795 0)
(257.10185 7.8654887 0)
(257.10799 7.8661868 0)
(257.11337 7.8668825 0)
(255.38632 7.8712024 -1.5953152e-18)
(255.39801 7.873392 -1.5711264e-18)
(255.40833 7.8754313 -1.5481793e-18)
(255.41685 7.8772869 -1.5268907e-18)
(255.4231 7.8789215 -1.507744e-18)
(255.42655 7.8802949 -1.4912776e-18)
(252.88947 7.7628484 9.2188311e-19)
(252.88964 7.7633881 9.2277679e-19)
(252.88749 7.7638576 9.2551765e-19)
(252.88266 7.7642496 9.3035771e-19)
(250.59366 7.751273 -1.2960737e-18)
(250.58881 7.7519826 -1.283249e-18)
(250.1907 7.723661 5.6076597e-18)
(250.18423 7.7239871 5.6195023e-18)
(252.12023 7.7986113 1.9768254e-18)
(252.11916 7.7991859 1.9883583e-18)
(254.53378 7.8629465 6.3111555e-18)
(256.92286 7.9263113 -2.6242814e-18)
(257.82005 7.9578604 -4.2829765e-19)
(258.41637 7.9727609 -2.6010203e-18)
(258.66512 7.98223 -5.5081124e-20)
(258.71563 7.9855298 -1.2084381e-18)
(258.75526 7.9911659 1.7991536e-18)
(258.77653 7.994677 2.121615e-19)
(258.79926 7.999563 3.9883461e-18)
(258.81025 8.0032964 1.4596631e-19)
(258.82303 8.0061902 2.4659863e-18)
(258.83244 8.0118057 -5.1786963e-18)
(258.84144 8.0149329 1.3900604e-18)
(258.84163 8.0145376 1.3940918e-18)
(258.85011 8.0227982 -4.1262928e-18)
(258.85034 8.0222033 -4.1202142e-18)
(258.85973 8.0245938 4.494156e-18)
(258.85999 8.0240781 4.4929036e-18)
(258.87201 8.0353968 2.1049994e-18)
(258.87228 8.0346881 2.087153e-18)
(258.87258 8.0338704 2.0618195e-18)
(258.8729 8.0329541 2.0301859e-18)
(258.87963 8.0318077 5.0174643e-20)
(258.87995 8.031242 1.0736281e-20)
(258.8803 8.0306402 -2.11678e-20)
(258.88067 8.0300037 -4.7254075e-20)
(258.88106 8.0293339 -6.9107537e-20)
(258.88147 8.0286318 -8.8092818e-20)
(258.89985 8.0416499 -7.7762667e-19)
(258.90025 8.0405407 -7.4196999e-19)
(258.90066 8.0393588 -7.0549951e-19)
(258.90108 8.0381126 -6.6841825e-19)
(258.90152 8.0368081 -6.3084767e-19)
(258.90197 8.0354483 -5.9283553e-19)
(258.90245 8.0340328 -5.5435061e-19)
(258.90296 8.0325573 -5.152829e-19)
(258.90349 8.0310143 -4.7546558e-19)
(258.90406 8.0294 -4.3485157e-19)
(258.90466 8.027719 -3.9362365e-19)
(258.90529 8.0259817 -3.5207788e-19)
(258.90596 8.0241975 -3.1046763e-19)
(258.90665 8.0223734 -2.6896368e-19)
(258.90736 8.0205141 -2.2766427e-19)
(258.9081 8.0186222 -1.8661791e-19)
(258.90886 8.0166992 -1.4584082e-19)
(258.90965 8.0147456 -1.0532493e-19)
(258.91045 8.0127612 -6.5052837e-20)
(258.91128 8.0107456 -2.4995585e-20)
(258.91213 8.0086979 1.4880415e-20)
(258.913 8.0066169 5.4611828e-20)
(258.91389 8.0045013 9.4237832e-20)
(258.91481 8.0023498 1.3379792e-19)
(258.91575 8.0001605 1.7333383e-19)
(258.91671 7.9979318 2.1288473e-19)
(259.04841 7.872587 -3.3609273e-18)
(259.04974 7.8705619 -3.2938744e-18)
(259.05101 7.8685665 -3.2286095e-18)
(259.0522 7.8665987 -3.1650628e-18)
(259.05333 7.8646568 -3.1031708e-18)
(259.0544 7.862739 -3.0428719e-18)
(259.0554 7.8608437 -2.9841112e-18)
(259.05634 7.8589692 -2.9268364e-18)
(259.05722 7.8571141 -2.8710002e-18)
(259.05804 7.8552767 -2.8165596e-18)
(259.05881 7.8534557 -2.7634746e-18)
(259.05951 7.8516496 -2.7117063e-18)
(255.44152 7.5945412 -9.7759667e-19)
(255.46029 7.5989233 -9.6286666e-19)
(255.47934 7.6033678 -9.4824643e-19)
(255.49868 7.6078784 -9.3372e-19)
(255.51835 7.6124591 -9.1927189e-19)
(255.53837 7.6171135 -9.0488806e-19)
(255.55875 7.6218461 -8.9055364e-19)
(255.57953 7.6266611 -8.7625453e-19)
(255.60073 7.6315632 -8.6197666e-19)
(255.62237 7.636557 -8.4770635e-19)
(255.64448 7.6416478 -8.334295e-19)
(256.88113 7.8358922 0)
(256.89186 7.8376851 0)
(256.90243 7.8394271 0)
(256.91284 7.8411193 0)
(256.92311 7.8427629 0)
(256.93325 7.844359 0)
(256.94327 7.8459083 0)
(256.95318 7.8474116 0)
(256.963 7.8488693 0)
(256.97274 7.8502817 0)
(256.98242 7.8516488 0)
(256.99203 7.8529702 0)
(257.0016 7.8542452 0)
(257.01112 7.8554725 0)
(257.02059 7.8566504 0)
(257.02999 7.8577761 0)
(257.03929 7.8588462 0)
(257.04846 7.8598571 0)
(257.05742 7.8608063 0)
(257.06612 7.8616958 0)
(257.07454 7.8625325 0)
(257.08269 7.8633253 0)
(257.09053 7.8640826 0)
(257.09801 7.8648122 0)
(257.10505 7.8655219 0)
(257.11152 7.8662206 0)
(257.11723 7.866918 0)
(257.12199 7.8676251 0)
(255.40484 7.8741118 -1.5631344e-18)
(255.41582 7.876218 -1.539288e-18)
(255.42499 7.8781391 -1.5170881e-18)
(255.43185 7.8798342 -1.497051e-18)
(255.4358 7.8812593 -1.4797568e-18)
(252.89558 7.7631141 9.1691815e-19)
(252.89609 7.7636675 9.1763217e-19)
(252.89414 7.7641495 9.2026717e-19)
(252.88936 7.7645523 9.2511358e-19)
(250.59478 7.7518813 -1.2881237e-18)
(250.58984 7.7526118 -1.2747806e-18)
(250.18448 7.7237544 5.612191e-18)
(250.17787 7.7240872 5.6239701e-18)
(252.11327 7.7990687 1.9795328e-18)
(252.11225 7.7996606 1.9915424e-18)
(254.53178 7.8632557 6.3264841e-18)
(256.92307 7.9268906 -2.6186899e-18)
(257.82005 7.9583035 -4.3783582e-19)
(258.41637 7.9733261 -2.6073191e-18)
(258.66494 7.9827778 -5.4899124e-20)
(258.71543 7.9860701 -1.2078964e-18)
(258.75507 7.9916696 1.800517e-18)
(258.77635 7.9951684 2.1258049e-19)
(258.79909 8.0000356 3.9948112e-18)
(258.81007 8.0038097 1.5975777e-19)
(258.82286 8.00663 2.4641915e-18)
(258.83227 8.012303 -5.1879302e-18)
(258.84127 8.0153269 1.3935805e-18)
(258.84146 8.0149224 1.397879e-18)
(258.84997 8.0232707 -4.1275103e-18)
(258.85019 8.0226611 -4.1215495e-18)
(258.85959 8.0249061 4.4985855e-18)
(258.85985 8.0243789 4.4974071e-18)
(258.8719 8.0358437 2.1313955e-18)
(258.87218 8.0351169 2.1122675e-18)
(258.87248 8.034278 2.0853381e-18)
(258.8728 8.0333382 2.051913e-18)
(258.87952 8.0319871 3.2512635e-20)
(258.87985 8.0314116 -6.2572932e-21)
(258.8802 8.0308002 -3.7033494e-20)
(258.88058 8.0301543 -6.175357e-20)
(258.88097 8.029475 -8.2169784e-20)
(258.89942 8.0430348 -8.239524e-19)
(258.89982 8.0419831 -7.8814831e-19)
(258.90022 8.0408468 -7.5134691e-19)
(258.90063 8.0396374 -7.1383239e-19)
(258.90105 8.038364 -6.7579417e-19)
(258.90149 8.0370331 -6.3734893e-19)
(258.90195 8.0356479 -5.985395e-19)
(258.90243 8.0342085 -5.593375e-19)
(258.90294 8.0327115 -5.1964667e-19)
(258.90347 8.0311509 -4.7932809e-19)
(258.90404 8.0295233 -4.3834185e-19)
(258.90465 8.0278326 -3.9683766e-19)
(258.90528 8.0260876 -3.5506894e-19)
(258.90594 8.0242968 -3.1326191e-19)
(258.90663 8.0224667 -2.7157601e-19)
(258.90735 8.0206017 -2.3010628e-19)
(258.90809 8.0187044 -1.8889945e-19)
(258.90885 8.0167762 -1.4797026e-19)
(258.90963 8.0148178 -1.0731388e-19)
(258.91044 8.0128289 -6.6909063e-20)
(258.91127 8.010809 -2.6728179e-20)
(258.91211 8.0087573 1.3263683e-20)
(258.91299 8.0066725 5.3102479e-20)
(258.91388 8.0045534 9.2828398e-20)
(258.9148 8.0023984 1.3248272e-19)
(258.91574 8.000206 1.7210535e-19)
(258.9167 7.9979743 2.1173892e-19)
(258.91769 7.9957015 2.5142365e-19)
(259.04974 7.8705918 -3.293831e-18)
(259.05101 7.8685943 -3.2284376e-18)
(259.05221 7.8666248 -3.1647687e-18)
(259.05334 7.8646812 -3.1027574e-18)
(259.05441 7.862762 -3.0423431e-18)
(259.05541 7.8608654 -2.9834686e-18)
(259.05636 7.8589897 -2.9260817e-18)
(259.05724 7.8571335 -2.8701318e-18)
(259.05806 7.8552952 -2.8155768e-18)
(259.05883 7.8534734 -2.7623745e-18)
(259.05953 7.8516665 -2.7104862e-18)
(255.44251 7.5945857 -9.7650482e-19)
(255.46124 7.5989691 -9.6182467e-19)
(255.48025 7.6034151 -9.4724995e-19)
(255.49956 7.6079276 -9.3276477e-19)
(255.5192 7.6125102 -9.1835464e-19)
(255.53919 7.6171673 -9.0400443e-19)
(255.55956 7.6219028 -8.8970041e-19)
(255.58032 7.6267212 -8.7542848e-19)
(255.60151 7.6316272 -8.6117446e-19)
(255.62314 7.6366255 -8.4692485e-19)
(255.64525 7.6417215 -8.3266552e-19)
(256.88165 7.8359157 0)
(256.89242 7.8377096 0)
(256.90302 7.8394524 0)
(256.91347 7.8411456 0)
(256.92378 7.84279 0)
(256.93396 7.8443869 0)
(256.94402 7.845937 0)
(256.95399 7.8474409 0)
(256.96386 7.8488991 0)
(256.97366 7.8503118 0)
(256.9834 7.851679 0)
(256.99309 7.8530003 0)
(257.00273 7.8542749 0)
(257.01233 7.8555015 0)
(257.02189 7.8566783 0)
(257.03139 7.8578026 0)
(257.04081 7.8588714 0)
(257.05011 7.8598814 0)
(257.05922 7.8608308 0)
(257.06812 7.8617217 0)
(257.07677 7.8625603 0)
(257.08518 7.8633547 0)
(257.09332 7.8641127 0)
(257.10112 7.8648422 0)
(257.10851 7.8655511 0)
(257.11535 7.8662489 0)
(257.12145 7.8669465 0)
(257.12658 7.8676562 0)
(255.41223 7.8748844 -1.5545791e-18)
(255.42398 7.8770661 -1.5297276e-18)
(255.43393 7.8790615 -1.5065004e-18)
(255.4415 7.8808262 -1.4854497e-18)
(255.44605 7.8823113 -1.4672066e-18)
(255.4469 7.8834671 -1.4524489e-18)
(252.90325 7.763967 9.1194374e-19)
(252.90159 7.7644634 9.1442619e-19)
(252.89688 7.7648786 9.1924385e-19)
(250.5961 7.7525392 -1.2795912e-18)
(250.59108 7.7532935 -1.2656647e-18)
(250.58515 7.7538573 -1.2538705e-18)
(250.17102 7.7241903 5.6285227e-18)
(250.16595 7.7245264 5.6399824e-18)
(252.10475 7.8001705 1.9948748e-18)
(254.52964 7.8635865 6.3432191e-18)
(256.92332 7.9275136 -2.6125568e-18)
(257.82008 7.9587794 -4.4810513e-19)
(258.41637 7.9739334 -2.6141679e-18)
(258.66476 7.9833665 -5.4692182e-20)
(258.71522 7.9866507 -1.2072753e-18)
(258.75487 7.9922106 1.8019517e-18)
(258.77617 7.9956959 2.1302994e-19)
(258.79891 8.0005427 4.0018101e-18)
(258.80988 8.0043609 1.7452143e-19)
(258.82267 8.0071018 2.4623178e-18)
(258.83207 8.0128371 -5.198052e-18)
(258.84109 8.0157493 1.3974541e-18)
(258.84961 8.0242851 -4.1347487e-18)
(258.84981 8.0237784 -4.1286575e-18)
(258.8592 8.0257043 4.5027225e-18)
(258.85944 8.02524 4.5034691e-18)
(258.85971 8.0246998 4.5023664e-18)
(258.87178 8.0363246 2.1603772e-18)
(258.87206 8.0355775 2.139747e-18)
(258.87237 8.0347149 2.1109693e-18)
(258.87909 8.0327251 6.0551612e-20)
(258.8794 8.032176 1.2006941e-20)
(258.87974 8.03159 -2.5787972e-20)
(258.8801 8.0309685 -5.5093658e-20)
(258.88048 8.0303125 -7.8112734e-20)
(258.88088 8.0296232 -9.6786812e-20)
(258.89939 8.0434215 -8.3641996e-19)
(258.89978 8.0423406 -7.9924772e-19)
(258.90019 8.0411741 -7.6120833e-19)
(258.9006 8.0399343 -7.2256723e-19)
(258.90102 8.0386312 -6.8350483e-19)
(258.90147 8.0372715 -6.4412718e-19)
(258.90193 8.035859 -6.0447208e-19)
(258.90241 8.0343941 -5.6451263e-19)
(258.90292 8.0328743 -5.2416543e-19)
(258.90346 8.0312945 -4.8331259e-19)
(258.90403 8.0296523 -4.4192172e-19)
(258.90463 8.0279507 -4.0011291e-19)
(258.90527 8.026197 -3.5809824e-19)
(258.90593 8.0243988 -3.1607975e-19)
(258.90662 8.0225621 -2.7420218e-19)
(258.90734 8.020691 -2.3255422e-19)
(258.90807 8.018788 -1.9118167e-19)
(258.90884 8.0168546 -1.5009843e-19)
(258.90962 8.0148912 -1.0929761e-19)
(258.91043 8.0128977 -6.8758872e-20)
(258.91125 8.0108734 -2.8453028e-20)
(258.9121 8.0088176 1.165339e-20)
(258.91298 8.0067291 5.1600079e-20)
(258.91387 8.0046064 9.1426034e-20)
(258.91479 8.0024481 1.3117258e-19)
(258.91573 8.0002525 1.7088194e-19)
(258.9167 7.9980179 2.1059531e-19)
(258.91769 7.9957424 2.5035508e-19)
(259.04975 7.870624 -3.293731e-18)
(259.05102 7.8686246 -3.22821e-18)
(259.05222 7.8666534 -3.164419e-18)
(259.05335 7.8647084 -3.1022895e-18)
(259.05442 7.862788 -3.0417604e-18)
(259.05543 7.8608902 -2.982772e-18)
(259.05637 7.8590136 -2.9252706e-18)
(259.05726 7.8571566 -2.8692084e-18)
(259.05808 7.8553176 -2.8145369e-18)
(259.05885 7.8534951 -2.7612155e-18)
(259.05956 7.8516877 -2.7092038e-18)
(256.94727 7.6289403 -1.0347306e-18)
(256.95562 7.6307015 -1.03239e-18)
(256.96412 7.6324839 -1.0295644e-18)
(256.97277 7.6342891 -1.0262506e-18)
(256.9816 7.6361188 -1.0224443e-18)
(256.99061 7.637975 -1.01814e-18)
(256.99981 7.6398593 -1.013331e-18)
(257.00922 7.6417738 -1.008009e-18)
(257.01886 7.6437205 -1.0021646e-18)
(257.02873 7.6457016 -9.9578693e-19)
(257.03885 7.6477191 -9.8886394e-19)
(257.7843 7.8865126 2.7759915e-18)
(257.7904 7.8903109 2.7901899e-18)
(257.79643 7.8940565 2.8038972e-18)
(257.80239 7.8977525 2.8171389e-18)
(257.80828 7.9014019 2.8299404e-18)
(257.81412 7.9050073 2.8423277e-18)
(257.81991 7.908571 2.8543257e-18)
(257.82566 7.9120953 2.8659602e-18)
(257.83136 7.9155818 2.8772551e-18)
(257.83703 7.9190315 2.8882322e-18)
(257.84267 7.9224446 2.8989103e-18)
(257.84827 7.9258201 2.9093016e-18)
(257.85383 7.9291555 2.9194083e-18)
(257.01358 7.8555305 0)
(257.02324 7.8567062 0)
(257.03285 7.8578293 0)
(257.04239 7.8588968 0)
(257.05183 7.8599059 0)
(257.06112 7.8608554 0)
(257.07022 7.8617474 0)
(257.07912 7.8625872 0)
(257.08782 7.8633824 0)
(257.09627 7.8641402 0)
(257.10444 7.8648682 0)
(257.11221 7.8655748 0)
(257.11946 7.8662698 0)
(257.126 7.8669653 0)
(257.13158 7.8676755 0)
(257.13588 7.8684163 0)
(255.43281 7.8779719 -1.5195461e-18)
(255.44364 7.8800514 -1.4951675e-18)
(255.45206 7.881896 -1.47297e-18)
(255.45735 7.8834508 -1.4536402e-18)
(255.45872 7.8846594 -1.4379306e-18)
(252.91117 7.7642853 9.0569704e-19)
(252.90987 7.7647978 9.0796789e-19)
(252.90531 7.765227 9.1270839e-19)
(250.59765 7.7532451 -1.2705239e-18)
(250.59255 7.7540264 -1.2559439e-18)
(250.58645 7.7546077 -1.2435314e-18)
(250.16371 7.7242943 5.633077e-18)
(250.15852 7.7246406 5.6444883e-18)
(252.09668 7.8007132 1.9983108e-18)
(254.52736 7.8639372 6.3613651e-18)
(256.92362 7.9281783 -2.605873e-18)
(257.82013 7.959286 -4.5906918e-19)
(258.4164 7.9745807 -2.6215604e-18)
(258.66457 7.9839936 -5.4457785e-20)
(258.715 7.9872691 -1.2065686e-18)
(258.75466 7.9927866 1.8034453e-18)
(258.77597 7.9962576 2.1350791e-19)
(258.79872 8.0010826 4.0093316e-18)
(258.80967 8.0049479 1.901839e-19)
(258.82248 8.0076038 2.4603868e-18)
(258.83187 8.013406 -5.209077e-18)
(258.8409 8.0161983 1.4016967e-18)
(258.84944 8.02484 -4.1356504e-18)
(258.84964 8.0243189 -4.1296904e-18)
(258.85904 8.0260702 4.5078312e-18)
(258.85928 8.0255934 4.5088282e-18)
(258.85956 8.0250393 4.5078013e-18)
(258.87165 8.0368378 2.1919853e-18)
(258.87194 8.0360679 2.1695921e-18)
(258.87226 8.035179 2.1386795e-18)
(258.87897 8.0329331 3.6415763e-20)
(258.87928 8.0323724 -1.1662045e-20)
(258.87962 8.0317754 -4.8084124e-20)
(258.87999 8.0311433 -7.550251e-20)
(258.88038 8.030477 -9.6423006e-20)
(258.89897 8.0448452 -8.8702723e-19)
(258.89936 8.0438343 -8.4945714e-19)
(258.89975 8.0427207 -8.1080963e-19)
(258.90016 8.0415206 -7.7144309e-19)
(258.90057 8.0402476 -7.3160483e-19)
(258.901 8.0389121 -6.9145841e-19)
(258.90144 8.0375215 -6.5109767e-19)
(258.9019 8.0360797 -6.1055506e-19)
(258.90239 8.0345878 -5.6980545e-19)
(258.9029 8.0330438 -5.2877232e-19)
(258.90344 8.0314437 -4.8735865e-19)
(258.90402 8.0297856 -4.4553459e-19)
(258.90462 8.0280718 -4.0339469e-19)
(258.90525 8.0263085 -3.6111527e-19)
(258.90592 8.0245022 -3.1887076e-19)
(258.90661 8.0226583 -2.7679243e-19)
(258.92433 8.0268869 2.8475184e-18)
(258.92513 8.0260978 2.8181453e-18)
(258.92594 8.0252775 2.7897815e-18)
(258.92679 8.0244263 2.7623927e-18)
(258.92765 8.0235446 2.7359146e-18)
(258.92853 8.0226324 2.7102653e-18)
(258.92944 8.0216895 2.685356e-18)
(258.93037 8.0207157 2.6610954e-18)
(258.93132 8.0197108 2.6373927e-18)
(258.93229 8.0186743 2.6141606e-18)
(258.93329 8.0176057 2.5913155e-18)
(258.93431 8.0165043 2.5687783e-18)
(258.93535 8.0153694 2.5464745e-18)
(259.08598 7.8966148 3.955528e-19)
(259.08755 7.8937668 4.0166431e-19)
(259.08903 7.8909668 4.0774583e-19)
(259.09044 7.888212 4.1380912e-19)
(259.09178 7.8854994 4.1986635e-19)
(259.09305 7.8828266 4.2592993e-19)
(259.09425 7.8801908 4.3201277e-19)
(259.09538 7.8775898 4.3812809e-19)
(259.09645 7.8750211 4.4429003e-19)
(259.09745 7.8724826 4.5051322e-19)
(259.09839 7.869972 4.5681356e-19)
(256.94778 7.628957 -1.0351562e-18)
(256.95612 7.6307205 -1.0327838e-18)
(256.9646 7.6325052 -1.0299263e-18)
(256.97325 7.6343129 -1.0265804e-18)
(256.98207 7.6361454 -1.0227416e-18)
(256.99108 7.6380044 -1.018404e-18)
(257.00028 7.639892 -1.0135606e-18)
(257.0097 7.6418099 -1.008203e-18)
(257.01934 7.6437604 -1.0023213e-18)
(257.02922 7.6457456 -9.9590456e-19)
(257.77848 7.8828029 2.7636704e-18)
(257.78469 7.8866698 2.7785608e-18)
(257.79082 7.8904817 2.7929484e-18)
(257.79688 7.8942416 2.8068606e-18)
(257.80288 7.897953 2.8203249e-18)
(257.80881 7.9016186 2.8333696e-18)
(257.81469 7.9052414 2.8460231e-18)
(257.82053 7.908824 2.8583146e-18)
(257.82632 7.9123686 2.8702731e-18)
(257.83208 7.9158771 2.8819271e-18)
(257.83781 7.9193507 2.8933042e-18)
(257.8435 7.9227899 2.9044282e-18)
(257.84918 7.926194 2.9153183e-18)
(257.85482 7.9295608 2.9259841e-18)
(257.86043 7.9328858 2.9364183e-18)
(257.866 7.9361616 2.9465882e-18)
(257.8715 7.9393768 2.9564204e-18)
(257.87691 7.9425151 2.9657792e-18)
(257.88219 7.9455552 2.9744394e-18)
(257.88728 7.9484725 2.9820593e-18)
(257.07241 7.8617723 0)
(257.08158 7.8626128 0)
(257.09058 7.8634077 0)
(257.09938 7.864164 0)
(257.10793 7.8648891 0)
(257.11613 7.8655913 0)
(257.12385 7.8662812 0)
(257.13089 7.8669719 0)
(257.13697 7.8676796 0)
(257.14177 7.8684233 0)
(257.14488 7.8692228 0)
(255.45413 7.8811055 -1.4831412e-18)
(255.46355 7.8830413 -1.4596508e-18)
(255.46972 7.8846772 -1.4390821e-18)
(255.47175 7.8859483 -1.4222726e-18)
(252.91988 7.7646205 8.9888174e-19)
(252.91905 7.765151 9.0086735e-19)
(252.9147 7.7655965 9.0546593e-19)
(252.90629 7.7659457 9.1312382e-19)
(250.59431 7.754809 -1.2456702e-18)
(250.58801 7.7554099 -1.2325641e-18)
(250.15596 7.7243976 5.6375551e-18)
(250.15065 7.7247546 5.6488808e-18)
(252.08804 7.8012863 2.0017983e-18)
(254.52494 7.8643055 6.3809158e-18)
(254.52822 7.8646821 6.3813079e-18)
(256.9254 7.9292693 -2.5990339e-18)
(258.41643 7.9752651 -2.6294877e-18)
(258.66437 7.9846563 -5.4193874e-20)
(258.71477 7.9879224 -1.205771e-18)
(258.75444 7.9933949 1.8049834e-18)
(258.77577 7.9968509 2.1401194e-19)
(258.79852 8.0016527 4.0173555e-18)
(258.82216 8.0083977 2.4539929e-18)
(258.83152 8.0143657 -5.2172858e-18)
(258.83166 8.014007 -5.2210194e-18)
(258.8407 8.0166717 1.4063271e-18)
(258.84926 8.0254269 -4.1363561e-18)
(258.84947 8.0248899 -4.130568e-18)
(258.85887 8.0264547 4.513413e-18)
(258.85912 8.0259645 4.5146898e-18)
(258.87125 8.038039 2.2399781e-18)
(258.87153 8.037381 2.2262346e-18)
(258.87182 8.036586 2.201783e-18)
(258.87214 8.0356679 2.1684139e-18)
(258.87884 8.0331472 8.3725781e-21)
(258.87916 8.0325743 -3.882214e-20)
(258.87951 8.0319659 -7.3368887e-20)
(258.87988 8.0313229 -9.8391499e-20)
(258.89854 8.0462364 -9.4024589e-19)
(258.89894 8.0453162 -9.0226524e-19)
(258.89933 8.0442711 -8.6292088e-19)
(258.89973 8.0431212 -8.2270006e-19)
(258.90013 8.0418841 -7.8193096e-19)
(258.90054 8.0405748 -7.4083405e-19)
(258.90097 8.0392044 -6.9955265e-19)
(258.90141 8.0377805 -6.5816746e-19)
(258.90188 8.0363078 -6.1670478e-19)
(258.90237 8.0347874 -5.7513792e-19)
(258.90288 8.033218 -5.3339668e-19)
(258.92009 8.0309282 3.0713636e-18)
(258.92072 8.0303426 3.0380552e-18)
(258.92138 8.0297235 3.0034032e-18)
(258.92207 8.0290694 2.9685062e-18)
(258.92279 8.0283806 2.9340898e-18)
(258.92353 8.027658 2.9005832e-18)
(258.92431 8.0269023 2.8682035e-18)
(258.9251 8.0261145 2.8370325e-18)
(258.92592 8.025295 2.8070663e-18)
(258.92676 8.0244444 2.7782476e-18)
(258.92763 8.0235628 2.7504902e-18)
(258.92851 8.0226505 2.7236955e-18)
(258.92942 8.0217072 2.6977571e-18)
(258.93035 8.020733 2.6725693e-18)
(258.9313 8.0197274 2.6480293e-18)
(258.93227 8.01869 2.6240382e-18)
(258.93327 8.0176203 2.6005031e-18)
(258.93429 8.0165178 2.5773369e-18)
(258.93534 8.0153818 2.5544576e-18)
(258.93641 8.0142114 2.5317887e-18)
(259.08752 7.893813 4.0073557e-19)
(259.08901 7.8910066 4.0678643e-19)
(259.09043 7.8882459 4.1281586e-19)
(259.09177 7.8855278 4.1883586e-19)
(259.09304 7.8828498 4.2485886e-19)
(259.09425 7.8802093 4.3089733e-19)
(259.09538 7.8776037 4.3696462e-19)
(259.09645 7.8750308 4.4307455e-19)
(259.09746 7.8724882 4.4924156e-19)
(259.0984 7.8699736 4.554813e-19)
(256.94832 7.6289772 -1.0356453e-18)
(256.95664 7.6307426 -1.0332389e-18)
(256.96511 7.6325294 -1.0303477e-18)
(256.97375 7.6343393 -1.026968e-18)
(256.98257 7.6361741 -1.0230951e-18)
(256.99157 7.6380358 -1.018723e-18)
(257.00077 7.6399262 -1.0138443e-18)
(257.01019 7.6418474 -1.0084502e-18)
(257.01983 7.6438013 -1.0025307e-18)
(257.02972 7.6457904 -9.9607436e-19)
(257.77884 7.8829472 2.7661825e-18)
(257.78508 7.8868269 2.7812541e-18)
(257.79125 7.8906522 2.7958374e-18)
(257.79734 7.8944265 2.8099616e-18)
(257.80337 7.8981531 2.823657e-18)
(257.80935 7.9018351 2.8369545e-18)
(257.81527 7.9054756 2.8498858e-18)
(257.82115 7.9090772 2.8624835e-18)
(257.82699 7.9126425 2.8747811e-18)
(257.83281 7.9161736 2.8868121e-18)
(257.83859 7.9196718 2.8986093e-18)
(257.84436 7.9231381 2.9102041e-18)
(257.8501 7.926572 2.9216223e-18)
(257.85583 7.9299718 2.9328821e-18)
(257.86153 7.9333335 2.9439856e-18)
(257.8672 7.9366501 2.9549092e-18)
(257.87282 7.9399112 2.9655896e-18)
(257.87836 7.9431017 2.9759011e-18)
(257.88379 7.9462017 2.9856284e-18)
(257.88905 7.9491883 2.9944395e-18)
(257.89409 7.9520373 3.0018643e-18)
(257.89884 7.9547238 3.0072804e-18)
(257.90324 7.9572184 3.0098808e-18)
(257.1026 7.8641835 0)
(257.11158 7.8649037 0)
(257.12025 7.8655993 0)
(257.12849 7.8662811 0)
(257.13608 7.8669635 0)
(257.14275 7.8676649 0)
(257.14812 7.8684078 0)
(257.15175 7.8692167 0)
(255.46538 7.8822195 -1.4704832e-18)
(255.47596 7.8842595 -1.4455418e-18)
(255.4832 7.8859896 -1.4235646e-18)
(255.48605 7.8873349 -1.4054865e-18)
(255.48347 7.8882232 -1.3922925e-18)
(252.92916 7.7655213 8.9310172e-19)
(252.92514 7.7659853 8.9747397e-19)
(252.91665 7.7663498 9.0514792e-19)
(250.59637 7.7556396 -1.2349018e-18)
(250.5899 7.756263 -1.2210157e-18)
(250.14781 7.7244979 5.6418724e-18)
(250.14236 7.7248664 5.6530699e-18)
(252.07885 7.8018864 2.0052717e-18)
(254.52239 7.8646892 6.4018611e-18)
(254.52594 7.8650811 6.402227e-18)
(256.92594 7.9300227 -2.5912249e-18)
(258.41649 7.9759837 -2.6379376e-18)
(258.57035 7.9824312 1.0478241e-18)
(258.71453 7.9886077 -1.2048774e-18)
(258.75421 7.9940327 1.8065524e-18)
(258.78601 8.0002244 1.84493e-18)
(258.79832 8.0022503 4.0258593e-18)
(258.82195 8.0089603 2.451816e-18)
(258.83129 8.0150068 -5.2298964e-18)
(258.83144 8.0146372 -5.233884e-18)
(258.84049 8.0171671 1.4113697e-18)
(258.84907 8.0260431 -4.1368192e-18)
(258.84929 8.0254883 -4.1312489e-18)
(258.8587 8.0268559 4.5195031e-18)
(258.85895 8.0263509 4.521086e-18)
(258.87112 8.038632 2.2786068e-18)
(258.8714 8.0379522 2.2631405e-18)
(258.8717 8.0371292 2.2362867e-18)
(258.8784 8.0339153 3.9051073e-20)
(258.8787 8.033365 -2.4048426e-20)
(258.87903 8.0327794 -6.9807152e-20)
(258.87939 8.0321594 -1.0185362e-19)
(258.87977 8.0315054 -1.2387261e-19)
(258.89852 8.0467673 -9.5803431e-19)
(258.89892 8.0458134 -9.1788157e-19)
(258.89931 8.04473 -8.7664817e-19)
(258.8997 8.0435396 -8.3477345e-19)
(258.9001 8.0422621 -7.9254058e-19)
(258.90052 8.0409133 -7.501364e-19)
(258.90094 8.0395053 -7.0768092e-19)
(258.90139 8.0380463 -6.6524089e-19)
(258.91835 8.032519 3.1998497e-18)
(258.9189 8.0320063 3.1759076e-18)
(258.91947 8.0314778 3.1453307e-18)
(258.92007 8.0309255 3.1105101e-18)
(258.92069 8.0303432 3.0733251e-18)
(258.92135 8.0297274 3.0352311e-18)
(258.92204 8.0290765 2.9972767e-18)
(258.92276 8.0283905 2.9601459e-18)
(258.92351 8.0276702 2.9242309e-18)
(258.92428 8.0269164 2.8897143e-18)
(258.92508 8.02613 2.8566481e-18)
(258.9259 8.0253115 2.8249983e-18)
(258.92674 8.0244614 2.7946816e-18)
(258.9276 8.0235802 2.76559e-18)
(258.92849 8.0226678 2.7376016e-18)
(258.9294 8.0217244 2.7105933e-18)
(258.93033 8.0207497 2.6844434e-18)
(258.93128 8.0197435 2.6590354e-18)
(258.93226 8.0187053 2.6342586e-18)
(258.93326 8.0176348 2.6100107e-18)
(258.93428 8.0165313 2.5861951e-18)
(258.93533 8.0153941 2.5627222e-18)
(258.9364 8.0142225 2.5395092e-18)
(259.0875 7.8938598 3.9976237e-19)
(259.089 7.8910474 4.0577899e-19)
(259.09042 7.8882811 4.1177082e-19)
(259.09177 7.885558 4.1774965e-19)
(259.09304 7.8828752 4.2372773e-19)
(259.09425 7.8802303 4.2971751e-19)
(259.09539 7.8776205 4.357321e-19)
(259.09646 7.8750437 4.4178496e-19)
(259.09747 7.8724974 4.4789047e-19)
(259.09842 7.8699793 4.5406368e-19)
(256.94888 7.6290009 -1.0362008e-18)
(256.95719 7.6307679 -1.0337583e-18)
(256.96565 7.6325563 -1.0308315e-18)
(256.97427 7.6343681 -1.0274165e-18)
(256.98308 7.636205 -1.0235084e-18)
(256.99207 7.6380689 -1.0191008e-18)
(257.00127 7.6399619 -1.0141859e-18)
(257.01068 7.6418858 -1.008755e-18)
(257.02033 7.6438429 -1.0027974e-18)
(257.77286 7.8791404 2.7530388e-18)
(257.77921 7.8830899 2.7687994e-18)
(257.78548 7.8869821 2.784056e-18)
(257.79168 7.8908206 2.7988397e-18)
(257.7978 7.8946089 2.8131817e-18)
(257.80387 7.8983506 2.8271147e-18)
(257.80988 7.9020488 2.8406727e-18)
(257.81585 7.9057069 2.8538907e-18)
(257.82177 7.9093276 2.8668053e-18)
(257.82767 7.9129138 2.8794545e-18)
(257.83354 7.9164678 2.8918773e-18)
(257.83938 7.9199912 2.9041127e-18)
(257.84522 7.9234853 2.9161991e-18)
(257.85104 7.9269501 2.9281713e-18)
(257.85685 7.9303843 2.9400566e-18)
(257.86265 7.9337845 2.9518682e-18)
(257.86842 7.9371446 2.9635949e-18)
(257.87416 7.940455 2.9751862e-18)
(257.87984 7.9437019 2.9865307e-18)
(257.88543 7.9468674 2.9974293e-18)
(257.89088 7.9499299 3.0075657e-18)
(257.89613 7.9528659 3.0164815e-18)
(257.90112 7.9556493 3.0235496e-18)
(257.90578 7.9582475 3.0279283e-18)
(257.90999 7.9606167 3.0284935e-18)
(257.11535 7.8649112 0)
(257.12454 7.8655975 0)
(257.13335 7.8662678 0)
(257.14157 7.8669377 0)
(257.1489 7.8676278 0)
(257.15495 7.8683645 0)
(257.15921 7.8691786 0)
(257.16108 7.8701004 0)
(255.4893 7.8855474 -1.4307007e-18)
(255.49781 7.8873871 -1.4071253e-18)
(255.5017 7.8888208 -1.3875861e-18)
(255.4997 7.889762 -1.3732117e-18)
(252.94026 7.7659067 8.8464969e-19)
(252.93669 7.7663916 8.8869064e-19)
(252.92821 7.7667739 8.9629684e-19)
(250.5988 7.7565163 -1.2237103e-18)
(250.59215 7.7571655 -1.2089494e-18)
(250.13929 7.7245932 5.6459512e-18)
(250.13366 7.7249736 5.6569665e-18)
(252.06911 7.8025107 2.0086654e-18)
(252.07103 7.8030934 2.0240745e-18)
(254.52356 7.8654947 6.4245386e-18)
(256.92654 7.9308097 -2.5828535e-18)
(258.41656 7.9767333 -2.6468993e-18)
(258.57029 7.9830561 1.053972e-18)
(258.71429 7.9893221 -1.2038831e-18)
(258.75397 7.9946975 1.8081386e-18)
(258.78578 8.0009174 1.8486828e-18)
(258.79811 8.0028728 4.034821e-18)
(258.82173 8.0095462 2.4496427e-18)
(258.83106 8.0156753 -5.2434229e-18)
(258.84011 8.018041 1.4086801e-18)
(258.84028 8.017682 1.4168518e-18)
(258.84888 8.0266857 -4.1369888e-18)
(258.8491 8.026112 -4.1316979e-18)
(258.85851 8.0272713 4.5261452e-18)
(258.85878 8.0267503 4.528057e-18)
(258.87098 8.039253 2.3202423e-18)
(258.87127 8.0385489 2.3027148e-18)
(258.87157 8.0376949 2.2730601e-18)
(258.87826 8.034149 1.5522428e-21)
(258.87857 8.0335838 -6.1348667e-20)
(258.8789 8.0329853 -1.0495288e-19)
(258.87926 8.0323538 -1.3372707e-19)
(258.89809 8.048158 -1.0172473e-18)
(258.89851 8.0473276 -9.7614645e-19)
(258.89891 8.0463353 -9.3367736e-19)
(258.8993 8.0452086 -8.9046459e-19)
(258.89969 8.0439734 -8.4687425e-19)
(258.90008 8.0426515 -8.0313364e-19)
(258.90049 8.0412603 -7.5938899e-19)
(258.90092 8.0398122 -7.1573436e-19)
(258.9178 8.0330002 3.2777919e-18)
(258.91832 8.0324988 3.2572681e-18)
(258.91887 8.0319911 3.2273571e-18)
(258.91944 8.0314672 3.1913334e-18)
(258.92004 8.0309191 3.1516613e-18)
(258.92067 8.0303409 3.1102072e-18)
(258.92133 8.0297288 3.0683686e-18)
(258.92202 8.0290814 3.027127e-18)
(258.92274 8.0283985 2.9871059e-18)
(258.92349 8.0276807 2.9486446e-18)
(258.92426 8.0269289 2.9118851e-18)
(258.92506 8.026144 2.8768389e-18)
(258.92588 8.0253266 2.8434371e-18)
(258.92672 8.0244773 2.8115679e-18)
(258.92759 8.0235964 2.7810954e-18)
(258.92847 8.0226842 2.7518755e-18)
(258.92938 8.0217406 2.7237655e-18)
(258.93031 8.0207656 2.6966267e-18)
(258.93127 8.0197589 2.6703276e-18)
(258.93224 8.0187202 2.6447462e-18)
(258.93324 8.0176489 2.6197682e-18)
(258.93427 8.0165445 2.5952883e-18)
(258.93531 8.0154064 2.571209e-18)
(258.93639 8.0142337 2.5474408e-18)
(258.93749 8.0130256 2.5239001e-18)
(259.08899 7.8910888 4.0472841e-19)
(259.09041 7.8883175 4.1067873e-19)
(259.09176 7.8855897 4.1661239e-19)
(259.09304 7.8829027 4.2254143e-19)
(259.09425 7.8802538 4.2847806e-19)
(259.0954 7.8776404 4.3443519e-19)
(259.09647 7.87506 4.4042611e-19)
(259.09748 7.8725104 4.464646e-19)
(259.09843 7.8699893 4.5256561e-19)
(256.94947 7.6290284 -1.0368245e-18)
(256.95776 7.6307965 -1.0343441e-18)
(256.9662 7.6325862 -1.0313801e-18)
(256.97481 7.6343994 -1.0279284e-18)
(256.9836 7.636238 -1.023984e-18)
(256.99259 7.6381038 -1.01954e-18)
(257.00178 7.6399988 -1.0145887e-18)
(257.01119 7.6419251 -1.0091206e-18)
(257.02083 7.6438848 -1.003125e-18)
(257.7732 7.8792687 2.7555723e-18)
(257.77958 7.8832294 2.7715065e-18)
(257.78588 7.8871335 2.7869509e-18)
(257.7921 7.8909847 2.8019379e-18)
(257.79826 7.8947867 2.8165016e-18)
(257.80436 7.8985431 2.8306769e-18)
(257.81041 7.9022573 2.8445011e-18)
(257.81642 7.9059327 2.8580124e-18)
(257.82239 7.9095725 2.8712521e-18)
(257.82834 7.9131795 2.8842626e-18)
(257.83426 7.9167563 2.8970886e-18)
(257.84017 7.9203053 2.9097766e-18)
(257.84607 7.9238277 2.9223725e-18)
(257.85197 7.9273241 2.9349203e-18)
(257.85787 7.9307939 2.9474587e-18)
(257.86377 7.9342342 2.9600132e-18)
(257.86966 7.93764 2.9725877e-18)
(257.87553 7.9410028 2.9851486e-18)
(257.88135 7.9443104 2.9976037e-18)
(257.88711 7.9475466 3.0097762e-18)
(257.89276 7.9506915 3.0213735e-18)
(257.89824 7.9537226 3.0319574e-18)
(257.9035 7.9566127 3.0409054e-18)
(257.90845 7.9593267 3.0473506e-18)
(257.91297 7.9618161 3.0500977e-18)
(257.91691 7.9640157 3.0475394e-18)
(257.92005 7.9658424 3.0376065e-18)
(257.1384 7.8662398 0)
(257.14732 7.866892 0)
(257.15541 7.8675647 0)
(257.16224 7.8682885 0)
(257.16724 7.8691012 0)
(257.16974 7.8700432 0)
(255.50354 7.8869014 -1.4151937e-18)
(255.51358 7.8888685 -1.3898094e-18)
(255.51875 7.8904079 -1.3685874e-18)
(255.51755 7.8914154 -1.352827e-18)
(252.9524 7.7663052 8.7549281e-19)
(252.94946 7.7668136 8.7907224e-19)
(252.94109 7.7672165 8.8649862e-19)
(250.60162 7.7574381 -1.2121616e-18)
(250.59482 7.7581168 -1.1964308e-18)
(250.58625 7.7585188 -1.1834731e-18)
(250.1246 7.7250738 5.6604791e-18)
(252.05881 7.803156 2.0119001e-18)
(252.06097 7.8037647 2.0282979e-18)
(254.52106 7.8659201 6.4482429e-18)
(256.92722 7.9316275 -2.5739142e-18)
(258.41665 7.9775111 -2.6563648e-18)
(258.57024 7.9837035 1.0603449e-18)
(258.71404 7.9900626 -1.202784e-18)
(258.75373 7.9953861 1.8097279e-18)
(258.78555 8.0016358 1.8526813e-18)
(258.79789 8.0035175 4.0442202e-18)
(258.8215 8.0101529 2.4475011e-18)
(258.83083 8.0163685 -5.25789e-18)
(258.83989 8.0185849 1.4139338e-18)
(258.84006 8.0182139 1.4228133e-18)
(258.84869 8.0273524 -4.1368238e-18)
(258.8581 8.0281444 4.5280333e-18)
(258.85833 8.0276987 4.5333958e-18)
(258.8586 8.0271603 4.5356539e-18)
(258.87084 8.0399001 2.3649489e-18)
(258.87114 8.0391689 2.3449538e-18)
(258.87145 8.0382807 2.312043e-18)
(258.87811 8.0343815 -4.2063135e-20)
(258.87843 8.0338009 -1.0406126e-19)
(258.87877 8.0331897 -1.4458897e-19)
(258.87914 8.032547 -1.6915059e-19)
(258.89809 8.0487809 -1.0383757e-18)
(258.89851 8.0479162 -9.9433772e-19)
(258.8989 8.0468798 -9.4943718e-19)
(258.89929 8.0457045 -9.0418293e-19)
(258.89967 8.0444197 -8.5884147e-19)
(258.90007 8.0430495 -8.1356943e-19)
(258.91676 8.0339875 3.3555132e-18)
(258.91726 8.0334643 3.3606575e-18)
(258.91777 8.0329637 3.3462961e-18)
(258.9183 8.0324696 3.31844e-18)
(258.91885 8.031969 3.2817272e-18)
(258.91942 8.0314514 3.2396012e-18)
(258.92002 8.0309087 3.1945695e-18)
(258.92065 8.0303353 3.1484592e-18)
(258.92131 8.0297275 3.1025844e-18)
(258.922 8.0290839 3.0578387e-18)
(258.92272 8.0284042 3.0147645e-18)
(258.92347 8.0276892 2.9736369e-18)
(258.92424 8.0269396 2.9345432e-18)
(258.92504 8.0261563 2.8974465e-18)
(258.92586 8.0253401 2.8622391e-18)
(258.9267 8.0244916 2.8287742e-18)
(258.92757 8.0236112 2.7968867e-18)
(258.92846 8.0226992 2.7664088e-18)
(258.92937 8.0217557 2.7371749e-18)
(258.9303 8.0207805 2.7090286e-18)
(258.93125 8.0197735 2.6818238e-18)
(258.93223 8.0187343 2.6554243e-18)
(258.93323 8.0176624 2.6297056e-18)
(258.93426 8.0165573 2.6045522e-18)
(258.9353 8.0154183 2.579859e-18)
(258.93638 8.0142448 2.5555288e-18)
(258.93748 8.0130357 2.5314724e-18)
(259.08899 7.8911306 4.0363933e-19)
(259.09041 7.8883549 4.0954441e-19)
(259.09177 7.885623 4.1542902e-19)
(259.09305 7.8829322 4.2130472e-19)
(259.09427 7.8802799 4.2718388e-19)
(259.09541 7.8776633 4.3307888e-19)
(259.09649 7.87508 4.3900278e-19)
(259.09751 7.8725277 4.4496909e-19)
(259.09846 7.870004 4.5099221e-19)
(256.95009 7.6290598 -1.037518e-18)
(256.95835 7.6308285 -1.0349977e-18)
(256.96677 7.6326191 -1.031995e-18)
(256.97536 7.6344332 -1.0285057e-18)
(256.98414 7.636273 -1.024524e-18)
(256.99311 7.6381401 -1.0200433e-18)
(257.00229 7.6400367 -1.0150552e-18)
(257.01169 7.6419649 -1.0095501e-18)
(257.76705 7.8753617 2.7415639e-18)
(257.77354 7.8793929 2.7581815e-18)
(257.77994 7.8833642 2.77429e-18)
(257.78627 7.8872796 2.7899229e-18)
(257.79252 7.8911429 2.8051148e-18)
(257.79871 7.894958 2.8199022e-18)
(257.80485 7.8987286 2.8343227e-18)
(257.81093 7.9024582 2.8484162e-18)
(257.81698 7.9061506 2.8622256e-18)
(257.823 7.9098089 2.8757955e-18)
(257.829 7.9134365 2.8891741e-18)
(257.83498 7.9170362 2.9024122e-18)
(257.84095 7.9206106 2.9155632e-18)
(257.84692 7.9241615 2.928682e-18)
(257.8529 7.9276902 2.9418233e-18)
(257.85889 7.9311963 2.9550373e-18)
(257.86488 7.9346782 2.9683646e-18)
(257.87089 7.9381316 2.9818265e-18)
(257.87689 7.9415496 2.9954103e-18)
(257.88288 7.9449216 3.0090487e-18)
(257.88882 7.9482334 3.0225941e-18)
(257.89468 7.9514671 3.0357865e-18)
(257.90041 7.9546011 3.048218e-18)
(257.90596 7.9576082 3.0592849e-18)
(257.91123 7.9604511 3.0681091e-18)
(257.9161 7.9630772 3.0734363e-18)
(257.9204 7.9654138 3.0735171e-18)
(257.92391 7.9673652 3.0660156e-18)
(257.92632 7.968816 3.0480181e-18)
(257.1533 7.8668247 0)
(257.16224 7.8674723 0)
(257.16997 7.8681744 0)
(257.17587 7.8689768 0)
(257.17913 7.8699322 0)
(257.1789 7.8710869 0)
(255.53052 7.8904328 -1.3716668e-18)
(255.53729 7.892099 -1.348508e-18)
(255.53716 7.8931899 -1.331117e-18)
(255.52841 7.8935941 -1.3210131e-18)
(252.96353 7.7672496 8.6857232e-19)
(252.95544 7.7676764 8.7567282e-19)
(252.94034 7.767975 8.8783361e-19)
(250.59798 7.7591164 -1.1835319e-18)
(250.589 7.7595301 -1.1695145e-18)
(250.11519 7.7251643 5.6635215e-18)
(252.04797 7.8038189 2.0148887e-18)
(252.05037 7.804456 2.0323675e-18)
(254.51845 7.8663552 6.4733535e-18)
(256.92797 7.9324729 -2.5644019e-18)
(257.82175 7.9624464 -5.3116517e-19)
(258.5702 7.984371 1.0669173e-18)
(258.71379 7.9908263 -1.2015768e-18)
(258.75349 7.9960958 1.8113071e-18)
(258.78532 8.0023766 1.8569263e-18)
(258.80844 8.0085731 2.9410695e-19)
(258.82128 8.0107778 2.4454227e-18)
(258.83059 8.0170839 -5.2733258e-18)
(258.83966 8.0191447 1.4196426e-18)
(258.83983 8.0187607 1.4293032e-18)
(258.8485 8.0280408 -4.1362827e-18)
(258.85791 8.0285975 4.5351322e-18)
(258.85815 8.0281355 4.5413293e-18)
(258.87043 8.0411474 2.4189498e-18)
(258.87071 8.0405714 2.4128094e-18)
(258.87101 8.0398103 2.3898741e-18)
(258.87768 8.0351785 -2.430612e-21)
(258.87797 8.0346097 -9.2617308e-20)
(258.87829 8.0340136 -1.5274956e-19)
(258.87864 8.0333902 -1.8903097e-19)
(258.89764 8.0501233 -1.1055534e-18)
(258.89811 8.0494376 -1.0594853e-18)
(258.89852 8.0485323 -1.0123342e-18)
(258.89891 8.0474453 -9.6493038e-19)
(258.89929 8.0462152 -9.1760993e-19)
(258.89967 8.0448755 -8.7051263e-19)
(258.91625 8.0344836 3.4215633e-18)
(258.91675 8.0339206 3.4462442e-18)
(258.91725 8.033405 3.4427363e-18)
(258.91776 8.0329145 3.4194777e-18)
(258.91828 8.0324308 3.3831561e-18)
(258.91883 8.0319395 3.3387558e-18)
(258.9194 8.0314299 3.2898526e-18)
(258.92 8.0308939 3.2389562e-18)
(258.92063 8.0303262 3.1878136e-18)
(258.92129 8.0297233 3.1376285e-18)
(258.92198 8.0290838 3.0891802e-18)
(258.9227 8.0284077 3.0429113e-18)
(258.92345 8.0276955 2.9990156e-18)
(258.92422 8.0269481 2.9575132e-18)
(258.92502 8.0261666 2.9183126e-18)
(258.92584 8.0253517 2.8812601e-18)
(258.92669 8.0245042 2.8461704e-18)
(258.92755 8.0236245 2.8128469e-18)
(258.92844 8.0227129 2.7810937e-18)
(258.92935 8.0217694 2.7507236e-18)
(258.93029 8.0207942 2.7215608e-18)
(258.93124 8.019787 2.6934421e-18)
(258.93222 8.0187474 2.6662195e-18)
(258.93322 8.0176751 2.6397553e-18)
(258.93425 8.0165695 2.6139249e-18)
(258.9353 8.0154299 2.5886151e-18)
(258.93637 8.0142556 2.5637211e-18)
(258.93747 8.0130458 2.5391474e-18)
(258.9386 8.0117996 2.5148062e-18)
(259.09042 7.8883928 4.0837279e-19)
(259.09178 7.8856576 4.142042e-19)
(259.09307 7.8829637 4.2002262e-19)
(259.09428 7.8803086 4.2583988e-19)
(259.09543 7.8776894 4.3166829e-19)
(259.09651 7.8751039 4.3752027e-19)
(259.09753 7.8725494 4.4340924e-19)
(259.09849 7.8700238 4.4934904e-19)
(256.95073 7.6290952 -1.0382819e-18)
(256.95896 7.630864 -1.0357201e-18)
(256.96736 7.6326548 -1.0326774e-18)
(256.97593 7.6344695 -1.0291493e-18)
(256.98468 7.6363098 -1.0251299e-18)
(256.99364 7.6381778 -1.0206121e-18)
(257.0028 7.6400755 -1.0155873e-18)
(257.01219 7.642005 -1.0100456e-18)
(257.76736 7.8754716 2.7440762e-18)
(257.77387 7.8795119 2.7608542e-18)
(257.7803 7.883493 2.777136e-18)
(257.78665 7.8874188 2.7929568e-18)
(257.79293 7.8912935 2.8083537e-18)
(257.79915 7.8951209 2.8233649e-18)
(257.80532 7.898905 2.8380313e-18)
(257.81144 7.9026495 2.8523959e-18)
(257.81753 7.9063581 2.8665049e-18)
(257.82359 7.9100345 2.880408e-18)
(257.82964 7.9136822 2.8941586e-18)
(257.83567 7.9173044 2.9078138e-18)
(257.84171 7.920904 2.9214349e-18)
(257.84775 7.9244835 2.9350861e-18)
(257.85381 7.9280444 2.948833e-18)
(257.85989 7.9315875 2.96274e-18)
(257.86599 7.9351119 2.976864e-18)
(257.87211 7.9386146 2.9912465e-18)
(257.87825 7.9420901 3.0058997e-18)
(257.8844 7.9455299 3.0207871e-18)
(257.89053 7.9489218 3.0357977e-18)
(257.89662 7.9522502 3.0507145e-18)
(257.90262 7.955495 3.0651735e-18)
(257.90847 7.9586294 3.0786046e-18)
(257.9141 7.9616151 3.0901404e-18)
(257.91936 7.9643961 3.0984863e-18)
(257.92409 7.9668922 3.1017633e-18)
(257.92802 7.9689944 3.0973584e-18)
(257.93082 7.9705653 3.0818665e-18)
(257.9321 7.9714505 3.05127e-18)
(257.16937 7.867348 0)
(257.17814 7.8680172 0)
(257.18509 7.8687971 0)
(257.1893 7.8697556 0)
(257.18974 7.8709591 0)
(255.54864 7.8920787 -1.3527551e-18)
(255.55738 7.8938976 -1.3273679e-18)
(255.55868 7.895094 -1.3080561e-18)
(255.55037 7.8955256 -1.2966366e-18)
(252.97901 7.7676975 8.5714502e-19)
(252.9714 7.7681522 8.6373211e-19)
(252.95584 7.7684733 8.7591701e-19)
(250.60169 7.7601644 -1.1703356e-18)
(250.59231 7.760592 -1.1551144e-18)
(250.10545 7.7252424 5.666014e-18)
(250.10177 7.7256884 5.6770421e-18)
(252.03921 7.8051641 2.0361931e-18)
(254.51572 7.8667973 6.4998873e-18)
(256.9288 7.9333432 -2.5543077e-18)
(257.82207 7.9630971 -5.4570931e-19)
(258.57018 7.9850561 1.0736647e-18)
(258.71354 7.9916107 -1.2002582e-18)
(258.75325 7.9968246 1.812865e-18)
(258.78508 8.0031376 1.861423e-18)
(258.8082 8.0093255 3.1396411e-19)
(258.82105 8.0114189 2.4434374e-18)
(258.83035 8.0178189 -5.2897678e-18)
(258.83943 8.0197182 1.4258609e-18)
(258.8481 8.0292217 -4.1405202e-18)
(258.8483 8.0287485 -4.1353296e-18)
(258.85771 8.0290593 4.5429104e-18)
(258.85796 8.0285798 4.5500423e-18)
(258.87029 8.0418628 2.4721118e-18)
(258.87058 8.0412659 2.4639414e-18)
(258.87089 8.040471 2.437477e-18)
(258.87753 8.0354201 -5.9556136e-20)
(258.87782 8.0348302 -1.5102958e-19)
(258.87815 8.0342191 -2.0799993e-19)
(258.87851 8.0335843 -2.3856798e-19)
(258.89768 8.0508425 -1.1304987e-18)
(258.89814 8.0501285 -1.0802151e-18)
(258.89855 8.0491751 -1.0298361e-18)
(258.89893 8.0480296 -9.7991405e-19)
(258.8993 8.0467378 -9.30552e-19)
(258.91574 8.0350279 3.4733349e-18)
(258.91625 8.0343875 3.5296265e-18)
(258.91674 8.0338308 3.5449355e-18)
(258.91724 8.0333277 3.5308808e-18)
(258.91774 8.0328516 3.4971529e-18)
(258.91827 8.0323817 3.4511371e-18)
(258.91881 8.0319023 3.3981253e-18)
(258.91938 8.0314026 3.3417653e-18)
(258.91998 8.0308747 3.2845081e-18)
(258.92061 8.0303135 3.22798e-18)
(258.92128 8.029716 3.1732347e-18)
(258.92197 8.029081 3.1209102e-18)
(258.92269 8.0284086 3.0713284e-18)
(258.92343 8.0276994 3.0245848e-18)
(258.92421 8.0269545 2.98062e-18)
(258.92501 8.0261748 2.9392798e-18)
(258.92583 8.0253614 2.9003593e-18)
(258.92667 8.0245149 2.8636299e-18)
(258.92754 8.0236359 2.8288607e-18)
(258.92843 8.0227248 2.7958273e-18)
(258.92934 8.0217817 2.764318e-18)
(258.93027 8.0208066 2.7341374e-18)
(258.93123 8.0197993 2.7051062e-18)
(258.93221 8.0187596 2.6770607e-18)
(258.93321 8.017687 2.6498529e-18)
(258.93424 8.016581 2.6233482e-18)
(258.93529 8.015441 2.5974238e-18)
(258.93636 8.0142663 2.5719686e-18)
(258.93746 8.0130559 2.5468805e-18)
(258.93859 8.011809 2.5220658e-18)
(259.09044 7.8884312 4.0716836e-19)
(259.0918 7.8856933 4.1294279e-19)
(259.09309 7.8829971 4.1869986e-19)
(259.09431 7.8803399 4.2445104e-19)
(259.09546 7.8777189 4.302083e-19)
(259.09654 7.8751317 4.3598386e-19)
(259.09756 7.8725758 4.4179047e-19)
(259.09852 7.8700489 4.4764154e-19)
(256.95138 7.6291346 -1.0391164e-18)
(256.95959 7.630903 -1.0365116e-18)
(256.96796 7.6326936 -1.0334277e-18)
(256.9765 7.6345081 -1.0298601e-18)
(256.98523 7.6363486 -1.0258026e-18)
(256.99417 7.6382169 -1.0212476e-18)
(257.00332 7.640115 -1.0161864e-18)
(257.76103 7.8714651 2.729188e-18)
(257.76766 7.8755762 2.7466425e-18)
(257.77419 7.8796246 2.7635784e-18)
(257.78064 7.8836145 2.7800313e-18)
(257.78701 7.8875499 2.7960384e-18)
(257.79332 7.8914351 2.8116383e-18)
(257.79957 7.895274 2.8268723e-18)
(257.80577 7.8990707 2.8417834e-18)
(257.81193 7.9028292 2.856418e-18)
(257.81806 7.9065533 2.8708266e-18)
(257.82417 7.9102471 2.885063e-18)
(257.83026 7.9139142 2.8991864e-18)
(257.83635 7.9175583 2.9132607e-18)
(257.84244 7.9211826 2.9273548e-18)
(257.84856 7.9247902 2.9415431e-18)
(257.85469 7.9283835 2.9559035e-18)
(257.86086 7.9319637 2.9705146e-18)
(257.86706 7.9355312 2.9854526e-18)
(257.87331 7.9390843 3.0007814e-18)
(257.87959 7.9426192 3.0165423e-18)
(257.88591 7.9461295 3.0327352e-18)
(257.89224 7.9496054 3.0492944e-18)
(257.89857 7.9530339 3.0660563e-18)
(257.90485 7.956397 3.0827162e-18)
(257.91104 7.9596692 3.0987588e-18)
(257.91705 7.9628123 3.1133528e-18)
(257.92275 7.9657678 3.1251941e-18)
(257.92796 7.9684492 3.1322981e-18)
(257.93238 7.9707335 3.1317763e-18)
(257.93566 7.9724584 3.1196812e-18)
(257.9373 7.9734316 3.0911129e-18)
(257.93682 7.9734649 3.04088e-18)
(257.18671 7.8678122 0)
(257.1949 7.8685536 0)
(257.20029 7.8694997 0)
(257.2016 7.8707438 0)
(257.19755 7.8723496 0)
(255.57911 7.8958074 -1.3051918e-18)
(255.58228 7.8971383 -1.2836121e-18)
(255.57472 7.8976139 -1.2705864e-18)
(252.99602 7.7681552 8.4474924e-19)
(252.98917 7.768642 8.505884e-19)
(252.97326 7.7689905 8.6261328e-19)
(250.60603 7.761262 -1.1569301e-18)
(250.59626 7.7617064 -1.1403454e-18)
(250.0954 7.7253051 5.6678808e-18)
(250.09161 7.7257731 5.6785936e-18)
(252.02747 7.8058862 2.0396691e-18)
(254.51284 7.8672442 6.5278807e-18)
(256.92969 7.9342357 -2.5436179e-18)
(257.82244 7.9637629 -5.6062927e-19)
(258.57017 7.9857568 1.0805664e-18)
(258.71329 7.9924136 -1.1988253e-18)
(258.753 7.99757 1.8143899e-18)
(258.78484 8.0039163 1.8661765e-18)
(258.80795 8.0100957 3.3410905e-19)
(258.82081 8.0120741 2.4415797e-18)
(258.8301 8.0185713 -5.3072673e-18)
(258.83919 8.0203034 1.4326602e-18)
(258.8479 8.0299649 -4.138606e-18)
(258.84811 8.0294735 -4.1339374e-18)
(258.85752 8.0295281 4.551488e-18)
(258.85777 8.0290295 4.559659e-18)
(258.87016 8.0426029 2.5291974e-18)
(258.87046 8.0419822 2.5184419e-18)
(258.87077 8.0411493 2.4877586e-18)
(258.87738 8.035651 -1.2661922e-19)
(258.87768 8.0350395 -2.1833139e-19)
(258.87802 8.0344143 -2.7041513e-19)
(258.89718 8.0520436 -1.2095146e-18)
(258.89774 8.0516048 -1.1549121e-18)
(258.8982 8.0508553 -1.1001528e-18)
(258.8986 8.0498441 -1.0465164e-18)
(258.89897 8.0486307 -9.9414055e-19)
(258.91523 8.035677 3.4941791e-18)
(258.91576 8.0349001 3.6008898e-18)
(258.91627 8.034259 3.6483862e-18)
(258.91675 8.0337154 3.6517955e-18)
(258.91724 8.033231 3.6249959e-18)
(258.91774 8.0327743 3.579053e-18)
(258.91826 8.0323219 3.5220328e-18)
(258.9188 8.0318573 3.4594601e-18)
(258.91937 8.0313694 3.3949705e-18)
(258.91997 8.0308509 3.3308867e-18)
(258.9206 8.0302972 3.2686499e-18)
(258.92126 8.0297057 3.2091274e-18)
(258.92196 8.0290755 3.1527833e-18)
(258.92268 8.028407 3.0997974e-18)
(258.92342 8.027701 3.0501504e-18)
(258.9242 8.0269585 3.0036915e-18)
(258.92499 8.0261809 2.9601958e-18)
(258.92582 8.0253689 2.9193995e-18)
(258.92666 8.0245236 2.8810304e-18)
(258.92753 8.0236455 2.8448193e-18)
(258.92842 8.022735 2.8105109e-18)
(258.92933 8.0217923 2.7778697e-18)
(258.93027 8.0208174 2.7466791e-18)
(258.93122 8.0198102 2.7167425e-18)
(258.9322 8.0187705 2.6878828e-18)
(258.9332 8.0176979 2.6599391e-18)
(258.93423 8.0165917 2.6327668e-18)
(258.93528 8.0154515 2.6062353e-18)
(258.93636 8.0142765 2.5802255e-18)
(258.93746 8.0130659 2.5546293e-18)
(258.93859 8.0118186 2.529348e-18)
(258.93974 8.0105339 2.5042911e-18)
(259.09182 7.8857301 4.1164918e-19)
(259.09311 7.8830323 4.1734092e-19)
(259.09434 7.8803737 4.2302201e-19)
(259.09549 7.8777516 4.2870384e-19)
(259.09658 7.8751635 4.3439839e-19)
(259.0976 7.8726069 4.401179e-19)
(259.09856 7.8700794 4.4587526e-19)
(257.727 7.7038549 1.3794549e-18)
(257.73259 7.7088861 1.436017e-18)
(257.73832 7.71401 1.4939877e-18)
(257.7442 7.7192322 1.5534374e-18)
(257.75024 7.7245585 1.6144433e-18)
(257.75645 7.7299952 1.6770835e-18)
(257.76283 7.7355488 1.7414445e-18)
(258.0773 7.8791714 2.1182094e-18)
(258.07811 7.8800011 2.1770992e-18)
(258.07889 7.8807869 2.236307e-18)
(258.07965 7.8815291 2.2959056e-18)
(258.08039 7.8822281 2.3559698e-18)
(258.08112 7.8828842 2.4165751e-18)
(258.08182 7.8834976 2.4777999e-18)
(258.08251 7.8840686 2.5397236e-18)
(258.08319 7.8845974 2.6024279e-18)
(258.08385 7.8850844 2.6659914e-18)
(258.0845 7.8855301 2.7304927e-18)
(258.08514 7.8859352 2.7960038e-18)
(258.08577 7.8863013 2.8625866e-18)
(258.0864 7.8866303 2.9302876e-18)
(258.08702 7.8869255 2.9991239e-18)
(258.08764 7.8871921 3.0690744e-18)
(257.8618 7.9323213 2.9783097e-18)
(257.86811 7.935932 2.9940713e-18)
(257.87448 7.9395362 3.0103639e-18)
(257.88091 7.9431318 3.0272611e-18)
(257.88739 7.9467147 3.0448053e-18)
(257.89393 7.9502779 3.062984e-18)
(257.9005 7.9538113 3.0816997e-18)
(257.90708 7.9572995 3.100722e-18)
(257.91363 7.9607198 3.1196172e-18)
(257.92006 7.964035 3.137623e-18)
(257.92624 7.9671862 3.1534661e-18)
(257.93199 7.9700817 3.1650991e-18)
(257.937 7.972585 3.1693795e-18)
(257.94085 7.9745067 3.1617807e-18)
(257.94296 7.9756087 3.136361e-18)
(257.94272 7.9756399 3.0864237e-18)
(257.19565 7.8675556 0)
(257.2053 7.8682378 0)
(257.21211 7.8691496 0)
(257.21456 7.8704193 0)
(257.21102 7.8721517 0)
(255.60254 7.8978334 -1.2820034e-18)
(255.60815 7.8993358 -1.2577483e-18)
(255.60176 7.8998791 -1.2427563e-18)
(255.58047 7.8992938 -1.2394536e-18)
(253.00895 7.769144 8.3614802e-19)
(252.99289 7.7695257 8.4776658e-19)
(250.61109 7.7624108 -1.1434218e-18)
(250.60095 7.7628759 -1.1252925e-18)
(250.08504 7.725349 5.6690502e-18)
(250.08113 7.7258404 5.6793306e-18)
(252.01512 7.8066193 2.0426742e-18)
(254.50979 7.8676934 6.5573889e-18)
(256.93066 7.935148 -2.5323155e-18)
(257.82285 7.9644419 -5.7587384e-19)
(258.57018 7.9864712 1.0876026e-18)
(258.71305 7.9932325 -1.1972759e-18)
(258.75276 7.99833 1.8158712e-18)
(258.7846 8.0047107 1.8711941e-18)
(258.80771 8.0108817 3.5444268e-19)
(258.82058 8.0127415 2.4398843e-18)
(258.82986 8.0193392 -5.3258922e-18)
(258.83895 8.0208988 1.4401314e-18)
(258.8477 8.0307255 -4.1360915e-18)
(258.84791 8.0302138 -4.1320851e-18)
(258.85733 8.0300017 4.5610198e-18)
(258.85759 8.0294824 4.5703284e-18)
(258.87003 8.0433671 2.5904515e-18)
(258.87034 8.0427196 2.5764361e-18)
(258.87695 8.0364975 -5.8752236e-20)
(258.87723 8.0358666 -2.0524646e-19)
(258.87754 8.0352337 -2.9565122e-19)
(258.87788 8.0345964 -3.4058723e-19)
(258.89726 8.052857 -1.2395312e-18)
(258.89783 8.0524147 -1.1782087e-18)
(258.89829 8.0516196 -1.1188265e-18)
(258.89867 8.0505385 -1.0620302e-18)
(258.89901 8.0492461 -1.0073596e-18)
(258.91527 8.0355243 3.6414402e-18)
(258.91581 8.0347272 3.7429735e-18)
(258.9163 8.0340938 3.7784753e-18)
(258.91677 8.0335719 3.7669299e-18)
(258.91725 8.0331137 3.724864e-18)
(258.91774 8.0326821 3.6648e-18)
(258.91825 8.0322514 3.5954046e-18)
(258.91879 8.0318045 3.5223203e-18)
(258.91936 8.0313306 3.4490609e-18)
(258.91996 8.0308228 3.3777221e-18)
(258.92059 8.0302774 3.3094984e-18)
(258.92125 8.0296924 3.245022e-18)
(258.92195 8.0290673 3.1845517e-18)
(258.92267 8.0284029 3.1281031e-18)
(258.92341 8.0277001 3.0755231e-18)
(258.92419 8.0269602 3.0265616e-18)
(258.96671 8.0378376 -3.8411252e-19)
(258.96739 8.0361969 -3.7758378e-19)
(258.9681 8.0345288 -3.7149677e-19)
(258.96884 8.0328356 -3.6619146e-19)
(258.96961 8.0311185 -3.6187279e-19)
(258.9704 8.0293781 -3.5865608e-19)
(258.97123 8.0276144 -3.5659817e-19)
(258.97209 8.0258269 -3.5571714e-19)
(258.97298 8.0240147 -3.5600842e-19)
(258.9739 8.022177 -3.5745333e-19)
(258.97485 8.0203126 -3.6002491e-19)
(258.97583 8.01842 -3.636927e-19)
(258.97684 8.0164979 -3.6842537e-19)
(258.97788 8.0145448 -3.7419204e-19)
(258.97896 8.012559 -3.8096401e-19)
(258.98006 8.0105387 -3.8871528e-19)
(259.12318 7.9035638 2.9846051e-18)
(259.12516 7.9019576 2.8473085e-18)
(259.12705 7.9003715 2.7135942e-18)
(259.12885 7.8988036 2.5832881e-18)
(259.13057 7.8972526 2.4562344e-18)
(259.13221 7.8957166 2.3322804e-18)
(259.13377 7.8941943 2.2112874e-18)
(257.72727 7.7038813 1.3801876e-18)
(257.73286 7.7089225 1.4368557e-18)
(257.7386 7.714057 1.494941e-18)
(257.74448 7.7192906 1.5545165e-18)
(257.75053 7.7246291 1.6156586e-18)
(257.75674 7.730079 1.6784489e-18)
(258.07654 7.8782304 2.0640722e-18)
(258.07737 7.8791 2.1230789e-18)
(258.07818 7.8799244 2.1823603e-18)
(258.07897 7.8807039 2.2419895e-18)
(258.07973 7.8814388 2.3020442e-18)
(258.08048 7.8821294 2.3626029e-18)
(258.08121 7.8827757 2.4237485e-18)
(258.08192 7.8833779 2.4855647e-18)
(258.08262 7.8839359 2.5481398e-18)
(258.0833 7.8844497 2.6115626e-18)
(258.08397 7.8849193 2.6759243e-18)
(258.08463 7.8853447 2.7413151e-18)
(258.08528 7.8857265 2.807821e-18)
(258.08592 7.8860653 2.8755231e-18)
(258.08655 7.8863625 2.9444862e-18)
(258.08719 7.8866206 3.0147547e-18)
(258.08782 7.8868439 3.0863329e-18)
(258.08846 7.8870392 3.1591731e-18)
(258.0891 7.8872172 3.2331431e-18)
(258.08976 7.8873946 3.3079959e-18)
(258.09043 7.8875966 3.3833218e-18)
(258.09113 7.8878605 3.4585e-18)
(258.09186 7.8882404 3.5326394e-18)
(257.90241 7.9545749 3.0975196e-18)
(257.9093 7.9581946 3.1190503e-18)
(257.91622 7.9617723 3.1410242e-18)
(257.9231 7.9652745 3.1627914e-18)
(257.92982 7.9686433 3.1831614e-18)
(257.93618 7.9717846 3.2000881e-18)
(257.94187 7.9745502 3.2102289e-18)
(257.9464 7.976722 3.208468e-18)
(257.94912 7.9780081 3.1876624e-18)
(257.94923 7.9780757 3.139199e-18)
(257.94601 7.976654 3.0551653e-18)
(257.21626 7.8678417 0)
(257.22481 7.8686892 0)
(257.22873 7.8699594 0)
(257.22595 7.8718169 0)
(257.21477 7.8743058 0)
(255.63648 7.9017025 -1.230413e-18)
(255.63188 7.9023476 -1.2130124e-18)
(255.60997 7.9016757 -1.208686e-18)
(253.03098 7.7696565 8.2030961e-19)
(253.01505 7.7700777 8.3119749e-19)
(252.98534 7.770312 8.5168826e-19)
(250.60652 7.7641047 -1.1100615e-18)
(250.59192 7.7641278 -1.0937994e-18)
(250.07031 7.7258862 5.6791579e-18)
(252.00209 7.8073606 2.0450731e-18)
(254.50655 7.8681424 6.5884882e-18)
(256.93169 7.9360784 -2.5203747e-18)
(257.8233 7.9651325 -5.9140058e-19)
(258.5702 7.9871976 1.0947558e-18)
(258.7128 7.994066 -1.1956075e-18)
(258.75252 7.999103 1.8172996e-18)
(258.78436 8.005519 1.8764862e-18)
(258.80746 8.0116817 3.7487724e-19)
(258.82035 8.0134197 2.4383888e-18)
(258.82961 8.0201211 -5.3457295e-18)
(258.83872 8.0215026 1.4483807e-18)
(258.8475 8.0315019 -4.132936e-18)
(258.85691 8.0309021 4.5546605e-18)
(258.85714 8.0304781 4.5717128e-18)
(258.8696 8.0445579 2.6448796e-18)
(258.86991 8.0441559 2.6561771e-18)
(258.87023 8.0434779 2.6380673e-18)
(258.87681 8.0367304 -1.4342517e-19)
(258.87709 8.0360618 -2.9740863e-19)
(258.87741 8.0354087 -3.8424254e-19)
(258.89663 8.0537339 -1.3386656e-18)
(258.89738 8.0537297 -1.2683089e-18)
(258.89796 8.0532781 -1.1996709e-18)
(258.8984 8.0524235 -1.1357062e-18)
(258.89876 8.0512571 -1.0760155e-18)
(258.91475 8.0363747 3.61904e-18)
(258.91535 8.0353107 3.8081249e-18)
(258.91587 8.0345015 3.9010022e-18)
(258.91634 8.0338873 3.9204551e-18)
(258.91681 8.0333983 3.8903066e-18)
(258.91727 8.032975 3.8301248e-18)
(258.91775 8.0325751 3.7538872e-18)
(258.91826 8.0321706 3.6707173e-18)
(258.91879 8.0317444 3.5862026e-18)
(258.91936 8.0312863 3.5035837e-18)
(258.91996 8.0307906 3.4246196e-18)
(258.96332 8.0472314 -4.437389e-19)
(258.96388 8.0458764 -4.5407225e-19)
(258.96443 8.0444329 -4.5430754e-19)
(258.96499 8.0429218 -4.4848322e-19)
(258.96558 8.0413585 -4.3936891e-19)
(258.96618 8.0397543 -4.2880807e-19)
(258.96682 8.0381168 -4.1799516e-19)
(258.96748 8.0364514 -4.0768537e-19)
(258.96818 8.0347612 -3.9833636e-19)
(258.96891 8.0330484 -3.9021247e-19)
(258.96967 8.0313137 -3.8345194e-19)
(258.97046 8.0295576 -3.7811289e-19)
(258.97128 8.0277796 -3.7420354e-19)
(258.97213 8.0259791 -3.7170165e-19)
(258.97302 8.0241551 -3.7056858e-19)
(258.97393 8.0223065 -3.7075736e-19)
(258.97488 8.0204319 -3.7221705e-19)
(258.97586 8.01853 -3.7489755e-19)
(258.97687 8.0165991 -3.7875089e-19)
(258.97791 8.0146376 -3.8373197e-19)
(258.97898 8.0126439 -3.8979997e-19)
(258.98009 8.0106161 -3.9691916e-19)
(258.98123 8.0085523 -4.0505741e-19)
(259.12514 7.9019831 2.8489091e-18)
(259.12704 7.9003935 2.7148155e-18)
(259.12884 7.8988225 2.5841562e-18)
(259.13057 7.8972684 2.456768e-18)
(259.13221 7.8957295 2.3324991e-18)
(259.13378 7.8942045 2.2112054e-18)
(257.72755 7.7039093 1.3808914e-18)
(257.73314 7.7089589 1.4376483e-18)
(257.73887 7.7141025 1.49583e-18)
(257.74475 7.7193457 1.5555111e-18)
(257.7508 7.7246948 1.6167693e-18)
(257.75702 7.7301561 1.6796879e-18)
(258.0766 7.8781648 2.0683219e-18)
(258.07744 7.8790296 2.1276739e-18)
(258.07825 7.8798484 2.1873259e-18)
(258.07904 7.8806214 2.2473561e-18)
(258.07982 7.8813488 2.3078457e-18)
(258.08057 7.8820307 2.3688777e-18)
(258.0813 7.8826671 2.4305405e-18)
(258.08202 7.8832577 2.4929258e-18)
(258.08272 7.8838023 2.5561284e-18)
(258.08341 7.8843006 2.620248e-18)
(258.08409 7.8847523 2.6853851e-18)
(258.08475 7.8851569 2.7516434e-18)
(258.08541 7.8855143 2.8191258e-18)
(258.08606 7.8858246 2.8879299e-18)
(258.08671 7.8860885 2.9581444e-18)
(258.08735 7.8863073 3.0298388e-18)
(258.088 7.8864844 3.1030524e-18)
(258.08865 7.8866252 3.1777723e-18)
(258.08931 7.886739 3.2539135e-18)
(258.08998 7.8868414 3.3312745e-18)
(258.09068 7.8869564 3.4095029e-18)
(258.0914 7.8871215 3.4880263e-18)
(258.09216 7.8873931 3.5659909e-18)
(258.09296 7.8878532 3.6421818e-18)
(258.09384 7.8886166 3.7149453e-18)
(258.09479 7.8898351 3.7821296e-18)
(257.92615 7.9665203 3.1886596e-18)
(257.93345 7.9701293 3.2140854e-18)
(257.9405 7.9735506 3.2371199e-18)
(257.94697 7.9766278 3.2543145e-18)
(257.95234 7.9791151 3.2600049e-18)
(257.95582 7.9806589 3.2457031e-18)
(257.95645 7.9808223 3.2003961e-18)
(257.95321 7.9792058 3.1130602e-18)
(257.94558 7.975687 2.978022e-18)
(257.2384 7.8681015 0)
(257.2442 7.8693334 0)
(257.24252 7.8713034 0)
(257.23108 7.8741304 0)
(255.66751 7.9042552 -1.2015801e-18)
(255.66548 7.9050523 -1.1811915e-18)
(255.64328 7.9042991 -1.1754993e-18)
(253.05554 7.7701768 8.0297739e-19)
(253.04014 7.7706452 8.1272203e-19)
(253.00843 7.7709191 8.3338479e-19)
(250.61311 7.7653981 -1.0947828e-18)
(250.59744 7.765395 -1.0763674e-18)
(250.05916 7.7259064 5.6779935e-18)
(251.98834 7.808107 2.0466964e-18)
(254.50308 7.8685888 6.6212696e-18)
(256.93278 7.9370246 -2.5077683e-18)
(257.8238 7.9658332 -6.0716577e-19)
(258.57024 7.9879347 1.1020117e-18)
(258.71256 7.9949123 -1.193818e-18)
(258.75228 7.9998875 1.818666e-18)
(258.78413 8.00634 1.8820667e-18)
(258.80722 8.0124943 3.9532142e-19)
(258.82012 8.0141072 2.437135e-18)
(258.82937 8.0209154 -5.3668856e-18)
(258.83848 8.0221134 1.457549e-18)
(258.8473 8.0322932 -4.1291106e-18)
(258.85671 8.0314006 4.563945e-18)
(258.85695 8.0309556 4.5838302e-18)
(258.86948 8.0453788 2.7170366e-18)
(258.86981 8.0449708 2.7267417e-18)
(258.87013 8.0442574 2.7034849e-18)
(258.87666 8.0369395 -2.4469565e-19)
(258.87696 8.0362306 -4.0540894e-19)
(258.87728 8.0355599 -4.8547825e-19)
(258.89675 8.0546082 -1.3776007e-18)
(258.89755 8.0546733 -1.2947869e-18)
(258.89813 8.0542028 -1.2184368e-18)
(258.89855 8.0532694 -1.1502094e-18)
(258.91414 8.0376283 3.4843686e-18)
(258.91486 8.0361504 3.8056726e-18)
(258.91545 8.0350231 3.9969686e-18)
(258.91595 8.0342146 4.0764663e-18)
(258.91641 8.0336355 4.0747535e-18)
(258.91685 8.0331929 4.0216972e-18)
(258.9173 8.032815 3.9402313e-18)
(258.91777 8.0324537 3.8456684e-18)
(258.91826 8.0320801 3.7473388e-18)
(258.96177 8.0511323 -3.8837994e-19)
(258.96248 8.0501903 -4.6396452e-19)
(258.96307 8.049047 -5.0411136e-19)
(258.96361 8.0477515 -5.2033808e-19)
(258.96413 8.0463429 -5.2127779e-19)
(258.96465 8.0448504 -5.1304485e-19)
(258.96518 8.0432957 -4.9979898e-19)
(258.96573 8.0416942 -4.8428038e-19)
(258.96631 8.0400565 -4.6823405e-19)
(258.96693 8.0383898 -4.527385e-19)
(258.96758 8.0366988 -4.3843034e-19)
(258.96826 8.0349862 -4.2566162e-19)
(258.96898 8.0332535 -4.1460311e-19)
(258.96973 8.0315013 -4.0531466e-19)
(258.97052 8.0297294 -3.9778891e-19)
(258.97133 8.0279373 -3.9198008e-19)
(258.97218 8.0261241 -3.8782087e-19)
(258.97306 8.0242885 -3.852356e-19)
(258.97397 8.0224294 -3.8414677e-19)
(258.97491 8.0205451 -3.8447783e-19)
(258.97589 8.0186341 -3.8615765e-19)
(258.97689 8.0166948 -3.8912061e-19)
(258.97793 8.0147255 -3.93307e-19)
(258.97901 8.0127243 -3.9866378e-19)
(258.98011 8.0106894 -4.0514412e-19)
(258.98125 8.0086189 -4.1270767e-19)
(259.12513 7.9020087 2.8502395e-18)
(259.12703 7.9004162 2.7158108e-18)
(259.12884 7.8988425 2.5848387e-18)
(259.13058 7.8972858 2.4571566e-18)
(259.13223 7.8957446 2.3326092e-18)
(259.1338 7.8942173 2.2110489e-18)
(257.72782 7.7039388 1.3815639e-18)
(257.7334 7.7089953 1.4383908e-18)
(257.73913 7.7141462 1.4966497e-18)
(257.74502 7.7193974 1.556416e-18)
(257.75106 7.7247551 1.6177691e-18)
(258.0758 7.8771934 2.0128667e-18)
(258.07666 7.8781005 2.0722944e-18)
(258.0775 7.8789604 2.1319693e-18)
(258.07832 7.8797734 2.1919704e-18)
(258.07912 7.8805398 2.252378e-18)
(258.0799 7.8812595 2.3132773e-18)
(258.08065 7.8819326 2.3747573e-18)
(258.08139 7.8825587 2.436912e-18)
(258.08212 7.8831375 2.4998394e-18)
(258.08283 7.8836685 2.5636426e-18)
(258.08352 7.8841511 2.6284297e-18)
(258.0842 7.8845844 2.6943145e-18)
(258.08487 7.8849676 2.7614123e-18)
(258.08554 7.8853 2.8298431e-18)
(258.0862 7.8855809 2.8997246e-18)
(258.08685 7.8858099 2.9711696e-18)
(258.08751 7.8859877 3.0442755e-18)
(258.08817 7.8861158 3.1191171e-18)
(258.08883 7.8861983 3.1957258e-18)
(258.0895 7.8862427 3.2740657e-18)
(258.09019 7.8862623 3.3539975e-18)
(258.0909 7.8862795 3.4352279e-18)
(258.09165 7.8863307 3.5172567e-18)
(258.09243 7.8864729 3.5992805e-18)
(258.09328 7.8867932 3.6801046e-18)
(258.0942 7.8874192 3.7580292e-18)
(258.09524 7.8885288 3.8307531e-18)
(258.09641 7.8903504 3.8953542e-18)
(257.9371 7.9716315 3.2459793e-18)
(257.94491 7.9753686 3.275962e-18)
(257.95228 7.9788128 3.3015259e-18)
(257.95865 7.9816942 3.316572e-18)
(257.96312 7.9835925 3.3111901e-18)
(257.96445 7.9839404 3.2714067e-18)
(257.96132 7.9821568 3.1819024e-18)
(257.9529 7.9779761 3.0333799e-18)
(257.25289 7.8673694 0)
(257.2611 7.8685052 0)
(257.26096 7.8705571 0)
(257.24939 7.8737675 0)
(257.22525 7.8779147 0)
(255.70307 7.9080341 -1.1471107e-18)
(255.68111 7.907216 -1.1395911e-18)
(255.63153 7.9044055 -1.1520499e-18)
(253.06865 7.771226 7.9213006e-19)
(253.03493 7.7715509 8.1259571e-19)
(250.6209 7.7667637 -1.0796211e-18)
(250.60409 7.7667315 -1.0586608e-18)
(250.04765 7.7258959 5.6757523e-18)
(251.97378 7.808856 2.0473594e-18)
(254.49932 7.8690297 6.6558566e-18)
(256.93392 7.9379848 -2.4944635e-18)
(257.82433 7.9665428 -6.2312518e-19)
(258.5703 7.9886813 1.1093556e-18)
(258.71232 7.9957702 -1.1919054e-18)
(258.75204 8.0006823 1.8199622e-18)
(258.78389 8.007172 1.8879521e-18)
(258.80698 8.0133182 4.1568105e-19)
(258.81989 8.0148026 2.4361705e-18)
(258.82912 8.0217207 -5.3894845e-18)
(258.83824 8.0227299 1.4678052e-18)
(258.84711 8.0330985 -4.1245965e-18)
(258.85652 8.0319004 4.5745256e-18)
(258.85677 8.0314322 4.5977169e-18)
(258.86937 8.0462281 2.7952434e-18)
(258.86972 8.045814 2.8025423e-18)
(258.87625 8.0379315 -8.9764444e-20)
(258.87653 8.0371167 -3.660973e-19)
(258.87683 8.0363655 -5.3202817e-19)
(258.89579 8.0548187 -1.5143702e-18)
(258.89692 8.0555588 -1.4147842e-18)
(258.89778 8.0557036 -1.3175686e-18)
(258.89835 8.0551977 -1.2334727e-18)
(258.89873 8.0541591 -1.1617173e-18)
(258.91427 8.0374787 3.6738853e-18)
(258.915 8.0358302 4.0211638e-18)
(258.91558 8.0346459 4.2111425e-18)
(258.91606 8.0338578 4.2708655e-18)
(258.91649 8.0333346 4.2415887e-18)
(258.9169 8.0329553 4.1606031e-18)
(258.91733 8.0326342 4.0544054e-18)
(258.91779 8.0323191 3.9393318e-18)
(258.96142 8.0525768 -3.8614681e-19)
(258.96225 8.0518557 -5.0531364e-19)
(258.9629 8.0508549 -5.7022201e-19)
(258.96344 8.0496452 -5.9811574e-19)
(258.96393 8.0482841 -6.0230855e-19)
(258.96439 8.0468149 -5.9228479e-19)
(258.96487 8.0452685 -5.7445691e-19)
(258.96537 8.0436667 -5.5299552e-19)
(258.96589 8.0420245 -5.3051307e-19)
(258.96645 8.0403517 -5.0859045e-19)
(258.96705 8.0386548 -4.8813807e-19)
(258.96768 8.0369375 -4.6963962e-19)
(258.96835 8.0352022 -4.5331513e-19)
(258.96906 8.0334496 -4.392255e-19)
(258.9698 8.0316798 -4.2734105e-19)
(258.97058 8.0298925 -4.175802e-19)
(258.97138 8.0280866 -4.0983677e-19)
(258.97223 8.026261 -4.0399489e-19)
(258.9731 8.0244142 -3.9993933e-19)
(258.97401 8.0225449 -3.9755952e-19)
(258.97495 8.0206513 -3.9675217e-19)
(258.97592 8.0187318 -3.9742406e-19)
(258.97692 8.0167847 -3.9949101e-19)
(258.97796 8.0148079 -4.0287822e-19)
(258.97903 8.0127998 -4.0751993e-19)
(258.98014 8.0107584 -4.1335862e-19)
(258.98128 8.0086816 -4.2034445e-19)
(258.98245 8.0065675 -4.2843499e-19)
(259.12703 7.9004395 2.7165699e-18)
(259.12885 7.8988636 2.5853283e-18)
(259.13059 7.897305 2.4573931e-18)
(259.13224 7.8957619 2.3326058e-18)
(259.13382 7.8942328 2.2108164e-18)
(257.72809 7.7039697 1.382202e-18)
(257.73367 7.7090313 1.4390796e-18)
(257.73939 7.7141879 1.4973963e-18)
(257.74527 7.7194452 1.5572262e-18)
(258.07496 7.8761844 1.956747e-18)
(258.07586 7.8771353 2.0162644e-18)
(258.07673 7.878038 2.0759706e-18)
(258.07757 7.8788927 2.1359449e-18)
(258.07839 7.8796998 2.1962689e-18)
(258.0792 7.8804594 2.2570279e-18)
(258.07998 7.8811713 2.3183104e-18)
(258.08074 7.8818354 2.3802108e-18)
(258.08148 7.8824512 2.4428274e-18)
(258.08221 7.8830181 2.506267e-18)
(258.08292 7.8835353 2.5706384e-18)
(258.08362 7.8840019 2.6360615e-18)
(258.08431 7.8844165 2.7026588e-18)
(258.08499 7.884778 2.7705624e-18)
(258.08566 7.8850848 2.8399075e-18)
(258.08633 7.8853355 2.9108315e-18)
(258.08699 7.8855287 2.9834735e-18)
(258.08766 7.8856637 3.0579652e-18)
(258.08833 7.8857406 3.1344158e-18)
(258.089 7.8857614 3.2129058e-18)
(258.08969 7.8857313 3.2934571e-18)
(258.09039 7.8856609 3.3759971e-18)
(258.09112 7.8855697 3.460314e-18)
(258.09188 7.8854912 3.545987e-18)
(258.09269 7.8854814 3.6322916e-18)
(258.09356 7.88563 3.7180769e-18)
(258.09453 7.8860758 3.8016159e-18)
(258.09563 7.8870233 3.8804567e-18)
(258.09691 7.8887522 3.9513609e-18)
(258.09842 7.8915987 4.010491e-18)
(258.10019 7.8958773 4.0539567e-18)
(257.95776 7.9810946 3.3516142e-18)
(257.96532 7.9844627 3.3782234e-18)
(257.97103 7.9868403 3.3848044e-18)
(257.97336 7.9875015 3.3538332e-18)
(257.9705 7.9856122 3.2640915e-18)
(257.96121 7.9806762 3.1006892e-18)
(257.94589 7.9731548 2.8692956e-18)
(257.27954 7.8674341 0)
(257.28155 7.869509 0)
(257.27005 7.8731432 0)
(257.24346 7.8781626 0)
(255.74526 7.9113442 -1.1105504e-18)
(255.72432 7.9104958 -1.1005789e-18)
(255.66956 7.9071622 -1.1139925e-18)
(253.10115 7.7718171 7.6920598e-19)
(253.06555 7.7722069 7.8895291e-19)
(250.6301 7.7682115 -1.0647816e-18)
(250.61211 7.768148 -1.0408158e-18)
(250.03576 7.7258488 5.6723612e-18)
(251.95829 7.8096042 2.0468233e-18)
(251.9691 7.810333 2.079048e-18)
(254.50528 7.8700263 6.6790291e-18)
(257.82489 7.96726 -6.3923384e-19)
(258.57038 7.9894363 1.1167753e-18)
(258.71209 7.9966385 -1.1898683e-18)
(258.75181 8.0014861 1.82118e-18)
(258.78366 8.0080142 1.8941621e-18)
(258.80674 8.0141524 4.3585697e-19)
(258.82874 8.0228658 -5.3955049e-18)
(258.83785 8.0236964 1.4546704e-18)
(258.83801 8.0233509 1.4793583e-18)
(258.84693 8.0339176 -4.1193948e-18)
(258.85634 8.0323998 4.5867768e-18)
(258.8566 8.0319056 4.6138186e-18)
(258.86928 8.0471096 2.8802333e-18)
(258.86965 8.0466885 2.8840281e-18)
(258.87612 8.038161 -2.0389641e-19)
(258.87641 8.0372512 -5.1219619e-19)
(258.87671 8.036458 -6.8053394e-19)
(258.89589 8.0556193 -1.5742674e-18)
(258.89717 8.0566078 -1.4483572e-18)
(258.89808 8.0568411 -1.3348205e-18)
(258.89863 8.0562732 -1.2435761e-18)
(258.91349 8.0395935 3.3360709e-18)
(258.91444 8.0372281 3.8954539e-18)
(258.91518 8.035388 4.2710693e-18)
(258.91575 8.0341613 4.4543038e-18)
(258.9162 8.0334223 4.4855954e-18)
(258.91659 8.0329822 4.4208156e-18)
(258.91697 8.0326858 4.3061682e-18)
(258.95946 8.0536696 -3.4302927e-20)
(258.96094 8.0537812 -3.3534041e-19)
(258.96201 8.0534049 -5.2806934e-19)
(258.96278 8.052629 -6.3689675e-19)
(258.96336 8.051553 -6.8713884e-19)
(258.96384 8.0502637 -6.9960655e-19)
(258.96426 8.048827 -6.8942018e-19)
(258.96468 8.0472899 -6.6677339e-19)
(258.96511 8.0456845 -6.3820687e-19)
(258.96557 8.0440323 -6.0774776e-19)
(258.96606 8.0423471 -5.7777351e-19)
(258.9666 8.0406379 -5.4961959e-19)
(258.96717 8.0389098 -5.239707e-19)
(258.96779 8.037166 -5.0112037e-19)
(258.96845 8.0354077 -4.8113119e-19)
(258.96914 8.0336353 -4.6393867e-19)
(258.96987 8.0318483 -4.4940992e-19)
(258.97064 8.0300458 -4.3738179e-19)
(258.97144 8.0282264 -4.2768303e-19)
(258.97228 8.0263889 -4.201455e-19)
(258.97315 8.0245315 -4.1461133e-19)
(258.97405 8.0226525 -4.1093559e-19)
(258.97499 8.0207501 -4.0898713e-19)
(258.97595 8.0188226 -4.0864988e-19)
(258.97696 8.016868 -4.0982055e-19)
(258.97799 8.0148845 -4.1240873e-19)
(258.97906 8.01287 -4.1633555e-19)
(258.98016 8.0108226 -4.2153242e-19)
(258.9813 8.0087401 -4.2794071e-19)
(258.98247 8.0066206 -4.3550978e-19)
(258.98368 8.0044618 -4.4419746e-19)
(259.12887 7.8988858 2.5856173e-18)
(259.13061 7.8973257 2.4574732e-18)
(259.13227 7.8957813 2.3324847e-18)
(259.13385 7.8942511 2.2105049e-18)
(257.72836 7.704002 1.3828037e-18)
(257.73392 7.709067 1.4397125e-18)
(257.73964 7.7142274 1.4980652e-18)
(257.74551 7.7194891 1.557938e-18)
(258.07502 7.8761324 1.9596201e-18)
(258.07591 7.8770793 2.0193732e-18)
(258.07679 7.8779774 2.079333e-18)
(258.07764 7.8788269 2.1395804e-18)
(258.07846 7.8796279 2.2002008e-18)
(258.07927 7.8803806 2.2612835e-18)
(258.08005 7.8810846 2.3229198e-18)
(258.08082 7.8817396 2.3852093e-18)
(258.08157 7.882345 2.4482565e-18)
(258.0823 7.8829 2.5121735e-18)
(258.08302 7.8834034 2.5770785e-18)
(258.08373 7.8838538 2.6430987e-18)
(258.08442 7.8842497 2.7103708e-18)
(258.08511 7.8845892 2.7790388e-18)
(258.08578 7.8848701 2.8492553e-18)
(258.08646 7.8850901 2.9211815e-18)
(258.08713 7.8852467 2.9949797e-18)
(258.0878 7.8853377 3.0708151e-18)
(258.08848 7.8853615 3.1488407e-18)
(258.08916 7.8853178 3.229189e-18)
(258.08986 7.8852088 3.3119423e-18)
(258.09057 7.8850416 3.3971091e-18)
(258.09131 7.8848315 3.4845693e-18)
(258.09209 7.8846077 3.5740033e-18)
(258.09291 7.8844223 3.6647919e-18)
(258.09381 7.8843646 3.7558596e-18)
(258.09481 7.8845808 3.8454835e-18)
(258.09597 7.8853008 3.9310736e-18)
(258.09734 7.8868604 4.0090355e-18)
(258.09902 7.8896968 4.0749511e-18)
(258.10108 7.8942668 4.1243518e-18)
(258.10353 7.9008405 4.1538961e-18)
(257.97234 7.9874158 3.4448077e-18)
(257.97961 7.9904304 3.4671185e-18)
(257.98331 7.9915885 3.449487e-18)
(257.98098 7.9897071 3.3626473e-18)
(257.97073 7.9839241 3.1830445e-18)
(257.95298 7.974668 2.9153067e-18)
(257.93073 7.9640706 2.6007382e-18)
(257.30464 7.8680705 0)
(257.29347 7.8721553 0)
(257.26394 7.8782814 0)
(255.79274 7.9150444 -1.0712679e-18)
(255.77403 7.9142314 -1.0579952e-18)
(255.71337 7.9102637 -1.0724065e-18)
(253.13835 7.7724138 7.4372975e-19)
(253.10113 7.7728856 7.6205415e-19)
(250.64096 7.7697537 -1.0505487e-18)
(250.62177 7.7696583 -1.0230306e-18)
(250.02346 7.725758 5.6677571e-18)
(250.02325 7.7265456 5.6775585e-18)
(251.95361 7.8111235 2.0802748e-18)
(254.50176 7.8704879 6.7163389e-18)
(257.82548 7.9679837 -6.5544303e-19)
(258.57047 7.9901987 1.124259e-18)
(258.71186 7.9975162 -1.187705e-18)
(258.75158 8.0022982 1.8223117e-18)
(258.78343 8.0088656 1.9007203e-18)
(258.8065 8.0149958 4.5574278e-19)
(258.82849 8.0237054 -5.4196595e-18)
(258.83761 8.0243378 1.4648317e-18)
(258.84653 8.0351159 -4.1142383e-18)
(258.84675 8.0347503 -4.1135319e-18)
(258.85616 8.0328967 4.6012261e-18)
(258.85643 8.0323736 4.632709e-18)
(258.86922 8.048029 2.9728677e-18)
(258.86959 8.0475993 2.9717107e-18)
(258.876 8.0383531 -3.4333233e-19)
(258.87629 8.0373291 -6.8889681e-19)
(258.87659 8.0364975 -8.5479664e-19)
(258.89605 8.0564774 -1.635011e-18)
(258.89751 8.0577862 -1.4756251e-18)
(258.89848 8.0581134 -1.3442093e-18)
(258.91245 8.0426829 2.7418579e-18)
(258.91366 8.0396352 3.5194915e-18)
(258.91466 8.036842 4.1561025e-18)
(258.91542 8.0347909 4.562385e-18)
(258.91596 8.0335489 4.7305739e-18)
(258.91636 8.0329002 4.7217437e-18)
(258.9167 8.0325774 4.6117533e-18)
(258.9581 8.0537412 2.7783026e-19)
(258.96017 8.0545482 -1.8843778e-19)
(258.96167 8.0547158 -5.0421497e-19)
(258.96269 8.0543092 -6.9137943e-19)
(258.96338 8.0534557 -7.8418409e-19)
(258.96387 8.0522847 -8.1494835e-19)
(258.96426 8.0509004 -8.0837907e-19)
(258.96461 8.0493772 -7.8127987e-19)
(258.96497 8.0477649 -7.4430168e-19)
(258.96535 8.0460957 -7.0386611e-19)
(258.96577 8.0443898 -6.6367097e-19)
(258.96624 8.0426598 -6.257292e-19)
(258.96675 8.0409129 -5.9103711e-19)
(258.9673 8.0391533 -5.5999643e-19)
(258.9679 8.0373827 -5.3267064e-19)
(258.96854 8.0356016 -5.0894067e-19)
(258.96923 8.0338096 -4.8859853e-19)
(258.96995 8.0320056 -4.7139816e-19)
(258.9707 8.0301884 -4.5708857e-19)
(258.9715 8.0283561 -4.454287e-19)
(258.97233 8.0265071 -4.361946e-19)
(258.97319 8.0246395 -4.2918419e-19)
(258.97409 8.0227514 -4.2421648e-19)
(258.97502 8.0208409 -4.211318e-19)
(258.97599 8.0189059 -4.1979043e-19)
(258.97699 8.0169445 -4.2006963e-19)
(258.97802 8.0149547 -4.2186329e-19)
(258.97909 8.0129345 -4.2507929e-19)
(258.98019 8.0108816 -4.2963791e-19)
(258.98133 8.0087942 -4.3547126e-19)
(258.9825 8.0066698 -4.4252118e-19)
(258.98371 8.0045065 -4.5073849e-19)
(259.1289 7.898909 2.5857003e-18)
(259.13064 7.8973481 2.4573895e-18)
(259.1323 7.8958029 2.3322448e-18)
(259.13389 7.894272 2.2101138e-18)
(257.72862 7.7040355 1.3833673e-18)
(257.73417 7.7091022 1.4402869e-18)
(257.73988 7.7142645 1.4986542e-18)
(258.07414 7.8750901 1.9023964e-18)
(258.07507 7.8760828 1.9622169e-18)
(258.07597 7.8770256 2.0221802e-18)
(258.07685 7.877919 2.0823672e-18)
(258.0777 7.8787631 2.1428606e-18)
(258.07853 7.879558 2.2037495e-18)
(258.07934 7.8803037 2.2651245e-18)
(258.08013 7.8809998 2.3270836e-18)
(258.0809 7.8816458 2.3897296e-18)
(258.08165 7.8822408 2.4531723e-18)
(258.08239 7.8827838 2.5175292e-18)
(258.08311 7.8832733 2.5829284e-18)
(258.08382 7.8837078 2.6495047e-18)
(258.08452 7.8840849 2.7174063e-18)
(258.08521 7.8844024 2.7867912e-18)
(258.0859 7.8846573 2.8578317e-18)
(258.08658 7.8848464 2.9307077e-18)
(258.08726 7.8849659 3.0056103e-18)
(258.08794 7.8850122 3.082739e-18)
(258.08862 7.8849816 3.162291e-18)
(258.08931 7.884871 3.2444524e-18)
(258.09001 7.8846795 3.3293791e-18)
(258.09074 7.8844097 3.4171656e-18)
(258.09148 7.8840712 3.5077971e-18)
(258.09227 7.8836869 3.6010809e-18)
(258.09311 7.8833021 3.6965272e-18)
(258.09402 7.883001 3.7931834e-18)
(258.09504 7.8829324 3.8893769e-18)
(258.09623 7.8833466 3.982407e-18)
(258.09767 7.8846377 4.0682871e-18)
(258.0995 7.8873626 4.1418619e-18)
(258.10185 7.8921662 4.1978273e-18)
(258.10483 7.899526 4.2326859e-18)
(258.10829 7.9093222 4.2458068e-18)
(257.98886 7.9943817 3.5584724e-18)
(257.99445 7.9962932 3.560347e-18)
(257.99304 7.9946145 3.4813908e-18)
(257.98174 7.9879053 3.284532e-18)
(257.96095 7.9764812 2.9718527e-18)
(257.93491 7.9631122 2.5992616e-18)
(257.33064 7.8661291 0)
(257.32021 7.8706602 0)
(257.28699 7.8781983 0)
(257.23661 7.8867429 0)
(255.83171 7.9185491 -1.0112373e-18)
(255.76431 7.913811 -1.0267077e-18)
(255.64887 7.9058928 -1.0752077e-18)
(253.1428 7.7735833 7.3143476e-19)
(253.06594 7.7738403 7.7224404e-19)
(250.63345 7.7712803 -1.0056018e-18)
(250.01069 7.7256151 5.661899e-18)
(250.0106 7.7264718 5.6702161e-18)
(251.93699 7.8119102 2.0801038e-18)
(254.49784 7.8709386 6.7558723e-18)
(257.8261 7.9687132 -6.7170441e-19)
(258.57059 7.9909678 1.1317943e-18)
(258.71164 7.9984025 -1.1854145e-18)
(258.75135 8.0031177 1.8233498e-18)
(258.7832 8.0097252 1.9076547e-18)
(258.80627 8.0158479 4.7522525e-19)
(258.82825 8.0245547 -5.4456201e-18)
(258.83738 8.0249835 1.4764575e-18)
(258.84635 8.0359755 -4.1053784e-18)
(258.84658 8.0355968 -4.107077e-18)
(258.85599 8.0333891 4.6185894e-18)
(258.8687 8.0488954 3.0142631e-18)
(258.86917 8.0489942 3.0741642e-18)
(258.87559 8.0398166 7.0424596e-20)
(258.8759 8.038493 -5.1481201e-19)
(258.87619 8.0373315 -9.0395147e-19)
(258.8942 8.0550671 -1.8913486e-18)
(258.89628 8.0574123 -1.6946464e-18)
(258.89798 8.0591383 -1.4928018e-18)
(258.89898 8.0595556 -1.3427314e-18)
(258.91258 8.0433434 2.83322e-18)
(258.91387 8.039597 3.7324327e-18)
(258.91495 8.0362745 4.4650286e-18)
(258.91571 8.0339977 4.9039791e-18)
(258.91621 8.0327866 5.044439e-18)
(258.91654 8.0322854 4.9797884e-18)
(258.9559 8.0528211 8.3162255e-19)
(258.95882 8.0545554 1.3521887e-19)
(258.96103 8.055556 -3.783924e-19)
(258.96252 8.0557647 -7.0434637e-19)
(258.96346 8.0552989 -8.7846219e-19)
(258.96405 8.0543385 -9.4799277e-19)
(258.96443 8.0530488 -9.5359126e-19)
(258.96472 8.0515525 -9.2397385e-19)
(258.96499 8.0499313 -8.7730261e-19)
(258.96528 8.0482364 -8.2429005e-19)
(258.96561 8.0464987 -7.7091556e-19)
(258.96599 8.0447365 -7.2032391e-19)
(258.96642 8.04296 -6.740089e-19)
(258.9669 8.0411748 -6.3253517e-19)
(258.96743 8.0393832 -5.959603e-19)
(258.96802 8.0375859 -5.6407869e-19)
(258.96864 8.0357823 -5.3656647e-19)
(258.96931 8.0339712 -5.1305682e-19)
(258.97002 8.0321508 -4.931818e-19)
(258.97077 8.0303193 -4.7659626e-19)
(258.97156 8.0284747 -4.6298504e-19)
(258.97238 8.0266149 -4.5206649e-19)
(258.97324 8.0247378 -4.4359255e-19)
(258.97414 8.0228412 -4.3734573e-19)
(258.97507 8.0209231 -4.3313712e-19)
(258.97603 8.0189813 -4.3080273e-19)
(258.97702 8.0170138 -4.3020074e-19)
(258.97805 8.0150183 -4.3120885e-19)
(258.97912 8.0129929 -4.3372174e-19)
(258.98022 8.0109353 -4.3764892e-19)
(258.98135 8.0088435 -4.4291295e-19)
(258.98252 8.006715 -4.4944814e-19)
(258.98373 8.0045477 -4.5719878e-19)
(258.98497 8.0023393 -4.661183e-19)
(259.13068 7.897372 2.4571404e-18)
(259.13235 7.8958267 2.3318827e-18)
(259.13393 7.8942957 2.2096423e-18)
(257.72887 7.7040702 1.3838909e-18)
(257.73442 7.7091368 1.4408006e-18)
(257.74011 7.7142993 1.4991621e-18)
(258.0742 7.8750471 1.9045372e-18)
(258.07513 7.876036 1.9645286e-18)
(258.07603 7.8769745 2.024675e-18)
(258.07691 7.877863 2.0850606e-18)
(258.07777 7.8787016 2.1457717e-18)
(258.0786 7.8794904 2.2068981e-18)
(258.07941 7.8802291 2.2685352e-18)
(258.0802 7.8809173 2.3307837e-18)
(258.08098 7.8815543 2.3937502e-18)
(258.08173 7.882139 2.4575503e-18)
(258.08248 7.8826701 2.5223082e-18)
(258.0832 7.883146 2.5881578e-18)
(258.08392 7.8835645 2.6552445e-18)
(258.08462 7.8839231 2.7237266e-18)
(258.08532 7.8842188 2.7937777e-18)
(258.08601 7.8844478 2.8655838e-18)
(258.08669 7.884606 2.9393499e-18)
(258.08738 7.8846885 3.0152957e-18)
(258.08806 7.8846897 3.0936525e-18)
(258.08875 7.8846039 3.1746669e-18)
(258.08945 7.8844251 3.2585812e-18)
(258.09016 7.8841484 3.3456265e-18)
(258.09089 7.8837711 3.4359953e-18)
(258.09164 7.8832961 3.5297945e-18)
(258.09243 7.8827376 3.6269746e-18)
(258.09327 7.8821303 3.7272196e-18)
(258.09418 7.8815481 3.8297432e-18)
(258.0952 7.8811342 3.9329913e-18)
(258.0964 7.8811511 4.0342147e-18)
(258.09788 7.8820483 4.1290135e-18)
(258.09982 7.8845196 4.2112964e-18)
(258.10244 7.8894539 4.2745202e-18)
(258.10597 7.8976274 4.3147887e-18)
(258.11039 7.9091093 4.3334427e-18)
(258.11512 7.9226614 4.3331053e-18)
(258.00691 8.0017108 3.6884257e-18)
(258.00705 8.0005546 3.6251532e-18)
(257.99464 7.9928698 3.4105737e-18)
(257.96995 7.9787266 3.0416281e-18)
(257.93917 7.9617648 2.5955514e-18)
(257.90926 7.9476145 2.1814473e-18)
(257.35103 7.868456 0)
(257.31289 7.8778114 0)
(257.25544 7.8889028 0)
(255.89927 7.9236233 -9.5950107e-19)
(255.8241 7.9179458 -9.7615777e-19)
(255.68739 7.9080295 -1.0325847e-18)
(253.19204 7.774293 6.9659279e-19)
(253.10436 7.7746864 7.3820153e-19)
(250.64759 7.7730389 -9.8894562e-19)
(249.99742 7.7254097 5.6547732e-18)
(249.9974 7.7263431 5.6610412e-18)
(251.91905 7.8126892 2.0781661e-18)
(254.49343 7.8713748 6.7978976e-18)
(257.82673 7.9694475 -6.8796484e-19)
(258.41975 7.9875188 -2.787449e-18)
(258.71142 7.9992968 -1.1829959e-18)
(258.75113 8.0039439 1.8242866e-18)
(258.78298 8.0105927 1.9150008e-18)
(258.80604 8.0167079 4.9417327e-19)
(258.82802 8.0254136 -5.4736476e-18)
(258.83715 8.0256327 1.4898898e-18)
(258.84617 8.0368505 -4.0953135e-18)
(258.84642 8.0364578 -4.1001567e-18)
(258.85584 8.0338738 4.6398701e-18)
(258.86864 8.0498258 3.1229659e-18)
(258.86917 8.0500165 3.185307e-18)
(258.87549 8.0401807 -2.451263e-20)
(258.87581 8.0385595 -7.2737569e-19)
(258.87611 8.037233 -1.1677561e-18)
(258.89409 8.0553694 -2.0224193e-18)
(258.8966 8.0584507 -1.750113e-18)
(258.8986 8.060727 -1.494407e-18)
(258.91121 8.0480071 1.9000141e-18)
(258.91274 8.0440943 2.9291844e-18)
(258.91414 8.0394428 3.9801031e-18)
(258.9153 8.0354642 4.8344289e-18)
(258.91608 8.0329564 5.3071789e-18)
(258.91651 8.0318514 5.4004576e-18)
(258.95257 8.0505948 1.7146e-18)
(258.95647 8.053354 7.5238171e-19)
(258.95972 8.0555202 -4.9975514e-20)
(258.96205 8.0567257 -6.1221874e-19)
(258.96352 8.0569484 -9.4076649e-19)
(258.96434 8.0563828 -1.0915452e-18)
(258.96478 8.0552784 -1.1287498e-18)
(258.96502 8.0538423 -1.1026039e-18)
(258.9652 8.0522155 -1.0456178e-18)
(258.96537 8.0504847 -9.7668837e-19)
(258.96559 8.0487002 -9.0601812e-19)
(258.96587 8.04689 -8.3874811e-19)
(258.9662 8.0450692 -7.7720477e-19)
(258.9666 8.0432453 -7.2220559e-19)
(258.96706 8.0414213 -6.7378471e-19)
(258.96757 8.039598 -6.3159391e-19)
(258.96813 8.0377743 -5.9512571e-19)
(258.96874 8.0359487 -5.6382972e-19)
(258.9694 8.034119 -5.3716608e-19)
(258.9701 8.0322829 -5.1463854e-19)
(258.97084 8.0304379 -4.9580216e-19)
(258.97162 8.0285817 -4.8026541e-19)
(258.97244 8.0267117 -4.6768745e-19)
(258.9733 8.0248258 -4.577733e-19)
(258.97418 8.0229214 -4.50269e-19)
(258.97511 8.0209964 -4.4495589e-19)
(258.97607 8.0190484 -4.4164588e-19)
(258.97706 8.0170754 -4.4017796e-19)
(258.97809 8.015075 -4.4041397e-19)
(258.97915 8.0130451 -4.4223537e-19)
(258.98025 8.0109834 -4.4554091e-19)
(258.98138 8.0088878 -4.5024401e-19)
(258.98255 8.0067559 -4.5627121e-19)
(258.98375 8.0045854 -4.6356056e-19)
(258.985 8.002374 -4.7206003e-19)
(259.13073 7.8973975 2.4567255e-18)
(259.13239 7.8958526 2.3313969e-18)
(259.13398 7.894322 2.2090891e-18)
(257.9957 7.687618 1.1299332e-18)
(257.99601 7.6884476 1.1960357e-18)
(258.23677 7.899429 -3.2648994e-18)
(258.23957 7.9032143 -3.3527756e-18)
(258.24236 7.9069386 -3.4421684e-18)
(258.24515 7.9106053 -3.5332335e-18)
(258.24793 7.9142175 -3.6261317e-18)
(258.25071 7.9177782 -3.7210253e-18)
(258.25349 7.9212901 -3.8180797e-18)
(258.25628 7.9247556 -3.9174573e-18)
(258.25908 7.9281765 -4.0193109e-18)
(258.26188 7.9315546 -4.1237803e-18)
(258.2647 7.9348906 -4.2309766e-18)
(258.26753 7.9381848 -4.340967e-18)
(258.27037 7.9414361 -4.4537494e-18)
(258.27322 7.9446422 -4.5692135e-18)
(258.27608 7.9477985 -4.687086e-18)
(258.27893 7.9508978 -4.806847e-18)
(258.08611 7.884243 2.8724657e-18)
(258.0868 7.8843708 2.9470552e-18)
(258.08749 7.8844165 3.0239701e-18)
(258.08818 7.884373 3.10348e-18)
(258.08887 7.8842319 3.1858741e-18)
(258.08957 7.8839843 3.2714595e-18)
(258.09029 7.8836208 3.360547e-18)
(258.09102 7.8831327 3.4534293e-18)
(258.09177 7.882515 3.5503502e-18)
(258.09256 7.8817704 3.6514317e-18)
(258.0934 7.8809196 3.7565633e-18)
(258.0943 7.8800193 3.8651911e-18)
(258.0953 7.879197 3.9759672e-18)
(258.09649 7.8787133 4.0861888e-18)
(258.09796 7.879062 4.1910773e-18)
(258.09995 7.8810857 4.2833776e-18)
(258.10279 7.8859847 4.3546971e-18)
(258.10687 7.8949595 4.4001713e-18)
(258.11238 7.9083828 4.4238482e-18)
(258.11888 7.9249556 4.4348303e-18)
(258.12449 7.9412641 4.4267481e-18)
(258.02349 8.0078043 3.8000196e-18)
(258.00994 7.999151 3.5683558e-18)
(257.98015 7.9815777 3.1279053e-18)
(257.94338 7.9599731 2.588344e-18)
(257.90927 7.9417211 2.097276e-18)
(257.38696 7.8652568 0)
(257.34192 7.8769782 0)
(257.27582 7.8915466 0)
(255.97929 7.9296928 -9.0175166e-19)
(255.89506 7.9228706 -9.1982868e-19)
(255.7305 7.9102407 -9.8640218e-19)
(253.25076 7.7750021 6.5700126e-19)
(253.14998 7.7755876 6.9845479e-19)
(250.66481 7.774967 -9.7369294e-19)
(250.624 7.7733758 -9.3115529e-19)
(249.98357 7.7261474 5.6498946e-18)
(251.89956 7.8134559 2.0739889e-18)
(254.48841 7.871792 6.8427213e-18)
(256.94473 7.9434395 -2.4220082e-18)
(258.42019 7.9884886 -2.8031645e-18)
(258.71121 8.0001987 -1.1804478e-18)
(258.75092 8.0047767 1.8251148e-18)
(258.79527 8.012487 4.1868503e-18)
(258.81868 8.0186321 2.424616e-18)
(258.82779 8.0262821 -5.5040675e-18)
(258.83692 8.0262847 1.5055874e-18)
(258.84601 8.0377425 -4.0840423e-18)
(258.8554 8.0348282 4.5857851e-18)
(258.8557 8.0343475 4.6664639e-18)
(258.86861 8.0508 3.243704e-18)
(258.8692 8.0511129 3.3077123e-18)
(258.87541 8.0405507 -1.3407128e-19)
(258.87575 8.038522 -9.9350984e-19)
(258.87604 8.0369983 -1.494377e-18)
(258.89394 8.0555521 -2.1742639e-18)
(258.89704 8.059627 -1.7968475e-18)
(258.89943 8.0626425 -1.4727968e-18)
(258.91135 8.0499416 1.8585705e-18)
(258.91293 8.0449462 3.0261962e-18)
(258.91447 8.0391262 4.2682783e-18)
(258.91574 8.0343307 5.2805446e-18)
(258.91652 8.0316031 5.7864323e-18)
(258.94808 8.0470182 2.9468397e-18)
(258.95273 8.0504926 1.785922e-18)
(258.95721 8.0540118 6.3506249e-19)
(258.96082 8.0566841 -2.8983601e-19)
(258.96328 8.0580969 -8.9958644e-19)
(258.96467 8.0582895 -1.218866e-18)
(258.96532 8.0575685 -1.3324515e-18)
(258.96557 8.0562741 -1.3262836e-18)
(258.96565 8.0546602 -1.2610214e-18)
(258.96569 8.0528835 -1.172183e-18)
(258.96577 8.0510319 -1.078398e-18)
(258.96591 8.0491515 -9.8861841e-19)
(258.96613 8.0472656 -9.0666279e-19)
(258.96642 8.0453848 -8.3376027e-19)
(258.96678 8.0435129 -7.698844e-19)
(258.96721 8.0416504 -7.1444e-19)
(258.9677 8.0397957 -6.6662285e-19)
(258.96825 8.0379464 -6.2559223e-19)
(258.96885 8.0360995 -5.9055128e-19)
(258.96949 8.034252 -5.6078035e-19)
(258.97018 8.032401 -5.3564755e-19)
(259.0047 8.0286001 6.1075956e-18)
(259.00564 8.0283906 6.0213501e-18)
(259.0066 8.0281581 5.9342114e-18)
(259.00759 8.0279004 5.8467558e-18)
(259.00861 8.027616 5.7593571e-18)
(259.00966 8.0273038 5.6722493e-18)
(259.01074 8.026963 5.5855681e-18)
(259.01184 8.0265931 5.4993816e-18)
(259.01298 8.0261937 5.4137108e-18)
(259.01414 8.0257644 5.328541e-18)
(259.01533 8.0253048 5.2438361e-18)
(259.01655 8.0248147 5.1595422e-18)
(259.01781 8.0242936 5.0755933e-18)
(259.01909 8.0237412 4.9919166e-18)
(259.02041 8.023157 4.9084324e-18)
(259.02176 8.0225405 4.8250582e-18)
(259.18528 7.9308225 -8.3240244e-18)
(259.18702 7.9281433 -8.2813077e-18)
(257.9958 7.6876338 1.1303221e-18)
(257.99611 7.688465 1.1965943e-18)
(258.23711 7.899623 -3.2907464e-18)
(258.23994 7.9034283 -3.3806225e-18)
(258.24276 7.9071738 -3.4722032e-18)
(258.24558 7.910863 -3.5656725e-18)
(258.2484 7.9144994 -3.6612222e-18)
(258.25122 7.9180862 -3.7590509e-18)
(258.25405 7.9216263 -3.8593642e-18)
(258.25689 7.9251227 -3.9623789e-18)
(258.25974 7.9285777 -4.0683068e-18)
(258.26261 7.9319933 -4.1773563e-18)
(258.26549 7.9353713 -4.2897278e-18)
(258.2684 7.9387124 -4.4055921e-18)
(258.27133 7.9420166 -4.5250676e-18)
(258.27429 7.9452825 -4.6481939e-18)
(258.27726 7.948507 -4.7748741e-18)
(258.28025 7.9516839 -4.9047995e-18)
(258.28324 7.9548038 -5.037333e-18)
(258.28621 7.9578512 -5.1713284e-18)
(258.28914 7.9608027 -5.3048645e-18)
(258.29198 7.963623 -5.4348426e-18)
(258.29465 7.9662596 -5.5563968e-18)
(258.29706 7.9686354 -5.6620613e-18)
(258.29902 7.9706385 -5.7406297e-18)
(258.30033 7.9721104 -5.7757853e-18)
(258.30065 7.9728357 -5.7447762e-18)
(258.09267 7.8807981 3.6741865e-18)
(258.09349 7.8796863 3.7842288e-18)
(258.09437 7.8784341 3.8991305e-18)
(258.09534 7.8771404 4.0178627e-18)
(258.09647 7.8760439 4.137926e-18)
(258.09789 7.8756596 4.2542729e-18)
(258.09986 7.8769782 4.3582859e-18)
(258.10283 7.881588 4.4388322e-18)
(258.10741 7.8912901 4.4889573e-18)
(258.11411 7.9069185 4.5160662e-18)
(258.12273 7.9271651 4.539501e-18)
(258.13143 7.9480833 4.5617169e-18)
(258.04294 8.0167066 4.0135692e-18)
(258.02835 8.0071865 3.7673415e-18)
(257.99172 7.9852421 3.2342978e-18)
(257.94737 7.9577139 2.5764108e-18)
(257.90842 7.9339027 1.9879724e-18)
(257.42956 7.8606598 0)
(257.37416 7.8755192 0)
(257.29736 7.8948348 0)
(257.21914 7.9088406 0)
(255.98036 7.9288812 -8.5652616e-19)
(255.77816 7.9124717 -9.3657335e-19)
(253.32163 7.7756886 6.1212769e-19)
(253.20466 7.7765436 6.5203774e-19)
(250.68587 7.7771102 -9.6076945e-19)
(250.63914 7.7751654 -9.0713876e-19)
(249.969 7.7258686 5.6366586e-18)
(251.87821 7.8142051 2.0669893e-18)
(254.48263 7.8721849 6.8907661e-18)
(256.94633 7.9444872 -2.4037016e-18)
(258.42066 7.9894673 -2.8196855e-18)
(258.71101 8.0011077 -1.1777706e-18)
(258.75072 8.0056154 1.8258262e-18)
(258.79508 8.013275 4.2012007e-18)
(258.81847 8.0193719 2.4254512e-18)
(258.82756 8.0271597 -5.5372768e-18)
(258.8367 8.0269387 1.5241281e-18)
(258.84587 8.0386533 -4.0716383e-18)
(258.85526 8.0353381 4.6000235e-18)
(258.85558 8.0348052 4.7003981e-18)
(258.86862 8.0518301 3.3784469e-18)
(258.86929 8.0523073 3.4430042e-18)
(258.87535 8.0409344 -2.5708048e-19)
(258.8757 8.038335 -1.3307828e-18)
(258.8905 8.0515374 -2.6846144e-18)
(258.89375 8.055563 -2.3516638e-18)
(258.89761 8.0609817 -1.8284965e-18)
(258.90055 8.0650152 -1.417287e-18)
(258.91155 8.0523728 1.7921154e-18)
(258.91316 8.0458988 3.1192905e-18)
(258.91485 8.0385894 4.6027985e-18)
(258.91629 8.0327693 5.8250712e-18)
(258.91706 8.0298597 6.3600212e-18)
(258.94755 8.0458096 3.2833087e-18)
(258.95297 8.0503978 1.8465268e-18)
(258.95814 8.0548493 4.6581385e-19)
(258.9622 8.0581092 -5.9959531e-19)
(258.96475 8.0597174 -1.2519137e-18)
(258.966 8.0598113 -1.5441279e-18)
(258.96641 8.0588604 -1.6022429e-18)
(258.96642 8.0573208 -1.5395745e-18)
(258.96631 8.0554948 -1.4272374e-18)
(258.96621 8.053549 -1.3021218e-18)
(258.96618 8.0515663 -1.1811482e-18)
(258.96624 8.0495851 -1.0710809e-18)
(258.99754 8.0304945 6.5813042e-18)
(258.99828 8.0299373 6.644821e-18)
(258.99902 8.0295679 6.6542084e-18)
(258.99976 8.0293181 6.6264673e-18)
(259.00052 8.0291384 6.5739326e-18)
(259.00131 8.0289948 6.5052159e-18)
(259.00212 8.0288643 6.4261913e-18)
(259.00297 8.0287313 6.3408094e-18)
(259.00384 8.028586 6.251699e-18)
(259.00474 8.0284216 6.160598e-18)
(259.00567 8.0282338 6.0686432e-18)
(259.00663 8.0280199 5.9765636e-18)
(259.00762 8.0277782 5.8848172e-18)
(259.00863 8.0275074 5.7936782e-18)
(259.00968 8.0272069 5.7032952e-18)
(259.01075 8.0268762 5.6137351e-18)
(259.01185 8.0265149 5.5250061e-18)
(259.01299 8.026123 5.4370772e-18)
(259.01415 8.0257001 5.3498947e-18)
(259.01534 8.0252461 5.2633887e-18)
(259.01656 8.0247607 5.1774733e-18)
(259.01782 8.0242437 5.0920593e-18)
(259.0191 8.0236947 5.0070533e-18)
(259.02042 8.0231134 4.9223577e-18)
(259.02177 8.0224992 4.837873e-18)
(259.18526 7.9308545 -8.3283965e-18)
(259.18701 7.9281695 -8.2857514e-18)
(257.99589 7.6876505 1.1306283e-18)
(258.23457 7.8959206 -3.2258809e-18)
(258.23744 7.8998077 -3.3160229e-18)
(258.2403 7.9036321 -3.40786e-18)
(258.24315 7.9073977 -3.501591e-18)
(258.246 7.9111085 -3.5974249e-18)
(258.24885 7.9147681 -3.6955872e-18)
(258.25172 7.91838 -3.7963127e-18)
(258.25459 7.9219476 -3.899853e-18)
(258.25747 7.9254742 -4.006475e-18)
(258.26038 7.9289627 -4.1164541e-18)
(258.26331 7.9324156 -4.2300755e-18)
(258.26627 7.9358353 -4.3476289e-18)
(258.26925 7.9392235 -4.4693945e-18)
(258.27228 7.9425812 -4.5956279e-18)
(258.27533 7.9459082 -4.72653e-18)
(258.27843 7.9492027 -4.8622058e-18)
(258.28155 7.9524607 -5.0025877e-18)
(258.2847 7.9556744 -5.1473322e-18)
(258.28787 7.958831 -5.2956426e-18)
(258.29102 7.9619095 -5.4459937e-18)
(258.29411 7.9648774 -5.5957178e-18)
(258.29709 7.9676838 -5.7403643e-18)
(258.29984 7.9702513 -5.8727201e-18)
(258.30219 7.9724626 -5.9814332e-18)
(258.3039 7.9741445 -6.0491628e-18)
(258.30461 7.9750493 -6.0505275e-18)
(258.30382 7.9748432 -5.9507097e-18)
(258.30094 7.9731203 -5.7067173e-18)
(258.29535 7.969474 -5.274397e-18)
(258.09531 7.8749948 4.0581494e-18)
(258.09635 7.8731699 4.1888918e-18)
(258.09765 7.8718403 4.3182726e-18)
(258.09949 7.8721204 4.4362329e-18)
(258.10247 7.8760672 4.5277169e-18)
(258.10748 7.8863332 4.5815983e-18)
(258.11542 7.9044305 4.6089463e-18)
(258.12651 7.9290658 4.6443876e-18)
(258.13924 7.9559202 4.7074999e-18)
(258.1471 7.9757709 4.7249823e-18)
(258.05077 8.0175302 4.0196177e-18)
(258.00477 7.9899291 3.3639889e-18)
(257.95092 7.9550444 2.5591678e-18)
(257.90642 7.9236933 1.846607e-18)
(257.87601 7.9117992 1.4431567e-18)
(257.40926 7.8732617 0)
(257.31928 7.8989683 0)
(257.24027 7.9178868 0)
(256.08436 7.9364064 -7.8470546e-19)
(255.82954 7.9145962 -8.8338491e-19)
(253.40831 7.7763165 5.6146464e-19)
(253.27093 7.7775475 5.9786971e-19)
(250.71185 7.7795326 -9.5156988e-19)
(250.65793 7.7771379 -8.8326819e-19)
(249.95356 7.7254862 5.6212728e-18)
(251.85462 7.8149301 2.05637e-18)
(254.4759 7.8725474 6.9425422e-18)
(256.94789 7.9455421 -2.3841824e-18)
(258.42116 7.9904551 -2.8371069e-18)
(258.71082 8.0020236 -1.1749643e-18)
(258.75052 8.0064598 1.8264124e-18)
(258.7949 8.0140681 4.2160134e-18)
(258.81827 8.020116 2.4270064e-18)
(258.82734 8.0280468 -5.5737873e-18)
(258.83649 8.0275939 1.5462865e-18)
(258.84574 8.0395857 -4.0582992e-18)
(258.85513 8.0358379 4.6185411e-18)
(258.85547 8.0352407 4.7445529e-18)
(258.86868 8.0529346 3.5295131e-18)
(258.86945 8.0536353 3.5931092e-18)
(258.87531 8.0413489 -3.8804362e-19)
(258.87568 8.0379311 -1.764027e-18)
(258.88957 8.0501804 -3.0702072e-18)
(258.89347 8.0553344 -2.5598172e-18)
(258.89835 8.0625439 -1.8378419e-18)
(258.91009 8.058757 6.3297512e-19)
(258.91182 8.0554246 1.6914575e-18)
(258.9134 8.0469266 3.2027879e-18)
(258.91528 8.0377741 4.9871798e-18)
(258.91696 8.03065 6.4962545e-18)
(258.94164 8.0400317 5.0545394e-18)
(258.94692 8.0443396 3.6734828e-18)
(258.9533 8.0503599 1.884057e-18)
(258.95933 8.0559378 2.2693567e-19)
(258.96389 8.0598735 -9.9818896e-19)
(258.96652 8.0616438 -1.6825228e-18)
(258.96752 8.061536 -1.9215704e-18)
(258.9676 8.0602574 -1.9006414e-18)
(258.96733 8.0584084 -1.7664344e-18)
(258.96699 8.0563349 -1.5988845e-18)
(258.99541 8.0336894 5.9753154e-18)
(258.99628 8.0318852 6.3705029e-18)
(258.99706 8.0306537 6.6168306e-18)
(258.99779 8.0298573 6.7478361e-18)
(258.99849 8.029363 6.7962532e-18)
(258.99919 8.0290636 6.788592e-18)
(258.9999 8.0288811 6.7442669e-18)
(259.00064 8.028762 6.6766825e-18)
(259.0014 8.028671 6.5947826e-18)
(259.0022 8.0285854 6.5044197e-18)
(259.00303 8.0284906 6.4093631e-18)
(259.00389 8.0283773 6.3120198e-18)
(259.00478 8.02824 6.2139088e-18)
(259.00571 8.0280751 6.115967e-18)
(259.00666 8.0278806 6.018755e-18)
(259.00764 8.0276553 5.9225884e-18)
(259.00866 8.0273985 5.8276224e-18)
(259.0097 8.02711 5.7339106e-18)
(259.01077 8.0267896 5.641438e-18)
(259.01187 8.0264373 5.5501485e-18)
(259.013 8.0260529 5.4599583e-18)
(259.01416 8.0256366 5.3707679e-18)
(259.01535 8.0251882 5.2824699e-18)
(259.01657 8.0247077 5.1949491e-18)
(259.01783 8.0241948 5.1080891e-18)
(259.01911 8.0236494 5.0217752e-18)
(259.02043 8.023071 4.9358899e-18)
(259.02179 8.0224593 4.850319e-18)
(259.02318 8.0218138 4.7649482e-18)
(259.18701 7.9281948 -8.2901222e-18)
(257.99598 7.6876679 1.1308507e-18)
(258.23486 7.8960786 -3.248776e-18)
(258.23775 7.8999826 -3.3406682e-18)
(258.24064 7.9038248 -3.4344193e-18)
(258.24352 7.9076095 -3.5302523e-18)
(258.2464 7.9113408 -3.6284032e-18)
(258.24929 7.9150225 -3.7291269e-18)
(258.25219 7.9186587 -3.8326997e-18)
(258.25511 7.9222529 -3.9394164e-18)
(258.25804 7.9258089 -4.0495972e-18)
(258.261 7.92933 -4.1635838e-18)
(258.26399 7.9328196 -4.2817388e-18)
(258.26702 7.9362807 -4.4044482e-18)
(258.27009 7.9397159 -4.5321104e-18)
(258.2732 7.9431273 -4.6651212e-18)
(258.27636 7.9465162 -4.8038617e-18)
(258.27957 7.9498824 -4.948657e-18)
(258.28284 7.9532239 -5.0997133e-18)
(258.28616 7.9565356 -5.2570262e-18)
(258.28952 7.9598078 -5.4202125e-18)
(258.2929 7.9630231 -5.5882486e-18)
(258.29628 7.9661528 -5.7590475e-18)
(258.29958 7.96915 -5.9287739e-18)
(258.30272 7.9719397 -6.0907742e-18)
(258.30552 7.974403 -6.2339142e-18)
(258.30772 7.9763552 -6.3402123e-18)
(258.30893 7.9775181 -6.3818602e-18)
(258.30857 7.9774939 -6.3184819e-18)
(258.30589 7.9757638 -6.0970914e-18)
(258.30006 7.9717544 -5.6593937e-18)
(258.29045 7.9650233 -4.960641e-18)
(258.27703 7.9555756 -3.9976492e-18)
(258.09725 7.8676327 4.3825381e-18)
(258.09884 7.866456 4.5173967e-18)
(258.10164 7.8692017 4.6225668e-18)
(258.10692 7.8797434 4.6791295e-18)
(258.1161 7.900577 4.7012997e-18)
(258.12992 7.9303165 4.7454801e-18)
(258.14772 7.9645899 4.8601446e-18)
(258.16256 7.9928756 4.9744236e-18)
(258.15242 7.9915162 4.7404717e-18)
(258.0191 7.9957131 3.5167196e-18)
(257.95388 7.9522097 2.5384733e-18)
(257.90304 7.910812 1.6686132e-18)
(257.87274 7.8938392 1.2125606e-18)
(257.44572 7.8701774 0)
(257.34028 7.9041463 0)
(257.2678 7.9301289 0)
(256.21293 7.9460551 -7.0243236e-19)
(255.8821 7.9163408 -8.2792259e-19)
(255.55703 7.8907668 -9.6802075e-19)
(253.35212 7.77858 5.3491819e-19)
(253.07645 7.7795653 6.4229919e-19)
(250.68145 7.7793497 -8.6033678e-19)
(249.93706 7.7249725 5.6037746e-18)
(251.82831 7.8156231 2.0410929e-18)
(254.46797 7.8728714 6.9987108e-18)
(256.94936 7.9466032 -2.3633024e-18)
(258.42168 7.9914513 -2.8555415e-18)
(258.71064 8.0029459 -1.1720304e-18)
(258.75033 8.0073096 1.8268644e-18)
(258.79472 8.0148661 4.2313227e-18)
(258.81808 8.0208644 2.4294254e-18)
(258.82713 8.028944 -5.6142648e-18)
(258.83628 8.0282496 1.5731197e-18)
(258.84563 8.0405441 -4.0444261e-18)
(258.85503 8.0363229 4.6434198e-18)
(258.86755 8.0520372 3.4593239e-18)
(258.86881 8.0541397 3.6993081e-18)
(258.87479 8.045592 1.1599255e-18)
(258.87531 8.0418313 -5.1259334e-19)
(258.87569 8.037213 -2.327799e-18)
(258.88835 8.0481269 -3.5858052e-18)
(258.89306 8.0547887 -2.8026587e-18)
(258.89922 8.0642843 -1.8200567e-18)
(258.91074 8.0639088 4.9336112e-19)
(258.91218 8.0591695 1.549491e-18)
(258.91363 8.0479547 3.2721479e-18)
(258.91576 8.036652 5.4161076e-18)
(258.93701 8.0369529 6.1923096e-18)
(258.93993 8.0363833 5.9506703e-18)
(258.9462 8.0426445 4.1090049e-18)
(258.95377 8.0504546 1.8798137e-18)
(258.96083 8.0573633 -1.0285445e-19)
(258.966 8.0620737 -1.5088643e-18)
(258.96863 8.0639413 -2.206558e-18)
(258.96925 8.0634803 -2.3548519e-18)
(258.96889 8.0617496 -2.2252849e-18)
(258.99376 8.0392927 4.6736553e-18)
(258.99488 8.0357149 5.5223814e-18)
(258.99584 8.0329821 6.1557233e-18)
(258.99666 8.0310821 6.5760705e-18)
(258.99739 8.0298628 6.820481e-18)
(258.99806 8.029134 6.9355035e-18)
(258.99871 8.0287276 6.9626117e-18)
(258.99937 8.028517 6.933179e-18)
(259.00005 8.0284153 6.8688653e-18)
(259.00076 8.0283662 6.7838492e-18)
(259.00151 8.0283343 6.6871282e-18)
(259.00229 8.0282981 6.5843034e-18)
(259.0031 8.0282443 6.4788077e-18)
(259.00395 8.0281651 6.3727135e-18)
(259.00483 8.0280563 6.2672406e-18)
(259.00575 8.0279152 6.1630773e-18)
(259.0067 8.0277407 6.0605777e-18)
(259.00768 8.0275324 5.9598907e-18)
(259.00868 8.02729 5.8610374e-18)
(259.00972 8.0270137 5.763961e-18)
(259.01079 8.0267037 5.6685618e-18)
(259.01189 8.0263604 5.5747116e-18)
(259.01302 8.0259837 5.482268e-18)
(259.01418 8.0255741 5.3910856e-18)
(259.01537 8.0251314 5.301016e-18)
(259.01659 8.0246558 5.2119124e-18)
(259.01784 8.0241472 5.1236326e-18)
(259.01913 8.0236053 5.0360366e-18)
(259.02045 8.02303 4.9489896e-18)
(259.0218 8.0224209 4.8623615e-18)
(259.02319 8.0217776 4.7760233e-18)
(259.18702 7.9282193 -8.2944156e-18)
(258.23222 7.8922422 -3.1792341e-18)
(258.23514 7.8962274 -3.2710334e-18)
(258.23806 7.9001471 -3.3646261e-18)
(258.24097 7.9040059 -3.4602346e-18)
(258.24388 7.9078085 -3.5581121e-18)
(258.24679 7.9115592 -3.6585247e-18)
(258.24971 7.9152618 -3.7617435e-18)
(258.25265 7.9189212 -3.8681028e-18)
(258.25561 7.9225409 -3.977929e-18)
(258.25859 7.9261252 -4.0915987e-18)
(258.2616 7.9296782 -4.2095258e-18)
(258.26465 7.9332037 -4.3321519e-18)
(258.26775 7.9367054 -4.4599594e-18)
(258.27089 7.9401872 -4.5934667e-18)
(258.27409 7.9436522 -4.733229e-18)
(258.27736 7.9471031 -4.8798073e-18)
(258.28069 7.950542 -5.0337776e-18)
(258.28411 7.9539691 -5.1956436e-18)
(258.2876 7.9573822 -5.365773e-18)
(258.29116 7.9607755 -5.5442743e-18)
(258.29479 7.9641363 -5.7307405e-18)
(258.29846 7.9674414 -5.9238076e-18)
(258.30212 7.9706502 -6.1205058e-18)
(258.30569 7.9736934 -6.3150744e-18)
(258.309 7.9764552 -6.4970944e-18)
(258.31179 7.9787454 -6.6485336e-18)
(258.31364 7.98026 -6.7396453e-18)
(258.31387 7.9805362 -6.724345e-18)
(258.31157 7.9789257 -6.5379697e-18)
(258.30563 7.9746476 -6.1040609e-18)
(258.29509 7.9669987 -5.3577804e-18)
(258.27972 7.9557417 -4.2843744e-18)
(258.26054 7.9416102 -2.9535365e-18)
(258.24032 7.9270258 -1.5312187e-18)
(258.10027 7.8607533 4.7251199e-18)
(258.10559 7.8711114 4.7834949e-18)
(258.11594 7.8949906 4.7921313e-18)
(258.1326 7.9304598 4.8375157e-18)
(258.15628 7.9734482 5.0103833e-18)
(258.18188 8.0145041 5.2770541e-18)
(258.1729 8.013483 5.0669715e-18)
(258.03387 8.00229 3.683509e-18)
(257.95622 7.9497436 2.5204072e-18)
(257.89845 7.8959595 1.4630828e-18)
(257.86898 7.8688785 9.0819438e-19)
(257.84336 7.9121889 1.1012566e-18)
(257.35843 7.9103907 0)
(257.3054 7.9467949 0)
(257.18957 7.943484 0)
(255.93014 7.9171538 -7.7269624e-19)
(255.55306 7.8850061 -9.1975614e-19)
(253.45271 7.7795986 4.6241297e-19)
(253.10094 7.7815047 5.7351706e-19)
(250.71118 7.7818833 -8.3973591e-19)
(249.91927 7.7242894 5.5844081e-18)
(251.79864 7.8162743 2.019754e-18)
(254.45856 7.8731467 7.0600883e-18)
(256.95069 7.9476682 -2.3408874e-18)
(258.42223 7.9924559 -2.8751208e-18)
(258.68963 8.0014564 6.6004047e-19)
(258.75992 8.0108282 -8.154065e-19)
(258.79455 8.0156687 4.2471723e-18)
(258.81789 8.0216167 2.4328961e-18)
(258.82693 8.0298518 -5.659539e-18)
(258.83608 8.0289047 1.6060599e-18)
(258.84554 8.0415348 -4.030788e-18)
(258.85495 8.0367851 4.6779941e-18)
(258.86742 8.0525921 3.6208577e-18)
(258.86903 8.055484 3.8901536e-18)
(258.8748 8.0474312 1.4273687e-18)
(258.87532 8.0424567 -6.0002979e-19)
(258.88501 8.0448686 -3.9128987e-18)
(258.88674 8.0451379 -4.2844508e-18)
(258.89248 8.0538827 -3.0758908e-18)
(258.90714 8.0591903 -5.8049113e-19)
(258.91178 8.0709543 3.4247883e-19)
(258.91258 8.0634093 1.3725964e-18)
(258.91383 8.0488267 3.3278543e-18)
(258.91624 8.0352837 5.863471e-18)
(258.93508 8.0321116 7.3186178e-18)
(258.93773 8.0316676 7.0901981e-18)
(258.94545 8.040865 4.5562632e-18)
(258.95445 8.0507846 1.8084039e-18)
(258.96273 8.0592198 -5.4658135e-19)
(258.96862 8.0648277 -2.1596407e-18)
(258.97115 8.0666825 -2.8406175e-18)
(258.99181 8.0493645 2.2318114e-18)
(258.99315 8.0441987 3.4880916e-18)
(258.99434 8.0391866 4.700753e-18)
(258.9954 8.0350701 5.6852017e-18)
(258.99631 8.0320731 6.3858383e-18)
(258.99707 8.030109 6.8235953e-18)
(258.99774 8.0289428 7.055946e-18)
(258.99835 8.0283193 7.1456275e-18)
(258.99895 8.0280302 7.144089e-18)
(258.99957 8.0279293 7.0876101e-18)
(259.00021 8.0279228 6.9996916e-18)
(259.00089 8.0279533 6.8948212e-18)
(259.00162 8.0279869 6.7816714e-18)
(259.00238 8.0280042 6.6653248e-18)
(259.00318 8.0279941 6.5486934e-18)
(259.00402 8.0279509 6.4333995e-18)
(259.00489 8.0278716 6.3202787e-18)
(259.0058 8.0277552 6.209708e-18)
(259.00674 8.0276012 6.101805e-18)
(259.00771 8.0274101 5.9965354e-18)
(259.00872 8.0271823 5.8937611e-18)
(259.00975 8.0269183 5.7933132e-18)
(259.01082 8.0266189 5.6949924e-18)
(259.01191 8.0262846 5.5985957e-18)
(259.01304 8.0259157 5.5039208e-18)
(259.0142 8.0255127 5.4107741e-18)
(259.01539 8.0250758 5.3189643e-18)
(259.01661 8.0246051 5.2283059e-18)
(259.01786 8.0241008 5.1386421e-18)
(259.01915 8.0235627 5.0497942e-18)
(259.02046 8.0229905 4.9616189e-18)
(259.02182 8.0223841 4.8739691e-18)
(259.02321 8.021743 4.7866955e-18)
(259.02464 8.0210667 4.6996631e-18)
(258.23246 7.8923683 -3.1993142e-18)
(258.23541 7.8963666 -3.2926067e-18)
(258.23835 7.9003005 -3.3878335e-18)
(258.24128 7.9041751 -3.4852518e-18)
(258.24422 7.9079941 -3.5851056e-18)
(258.24716 7.9117626 -3.6876967e-18)
(258.25012 7.9154855 -3.7933565e-18)
(258.25309 7.9191663 -3.902405e-18)
(258.25609 7.9228107 -4.0152716e-18)
(258.25911 7.9264221 -4.1323439e-18)
(258.26218 7.9300057 -4.2541172e-18)
(258.26529 7.933566 -4.3811212e-18)
(258.26845 7.9371075 -4.5139342e-18)
(258.27167 7.940635 -4.6531989e-18)
(258.27496 7.944153 -4.7996277e-18)
(258.27833 7.9476659 -4.9539858e-18)
(258.28179 7.9511777 -5.1170971e-18)
(258.28534 7.9546914 -5.2898053e-18)
(258.289 7.9582087 -5.4729107e-18)
(258.29278 7.9617273 -5.6670311e-18)
(258.29666 7.9652408 -5.8724652e-18)
(258.30064 7.9687336 -6.0888027e-18)
(258.30469 7.9721733 -6.314151e-18)
(258.30873 7.975501 -6.5440846e-18)
(258.31262 7.9786096 -6.7694797e-18)
(258.3161 7.9813117 -6.9730898e-18)
(258.31873 7.9832865 -7.1241017e-18)
(258.31977 7.9840101 -7.1710554e-18)
(258.31808 7.9826913 -7.0360523e-18)
(258.31223 7.9782943 -6.6194432e-18)
(258.30083 7.9697741 -5.82864e-18)
(258.28329 7.9565595 -4.6311588e-18)
(258.26057 7.9391324 -3.1020527e-18)
(258.23568 7.9198416 -1.4393878e-18)
(258.21491 7.9050043 3.3585322e-20)
(258.10333 7.8599622 4.8979644e-18)
(258.11478 7.8873565 4.8808468e-18)
(258.13413 7.9289817 4.9145518e-18)
(258.16372 7.9810439 5.1405564e-18)
(258.20499 8.040728 5.630947e-18)
(258.19774 8.0400661 5.4584857e-18)
(258.12569 7.974976 4.2642047e-18)
(257.9581 7.9484463 2.5154307e-18)
(257.89406 7.8829262 1.2823702e-18)
(257.86472 7.8349052 5.085078e-19)
(257.84157 7.9066751 1.019511e-18)
(257.37121 7.9171455 0)
(257.35755 7.9690842 0)
(257.23936 7.9618083 0)
(255.96341 7.9160869 -7.2219146e-19)
(255.54228 7.8760725 -8.5969664e-19)
(253.57817 7.7805238 3.8039747e-19)
(253.11894 7.7839723 4.877791e-19)
(250.7493 7.7848632 -8.2390539e-19)
(249.89989 7.7233843 5.5637866e-18)
(251.7648 7.8168708 1.990407e-18)
(254.44725 7.8733605 7.1277555e-18)
(256.95182 7.9487355 -2.3167166e-18)
(258.4228 7.9934688 -2.8960209e-18)
(258.68952 8.0022973 6.4719718e-19)
(258.75972 8.0117417 -8.0486543e-19)
(258.79439 8.0164758 4.263616e-18)
(258.81772 8.0223726 2.4376554e-18)
(258.82674 8.030771 -5.7107208e-18)
(258.83589 8.0295575 1.6470917e-18)
(258.84549 8.0425666 -4.0187892e-18)
(258.85492 8.0372126 4.7275879e-18)
(258.86725 8.052967 3.8063509e-18)
(258.86936 8.0570186 4.1031715e-18)
(258.87488 8.0499631 1.8176728e-18)
(258.87536 8.0433568 -5.9537709e-19)
(258.88342 8.0416193 -4.6993194e-18)
(258.88468 8.0409977 -5.2193464e-18)
(258.89177 8.0526965 -3.353338e-18)
(258.90725 8.0608193 -6.5742835e-19)
(258.91331 8.080451 1.7915646e-19)
(258.91292 8.0670946 1.2099421e-18)
(258.91397 8.0493161 3.3766616e-18)
(258.93437 8.0414977 5.7588485e-18)
(258.9328 8.0261727 8.677657e-18)
(258.935 8.0258692 8.4804889e-18)
(258.94484 8.0393264 4.93608e-18)
(258.95539 8.051465 1.6414101e-18)
(258.96507 8.0615896 -1.1240914e-18)
(258.97186 8.0682774 -2.9838166e-18)
(258.99136 8.0566463 4.3511911e-19)
(258.99278 8.0514214 1.7139852e-18)
(258.99387 8.0448639 3.3205067e-18)
(258.99495 8.0388641 4.7812004e-18)
(258.99596 8.0341642 5.9124948e-18)
(258.99682 8.0309194 6.6764039e-18)
(258.99752 8.0289397 7.1195513e-18)
(258.99811 8.0278818 7.3262022e-18)
(258.99865 8.02741 7.3790039e-18)
(258.9992 8.027272 7.340368e-18)
(258.99977 8.0273037 7.2511176e-18)
(259.00038 8.0274072 7.135867e-18)
(259.00103 8.0275266 7.0087647e-18)
(259.00173 8.0276316 6.8776886e-18)
(259.00248 8.027706 6.7468735e-18)
(259.00326 8.027742 6.6185343e-18)
(259.00409 8.0277361 6.4936757e-18)
(259.00495 8.0276874 6.3726726e-18)
(259.00585 8.027596 6.2555696e-18)
(259.00679 8.0274629 6.1422058e-18)
(259.00775 8.0272891 6.0323259e-18)
(259.00875 8.0270759 5.9256339e-18)
(259.00979 8.0268244 5.8218292e-18)
(259.01085 8.0265355 5.7206127e-18)
(259.01194 8.0262102 5.6217027e-18)
(259.01307 8.0258491 5.5248362e-18)
(259.01422 8.0254527 5.429765e-18)
(259.01541 8.0250216 5.3362426e-18)
(259.01663 8.024556 5.2440851e-18)
(259.01788 8.0240559 5.1530604e-18)
(259.01917 8.0235215 5.0630102e-18)
(259.02048 8.0229526 4.973749e-18)
(259.02184 8.0223489 4.8851025e-18)
(259.02323 8.0217103 4.7969369e-18)
(259.02466 8.021036 4.7090928e-18)
(258.2327 7.8924854 -3.2187183e-18)
(258.23566 7.8964958 -3.3134513e-18)
(258.23862 7.9004431 -3.4102635e-18)
(258.24158 7.904331 -3.5093944e-18)
(258.24454 7.9081656 -3.6111612e-18)
(258.24751 7.9119512 -3.7158685e-18)
(258.2505 7.915692 -3.8238512e-18)
(258.25351 7.9193939 -3.9355305e-18)
(258.25654 7.9230607 -4.0513042e-18)
(258.25961 7.9266984 -4.1716934e-18)
(258.26273 7.9303112 -4.2972013e-18)
(258.26589 7.9339049 -4.4284579e-18)
(258.26912 7.9374849 -4.5661438e-18)
(258.27241 7.941057 -4.7110429e-18)
(258.27579 7.9446269 -4.8640043e-18)
(258.27926 7.9482009 -5.0260105e-18)
(258.28284 7.9517854 -5.1981691e-18)
(258.28654 7.955386 -5.381641e-18)
(258.29037 7.9590082 -5.5776961e-18)
(258.29436 7.9626555 -5.7875759e-18)
(258.2985 7.9663278 -6.0123601e-18)
(258.30281 7.9700178 -6.2526725e-18)
(258.30726 7.9737061 -6.5081026e-18)
(258.31181 7.9773471 -6.7759114e-18)
(258.31634 7.9808506 -7.0490251e-18)
(258.32062 7.9840427 -7.3120954e-18)
(258.32421 7.9865998 -7.5346092e-18)
(258.32629 7.9879485 -7.6607793e-18)
(258.32554 7.9871474 -7.5983461e-18)
(258.32006 7.9828521 -7.2184762e-18)
(258.30792 7.9735742 -6.3902376e-18)
(258.28805 7.958307 -5.0553413e-18)
(258.26125 7.9371695 -3.2930383e-18)
(258.23058 7.9120939 -1.3302869e-18)
(258.20334 7.8899646 4.2684698e-19)
(258.19413 7.8885239 1.4127563e-18)
(258.11254 7.8775669 4.9671074e-18)
(258.13417 7.9254915 4.971247e-18)
(258.16816 7.9850418 5.2249417e-18)
(258.22703 8.065974 5.9635351e-18)
(258.22095 8.0648958 5.8219121e-18)
(258.13108 7.9801451 4.3518813e-18)
(257.95971 7.9490062 2.5327833e-18)
(257.89297 7.8798175 1.2392148e-18)
(257.8629 7.8196246 3.3058689e-19)
(257.83984 7.9068886 1.0017338e-18)
(257.37556 7.9228625 0)
(257.42133 7.9950898 0)
(257.29663 7.9808734 0)
(255.96809 7.9119141 -6.8256966e-19)
(255.52856 7.8627175 -7.7676997e-19)
(253.73354 7.7812292 2.9077893e-19)
(253.12195 7.7872694 3.7801772e-19)
(250.79889 7.7884766 -8.1711908e-19)
(249.87852 7.7221811 5.5432156e-18)
(249.89691 7.7258327 5.5068748e-18)
(254.43353 7.8734958 7.2031614e-18)
(256.95266 7.9498028 -2.290514e-18)
(258.42339 7.99449 -2.9184492e-18)
(258.68942 8.003143 6.3419189e-19)
(258.75954 8.0126615 -7.942036e-19)
(258.79424 8.0172874 4.280718e-18)
(258.81755 8.0231319 2.4440121e-18)
(258.82656 8.0317029 -5.76929e-18)
(258.84496 8.0433009 -3.9225621e-18)
(258.84548 8.0436533 -4.0109235e-18)
(258.85493 8.0375861 4.8010082e-18)
(258.867 8.0530312 4.0238265e-18)
(258.86984 8.0587949 4.3360536e-18)
(258.87508 8.0535272 2.3653576e-18)
(258.87541 8.0446992 -4.2651805e-19)
(258.8819 8.0381846 -5.5272997e-18)
(258.88237 8.036089 -6.3153615e-18)
(258.89107 8.0515379 -3.571542e-18)
(258.90706 8.0608265 -7.2527864e-19)
(258.91402 8.0847138 1.1064526e-19)
(258.913 8.0679858 1.1696483e-18)
(258.91402 8.0492264 3.4258827e-18)
(258.93411 8.0403353 6.0017268e-18)
(258.93069 8.0205861 9.9461646e-18)
(258.93231 8.0202413 9.8259203e-18)
(258.94468 8.038557 5.118427e-18)
(258.95663 8.0525811 1.3578872e-18)
(258.96789 8.0645023 -1.8418463e-18)
(258.99042 8.0622688 -9.5277423e-19)
(258.993 8.0609543 -6.5184689e-19)
(258.99381 8.0536298 1.157555e-18)
(258.99461 8.0453572 3.1953263e-18)
(258.9956 8.038241 4.9359928e-18)
(258.99657 8.0329279 6.2214752e-18)
(258.99737 8.0294725 7.0394756e-18)
(258.998 8.0275481 7.4704937e-18)
(258.99851 8.02667 7.6336738e-18)
(258.99898 8.0264057 7.6357154e-18)
(258.99946 8.0264567 7.5505182e-18)
(258.99998 8.0266449 7.4224834e-18)
(259.00055 8.0268729 7.2762235e-18)
(259.00118 8.0270901 7.1246651e-18)
(259.00185 8.0272715 6.9743181e-18)
(259.00258 8.0274062 6.8282754e-18)
(259.00335 8.02749 6.6877566e-18)
(259.00417 8.0275224 6.5530712e-18)
(259.00502 8.0275047 6.4240695e-18)
(259.00591 8.0274387 6.300383e-18)
(259.00684 8.0273265 6.181538e-18)
(259.0078 8.0271702 6.0670679e-18)
(259.0088 8.0269716 5.9564934e-18)
(259.00983 8.0267324 5.8493693e-18)
(259.01088 8.026454 5.7453085e-18)
(259.01198 8.0261376 5.6439382e-18)
(259.0131 8.0257841 5.544931e-18)
(259.01425 8.0253944 5.4479697e-18)
(259.01544 8.0249691 5.3528118e-18)
(259.01665 8.0245083 5.2591759e-18)
(259.0179 8.0240127 5.1668649e-18)
(259.01919 8.023482 5.075643e-18)
(259.02051 8.0229163 4.9853289e-18)
(259.02186 8.0223156 4.8957535e-18)
(259.02325 8.0216793 4.8067216e-18)
(259.02468 8.0210072 4.7180978e-18)
(258.23292 7.8925936 -3.2374147e-18)
(258.2359 7.8966151 -3.3335327e-18)
(258.23888 7.9005734 -3.43184e-18)
(258.24186 7.9044743 -3.5326331e-18)
(258.24484 7.9083226 -3.636216e-18)
(258.24784 7.9121233 -3.7429404e-18)
(258.25086 7.9158816 -3.8531843e-18)
(258.2539 7.9196022 -3.967359e-18)
(258.25697 7.9232907 -4.0859549e-18)
(258.26008 7.9269525 -4.2095046e-18)
(258.26324 7.9305932 -4.3386178e-18)
(258.26646 7.9342188 -4.4739753e-18)
(258.26975 7.9378358 -4.6163801e-18)
(258.27312 7.9414504 -4.7667079e-18)
(258.27658 7.9450712 -4.9260343e-18)
(258.28015 7.9487049 -5.0955019e-18)
(258.28385 7.9523606 -5.2764875e-18)
(258.28769 7.9560476 -5.4705593e-18)
(258.2917 7.9597748 -5.6794035e-18)
(258.29589 7.9635521 -5.9049823e-18)
(258.3003 7.9673863 -6.1492177e-18)
(258.30493 7.9712815 -6.4139721e-18)
(258.30981 7.9752316 -6.7004339e-18)
(258.3149 7.9792119 -7.0082064e-18)
(258.32013 7.9831553 -7.3329761e-18)
(258.32532 7.9869155 -7.6626387e-18)
(258.33005 7.9901875 -7.9691355e-18)
(258.33347 7.9923701 -8.1943627e-18)
(258.33404 7.9923759 -8.2316679e-18)
(258.32936 7.9884939 -7.9160592e-18)
(258.31669 7.9786568 -7.0632762e-18)
(258.29435 7.9613117 -5.5785353e-18)
(258.263 7.936167 -3.5477715e-18)
(258.22545 7.9043247 -1.22077e-18)
(258.18902 7.8718455 9.4391207e-19)
(258.17662 7.8657106 1.9983951e-18)
(258.19825 7.9044545 1.9677164e-18)
(258.13263 7.9200007 5.0043973e-18)
(258.16795 7.9832735 5.2415872e-18)
(258.22912 8.067976 5.9987746e-18)
(258.22192 8.065595 5.8386665e-18)
(258.13198 7.9803842 4.3666215e-18)
(258.05128 7.9163698 3.0202939e-18)
(257.89634 7.8896717 1.375931e-18)
(257.86631 7.8555141 7.4082063e-19)
(257.83807 7.9132631 1.0517025e-18)
(257.77666 7.9718246 9.6607099e-19)
(257.44467 8.0055372 0)
(257.30564 7.9858688 0)
(255.9349 7.904105 -6.5968573e-19)
(255.52311 7.8433688 -6.5116374e-19)
(253.91505 7.7815987 1.9920681e-19)
(253.09651 7.7919275 2.3121991e-19)
(250.86455 7.7930147 -8.2697601e-19)
(249.85465 7.7205665 5.5253198e-18)
(249.87636 7.7251411 5.4573063e-18)
(251.75346 7.8193472 2.0861007e-18)
(256.9531 7.9508669 -2.2619434e-18)
(258.42398 7.9955194 -2.9426702e-18)
(258.68933 8.0039933 6.2102842e-19)
(258.75935 8.0135872 -7.8342866e-19)
(258.7941 8.0181034 4.2985576e-18)
(258.8174 8.0238944 2.4523854e-18)
(258.83533 8.0311956 1.5737564e-18)
(258.8449 8.0442866 -3.8745877e-18)
(258.84553 8.0448161 -4.0117195e-18)
(258.85501 8.0378739 4.9128493e-18)
(258.86659 8.0525762 4.2896728e-18)
(258.87046 8.0607792 4.5768892e-18)
(258.8755 8.058602 3.0986512e-18)
(258.87545 8.0465304 -5.3896088e-20)
(258.88137 8.0372769 -5.7315567e-18)
(258.88139 8.0340839 -6.7499023e-18)
(258.8975 8.0441515 -3.131871e-18)
(258.90654 8.059093 -7.8758858e-19)
(258.91227 8.0747466 2.4028137e-19)
(258.91271 8.0652501 1.2918123e-18)
(258.93224 8.0562926 3.4955125e-18)
(258.93432 8.0402448 5.9860908e-18)
(258.93074 8.0204291 9.9694744e-18)
(258.93221 8.0198102 9.9198843e-18)
(258.94526 8.0390557 4.9794849e-18)
(258.95816 8.0541204 9.613329e-19)
(258.98568 8.0587979 -4.493838e-20)
(258.99302 8.0687093 -2.5817757e-18)
(258.99488 8.0661501 -1.9631368e-18)
(258.99485 8.0558342 6.0176593e-19)
(258.99535 8.0455463 3.1457668e-18)
(258.99628 8.0372171 5.190117e-18)
(258.99723 8.0312819 6.6318783e-18)
(258.99798 8.0276793 7.4882593e-18)
(258.99852 8.0259094 7.882578e-18)
(258.99893 8.0253024 7.9796489e-18)
(258.99931 8.0253106 7.9147037e-18)
(258.99973 8.0255914 7.7727264e-18)
(259.0002 8.02596 7.5999239e-18)
(259.00073 8.026326 7.4192204e-18)
(259.00132 8.0266485 7.2412618e-18)
(259.00198 8.0269105 7.0706126e-18)
(259.00268 8.0271077 6.9087416e-18)
(259.00344 8.0272404 6.7557582e-18)
(259.00425 8.0273117 6.6111173e-18)
(259.00509 8.0273252 6.4740922e-18)
(259.00598 8.0272845 6.3438259e-18)
(259.0069 8.0271931 6.2195609e-18)
(259.00785 8.027054 6.1005582e-18)
(259.00885 8.0268698 5.9861548e-18)
(259.00987 8.0266427 5.8758039e-18)
(259.01092 8.0263746 5.768964e-18)
(259.01201 8.026067 5.6652034e-18)
(259.01313 8.0257211 5.5641149e-18)
(259.01428 8.025338 5.4653497e-18)
(259.01547 8.0249182 5.3685916e-18)
(259.01668 8.0244625 5.27356e-18)
(259.01793 8.0239711 5.179988e-18)
(259.01921 8.0234443 5.0876556e-18)
(259.02053 8.0228819 4.9963494e-18)
(259.02188 8.0222841 4.9058685e-18)
(259.02327 8.0216504 4.8160353e-18)
(259.0247 8.0209804 4.7266644e-18)
(258.23313 7.892693 -3.2553817e-18)
(258.23613 7.8967232 -3.3527949e-18)
(258.23912 7.9006916 -3.4525314e-18)
(258.24212 7.904604 -3.5549037e-18)
(258.24513 7.9084645 -3.6602192e-18)
(258.24815 7.9122788 -3.768856e-18)
(258.2512 7.9160526 -3.8812364e-18)
(258.25427 7.9197908 -3.9978062e-18)
(258.25737 7.9234993 -4.1190912e-18)
(258.26053 7.9271836 -4.2456656e-18)
(258.26373 7.9308503 -4.3782115e-18)
(258.267 7.9345061 -4.5175007e-18)
(258.27035 7.9381578 -4.6644109e-18)
(258.27378 7.9418139 -4.8199818e-18)
(258.27733 7.9454825 -4.9853843e-18)
(258.28099 7.9491742 -5.1620519e-18)
(258.2848 7.9528992 -5.3515795e-18)
(258.28878 7.9566705 -5.5559159e-18)
(258.29296 7.9605017 -5.7772839e-18)
(258.29736 7.9644076 -6.018232e-18)
(258.30203 7.9684053 -6.2817726e-18)
(258.307 7.9725093 -6.5709829e-18)
(258.3123 7.9767313 -6.8890081e-18)
(258.31796 7.9810701 -7.2381258e-18)
(258.32395 7.9854931 -7.6178367e-18)
(258.33014 7.9898956 -8.0207195e-18)
(258.3362 7.9940187 -8.4238702e-18)
(258.34128 7.9972728 -8.7707497e-18)
(258.34368 7.9984471 -8.9420568e-18)
(258.34037 7.9954033 -8.7289494e-18)
(258.32752 7.985308 -7.8724288e-18)
(258.30264 7.9659326 -6.2262488e-18)
(258.26638 7.9366777 -3.8947641e-18)
(258.22122 7.8975821 -1.151646e-18)
(258.17211 7.851025 1.587918e-18)
(258.15391 7.8367469 2.7958096e-18)
(258.18839 7.8900739 2.1956539e-18)
(258.22261 7.9524622 2.236348e-18)
(258.16307 7.9756493 5.1909817e-18)
(258.20853 8.0430532 5.700713e-18)
(258.20011 8.0412625 5.5021999e-18)
(258.12849 7.97578 4.3097613e-18)
(258.05581 7.9184908 3.0878958e-18)
(257.90127 7.9050001 1.5883282e-18)
(257.86908 7.8851968 1.0836479e-18)
(257.83694 7.922659 1.1445253e-18)
(257.77892 7.9726234 1.0098286e-18)
(257.37862 7.9846478 0)
(257.22847 7.9681564 0)
(256.72251 7.8867899 0)
(255.54487 7.8171961 -4.6071397e-19)
(255.14486 7.8361736 -9.1895118e-19)
(253.02642 7.7988585 2.185391e-20)
(250.95296 7.7989225 -8.6656968e-19)
(250.59665 7.7763049 -3.2226851e-19)
(249.85344 7.7242551 5.3959818e-18)
(251.7127 7.819854 2.0590908e-18)
(256.95299 7.9519234 -2.2305871e-18)
(258.42458 7.9965569 -2.9690074e-18)
(258.68925 8.004848 6.077101e-19)
(258.75918 8.0145189 -7.7254904e-19)
(258.79397 8.0189235 4.3172323e-18)
(258.81726 8.0246602 2.4633297e-18)
(258.83516 8.0318738 1.6095902e-18)
(258.84487 8.0452944 -3.8155192e-18)
(258.85395 8.0402044 4.000942e-18)
(258.85518 8.0380243 5.0868896e-18)
(258.86592 8.051312 4.6399309e-18)
(258.87405 8.0581047 4.3504231e-18)
(258.87622 8.0655427 4.0016758e-18)
(258.88322 8.0552225 -8.8893193e-19)
(258.88227 8.0404653 -4.9139419e-18)
(258.88296 8.037927 -5.8352963e-18)
(258.8977 8.0438327 -3.0308689e-18)
(258.90593 8.0564806 -8.184213e-19)
(258.91084 8.0664829 3.5168153e-19)
(258.91226 8.0609615 1.4758654e-18)
(258.933 8.0555349 3.499593e-18)
(258.935 8.0412091 5.7157921e-18)
(258.93311 8.0259024 8.6900983e-18)
(258.93521 8.0254189 8.5498615e-18)
(258.94661 8.0408448 4.5127219e-18)
(258.97554 8.0468793 3.0033767e-18)
(258.98775 8.0627262 -1.0385725e-18)
(258.9962 8.0769021 -4.6548113e-18)
(258.99693 8.0721357 -3.4739424e-18)
(258.99583 8.0577287 1.2369835e-19)
(258.99607 8.0452658 3.2132988e-18)
(258.99698 8.0356826 5.5709455e-18)
(258.99794 8.0291373 7.1657537e-18)
(258.99864 8.0254833 8.0368019e-18)
(258.99907 8.0240026 8.3610478e-18)
(258.99937 8.0237804 8.3637785e-18)
(258.99966 8.0241347 8.2134866e-18)
(259 8.0246869 8.0042788e-18)
(259.00042 8.0252583 7.7810568e-18)
(259.00091 8.0257741 7.5629295e-18)
(259.00147 8.0262075 7.3571085e-18)
(259.0021 8.026553 7.165419e-18)
(259.00279 8.0268137 6.9874273e-18)
(259.00354 8.0269958 6.8218621e-18)
(259.00433 8.0271059 6.6673177e-18)
(259.00517 8.0271502 6.5223174e-18)
(259.00604 8.0271345 6.385589e-18)
(259.00696 8.0270635 6.2560099e-18)
(259.00791 8.0269413 6.1325802e-18)
(259.0089 8.0267712 6.0144865e-18)
(259.00992 8.0265559 5.9009836e-18)
(259.01097 8.0262979 5.791471e-18)
(259.01205 8.0259989 5.6854018e-18)
(259.01317 8.0256604 5.5823208e-18)
(259.01432 8.0252836 5.4818211e-18)
(259.0155 8.0248695 5.3835351e-18)
(259.01671 8.0244186 5.2871576e-18)
(259.01796 8.0239315 5.1923991e-18)
(259.01924 8.0234084 5.0990165e-18)
(259.02056 8.0228494 5.0067685e-18)
(259.02191 8.0222544 4.9154331e-18)
(259.02329 8.0216234 4.8248364e-18)
(259.02472 8.0209558 4.7347843e-18)
(258.23332 7.8927825 -3.2725649e-18)
(258.23634 7.8968206 -3.3712141e-18)
(258.23935 7.9007979 -3.4723073e-18)
(258.24237 7.9047191 -3.5761444e-18)
(258.2454 7.9085907 -3.6831047e-18)
(258.24844 7.9124175 -3.7935648e-18)
(258.25151 7.9162049 -3.9079539e-18)
(258.25461 7.9199589 -4.0267796e-18)
(258.25775 7.9236853 -4.1505965e-18)
(258.26094 7.9273905 -4.2800412e-18)
(258.26418 7.9310815 -4.4158468e-18)
(258.2675 7.9347649 -4.5588461e-18)
(258.2709 7.9384495 -4.710038e-18)
(258.27441 7.9421442 -4.8705705e-18)
(258.27803 7.9458589 -5.0417847e-18)
(258.28178 7.9496054 -5.2252909e-18)
(258.2857 7.953397 -5.4229845e-18)
(258.28981 7.9572494 -5.6371448e-18)
(258.29415 7.9611812 -5.8705277e-18)
(258.29876 7.9652142 -6.1264269e-18)
(258.30368 7.9693723 -6.4086885e-18)
(258.30898 7.9736856 -6.7220002e-18)
(258.31471 7.978183 -7.0714599e-18)
(258.32095 7.9828923 -7.4624804e-18)
(258.32772 7.9878241 -7.8992732e-18)
(258.33501 7.992934 -8.3809487e-18)
(258.34257 7.9980403 -8.8929106e-18)
(258.34969 8.0026227 -9.385916e-18)
(258.35453 8.0054054 -9.7333975e-18)
(258.35336 8.0037709 -9.6756508e-18)
(258.34083 7.9938404 -8.8468514e-18)
(258.31333 7.9725224 -7.0261362e-18)
(258.27199 7.9392839 -4.366845e-18)
(258.21942 7.8934982 -1.1955096e-18)
(258.15524 7.8306368 2.2533733e-18)
(258.12574 7.8016258 3.8358977e-18)
(258.18068 7.8784196 2.3462134e-18)
(258.21949 7.9454576 2.1413607e-18)
(258.24607 8.0046419 2.9031839e-18)
(258.18539 8.0148211 5.3649401e-18)
(258.17648 8.0145397 5.136555e-18)
(258.12252 7.9682617 4.2115037e-18)
(258.0606 7.9202462 3.1571621e-18)
(258.00345 7.880017 2.2012881e-18)
(257.87123 7.9066194 1.3388409e-18)
(257.83708 7.9319379 1.2547377e-18)
(257.78518 7.9717787 1.0894742e-18)
(257.29576 7.9591817 0)
(257.13058 7.9450747 0)
(256.66985 7.8784668 0)
(255.56538 7.8000187 -3.3145382e-19)
(255.08397 7.8334161 -9.454285e-19)
(252.90277 7.8094157 -2.9541913e-19)
(251.07196 7.806756 -9.5525194e-19)
(250.56589 7.773444 -8.1138688e-20)
(249.82756 7.7231478 5.31848e-18)
(251.6643 7.8202383 2.02132e-18)
(256.95214 7.9529666 -2.1959028e-18)
(258.42517 7.9976024 -2.9978901e-18)
(258.68918 8.0057072 5.9423698e-19)
(258.75902 8.015457 -7.6157218e-19)
(258.79385 8.0197481 4.3368741e-18)
(258.81713 8.0254287 2.4776274e-18)
(258.83501 8.0325505 1.6552989e-18)
(258.84489 8.0463204 -3.7403958e-18)
(258.85381 8.0413026 3.6787965e-18)
(258.85546 8.0379619 5.3564507e-18)
(258.86489 8.0489323 5.1450734e-18)
(258.87381 8.0585871 4.629809e-18)
(258.87672 8.0701136 4.575103e-18)
(258.88329 8.0567281 -4.7219651e-19)
(258.88352 8.0445776 -3.8514696e-18)
(258.88485 8.0425403 -4.7125009e-18)
(258.89842 8.0438283 -2.7647612e-18)
(258.90547 8.0538417 -7.943835e-19)
(258.90985 8.0604779 4.4714622e-19)
(258.93034 8.0655132 2.1441774e-18)
(258.93402 8.0547738 3.4592392e-18)
(258.93603 8.0427848 5.2852296e-18)
(258.93583 8.0318766 7.2717469e-18)
(258.93869 8.0317474 6.9902262e-18)
(258.9633 8.0342923 6.2124245e-18)
(258.97719 8.0486122 2.571131e-18)
(258.98953 8.0658775 -1.834868e-18)
(258.99986 8.0868734 -7.1788139e-18)
(258.99885 8.0780104 -4.95683e-18)
(258.99663 8.0588309 -1.5524521e-19)
(258.99673 8.0443411 3.4416701e-18)
(258.99771 8.0335287 6.10554e-18)
(258.99872 8.0263969 7.8472122e-18)
(258.99936 8.0228257 8.6996567e-18)
(258.99966 8.021815 8.9090625e-18)
(258.99983 8.022115 8.7832912e-18)
(259.00001 8.0228947 8.5278714e-18)
(259.00028 8.0237585 8.2413683e-18)
(259.00064 8.0245518 7.9628503e-18)
(259.00109 8.0252258 7.7051225e-18)
(259.00162 8.0257737 7.470556e-18)
(259.00223 8.0262036 7.257553e-18)
(259.00291 8.0265279 7.0634136e-18)
(259.00364 8.0267587 6.8854508e-18)
(259.00442 8.0269068 6.7211285e-18)
(259.00525 8.0269814 6.5683632e-18)
(259.00612 8.0269899 6.425365e-18)
(259.00703 8.0269387 6.2906411e-18)
(259.00797 8.0268328 6.1629581e-18)
(259.00895 8.0266763 6.0412949e-18)
(259.00997 8.0264725 5.9247839e-18)
(259.01102 8.0262242 5.8127073e-18)
(259.0121 8.0259335 5.7044487e-18)
(259.01321 8.0256021 5.5994649e-18)
(259.01436 8.0252316 5.49731e-18)
(259.01554 8.0248229 5.3975853e-18)
(259.01675 8.0243768 5.2999408e-18)
(259.01799 8.0238939 5.2040708e-18)
(259.01927 8.0233745 5.1096863e-18)
(259.02058 8.0228188 5.0165454e-18)
(259.02193 8.0222269 4.9244331e-18)
(259.02332 8.0215985 4.8331162e-18)
(259.02474 8.0209333 4.7424172e-18)
(258.26178 7.884234 -1.563286e-18)
(258.26082 7.8841471 -1.5098048e-18)
(258.25983 7.8840293 -1.4552913e-18)
(258.25882 7.8838814 -1.3997526e-18)
(258.2578 7.8837043 -1.3432061e-18)
(258.25676 7.8834991 -1.2857088e-18)
(258.2557 7.8832678 -1.2273724e-18)
(258.25463 7.8830127 -1.1683733e-18)
(258.25354 7.882737 -1.1089701e-18)
(258.25246 7.8824452 -1.0495485e-18)
(258.25137 7.8821436 -9.9069532e-19)
(258.2503 7.881841 -9.3322104e-19)
(258.24926 7.8815495 -8.7832196e-19)
(258.24827 7.8812861 -8.2764684e-19)
(258.24735 7.8810745 -7.8356042e-19)
(258.24656 7.8809485 -7.4947352e-19)
(258.24596 7.8809553 -7.3018105e-19)
(258.24563 7.8811616 -7.3248744e-19)
(258.24568 7.8816615 -7.6605205e-19)
(258.2463 7.8825866 -8.4438435e-19)
(258.24771 7.8841187 -9.8621235e-19)
(258.25023 7.8865028 -1.2167352e-18)
(258.25426 7.8900543 -1.5682931e-18)
(258.26028 7.8951529 -2.0796117e-18)
(258.26881 7.9021991 -2.7910832e-18)
(258.28024 7.9115221 -3.7353311e-18)
(258.34905 8.0021696 -9.3674027e-18)
(258.35855 8.0083404 -1.0031349e-17)
(258.36657 8.0132475 -1.0605253e-17)
(258.36861 8.0137834 -1.0775503e-17)
(258.35711 8.0045829 -1.0019882e-17)
(258.32682 7.9813702 -8.004172e-18)
(258.28031 7.9444229 -4.9915233e-18)
(258.2218 7.8938683 -1.4418873e-18)
(258.14737 7.8207217 2.5389062e-18)
(258.1055 7.7766885 4.6019778e-18)
(258.17802 7.8732982 2.3232009e-18)
(258.21783 7.9400546 1.9749459e-18)
(258.24313 7.9944518 2.5613843e-18)
(258.1661 7.9909925 5.0828965e-18)
(258.15717 7.9922254 4.8359028e-18)
(258.11603 7.9598643 4.1026356e-18)
(258.06492 7.921258 3.2161292e-18)
(258.01854 7.8885705 2.4237255e-18)
(257.87305 7.9220917 1.533681e-18)
(257.83853 7.9397243 1.3686836e-18)
(257.79334 7.970315 1.1899663e-18)
(257.22639 7.9390493 0)
(257.05244 7.9262483 0)
(256.65391 7.8739146 0)
(255.45989 7.8207242 -5.5789171e-19)
(254.93809 7.8407744 -1.1095734e-18)
(252.74059 7.8246906 -7.6841616e-19)
(252.27454 7.8131884 -9.0070824e-20)
(250.49702 7.767091 3.1232513e-19)
(249.79807 7.7218376 5.2165547e-18)
(251.6058 7.8204565 1.9688249e-18)
(256.95026 7.9539895 -2.1571886e-18)
(258.42574 7.998656 -3.0298819e-18)
(258.68913 8.0065711 5.8061401e-19)
(258.75887 8.0164015 -7.5051121e-19)
(258.79374 8.0205772 4.3576403e-18)
(258.81703 8.0261996 2.496405e-18)
(258.83487 8.0332239 1.7144415e-18)
(258.84495 8.0473475 -3.6392327e-18)
(258.85362 8.0428696 3.1153945e-18)
(258.86183 8.0446479 4.7278072e-18)
(258.86354 8.0453632 5.8863787e-18)
(258.87297 8.0559141 4.7601651e-18)
(258.87578 8.0640621 4.0878292e-18)
(258.88364 8.0574091 -2.6173734e-19)
(258.88458 8.0478496 -2.9836311e-18)
(258.88628 8.0460614 -3.8121847e-18)
(258.89938 8.0439163 -2.41685e-18)
(258.90524 8.0515594 -7.1291974e-19)
(258.9092 8.0560824 5.3789106e-19)
(258.93227 8.0627162 2.289583e-18)
(258.9352 8.0541358 3.3704557e-18)
(258.93725 8.0445061 4.7965119e-18)
(258.93826 8.0368096 6.0681926e-18)
(258.94171 8.0370476 5.6626343e-18)
(258.96639 8.0366013 5.6458378e-18)
(258.97875 8.0498684 2.2615413e-18)
(258.99057 8.0671942 -2.1650918e-18)
(259.0024 8.0939661 -8.974484e-18)
(258.99989 8.0808427 -5.6716809e-18)
(258.99717 8.0586051 -1.0019564e-19)
(258.99733 8.0426366 3.8648394e-18)
(258.99848 8.0306658 6.8160579e-18)
(258.99959 8.0229577 8.7016997e-18)
(259.00015 8.0196492 9.4910537e-18)
(259.00029 8.0193488 9.5261003e-18)
(259.0003 8.0203318 9.2318461e-18)
(259.00036 8.0216165 8.8513842e-18)
(259.02916 8.0435512 5.5908302e-18)
(259.03078 8.0456719 5.1449342e-18)
(259.03219 8.0470411 4.7614089e-18)
(259.03342 8.0477511 4.4258933e-18)
(259.03451 8.0479227 4.1255519e-18)
(259.03551 8.0476753 3.8506431e-18)
(259.03645 8.0471106 3.594344e-18)
(259.03736 8.0463093 3.3519596e-18)
(259.03825 8.0453326 3.1203205e-18)
(259.03914 8.0442247 2.8971506e-18)
(259.04004 8.043018 2.6808324e-18)
(259.04096 8.0417353 2.4701901e-18)
(259.04189 8.0403928 2.264242e-18)
(259.04284 8.0390019 2.0622387e-18)
(259.04381 8.0375705 1.8635599e-18)
(259.0448 8.0361039 1.6676181e-18)
(259.04583 8.0346058 1.4739676e-18)
(259.04687 8.0330784 1.2821471e-18)
(259.04795 8.0315231 1.0917954e-18)
(259.04905 8.0299404 9.0254144e-19)
(259.05018 8.0283305 7.1404681e-19)
(259.05134 8.026693 5.2600461e-19)
(259.05253 8.0250271 3.3810228e-19)
(259.05375 8.023332 1.5006986e-19)
(259.055 8.0216064 -3.8380054e-20)
(259.05629 8.019849 -2.2751192e-19)
(258.26148 7.8840283 -1.5371184e-18)
(258.26049 7.8839226 -1.4813053e-18)
(258.25947 7.8837836 -1.4241925e-18)
(258.25843 7.8836117 -1.3657447e-18)
(258.25737 7.8834074 -1.3059282e-18)
(258.25628 7.8831715 -1.2447396e-18)
(258.25517 7.8829051 -1.1822329e-18)
(258.25405 7.8826098 -1.1184864e-18)
(258.2529 7.8822881 -1.0536731e-18)
(258.25174 7.8819434 -9.8805596e-19)
(258.25057 7.8815807 -9.2206424e-19)
(258.2494 7.8812073 -8.563683e-19)
(258.24825 7.8808337 -7.9193567e-19)
(258.24713 7.8804749 -7.3022822e-19)
(258.24606 7.8801525 -6.7333983e-19)
(258.2451 7.8798982 -6.2442433e-19)
(258.2443 7.8797574 -5.8805807e-19)
(258.24374 7.8797961 -5.7092097e-19)
(258.24354 7.8801108 -5.8283021e-19)
(258.24389 7.8808401 -6.3796519e-19)
(258.24505 7.8821837 -7.567643e-19)
(258.24736 7.8844205 -9.6777525e-19)
(258.25132 7.8879278 -1.3094442e-18)
(258.25753 7.8931847 -1.8302825e-18)
(258.26668 7.9007438 -2.5853697e-18)
(258.27944 7.9111318 -3.6256783e-18)
(258.29619 7.9246655 -4.9792698e-18)
(258.31654 7.9410653 -6.6149322e-18)
(258.33827 7.9585405 -8.3626896e-18)
(258.35475 7.9717216 -9.7435246e-18)
(258.37689 8.0178889 -1.1430194e-17)
(258.34336 7.9926246 -9.1783775e-18)
(258.29149 7.952202 -5.7791468e-18)
(258.22932 7.8995871 -1.9465899e-18)
(258.15767 7.831078 2.0009512e-18)
(258.12722 7.8018714 3.6781028e-18)
(258.18179 7.8762961 2.0700635e-18)
(258.21803 7.9369525 1.7385093e-18)
(258.24099 7.9853717 2.196806e-18)
(258.2548 8.0197517 2.8261283e-18)
(258.14227 7.9745153 4.6001375e-18)
(258.11013 7.9518152 4.000392e-18)
(258.06849 7.9214928 3.2604339e-18)
(258.03067 7.8950205 2.5973086e-18)
(258.00949 7.880094 2.2048923e-18)
(257.841 7.9458124 1.4803939e-18)
(257.80188 7.9688847 1.298987e-18)
(257.76682 7.9898128 1.1262418e-18)
(256.99941 7.9125932 0)
(256.66851 7.8726315 0)
(255.32956 7.8416193 -8.0983475e-19)
(254.76675 7.85156 -1.3198567e-18)
(252.59505 7.8401258 -1.2579747e-18)
(252.1795 7.8207221 -3.0971511e-19)
(250.36811 7.7549333 9.7946954e-19)
(249.76455 7.7205057 5.0719104e-18)
(251.53392 7.8204489 1.89634e-18)
(256.94696 7.9549812 -2.113542e-18)
(258.42627 7.9997176 -3.0657222e-18)
(258.68909 8.0074394 5.6685085e-19)
(258.75872 8.0173525 -7.3938591e-19)
(258.79365 8.0214103 4.3797303e-18)
(258.81695 8.0269721 2.5212918e-18)
(258.83477 8.033891 1.791948e-18)
(258.84503 8.0483175 -3.4880996e-18)
(258.85335 8.0452914 2.1283159e-18)
(258.86104 8.0430502 5.088184e-18)
(258.86228 8.0417907 6.6521532e-18)
(258.87194 8.0521514 4.8254091e-18)
(258.87473 8.057744 3.6490464e-18)
(258.88419 8.0573758 -2.2505826e-19)
(258.88546 8.050112 -2.3551406e-18)
(258.89596 8.0388711 -3.3788694e-18)
(258.90039 8.0439643 -2.0483011e-18)
(258.90523 8.0496972 -5.8703969e-19)
(258.93276 8.0641846 1.8521023e-18)
(258.93402 8.0604899 2.3649991e-18)
(258.93644 8.0536536 3.2408033e-18)
(258.93854 8.0461007 4.3134443e-18)
(258.94036 8.0406545 5.0942393e-18)
(258.96074 8.0305012 7.2351479e-18)
(258.96933 8.0386106 5.1571447e-18)
(258.98008 8.0504729 2.1191246e-18)
(258.99075 8.0662238 -1.9136721e-18)
(259.00026 8.0867038 -7.1336758e-18)
(258.99943 8.0777443 -4.8892294e-18)
(258.99743 8.0567788 3.5734486e-19)
(258.99788 8.0401218 4.4904479e-18)
(258.9993 8.0270444 7.7146531e-18)
(259.00056 8.0187087 9.7565766e-18)
(259.02062 8.0279768 8.4058784e-18)
(259.02274 8.0314431 7.9160869e-18)
(259.0251 8.0361429 7.1479265e-18)
(259.02734 8.0404942 6.4194374e-18)
(259.02933 8.04395 5.8072411e-18)
(259.03101 8.0464034 5.3050916e-18)
(259.03244 8.0479316 4.8877402e-18)
(259.03365 8.0486858 4.5309626e-18)
(259.03472 8.0488339 4.216144e-18)
(259.03569 8.0485278 3.930648e-18)
(259.0366 8.0478897 3.6660078e-18)
(259.03748 8.0470122 3.4167552e-18)
(259.03836 8.0459625 3.1792043e-18)
(259.03923 8.044788 2.9509109e-18)
(259.04011 8.0435218 2.7301019e-18)
(259.04101 8.0421865 2.5154278e-18)
(259.04193 8.0407978 2.3058858e-18)
(259.04287 8.0393666 2.100686e-18)
(259.04383 8.0378996 1.8990748e-18)
(259.04482 8.0364019 1.7005208e-18)
(259.04584 8.0348762 1.5044654e-18)
(259.04688 8.0333245 1.3104795e-18)
(259.04795 8.0317475 1.118144e-18)
(259.04905 8.0301454 9.2705089e-19)
(259.05018 8.028518 7.368707e-19)
(259.05134 8.0268646 5.4725716e-19)
(259.05253 8.0251843 3.579061e-19)
(259.05375 8.0234759 1.6851569e-19)
(259.05501 8.021738 -2.1207916e-20)
(259.0563 8.0199692 -2.1154293e-19)
(258.26119 7.8838264 -1.511292e-18)
(258.26017 7.8837017 -1.4531525e-18)
(258.25912 7.8835413 -1.3934342e-18)
(258.25804 7.8833452 -1.3320548e-18)
(258.25694 7.8831133 -1.2689405e-18)
(258.25581 7.882846 -1.2040229e-18)
(258.25466 7.8825437 -1.1372709e-18)
(258.25347 7.8822072 -1.0686812e-18)
(258.25226 7.881838 -9.9831312e-19)
(258.25102 7.8814383 -9.2629802e-19)
(258.24977 7.8810116 -8.5290535e-19)
(258.2485 7.8805636 -7.7859445e-19)
(258.24722 7.8801025 -7.041122e-19)
(258.24596 7.879641 -6.3061611e-19)
(258.24474 7.8791976 -5.5989724e-19)
(258.24358 7.8788003 -4.9467615e-19)
(258.24255 7.8784915 -4.3916384e-19)
(258.24173 7.8783348 -3.9974025e-19)
(258.24124 7.8784251 -3.8600854e-19)
(258.24125 7.878905 -4.124623e-19)
(258.24206 7.8799874 -5.0083097e-19)
(258.24405 7.8819834 -6.8281952e-19)
(258.24779 7.8853328 -1.0031476e-18)
(258.25402 7.8906271 -1.5214592e-18)
(258.26367 7.8985862 -2.3092089e-18)
(258.27768 7.9099818 -3.4405134e-18)
(258.29685 7.9254537 -4.9722529e-18)
(258.32132 7.9451674 -6.9101283e-18)
(258.3495 7.9678705 -9.1250367e-18)
(258.37422 7.9877514 -1.1087327e-17)
(258.37709 7.9897949 -1.1504404e-17)
(258.34488 7.963087 -9.5303687e-18)
(258.30513 7.9622252 -6.7075879e-18)
(258.24134 7.9098454 -2.6834034e-18)
(258.17912 7.8533744 9.2665177e-19)
(258.15734 7.8362698 2.3614126e-18)
(258.19038 7.8851749 1.6285126e-18)
(258.22 7.9361519 1.4402961e-18)
(258.23988 7.9780738 1.8267138e-18)
(258.25197 8.0076129 2.3269126e-18)
(258.13088 7.9605648 4.4149348e-18)
(258.10519 7.9446207 3.9104604e-18)
(258.07133 7.9210988 3.2902251e-18)
(258.04027 7.8996999 2.7286169e-18)
(258.02168 7.886678 2.370058e-18)
(257.84404 7.9504363 1.5870934e-18)
(257.81002 7.9677089 1.408918e-18)
(257.78135 7.9836337 1.2688489e-18)
(256.96698 7.9030178 0)
(256.69789 7.8729388 0)
(255.21975 7.8554981 -1.0024209e-18)
(254.64552 7.8603695 -1.482126e-18)
(252.52456 7.8365233 -1.087642e-18)
(252.03927 7.8109392 1.3431622e-19)
(250.16014 7.7338118 2.1360572e-18)
(249.72727 7.7198543 4.8366041e-18)
(251.44436 7.8201332 1.797544e-18)
(256.94169 7.9559265 -2.0637758e-18)
(258.42674 8.0007871 -3.1064153e-18)
(258.68905 8.0083122 5.529582e-19)
(258.75859 8.0183104 -7.2822064e-19)
(258.79357 8.0222478 4.4034242e-18)
(258.8169 8.0277452 2.5548006e-18)
(258.8347 8.0345474 1.8934011e-18)
(258.84508 8.0490506 -3.2211443e-18)
(258.85308 8.049216 4.1598461e-19)
(258.8607 8.0442656 4.3768617e-18)
(258.86209 8.0419684 6.3628854e-18)
(258.87121 8.0490833 4.8132881e-18)
(258.87397 8.0532993 3.403062e-18)
(258.88484 8.0569654 -2.7220299e-19)
(258.88621 8.051568 -1.9161541e-18)
(258.89788 8.0400097 -2.7582131e-18)
(258.90137 8.0439345 -1.6911285e-18)
(258.90537 8.0482047 -4.3323575e-19)
(258.93449 8.0618772 1.9307954e-18)
(258.9356 8.0587456 2.3829938e-18)
(258.93768 8.0533067 3.0826689e-18)
(258.93983 8.0474598 3.8657246e-18)
(258.94215 8.0436055 4.3100462e-18)
(258.96474 8.0331787 6.5920277e-18)
(258.97194 8.040165 4.785132e-18)
(258.98117 8.0504346 2.141748e-18)
(258.99035 8.0635804 -1.2358612e-18)
(258.99749 8.0767383 -4.6064977e-18)
(258.99823 8.0711142 -3.2148366e-18)
(258.99747 8.0535871 1.1583173e-18)
(258.99838 8.0369166 5.2885468e-18)
(259.01794 8.0314237 7.083838e-18)
(259.0184 8.0231531 9.3442424e-18)
(259.01987 8.0234192 9.5870761e-18)
(259.02233 8.0288871 8.6733841e-18)
(259.025 8.0351563 7.6043775e-18)
(259.02747 8.0405195 6.7034751e-18)
(259.02958 8.0445795 5.9969368e-18)
(259.03132 8.0473521 5.4432437e-18)
(259.03275 8.0490064 4.9970001e-18)
(259.03394 8.0497668 4.6227769e-18)
(259.03497 8.0498549 4.2964693e-18)
(259.0359 8.0494589 4.0024419e-18)
(259.03678 8.048723 3.7309333e-18)
(259.03763 8.0477509 3.4758268e-18)
(259.03847 8.0466151 3.2331982e-18)
(259.03932 8.0453645 3.0003846e-18)
(259.04019 8.0440318 2.7755147e-18)
(259.04107 8.0426391 2.5572049e-18)
(259.04198 8.041201 2.3444096e-18)
(259.04291 8.0397269 2.1362373e-18)
(259.04387 8.0382231 1.9319839e-18)
(259.04485 8.0366932 1.7309949e-18)
(259.04586 8.0351395 1.5327574e-18)
(259.0469 8.033563 1.3367563e-18)
(259.04797 8.0319642 1.1425743e-18)
(259.04907 8.0303428 9.4980471e-19)
(259.05019 8.028698 7.580563e-19)
(259.05135 8.027029 5.6700248e-19)
(259.05254 8.0253346 3.7631753e-19)
(259.05376 8.0236133 1.8566574e-19)
(259.05501 8.0218636 -5.2375461e-21)
(259.0563 8.0200838 -1.9666881e-19)
(258.26091 7.8836287 -1.485881e-18)
(258.25985 7.8834851 -1.425415e-18)
(258.25878 7.8833032 -1.3631001e-18)
(258.25767 7.8830827 -1.2987991e-18)
(258.25653 7.8828231 -1.2323731e-18)
(258.25535 7.882524 -1.1636948e-18)
(258.25414 7.8821852 -1.092658e-18)
(258.2529 7.8818067 -1.0191552e-18)
(258.25162 7.8813888 -9.4312872e-19)
(258.25031 7.8809324 -8.6456564e-19)
(258.24896 7.8804394 -7.8353655e-19)
(258.24759 7.8799134 -7.0030284e-19)
(258.24619 7.8793601 -6.1529199e-19)
(258.24478 7.8787889 -5.2934944e-19)
(258.24338 7.8782149 -4.4383477e-19)
(258.24202 7.8776612 -3.6096222e-19)
(258.24073 7.8771649 -2.8433622e-19)
(258.23961 7.8767843 -2.1975117e-19)
(258.23877 7.8766098 -1.7627731e-19)
(258.23838 7.8767827 -1.6820408e-19)
(258.23873 7.8775233 -2.1793949e-19)
(258.24026 7.8791692 -3.5982339e-19)
(258.2436 7.8822224 -6.4487752e-19)
(258.24966 7.8873906 -1.1444407e-18)
(258.25959 7.8955902 -1.9494554e-18)
(258.27471 7.9078696 -3.1606394e-18)
(258.29626 7.9252468 -4.8691376e-18)
(258.32509 7.9484596 -7.1290393e-18)
(258.36081 7.9772587 -9.8925723e-18)
(258.39693 8.006416 -1.2665655e-17)
(258.40633 8.0138116 -1.3519554e-17)
(258.36655 7.9809425 -1.0975051e-17)
(258.30545 7.9304471 -7.1133362e-18)
(258.25594 7.9226672 -3.5581837e-18)
(258.20203 7.8768359 -2.4391752e-19)
(258.18281 7.8645379 1.1928072e-18)
(258.20111 7.8964467 1.087746e-18)
(258.22336 7.9371705 1.0954595e-18)
(258.23978 7.9726322 1.4585033e-18)
(258.25017 7.9980905 1.8819724e-18)
(258.25518 8.0102838 2.0532872e-18)
(258.10122 7.9383968 3.8327211e-18)
(258.07356 7.9202746 3.3074957e-18)
(258.04785 7.9030022 2.8257089e-18)
(258.03149 7.8917163 2.4964545e-18)
(257.8473 7.9538935 1.687478e-18)
(257.81742 7.9667978 1.5155767e-18)
(257.79319 7.9790178 1.396006e-18)
(256.9492 7.8963332 0)
(256.73106 7.8737144 0)
(256.53304 7.8513334 0)
(254.59436 7.866397 -1.57638e-18)
(252.46722 7.8179341 -3.7355904e-19)
(251.8345 7.7876621 1.1127617e-18)
(249.86223 7.6987177 4.2042929e-18)
(249.68744 7.7219464 4.3776618e-18)
(251.33264 7.8194056 1.6697447e-18)
(254.33196 7.8744241 7.7718163e-18)
(257.83412 7.9801914 -9.0193699e-19)
(258.68903 8.0091894 5.3895429e-19)
(258.75847 8.0192754 -7.1705074e-19)
(258.80351 8.0297797 6.4781719e-19)
(258.82546 8.0386149 -6.1693563e-18)
(258.83468 8.0351901 2.0197459e-18)
(258.84488 8.049071 -2.6554082e-18)
(258.85304 8.0558439 -2.587661e-18)
(258.86056 8.0475577 2.8022325e-18)
(258.86255 8.044797 5.1923447e-18)
(258.8709 8.0470059 4.6959449e-18)
(258.88454 8.0604627 8.7855792e-19)
(258.88552 8.0564161 -3.4079151e-19)
(258.88686 8.0524419 -1.6107887e-18)
(258.89945 8.0407907 -2.2428839e-18)
(258.90226 8.043837 -1.3585209e-18)
(258.90561 8.047008 -2.6613567e-19)
(258.936 8.0600173 1.9662857e-18)
(258.93703 8.0573771 2.3577379e-18)
(258.9389 8.0530565 2.9083876e-18)
(258.94107 8.0485657 3.4629814e-18)
(258.96533 8.0324188 6.882801e-18)
(258.96806 8.0352467 6.1026289e-18)
(258.97418 8.0412527 4.5327428e-18)
(258.98204 8.0498909 2.2946432e-18)
(258.98979 8.0602385 -3.7876745e-19)
(258.99547 8.0684864 -2.5117504e-18)
(258.99707 8.0641116 -1.4456709e-18)
(258.99742 8.0496192 2.1548505e-18)
(259.01732 8.041651 4.3878477e-18)
(259.01747 8.0261583 8.425694e-18)
(259.01737 8.0161828 1.1063935e-17)
(259.01895 8.0180813 1.0926372e-17)
(259.02192 8.0263027 9.4305567e-18)
(259.02498 8.0344019 8.0188195e-18)
(259.02769 8.0408412 6.9446265e-18)
(259.02992 8.0455037 6.1516917e-18)
(259.03171 8.0485627 5.5549125e-18)
(259.03312 8.0502953 5.0865372e-18)
(259.03428 8.0510106 4.700014e-18)
(259.03526 8.0509931 4.3656268e-18)
(259.03615 8.0504707 4.0654271e-18)
(259.03698 8.0496096 3.7886828e-18)
(259.03779 8.0485234 3.5289087e-18)
(259.03861 8.0472875 3.2820134e-18)
(259.03943 8.045951 3.0453132e-18)
(259.04028 8.0445453 2.816891e-18)
(259.04115 8.0430908 2.5953726e-18)
(259.04204 8.0416002 2.379654e-18)
(259.04296 8.0400816 2.1688417e-18)
(259.04391 8.0385393 1.9621486e-18)
(259.04488 8.0369766 1.7589823e-18)
(259.04589 8.0353943 1.5587263e-18)
(259.04692 8.0337931 1.3609109e-18)
(259.04799 8.0321724 1.1650442e-18)
(259.04908 8.0305318 9.7072459e-19)
(259.05021 8.02887 7.7756703e-19)
(259.05136 8.0271857 5.8518723e-19)
(259.05255 8.0254774 3.9326436e-19)
(259.05377 8.0237438 2.0148718e-19)
(259.05502 8.0219828 9.5301771e-21)
(259.05631 8.0201925 -1.82922e-19)
(258.26063 7.883436 -1.4609594e-18)
(258.25955 7.8832734 -1.3981932e-18)
(258.25844 7.88307 -1.3332896e-18)
(258.2573 7.8828251 -1.2660712e-18)
(258.25612 7.8825377 -1.1963529e-18)
(258.2549 7.8822067 -1.1239188e-18)
(258.25364 7.8818311 -1.0485796e-18)
(258.25234 7.8814101 -9.7013036e-19)
(258.251 7.8809427 -8.8838795e-19)
(258.2496 7.8804283 -8.0316142e-19)
(258.24817 7.8798673 -7.143494e-19)
(258.24668 7.8792605 -6.2191911e-19)
(258.24515 7.878611 -5.2602298e-19)
(258.24359 7.8779245 -4.2706482e-19)
(258.242 7.8772111 -3.2591069e-19)
(258.24041 7.8764885 -2.2413896e-19)
(258.23886 7.8757863 -1.2457441e-19)
(258.2374 7.8751544 -3.2068747e-20)
(258.23615 7.8746742 4.5271891e-20)
(258.23528 7.8744801 9.394921e-20)
(258.23507 7.8747916 9.1708069e-20)
(258.23597 7.8759633 2.473163e-21)
(258.2387 7.8785533 -2.3048292e-19)
(258.24433 7.8833918 -6.9101929e-19)
(258.25427 7.8916112 -1.4919177e-18)
(258.27026 7.9045768 -2.7649966e-18)
(258.29401 7.9237122 -4.6388085e-18)
(258.32717 7.950383 -7.2211161e-18)
(258.37106 7.9857729 -1.0583706e-17)
(258.42249 8.0273831 -1.4454604e-17)
(258.4426 8.0435516 -1.6040696e-17)
(258.3891 7.9995074 -1.2483009e-17)
(258.3198 7.942335 -7.9982577e-18)
(258.25767 7.8909139 -4.1772009e-18)
(258.22275 7.8976305 -1.3308455e-18)
(258.20361 7.8869192 1.9140396e-19)
(258.21209 7.9077719 5.1916026e-19)
(258.2276 7.9393736 7.2213312e-19)
(258.24054 7.9688232 1.0960387e-18)
(258.24921 7.9906989 1.4794994e-18)
(258.25374 8.0022787 1.6628673e-18)
(258.25512 8.0047451 1.5974472e-18)
(258.07534 7.9191937 3.3143816e-18)
(258.05388 7.9052773 2.8957794e-18)
(258.03947 7.8955732 2.5923143e-18)
(258.03394 7.891287 2.4223949e-18)
(257.82401 7.9660811 1.6169505e-18)
(257.80296 7.9755038 1.5108265e-18)
(257.7925 7.9802603 1.4913731e-18)
(256.76292 7.8744873 0)
(256.60906 7.8576666 0)
(254.59598 7.8703863 -1.6207275e-18)
(253.95965 7.8793421 -2.1536601e-18)
(251.67165 7.7682386 1.922261e-18)
(249.5995 7.6625458 6.4957999e-18)
(249.64106 7.7306488 3.3921155e-18)
(251.19903 7.8181677 1.5371042e-18)
(254.28504 7.8735143 7.9323768e-18)
(257.83157 7.9808635 -9.015519e-19)
(258.68902 8.0100709 5.2486678e-19)
(258.75837 8.0202479 -7.0592648e-19)
(258.80343 8.0307809 6.1739349e-19)
(258.82545 8.0396581 -6.2958717e-18)
(258.83471 8.0358318 2.1399476e-18)
(258.84405 8.0475217 -1.384784e-18)
(258.85336 8.0629265 -5.8591805e-18)
(258.8605 8.0502343 1.4898988e-18)
(258.86763 8.0404976 5.9899759e-18)
(258.8709 8.0456461 4.4948837e-18)
(258.88537 8.0587237 5.3002243e-19)
(258.88618 8.0558333 -4.0408613e-19)
(258.89974 8.0399313 -2.1321195e-18)
(258.90075 8.0413228 -1.8074575e-18)
(258.90308 8.0436945 -1.0545297e-18)
(258.93733 8.059053 1.7562955e-18)
(258.93735 8.0584983 1.9691494e-18)
(258.93832 8.0562902 2.3018989e-18)
(258.94006 8.0528651 2.7280826e-18)
(258.96818 8.0336773 6.7043899e-18)
(258.9682 8.0341752 6.4804047e-18)
(258.97083 8.0368169 5.7393115e-18)
(258.97609 8.0419337 4.3848361e-18)
(258.98278 8.0490225 2.5319463e-18)
(258.98932 8.0568603 4.8958254e-19)
(258.99409 8.0618957 -8.3612736e-19)
(258.99619 8.0578697 1.3260857e-19)
(259.01663 8.0540182 1.1413655e-18)
(259.01745 8.0379998 5.3503774e-18)
(259.01697 8.0206727 9.8087477e-18)
(259.01598 8.0075344 1.3142347e-17)
(259.01787 8.0120596 1.2392909e-17)
(259.02157 8.0239607 1.0127671e-17)
(259.02508 8.034045 8.3596996e-18)
(259.02803 8.0415612 7.127671e-18)
(259.03038 8.0467927 6.2639241e-18)
(259.03219 8.0500835 5.6361778e-18)
(259.03358 8.0518273 5.1544781e-18)
(259.03468 8.0524318 4.7614979e-18)
(259.0356 8.0522535 4.4229823e-18)
(259.03642 8.051563 4.1192414e-18)
(259.0372 8.0505467 3.8389871e-18)
(259.03797 8.0493257 3.5757398e-18)
(259.03875 8.0479759 3.3254676e-18)
(259.03955 8.0465441 3.0855334e-18)
(259.04038 8.0450593 2.8541056e-18)
(259.04123 8.0435389 2.6297952e-18)
(259.04211 8.0419931 2.4115002e-18)
(259.04302 8.040428 2.1983205e-18)
(259.04395 8.0388467 1.989513e-18)
(259.04492 8.0372503 1.7843577e-18)
(259.04592 8.0356395 1.5823243e-18)
(259.04695 8.0340133 1.3828495e-18)
(259.04801 8.0323712 1.1854907e-18)
(259.0491 8.0307116 9.8977635e-19)
(259.05023 8.0290331 7.9533043e-19)
(259.05138 8.027334 6.0177208e-19)
(259.05256 8.0256127 4.0876595e-19)
(259.05378 8.0238669 2.1594705e-19)
(259.05504 8.0220951 2.3019062e-20)
(259.05632 8.020295 -1.7032893e-19)
(258.26036 7.8832487 -1.4365891e-18)
(258.25926 7.8830673 -1.3715567e-18)
(258.25812 7.8828427 -1.3041045e-18)
(258.25694 7.8825735 -1.234005e-18)
(258.25572 7.8822583 -1.1610026e-18)
(258.25446 7.8818955 -1.0848449e-18)
(258.25315 7.8814831 -1.0052202e-18)
(258.25179 7.8810193 -9.2183131e-19)
(258.25038 7.880502 -8.3434137e-19)
(258.24891 7.8799291 -7.4241732e-19)
(258.24738 7.8792986 -6.4571388e-19)
(258.24578 7.8786092 -5.4393564e-19)
(258.24412 7.8778604 -4.36865e-19)
(258.2424 7.8770539 -3.2447441e-19)
(258.24061 7.8761943 -2.0701517e-19)
(258.23878 7.8752917 -8.52849e-20)
(258.23694 7.8743671 3.8855903e-20)
(258.23511 7.8734584 1.6181666e-19)
(258.23341 7.8726334 2.7696946e-19)
(258.23197 7.8720115 3.7238772e-19)
(258.23108 7.8718012 4.2701627e-19)
(258.23118 7.872362 4.0429756e-19)
(258.23306 7.8742945 2.4305182e-19)
(258.23792 7.8785504 -1.531941e-19)
(258.24753 7.8865063 -9.223308e-19)
(258.26403 7.8998818 -2.2317759e-18)
(258.28968 7.9205096 -4.2488135e-18)
(258.32676 7.9503016 -7.1279216e-18)
(258.37841 7.9919257 -1.1065652e-17)
(258.44831 8.0485392 -1.627268e-17)
(258.48758 8.0803639 -1.9195741e-17)
(258.40914 8.016002 -1.3822637e-17)
(258.33205 7.9525043 -8.7392877e-18)
(258.27108 7.9020799 -4.919485e-18)
(258.22692 7.8654544 -2.2590817e-18)
(258.22059 7.9046661 -6.6393685e-19)
(258.22239 7.9180993 -3.6072654e-20)
(258.23228 7.9422035 3.3764375e-19)
(258.24194 7.9663218 7.4271099e-19)
(258.24891 7.9850082 1.111252e-18)
(258.2528 7.9957405 1.3098375e-18)
(258.25416 7.9990665 1.3033203e-18)
(258.07678 7.9179966 3.3129413e-18)
(258.05872 7.9068063 2.9446282e-18)
(258.04602 7.8985303 2.6639155e-18)
(258.0403 7.8943785 2.4878423e-18)
(257.82979 7.9654852 1.7121978e-18)
(257.81112 7.9727621 1.6154949e-18)
(257.80094 7.9767564 1.5937008e-18)
(256.79166 7.875116 0)
(256.66816 7.86218 0)
(254.6264 7.8730864 -1.6377785e-18)
(254.1593 7.8782005 -2.0251803e-18)
(251.61821 7.757944 2.3268373e-18)
(249.81295 7.7059733 3.3598497e-18)
(249.56359 7.7477914 1.5282028e-18)
(251.0729 7.8164851 1.5674303e-18)
(254.22819 7.8723011 8.1093283e-18)
(257.82754 7.9814871 -8.939104e-19)
(258.68902 8.0109564 5.1073686e-19)
(258.75828 8.0212283 -6.9491812e-19)
(258.80339 8.031801 5.7003398e-19)
(258.82549 8.0406991 -6.4288024e-18)
(258.83471 8.0365839 2.0600675e-18)
(258.84247 8.0439677 1.0300905e-18)
(258.85214 8.0537576 -1.516283e-18)
(258.86066 8.0515515 8.1038014e-19)
(258.86875 8.0412073 5.387567e-18)
(258.87109 8.0447088 4.2517867e-18)
(258.8861 8.0573432 2.8199114e-19)
(258.8868 8.055252 -4.5426887e-19)
(258.90092 8.0404966 -1.7450142e-18)
(258.90185 8.0416835 -1.4339789e-18)
(258.90383 8.0435294 -7.7892105e-19)
(258.93841 8.057792 1.7518812e-18)
(258.93855 8.057239 1.9478691e-18)
(258.93951 8.0554096 2.2256752e-18)
(258.94116 8.0527033 2.5488859e-18)
(258.97029 8.0349567 6.4275107e-18)
(258.97066 8.0355988 6.1624768e-18)
(258.97315 8.0379914 5.4767269e-18)
(258.97772 8.0422943 4.3196856e-18)
(258.98343 8.0479863 2.8138673e-18)
(258.989 8.0537505 1.291758e-18)
(258.99319 8.0566222 5.0759514e-19)
(259.01633 8.0619022 -9.9449937e-19)
(259.01728 8.0503857 2.0981397e-18)
(259.01765 8.0348523 6.1894849e-18)
(259.01652 8.0157944 1.103547e-17)
(259.01412 7.9968184 1.5652318e-17)
(259.01673 8.0059672 1.3843178e-17)
(259.02137 8.0222948 1.0674392e-17)
(259.02534 8.0342753 8.5934422e-18)
(259.02853 8.0427862 7.2388512e-18)
(259.03097 8.0485198 6.3274179e-18)
(259.03279 8.0519638 5.6841399e-18)
(259.03411 8.0536307 5.1993663e-18)
(259.03513 8.0540422 4.8067113e-18)
(259.03597 8.053638 4.4683177e-18)
(259.03672 8.0527325 4.1636572e-18)
(259.03744 8.0515292 3.8816938e-18)
(259.03817 8.0501522 3.6161576e-18)
(259.03891 8.0486748 3.3633829e-18)
(259.03968 8.0471391 3.1209003e-18)
(259.04048 8.0455697 2.8869933e-18)
(259.04132 8.0439798 2.6603211e-18)
(259.04218 8.042377 2.4398468e-18)
(259.04308 8.0407644 2.2246364e-18)
(259.04401 8.0391431 2.0139399e-18)
(259.04497 8.0375132 1.807082e-18)
(259.04596 8.0358736 1.6034565e-18)
(259.04699 8.034223 1.4025484e-18)
(259.04804 8.0325596 1.2038389e-18)
(259.04913 8.0308816 1.006913e-18)
(259.05025 8.0291867 8.1131863e-19)
(259.0514 8.0274735 6.1673015e-19)
(259.05258 8.0257393 4.2273081e-19)
(259.0538 8.0239823 2.2901151e-19)
(259.05505 8.0222002 3.5236907e-20)
(259.05634 8.0203909 -1.5890711e-19)
(258.2601 7.8830675 -1.4128388e-18)
(258.25897 7.8828676 -1.3455848e-18)
(258.25781 7.8826219 -1.2756242e-18)
(258.2566 7.8823288 -1.2026917e-18)
(258.25534 7.8819862 -1.1264744e-18)
(258.25404 7.8815917 -1.0466222e-18)
(258.25268 7.8811429 -9.6277051e-19)
(258.25126 7.8806364 -8.7446807e-19)
(258.24978 7.8800692 -7.8126448e-19)
(258.24823 7.8794374 -6.8264686e-19)
(258.2466 7.8787371 -5.780401e-19)
(258.2449 7.877964 -4.6685222e-19)
(258.2431 7.8771141 -3.4846063e-19)
(258.24121 7.8761844 -2.2235405e-19)
(258.23923 7.875173 -8.8098351e-20)
(258.23715 7.8740823 5.4372802e-20)
(258.23499 7.8729216 2.0440083e-19)
(258.23277 7.8717141 3.5997438e-19)
(258.23057 7.8705083 5.1651208e-19)
(258.22849 7.8694005 6.6452637e-19)
(258.22679 7.868575 7.8547568e-19)
(258.2259 7.8683768 8.4429559e-19)
(258.22664 7.8694297 7.7728737e-19)
(258.23036 7.8728019 4.7559733e-19)
(258.23917 7.8801376 -2.2664207e-19)
(258.25576 7.8935713 -1.5395209e-18)
(258.28288 7.915336 -3.6695489e-18)
(258.32313 7.9476155 -6.7931357e-18)
(258.38062 7.9939019 -1.1173564e-17)
(258.4661 8.0631156 -1.752149e-17)
(258.53812 8.1216555 -2.2770538e-17)
(258.4213 8.0260411 -1.4618681e-17)
(258.34067 7.9596926 -9.2332457e-18)
(258.28214 7.9113159 -5.5124333e-18)
(258.24139 7.8775286 -3.011279e-18)
(258.22023 7.8599655 -1.6864915e-18)
(258.23166 7.9271049 -5.5685261e-19)
(258.23704 7.9452645 -4.3503691e-20)
(258.24378 7.9648005 4.018863e-19)
(258.24911 7.9806481 7.7171527e-19)
(258.25227 7.9904019 9.8824445e-19)
(258.25345 7.9941409 1.0297367e-18)
(258.07797 7.9167758 3.3046102e-18)
(258.06266 7.9078067 2.976794e-18)
(258.05146 7.9008038 2.7160438e-18)
(258.0458 7.8969396 2.5380175e-18)
(257.83481 7.9649488 1.8011695e-18)
(257.818 7.97056 1.7116059e-18)
(257.80812 7.9738452 1.6879565e-18)
(256.81698 7.8755953 0)
(256.7152 7.865462 0)
(254.66881 7.8749626 -1.6427258e-18)
(254.31264 7.8776738 -1.9357692e-18)
(251.65322 7.7542953 2.4304142e-18)
(249.89733 7.7316328 1.3354471e-18)
(249.47213 7.7649915 -4.8100549e-19)
(251.07371 7.8148262 2.4386041e-18)
(254.17075 7.8711065 8.2617055e-18)
(257.82137 7.9820383 -8.7558455e-19)
(258.68903 8.0118458 4.9662604e-19)
(258.75821 8.0222172 -6.8413114e-19)
(258.80339 8.0328446 4.9841734e-19)
(258.82558 8.0416633 -6.5122527e-18)
(258.83442 8.037984 9.9252755e-19)
(258.84096 8.0402566 3.6172458e-18)
(258.85109 8.0479939 1.2339817e-18)
(258.86104 8.051867 5.9699629e-19)
(258.86962 8.0415565 4.8951276e-18)
(258.87135 8.0440069 3.9993143e-18)
(258.88673 8.0562025 1.0339858e-19)
(258.88737 8.0546806 -4.9050736e-19)
(258.90194 8.0409354 -1.4062464e-18)
(258.90281 8.0419283 -1.109441e-18)
(258.9045 8.0433589 -5.2990897e-19)
(258.93939 8.0566864 1.7336821e-18)
(258.93964 8.0561776 1.9091816e-18)
(258.94059 8.0546778 2.1368653e-18)
(258.94218 8.0525498 2.3755349e-18)
(258.97219 8.0360705 6.1938278e-18)
(258.97279 8.0367518 5.9136764e-18)
(258.97512 8.0388584 5.2929146e-18)
(258.97912 8.0424206 4.3155294e-18)
(258.98404 8.0468956 3.1115729e-18)
(258.98885 8.0510099 2.0022116e-18)
(259.01715 8.0632075 -1.5163295e-18)
(259.01733 8.057842 4.8176378e-20)
(259.01793 8.0473505 2.9079141e-18)
(259.01795 8.0325877 6.8139489e-18)
(259.01635 8.0128091 1.1807883e-17)
(259.01188 7.9847973 1.8403699e-17)
(259.01596 8.0017711 1.485012e-17)
(259.02148 8.0218367 1.0966939e-17)
(259.02581 8.0352744 8.6917676e-18)
(259.02919 8.0446142 7.2685777e-18)
(259.03172 8.050758 6.3380848e-18)
(259.0335 8.054253 5.697212e-18)
(259.03474 8.0557301 5.2209005e-18)
(259.03564 8.0558487 4.8355974e-18)
(259.03638 8.0551429 4.5016149e-18)
(259.03705 8.0539712 4.1987044e-18)
(259.0377 8.0525482 3.9166818e-18)
(259.03838 8.0509951 3.6500802e-18)
(259.03908 8.0493775 3.395657e-18)
(259.03982 8.0477306 3.1512983e-18)
(259.0406 8.0460721 2.9154541e-18)
(259.04141 8.0444104 2.6868882e-18)
(259.04226 8.0427489 2.4645787e-18)
(259.04315 8.0410881 2.2476785e-18)
(259.04407 8.0394268 2.035379e-18)
(259.04502 8.0377635 1.8270643e-18)
(259.04601 8.0360956 1.6220872e-18)
(259.04703 8.0344209 1.4199314e-18)
(259.04808 8.0327368 1.2200773e-18)
(259.04916 8.0310407 1.0220724e-18)
(259.05028 8.0293305 8.2552243e-19)
(259.05143 8.0276033 6.2999471e-19)
(259.05261 8.0258572 4.3516807e-19)
(259.05382 8.0240896 2.4067002e-19)
(259.05507 8.0222979 4.6153674e-20)
(259.05636 8.0204799 -1.4867798e-19)
(258.25986 7.8828929 -1.3897767e-18)
(258.2587 7.8826749 -1.3203577e-18)
(258.25751 7.8824086 -1.2479619e-18)
(258.25627 7.8820919 -1.1722498e-18)
(258.25497 7.8817223 -1.0928815e-18)
(258.25363 7.8812968 -1.0094203e-18)
(258.25222 7.8808119 -9.2140382e-19)
(258.25075 7.8802634 -8.2828376e-19)
(258.2492 7.8796468 -7.294483e-19)
(258.24757 7.8789564 -6.2419208e-19)
(258.24585 7.8781864 -5.1173645e-19)
(258.24403 7.8773295 -3.9116333e-19)
(258.2421 7.8763781 -2.6147351e-19)
(258.24005 7.8753235 -1.2154061e-19)
(258.23786 7.8741574 2.9749792e-20)
(258.23552 7.8728726 1.9347506e-19)
(258.23303 7.8714656 3.7034222e-19)
(258.2304 7.8699418 5.6021651e-19)
(258.22766 7.8683248 7.6113343e-19)
(258.22488 7.8666784 9.6700543e-19)
(258.22225 7.8651474 1.1634127e-18)
(258.22018 7.8640378 1.3192546e-18)
(258.21946 7.863966 1.3714177e-18)
(258.22158 7.8660962 1.2006036e-18)
(258.22904 7.8723771 6.08564e-19)
(258.24519 7.8854549 -6.683562e-19)
(258.27329 7.9079493 -2.8762501e-18)
(258.31577 7.9419353 -6.1785704e-18)
(258.37598 7.9903185 -1.077823e-17)
(258.46313 8.060786 -1.7273289e-17)
(258.52882 8.1141041 -2.2091435e-17)
(258.42126 8.0260975 -1.4560283e-17)
(258.34485 7.963237 -9.4232425e-18)
(258.29042 7.91826 -5.9273675e-18)
(258.25293 7.8871736 -3.5924919e-18)
(258.23214 7.8699168 -2.2759398e-18)
(258.2256 7.8644781 -1.7594123e-18)
(258.24165 7.9482959 -4.1083709e-19)
(258.24587 7.9639739 7.6453887e-20)
(258.24967 7.9773164 4.5741629e-19)
(258.25206 7.9860344 6.9367289e-19)
(258.25294 7.9898829 7.7565364e-19)
(258.25262 7.9899978 7.4054356e-19)
(258.06592 7.9084385 2.9956517e-18)
(258.05602 7.9025623 2.7524419e-18)
(258.05057 7.8990683 2.5750569e-18)
(257.83915 7.964428 1.8840753e-18)
(257.82382 7.968734 1.8003806e-18)
(257.81428 7.9713816 1.7753782e-18)
(256.83908 7.8759554 0)
(256.75344 7.8678992 0)
(254.71405 7.8762755 -1.643685e-18)
(254.43281 7.8774598 -1.8736965e-18)
(251.72903 7.753839 2.3896264e-18)
(249.93185 7.7453183 1.8175821e-19)
(249.58545 7.764473 6.4151001e-19)
(251.32041 7.8125754 5.260589e-18)
(254.16129 7.8715748 8.2068812e-18)
(257.81193 7.9824779 -8.4090313e-19)
(258.68903 8.0127386 4.8263503e-19)
(258.75815 8.0232153 -6.7372703e-19)
(258.80345 8.0339193 3.9092016e-19)
(258.82567 8.0422718 -6.3104494e-18)
(258.83345 8.0411493 -2.3771807e-18)
(258.84058 8.0409487 2.2850629e-18)
(258.85046 8.0446679 2.7798671e-18)
(258.86152 8.0516596 6.0324328e-19)
(258.87033 8.0416813 4.4857451e-18)
(258.87165 8.0434411 3.7554351e-18)
(258.8873 8.0552248 -2.6059179e-20)
(258.88789 8.0541174 -5.1466693e-19)
(258.90284 8.0412817 -1.1069987e-18)
(258.90364 8.042096 -8.2435791e-19)
(258.90511 8.0431955 -3.0491311e-19)
(258.94029 8.0557085 1.7047902e-18)
(258.94063 8.055267 1.8583507e-18)
(258.94158 8.0540523 2.0412288e-18)
(258.97427 8.0372974 6.0681341e-18)
(258.9739 8.0370392 5.998248e-18)
(258.97464 8.0376881 5.720672e-18)
(258.97682 8.0394915 5.169486e-18)
(258.98035 8.0423872 4.3535333e-18)
(258.98462 8.0458273 3.405519e-18)
(259.01865 8.0611614 -1.2700155e-18)
(259.01814 8.059794 -6.6267547e-19)
(259.01824 8.0545713 8.9477844e-19)
(259.01858 8.0450217 3.5429757e-18)
(259.01838 8.0314012 7.1785595e-18)
(259.01666 8.0127439 1.1897979e-17)
(259.0124 7.9869949 1.7944492e-17)
(259.01628 8.0024806 1.4792724e-17)
(259.02198 8.022998 1.0935104e-17)
(259.02652 8.0371658 8.6413974e-18)
(259.03006 8.0471281 7.2131045e-18)
(259.03263 8.0535769 6.2951397e-18)
(259.03434 8.0569994 5.6755352e-18)
(259.03545 8.0581459 5.2195868e-18)
(259.03621 8.0578505 4.8487808e-18)
(259.03683 8.0567582 4.5232554e-18)
(259.0374 8.055267 4.2245718e-18)
(259.03798 8.0535925 3.9440871e-18)
(259.0386 8.0518446 3.6774839e-18)
(259.03926 8.0500764 3.4222451e-18)
(259.03997 8.0483123 3.1766693e-18)
(259.04072 8.0465615 2.9394081e-18)
(259.04152 8.0448264 2.7093865e-18)
(259.04235 8.0431057 2.4856527e-18)
(259.04323 8.0413966 2.2673539e-18)
(259.04414 8.0396959 2.0537916e-18)
(259.04508 8.0379995 1.8442606e-18)
(259.04606 8.0363041 1.6381744e-18)
(259.04707 8.0346058 1.4349515e-18)
(259.04812 8.0329017 1.2341355e-18)
(259.0492 8.0311885 1.035248e-18)
(259.05031 8.0294634 8.3787042e-19)
(259.05146 8.0277234 6.4158568e-19)
(259.05263 8.025966 4.4604909e-19)
(259.05385 8.0241881 2.5086492e-19)
(259.05509 8.0223877 5.574962e-20)
(259.05638 8.0205618 -1.3965903e-19)
(258.25962 7.8827256 -1.3674751e-18)
(258.25844 7.8824899 -1.2959538e-18)
(258.25722 7.8822035 -1.2211918e-18)
(258.25595 7.881864 -1.1428023e-18)
(258.25462 7.881468 -1.0603595e-18)
(258.25323 7.8810122 -9.733971e-19)
(258.25178 7.8804919 -8.8131893e-19)
(258.25025 7.8799024 -7.8350159e-19)
(258.24864 7.8792373 -6.7916779e-19)
(258.24693 7.8784896 -5.6744146e-19)
(258.24512 7.8776508 -4.4726608e-19)
(258.24319 7.8767108 -3.1743569e-19)
(258.24113 7.8756582 -1.7653793e-19)
(258.23891 7.8744792 -2.2907129e-20)
(258.23651 7.8731577 1.4541605e-19)
(258.23392 7.8716765 3.3054144e-19)
(258.2311 7.8700175 5.3471586e-19)
(258.22804 7.8681653 7.5999471e-19)
(258.22472 7.8661145 1.0074576e-18)
(258.22118 7.863887 1.2753888e-18)
(258.21754 7.8615698 1.5553772e-18)
(258.21408 7.8594 1.8234057e-18)
(258.21156 7.8579412 2.0215633e-18)
(258.21154 7.858414 2.0240343e-18)
(258.21698 7.8631106 1.5956471e-18)
(258.2321 7.8753515 4.0128119e-19)
(258.26076 7.8982282 -1.8549584e-18)
(258.30461 7.933211 -5.2765844e-18)
(258.36446 7.9811656 -9.8727872e-18)
(258.44028 8.0423063 -1.5575263e-17)
(258.47838 8.0730421 -1.8448343e-17)
(258.41029 8.0172223 -1.3726042e-17)
(258.34473 7.9632665 -9.3171601e-18)
(258.29592 7.9229144 -6.1629437e-18)
(258.26182 7.8946291 -4.0168189e-18)
(258.24181 7.8780046 -2.7381997e-18)
(258.2338 7.8713366 -2.1423453e-18)
(258.23349 7.8710729 -1.9665313e-18)
(258.24805 7.9636193 -2.3085861e-19)
(258.25047 7.9747658 1.6621065e-19)
(258.25208 7.9824495 4.2300268e-19)
(258.2526 7.9862028 5.3986666e-19)
(258.25214 7.986727 5.4761071e-19)
(258.06864 7.908822 3.0038506e-18)
(258.05989 7.9039343 2.77597e-18)
(258.05474 7.9008481 2.6008075e-18)
(258.05302 7.8996377 2.4719881e-18)
(257.82879 7.967169 1.8827885e-18)
(257.81958 7.9692553 1.8569419e-18)
(256.85837 7.8762312 0)
(256.78508 7.86975 0)
(254.7578 7.8771762 -1.644547e-18)
(254.52922 7.8773758 -1.8308194e-18)
(251.81506 7.7545874 2.2968372e-18)
(249.96096 7.7526705 -4.5047194e-19)
(249.62494 7.7680047 -2.7962257e-18)
(251.58865 7.8081929 8.9666423e-18)
(254.36029 7.8792045 7.3405583e-18)
(257.79742 7.9827415 -7.8073469e-19)
(258.68904 8.0136336 4.6893438e-19)
(258.75812 8.0242238 -6.6395634e-19)
(258.80358 8.0350373 2.2824269e-19)
(258.82554 8.041682 -5.0328717e-18)
(258.83229 8.0452926 -6.8372853e-18)
(258.84633 8.0384508 6.5000458e-18)
(258.85022 8.0426725 3.6223405e-18)
(258.86201 8.0512105 6.8516628e-19)
(258.87092 8.0416694 4.1391618e-18)
(258.87196 8.0429607 3.5277038e-18)
(258.88781 8.0543598 -1.2005615e-19)
(258.88836 8.0535596 -5.2877033e-19)
(258.90363 8.0415613 -8.4042278e-19)
(258.90437 8.0422144 -5.7161299e-19)
(258.94117 8.0545743 1.5593752e-18)
(258.94112 8.0548348 1.6678508e-18)
(258.94153 8.0544711 1.7994732e-18)
(258.94248 8.0535012 1.9429683e-18)
(258.9756 8.0381023 5.9202365e-18)
(258.97543 8.0378844 5.8354194e-18)
(258.97626 8.038453 5.5722679e-18)
(258.9783 8.0399514 5.0912984e-18)
(258.98143 8.0422536 4.418656e-18)
(259.02024 8.0584429 -9.2875036e-19)
(259.01945 8.0587704 -6.9316124e-19)
(259.01903 8.0569951 3.8143047e-20)
(259.01907 8.0520044 1.5652219e-18)
(259.01925 8.0433945 4.0039794e-18)
(259.01896 8.0312511 7.2954061e-18)
(259.01747 8.0152833 1.1393091e-17)
(259.01504 7.9989455 1.5361232e-17)
(259.01772 8.0078927 1.3760837e-17)
(259.02292 8.0257918 1.0594228e-17)
(259.0275 8.0399748 8.4496471e-18)
(259.03114 8.0503781 7.0767069e-18)
(259.03372 8.0570459 6.2006131e-18)
(259.03532 8.0602494 5.6210734e-18)
(259.03625 8.0608892 5.1971359e-18)
(259.03683 8.0600366 4.8473873e-18)
(259.0373 8.0584656 4.534015e-18)
(259.03776 8.0566015 4.241616e-18)
(259.03827 8.0546466 3.9640225e-18)
(259.03883 8.0526888 3.6984234e-18)
(259.03945 8.0507624 3.4431429e-18)
(259.04012 8.0488772 3.1969473e-18)
(259.04085 8.0470325 2.9587996e-18)
(259.04163 8.0452237 2.7277688e-18)
(259.04245 8.0434442 2.5029784e-18)
(259.04331 8.0416878 2.2836729e-18)
(259.04421 8.0399482 2.0691044e-18)
(259.04514 8.0382197 1.8586179e-18)
(259.04612 8.0364973 1.6516255e-18)
(259.04712 8.0347767 1.4475981e-18)
(259.04817 8.0330535 1.2460013e-18)
(259.04924 8.0313242 1.0464039e-18)
(259.05035 8.0295849 8.4833535e-19)
(259.05149 8.027833 6.5145707e-19)
(259.05267 8.0260648 4.5532785e-19)
(259.05388 8.0242779 2.5962631e-19)
(259.05512 8.0224693 6.4014197e-20)
(259.0564 8.0206362 -1.3186704e-19)
(258.2594 7.8825661 -1.3459991e-18)
(258.2582 7.8823133 -1.272462e-18)
(258.25695 7.8820075 -1.195416e-18)
(258.25565 7.8816458 -1.1144422e-18)
(258.25429 7.8812244 -1.0290517e-18)
(258.25286 7.8807391 -9.3869144e-19)
(258.25136 7.8801849 -8.4271748e-19)
(258.24978 7.8795553 -7.4034724e-19)
(258.2481 7.8788432 -6.3069413e-19)
(258.24632 7.8780396 -5.1268438e-19)
(258.24442 7.877134 -3.8505703e-19)
(258.24239 7.8761132 -2.4624487e-19)
(258.24019 7.8749616 -9.4422061e-20)
(258.23781 7.8736601 7.2647035e-20)
(258.23521 7.8721852 2.5769118e-19)
(258.23236 7.8705086 4.6399469e-19)
(258.22921 7.8685972 6.9539268e-19)
(258.22571 7.8664128 9.563253e-19)
(258.22181 7.863916 1.2514063e-18)
(258.21748 7.8610778 1.5842598e-18)
(258.21272 7.8579111 1.9541427e-18)
(258.20772 7.8545477 2.347927e-18)
(258.20305 7.8514371 2.7192833e-18)
(258.20029 7.8497814 2.9435145e-18)
(258.20286 7.8522421 2.7453765e-18)
(258.21627 7.8631131 1.6862831e-18)
(258.24525 7.8861621 -6.0182905e-19)
(258.29006 7.9217761 -4.1152268e-18)
(258.34773 7.967825 -8.5776169e-18)
(258.41022 8.0180057 -1.3338094e-17)
(258.43567 8.0383332 -1.5333224e-17)
(258.39357 8.0036685 -1.2475748e-17)
(258.34122 7.9605117 -8.9741217e-18)
(258.29895 7.9255326 -6.2378122e-18)
(258.26842 7.900191 -4.3036058e-18)
(258.24954 7.8844954 -3.0899964e-18)
(258.24078 7.8771927 -2.4565404e-18)
(258.23901 7.875699 -2.2068515e-18)
(258.24112 7.8774415 -2.1667007e-18)
(258.2514 7.9728037 -1.031649e-19)
(258.25227 7.979488 1.7389681e-19)
(258.25238 7.9830155 3.2127176e-19)
(258.25173 7.9837739 3.6603207e-19)
(258.25046 7.9825606 3.4452565e-19)
(258.0632 7.9050194 2.788908e-18)
(258.05839 7.9023499 2.6168428e-18)
(258.05651 7.9012118 2.4837263e-18)
(257.83303 7.9657836 1.9596454e-18)
(257.82416 7.9673826 1.9334419e-18)
(257.81943 7.9675203 1.9513262e-18)
(256.81167 7.8711878 0)
(256.77574 7.8676996 0)
(254.60817 7.8773194 -1.8017874e-18)
(251.89814 7.7556888 2.1918777e-18)
(251.62085 7.7425068 2.8392735e-18)
(249.74709 7.7650651 -2.2784982e-18)
(251.89337 7.8166831 8.2922777e-18)
(254.98825 7.9022063 4.6206118e-18)
(257.77501 7.9827288 -6.8209546e-19)
(258.68903 8.0145295 4.5581282e-19)
(258.75812 8.0252441 -6.5523984e-19)
(258.80384 8.036212 -1.9213275e-20)
(258.82522 8.0385342 -1.1590003e-18)
(258.832 8.044019 -5.8498959e-18)
(258.8476 8.0388388 5.8712898e-18)
(258.8616 8.0518094 -2.6762205e-19)
(258.86248 8.0506491 7.8115732e-19)
(258.87142 8.0415755 3.840898e-18)
(258.88813 8.0536225 5.1334782e-20)
(258.88827 8.0535737 -1.879264e-19)
(258.90417 8.0415392 -6.7975094e-19)
(258.90433 8.0417936 -6.0118144e-19)
(258.90502 8.0423028 -3.4571643e-19)
(258.94183 8.0538078 1.5277879e-18)
(258.94188 8.0540459 1.6251042e-18)
(258.94234 8.0537627 1.7356676e-18)
(258.97742 8.0395712 5.7713673e-18)
(258.97682 8.0388449 5.790184e-18)
(258.97682 8.0386267 5.70023e-18)
(258.9777 8.0390845 5.458999e-18)
(258.97959 8.0402859 5.0463832e-18)
(259.02168 8.0558686 -6.8246898e-19)
(259.02085 8.0568103 -5.5657411e-19)
(259.02019 8.0567092 -1.9957235e-19)
(259.01985 8.0547183 6.0765067e-19)
(259.01985 8.0500404 2.0834351e-18)
(259.01994 8.0423879 4.3103263e-18)
(259.01966 8.0319185 7.2179383e-18)
(259.01858 8.0191788 1.0589092e-17)
(259.01743 8.0090436 1.3238615e-17)
(259.01962 8.0150127 1.2413108e-17)
(259.02419 8.0298285 1.0036858e-17)
(259.0287 8.0436129 8.1439014e-18)
(259.03242 8.0543828 6.8703348e-18)
(259.035 8.0612288 6.0601957e-18)
(259.03644 8.0640449 5.537411e-18)
(259.03713 8.0639559 5.1562141e-18)
(259.03749 8.0623802 4.833192e-18)
(259.03779 8.0602354 4.5348163e-18)
(259.03814 8.0579502 4.2503581e-18)
(259.03856 8.0556919 3.9767952e-18)
(259.03906 8.0535136 3.7129918e-18)
(259.03964 8.0514246 3.4583347e-18)
(259.04028 8.0494175 3.2121245e-18)
(259.04098 8.0474796 2.9736039e-18)
(259.04174 8.0455979 2.7419911e-18)
(259.04255 8.0437611 2.5165472e-18)
(259.04339 8.0419585 2.2965254e-18)
(259.04428 8.0401814 2.0812571e-18)
(259.04521 8.0384222 1.8700914e-18)
(259.04618 8.0366746 1.6624682e-18)
(259.04718 8.0349326 1.4578169e-18)
(259.04822 8.0331915 1.2556486e-18)
(259.04929 8.0314467 1.0554931e-18)
(259.05039 8.0296946 8.5694632e-19)
(259.05153 8.0279313 6.5957183e-19)
(259.0527 8.0261536 4.6301454e-19)
(259.05391 8.0243583 2.66908e-19)
(259.05515 8.0225424 7.0908648e-20)
(259.05643 8.0207029 -1.2531467e-19)
(258.41296 7.935006 -2.0740362e-18)
(258.41737 7.9379604 -2.0792416e-18)
(258.42173 7.9408346 -2.0796454e-18)
(258.42602 7.9436223 -2.0748885e-18)
(258.43022 7.9463142 -2.0645297e-18)
(258.43431 7.9488976 -2.0480325e-18)
(258.43825 7.9513555 -2.0247172e-18)
(258.44198 7.9536647 -1.9937478e-18)
(258.44543 7.9557946 -1.9540614e-18)
(258.44853 7.9577049 -1.9043059e-18)
(258.45114 7.959342 -1.8427576e-18)
(258.45311 7.9606361 -1.7671759e-18)
(258.45424 7.9614972 -1.6746199e-18)
(258.45426 7.9618092 -1.5612691e-18)
(258.45286 7.9614272 -1.4220257e-18)
(258.44963 7.9601732 -1.2502451e-18)
(258.44413 7.9578355 -1.0372324e-18)
(258.43585 7.9541765 -7.7192868e-19)
(258.42429 7.9489463 -4.4056557e-19)
(258.40903 7.9419131 -2.7151885e-20)
(258.38983 7.9329141 4.8421793e-19)
(258.36686 7.921972 1.1015688e-18)
(258.34111 7.9095718 1.8021282e-18)
(258.31549 7.8973668 2.4698472e-18)
(258.18659 7.8397064 4.0655775e-18)
(258.1975 7.8485827 3.2049063e-18)
(258.2269 7.8718692 8.7456736e-19)
(258.27288 7.9082586 -2.7511524e-18)
(258.32813 7.9521874 -7.0628566e-18)
(258.38054 7.9940512 -1.1114168e-17)
(258.40107 8.0102708 -1.2782306e-17)
(258.37543 7.9889666 -1.1114206e-17)
(258.33547 7.9559281 -8.4738275e-18)
(258.29995 7.926483 -6.1805926e-18)
(258.2731 7.9041634 -4.4739206e-18)
(258.25565 7.8896322 -3.3472194e-18)
(258.24667 7.8821373 -2.7079583e-18)
(258.24392 7.8798282 -2.4122048e-18)
(258.245 7.8807016 -2.3224379e-18)
(258.2524 7.9712761 -3.5171066e-19)
(258.25256 7.9770217 -5.5339921e-20)
(258.25226 7.9802435 1.1888774e-19)
(258.25139 7.9811073 1.9585424e-19)
(258.24999 7.9801832 2.0687638e-19)
(258.06608 7.9058936 2.7930133e-18)
(258.06163 7.9036324 2.6245132e-18)
(258.05968 7.9026173 2.4887067e-18)
(257.83666 7.9645204 2.0316325e-18)
(257.82812 7.9657005 2.0055332e-18)
(257.82317 7.9657208 2.0193267e-18)
(256.83433 7.8723325 0)
(256.80095 7.8693172 0)
(254.67401 7.877236 -1.7830018e-18)
(251.97388 7.7568212 2.0895636e-18)
(251.75198 7.7468306 2.5848394e-18)
(249.84267 7.7634504 -1.9613321e-18)
(250.47179 7.7638872 9.3536458e-18)
(255.93581 7.9396874 -6.16549e-19)
(257.74281 7.9823874 -5.5134219e-19)
(258.68899 8.0154235 4.4381018e-19)
(258.75816 8.0262788 -6.4832335e-19)
(258.80426 8.0374183 -3.7088881e-19)
(258.82638 8.031741 6.9549435e-18)
(258.83697 8.0476458 -8.0255154e-18)
(258.84854 8.0388483 5.4886587e-18)
(258.86219 8.0507633 5.5110837e-20)
(258.86291 8.0500315 8.6920619e-19)
(258.87185 8.0414335 3.5806818e-18)
(258.88852 8.0528195 -1.829167e-20)
(258.88869 8.0528439 -2.3620652e-19)
(258.90477 8.0418021 -4.736214e-19)
(258.90497 8.0419937 -3.8500853e-19)
(258.90561 8.0423749 -1.4243087e-19)
(258.94244 8.053094 1.4925942e-18)
(258.94257 8.0533255 1.5783562e-18)
(258.94309 8.0531207 1.6692497e-18)
(258.9784 8.0402438 5.6663431e-18)
(258.97796 8.0395334 5.6759576e-18)
(258.97808 8.039285 5.588004e-18)
(258.97898 8.0396138 5.3731494e-18)
(258.98075 8.0405336 5.0250274e-18)
(259.02215 8.054714 -4.4154839e-19)
(259.02143 8.0553398 -2.2743857e-19)
(259.02088 8.0549471 2.1735346e-19)
(259.0206 8.0528808 1.0651352e-18)
(259.02059 8.0485788 2.4732731e-18)
(259.02065 8.0418876 4.4891909e-18)
(259.02045 8.03312 7.0135048e-18)
(259.01981 8.023398 9.722684e-18)
(259.01952 8.0172028 1.1576641e-17)
(259.02158 8.0220449 1.1123892e-17)
(259.02567 8.0345564 9.3768803e-18)
(259.0301 8.0479055 7.7624343e-18)
(259.03392 8.0591231 6.6106579e-18)
(259.0365 8.0661954 5.881645e-18)
(259.03771 8.0684199 5.4298362e-18)
(259.05937 8.0523134 8.0680503e-18)
(259.06226 8.0476 7.980603e-18)
(259.06511 8.0428024 7.909656e-18)
(259.06776 8.0384993 7.8368035e-18)
(259.07014 8.0348755 7.76302e-18)
(259.07222 8.0319513 7.6928154e-18)
(259.07402 8.0296741 7.6294646e-18)
(259.07556 8.0279614 7.5743484e-18)
(259.07689 8.0267198 7.5272436e-18)
(259.07805 8.0258583 7.4870362e-18)
(259.07908 8.0252949 7.4522343e-18)
(259.08003 8.02496 7.4213474e-18)
(259.08091 8.0247967 7.3930523e-18)
(259.08175 8.0247594 7.3662329e-18)
(259.08258 8.0248124 7.3400149e-18)
(259.08339 8.0249286 7.3137491e-18)
(259.08422 8.0250868 7.286942e-18)
(259.08505 8.025271 7.2592494e-18)
(259.0859 8.0254692 7.2304206e-18)
(259.08678 8.0256719 7.2002885e-18)
(259.08768 8.0258725 7.1687466e-18)
(259.08861 8.0260653 7.1357064e-18)
(259.08957 8.0262464 7.101127e-18)
(259.09056 8.0264126 7.0649776e-18)
(258.41455 7.9355883 -2.0598518e-18)
(258.41911 7.9385969 -2.0641479e-18)
(258.42364 7.9415318 -2.0635521e-18)
(258.42812 7.9443865 -2.0576938e-18)
(258.43253 7.9471537 -2.0461162e-18)
(258.43685 7.9498208 -2.0282634e-18)
(258.44105 7.9523719 -2.0034335e-18)
(258.44507 7.9547849 -1.970746e-18)
(258.44885 7.9570292 -1.9290973e-18)
(258.45231 7.9590649 -1.8770457e-18)
(258.45532 7.9608372 -1.8127449e-18)
(258.45771 7.9622732 -1.7337692e-18)
(258.45928 7.9632764 -1.6368998e-18)
(258.45974 7.96372 -1.5178151e-18)
(258.45873 7.9634407 -1.3707272e-18)
(258.45579 7.9622316 -1.1877609e-18)
(258.45039 7.9598395 -9.5837849e-19)
(258.44189 7.9559654 -6.6840566e-19)
(258.42965 7.9502776 -2.9932008e-19)
(258.41304 7.9424317 1.7262251e-19)
(258.39157 7.9321081 7.7599458e-19)
(258.36507 7.9190977 1.5397693e-18)
(258.33408 7.9035394 2.4746071e-18)
(258.3011 7.8867374 3.503337e-18)
(258.27385 7.8734015 4.2611673e-18)
(258.2682 7.8740572 3.8501848e-18)
(258.2948 7.8969166 1.4790423e-18)
(258.34215 7.9357173 -2.4190954e-18)
(258.39336 7.9791974 -6.8679909e-18)
(258.35371 7.9724443 -9.0883725e-18)
(258.37278 7.9873696 -1.0673358e-17)
(258.35805 7.9749033 -9.7991678e-18)
(258.32851 7.9503507 -7.8874963e-18)
(258.29942 7.9261707 -6.0236465e-18)
(258.27621 7.9068429 -4.5492071e-18)
(258.26038 7.893636 -3.5249101e-18)
(258.25158 7.8862712 -2.9034348e-18)
(258.24826 7.8834754 -2.5838906e-18)
(258.24857 7.8837108 -2.4597668e-18)
(258.25103 7.885736 -2.4499845e-18)
(258.2529 7.9749446 -2.6609756e-19)
(258.2522 7.9778178 -6.8206569e-20)
(258.25108 7.9786939 3.6897905e-20)
(258.24954 7.9779669 7.678835e-20)
(258.06861 7.9066152 2.7896985e-18)
(258.06452 7.9047435 2.6249319e-18)
(258.06257 7.903883 2.4875838e-18)
(258.06244 7.9039611 2.3718613e-18)
(257.83156 7.9641611 2.0737638e-18)
(257.82647 7.964055 2.0844957e-18)
(256.85386 7.8732677 0)
(256.8229 7.8706726 0)
(254.72976 7.8770981 -1.7720261e-18)
(252.04164 7.7578801 1.9943395e-18)
(251.85883 7.7500753 2.3848968e-18)
(249.91903 7.7624836 -1.7626226e-18)
(250.35914 7.759615 8.4352778e-18)
(255.58638 7.9206647 3.3669361e-18)
(257.72885 7.9829591 -7.0683291e-19)
(258.68888 8.0163093 4.3404173e-19)
(258.75825 8.0273322 -6.4465052e-19)
(258.80469 8.0381702 -5.2535254e-19)
(258.82301 8.0377103 -1.503516e-19)
(258.83808 8.0463045 -6.979753e-18)
(258.84928 8.0386542 5.2485355e-18)
(258.86269 8.0498338 2.902274e-19)
(258.86329 8.0493835 9.4268739e-19)
(258.87224 8.0412648 3.3507993e-18)
(258.88888 8.0520694 -7.0727092e-20)
(258.88906 8.0521549 -2.6954379e-19)
(258.90533 8.0420453 -2.8347235e-19)
(258.90554 8.0421729 -1.8846867e-19)
(258.94307 8.0518605 1.3851689e-18)
(258.94301 8.0524255 1.454767e-18)
(258.94321 8.0526604 1.529054e-18)
(258.94378 8.0525291 1.6019843e-18)
(258.97931 8.040892 5.5700559e-18)
(258.97901 8.0401759 5.5754686e-18)
(258.97923 8.0398762 5.4945506e-18)
(258.98013 8.0400666 5.3082509e-18)
(259.02329 8.0527058 -3.9090489e-19)
(259.02261 8.0536396 -2.2430936e-19)
(259.02199 8.0540262 5.9444015e-20)
(259.02154 8.0534489 5.655274e-19)
(259.02131 8.0514087 1.4278916e-18)
(259.02131 8.0475239 2.7574912e-18)
(259.02137 8.0417695 4.5698661e-18)
(259.0213 8.0346089 6.7388844e-18)
(259.02106 8.0274202 8.9081031e-18)
(259.02134 8.023854 1.0264017e-17)
(259.02343 8.0283999 1.0001579e-17)
(259.04301 8.0292117 1.2168133e-17)
(259.04803 8.0424214 1.0470854e-17)
(259.05171 8.0542661 9.0592304e-18)
(259.0543 8.0610977 8.1717212e-18)
(259.05674 8.0607194 7.8300177e-18)
(259.05957 8.0556792 7.7695867e-18)
(259.06263 8.0494229 7.7637765e-18)
(259.06564 8.043549 7.7403605e-18)
(259.06842 8.0385343 7.6951155e-18)
(259.07088 8.0344551 7.6387481e-18)
(259.073 8.0312564 7.5811539e-18)
(259.07479 8.0288328 7.5282918e-18)
(259.0763 8.0270618 7.4826606e-18)
(259.07758 8.0258204 7.4444374e-18)
(259.07868 8.0249946 7.4125443e-18)
(259.07965 8.0244867 7.3854482e-18)
(259.08054 8.0242162 7.3615876e-18)
(259.08136 8.0241193 7.3396179e-18)
(259.08215 8.0241466 7.3184426e-18)
(259.08293 8.0242603 7.2972276e-18)
(259.08371 8.0244317 7.2753599e-18)
(259.08449 8.0246398 7.25242e-18)
(259.0853 8.0248688 7.2281291e-18)
(259.08612 8.0251068 7.2022961e-18)
(259.08697 8.025345 7.1747993e-18)
(259.08785 8.025577 7.1455738e-18)
(259.08876 8.0257976 7.1145871e-18)
(259.08971 8.0260034 7.0818164e-18)
(259.09069 8.0261915 7.047273e-18)
(258.41613 7.9361639 -2.0465289e-18)
(258.42084 7.9392288 -2.0500367e-18)
(258.42554 7.942226 -2.0485869e-18)
(258.43021 7.9451512 -2.0418067e-18)
(258.43484 7.9479973 -2.0292322e-18)
(258.43941 7.9507538 -2.0102918e-18)
(258.44388 7.953406 -1.9842729e-18)
(258.44822 7.9559326 -1.9502838e-18)
(258.45236 7.9583053 -1.907175e-18)
(258.45621 7.9604838 -1.8534823e-18)
(258.45967 7.9624145 -1.7872627e-18)
(258.46255 7.9640223 -1.7059698e-18)
(258.46464 7.9652064 -1.6061589e-18)
(258.46565 7.9658309 -1.4831512e-18)
(258.46516 7.9657153 -1.3305078e-18)
(258.46267 7.964624 -1.1393192e-18)
(258.45753 7.9622595 -8.9725777e-19)
(258.449 7.9582592 -5.8731595e-19)
(258.43624 7.9522013 -1.8613695e-19)
(258.4184 7.9436191 3.3785183e-19)
(258.39471 7.9320202 1.0265998e-18)
(258.36458 7.9169192 1.9331064e-18)
(258.32787 7.8979863 3.1114501e-18)
(258.28611 7.8757892 4.5555701e-18)
(258.24728 7.8549815 5.9259741e-18)
(258.23509 7.8509034 5.9446799e-18)
(258.26779 7.8769765 3.3584397e-18)
(258.32276 7.919974 -8.400073e-19)
(258.37642 7.9640017 -5.2657833e-18)
(258.41817 7.9998877 -8.9717962e-18)
(258.44095 8.0197561 -1.1058292e-17)
(258.44498 8.0226252 -1.1373864e-17)
(258.3211 7.9443995 -7.268949e-18)
(258.29782 7.9249659 -5.7971162e-18)
(258.2781 7.9085005 -4.5496494e-18)
(258.26399 7.8967039 -3.6368657e-18)
(258.25564 7.8896994 -3.0502625e-18)
(258.25205 7.8866725 -2.724342e-18)
(258.25184 7.8864663 -2.5788286e-18)
(258.25377 7.8880551 -2.5466786e-18)
(258.25327 7.9731718 -4.5946372e-19)
(258.25217 7.9756781 -2.408432e-19)
(258.2508 7.9765009 -1.1110695e-19)
(258.24911 7.9758993 -4.5536971e-20)
(258.24711 7.9742531 -2.1263455e-20)
(258.06711 7.9057223 2.6190587e-18)
(258.06522 7.9050345 2.4809666e-18)
(258.06495 7.905153 2.3617663e-18)
(257.83454 7.9627284 2.1385993e-18)
(257.8294 7.9624962 2.1471072e-18)
(256.87088 7.8740532 0)
(256.84217 7.8718281 0)
(254.7776 7.876894 -1.767128e-18)
(254.70601 7.8759964 -1.8442597e-18)
(251.9481 7.7525939 2.2223436e-18)
(249.98166 7.7618095 -1.6342319e-18)
(250.28769 7.7561813 7.8759653e-18)
(255.57888 7.9168772 4.7356343e-18)
(257.91419 7.9930459 -3.3080585e-18)
(258.68865 8.0171747 4.2910432e-19)
(258.75843 8.0284135 -6.4739341e-19)
(258.80417 8.0357812 1.4441966e-18)
(258.8211 8.0398343 -2.8878755e-18)
(258.83889 8.0452213 -6.3483435e-18)
(258.84987 8.0383524 5.0908834e-18)
(258.86313 8.0489781 4.6454508e-19)
(258.87237 8.0405814 3.3133669e-18)
(258.87258 8.041083 3.1455862e-18)
(258.88921 8.0513603 -1.0939744e-19)
(258.8894 8.0514958 -2.9127992e-19)
(258.90584 8.0422756 -1.0740533e-19)
(258.90607 8.04234 -8.7419619e-21)
(258.94351 8.0512605 1.3527052e-18)
(258.94353 8.0517954 1.4151234e-18)
(258.9438 8.05204 1.4783712e-18)
(258.98071 8.0425509 5.4196989e-18)
(258.98018 8.0415191 5.4816307e-18)
(258.97999 8.0407806 5.4867143e-18)
(258.98027 8.0404148 5.4162657e-18)
(258.98117 8.0404638 5.2591571e-18)
(259.02365 8.0518884 -2.4835885e-19)
(259.02305 8.0526475 -3.1337306e-20)
(259.02253 8.0528591 3.0624942e-19)
(259.02216 8.0521801 8.527527e-19)
(259.02199 8.0502365 1.7113247e-18)
(259.022 8.046789 2.9565135e-18)
(259.0221 8.041921 4.5784869e-18)
(259.02216 8.0362028 6.4348008e-18)
(259.03958 8.0169227 1.3642645e-17)
(259.03882 8.0173127 1.3678187e-17)
(259.04102 8.0230864 1.2915611e-17)
(259.04526 8.0338821 1.1502231e-17)
(259.04947 8.0473164 9.8976557e-18)
(259.05248 8.0605926 8.4748831e-18)
(259.05447 8.0685581 7.5882489e-18)
(259.05672 8.066674 7.3816529e-18)
(259.05973 8.059159 7.4698226e-18)
(259.06305 8.0510799 7.5524628e-18)
(259.06627 8.0440467 7.5751379e-18)
(259.06919 8.0383065 7.5547525e-18)
(259.07173 8.0337858 7.5136799e-18)
(259.07388 8.0303383 7.4674706e-18)
(259.07565 8.0277997 7.424599e-18)
(259.07712 8.0260035 7.3884609e-18)
(259.07833 8.0247932 7.3593958e-18)
(259.07936 8.0240307 7.3362095e-18)
(259.08026 8.0236015 7.3172107e-18)
(259.08108 8.0234143 7.3007309e-18)
(259.08184 8.0233987 7.285363e-18)
(259.08257 8.023502 7.2700425e-18)
(259.0833 8.0236848 7.2539814e-18)
(259.08403 8.0239183 7.2366389e-18)
(259.08478 8.0241814 7.2176575e-18)
(259.08555 8.0244589 7.1968319e-18)
(259.08635 8.0247397 7.174032e-18)
(259.08717 8.0250154 7.1491984e-18)
(259.08803 8.0252803 7.1223119e-18)
(259.08892 8.0255299 7.0933827e-18)
(259.08985 8.0257612 7.0624393e-18)
(259.09082 8.0259719 7.0295064e-18)
(258.41769 7.9367311 -2.034082e-18)
(258.42255 7.9398528 -2.0369262e-18)
(258.42742 7.9429147 -2.0347748e-18)
(258.43229 7.9459131 -2.0272532e-18)
(258.43715 7.948842 -2.0139019e-18)
(258.44197 7.9516932 -1.994148e-18)
(258.44674 7.9544533 -1.9672834e-18)
(258.45141 7.9571037 -1.9324101e-18)
(258.45593 7.9596174 -1.8883878e-18)
(258.46023 7.9619572 -1.8337232e-18)
(258.46418 7.9640697 -1.7664679e-18)
(258.46762 7.9658813 -1.6839935e-18)
(258.47033 7.9672881 -1.5827493e-18)
(258.47199 7.9681478 -1.4577816e-18)
(258.47218 7.9682647 -1.3021864e-18)
(258.47031 7.9673762 -1.1062163e-18)
(258.46566 7.9651403 -8.5595383e-19)
(258.45731 7.9611265 -5.3177851e-19)
(258.44425 7.9548168 -1.0584961e-19)
(258.42538 7.9456174 4.6084027e-19)
(258.39962 7.932855 1.2233613e-18)
(258.36593 7.9157589 2.2590959e-18)
(258.32334 7.8934339 3.6725354e-18)
(258.27166 7.8652656 5.5641116e-18)
(258.21708 7.8345008 7.7341606e-18)
(258.1946 7.8233031 8.3796159e-18)
(258.23887 7.8560305 5.3024704e-18)
(258.3044 7.9051053 6.4990125e-19)
(258.36122 7.9502553 -3.8078143e-18)
(258.40278 7.9850807 -7.3652945e-18)
(258.42647 8.0054203 -9.4913374e-18)
(258.43392 8.0114869 -1.0151072e-17)
(258.43151 8.0088658 -9.9253281e-18)
(258.2955 7.9231748 -5.5263964e-18)
(258.27904 7.9093753 -4.4934983e-18)
(258.26669 7.8990095 -3.6955266e-18)
(258.25897 7.8925239 -3.1556183e-18)
(258.25535 7.8894598 -2.836582e-18)
(258.25481 7.8889751 -2.6804256e-18)
(258.25635 7.8902392 -2.6331741e-18)
(258.25921 7.8926127 -2.6546901e-18)
(258.25215 7.9737737 -3.9973065e-19)
(258.25053 7.9744988 -2.4841079e-19)
(258.24867 7.9739664 -1.6002835e-19)
(258.24656 7.9724676 -1.1384807e-19)
(258.06946 7.9066007 2.60767e-18)
(258.06765 7.9060946 2.4693927e-18)
(258.06731 7.9062786 2.3475183e-18)
(257.83713 7.9613751 2.2004506e-18)
(257.83198 7.9610226 2.2074273e-18)
(256.88585 7.8747313 0)
(256.85924 7.8728315 0)
(254.81915 7.8766211 -1.7670629e-18)
(254.7535 7.8755834 -1.838753e-18)
(252.02421 7.7546075 2.0863424e-18)
(250.03426 7.7612556 -1.5494718e-18)
(250.24019 7.7533943 7.5165816e-18)
(255.5035 7.9132325 5.2488799e-18)
(258.15644 8.0065669 -6.983466e-18)
(258.68813 8.0179871 4.3645467e-19)
(258.75877 8.0295461 -6.6497925e-19)
(258.80383 8.0321237 4.0246998e-18)
(258.82085 8.0399938 -3.7894858e-18)
(258.83953 8.0442679 -5.9459857e-18)
(258.85037 8.0379936 4.9829253e-18)
(258.86351 8.0481711 5.9512423e-19)
(258.8727 8.040479 3.1182712e-18)
(258.8729 8.0408968 2.9606185e-18)
(258.88951 8.0506835 -1.3691503e-19)
(258.88971 8.0508594 -3.0388483e-19)
(258.90631 8.0424984 5.6183366e-20)
(258.90655 8.0425013 1.5644329e-19)
(258.94392 8.050685 1.3190855e-18)
(258.94401 8.0511981 1.374356e-18)
(258.94434 8.0514556 1.4271926e-18)
(258.98142 8.0431766 5.3405599e-18)
(258.981 8.042129 5.4001207e-18)
(258.98089 8.041355 5.4078207e-18)
(258.98123 8.0409133 5.3500629e-18)
(259.02455 8.0501803 -3.1285833e-19)
(259.02401 8.0511149 -1.2078881e-19)
(259.02349 8.0517355 1.3769852e-19)
(259.02305 8.0518254 5.1584501e-19)
(259.02275 8.0511069 1.0867368e-18)
(259.02263 8.0493083 1.9283809e-18)
(259.02267 8.0462988 3.0880911e-18)
(259.02282 8.0422492 4.5361112e-18)
(259.04387 8.0219753 1.2737164e-17)
(259.04208 8.0204274 1.3043416e-17)
(259.04182 8.0217593 1.2936677e-17)
(259.04381 8.0276352 1.2189906e-17)
(259.04734 8.0380971 1.0894736e-17)
(259.0508 8.0519392 9.3599846e-18)
(259.05308 8.0672702 7.8892056e-18)
(259.05434 8.0775215 6.9429814e-18)
(259.05649 8.0733441 6.9146443e-18)
(259.05987 8.0625063 7.183664e-18)
(259.06353 8.0523931 7.3546337e-18)
(259.067 8.0441829 7.4175846e-18)
(259.07008 8.0377428 7.4172298e-18)
(259.07271 8.0328155 7.3883416e-18)
(259.07487 8.0291603 7.3518955e-18)
(259.07662 8.0265495 7.3184212e-18)
(259.07802 8.0247699 7.2918174e-18)
(259.07915 8.0236287 7.2722538e-18)
(259.0801 8.0229619 7.2582062e-18)
(259.08091 8.0226377 7.2477226e-18)
(259.08165 8.0225543 7.2389661e-18)
(259.08234 8.0226359 7.2304848e-18)
(259.08301 8.0228272 7.2212288e-18)
(259.08369 8.0230881 7.2104666e-18)
(259.08437 8.0233902 7.1977439e-18)
(259.08508 8.0237133 7.1827912e-18)
(259.08581 8.024043 7.1654694e-18)
(259.08658 8.0243691 7.1457311e-18)
(259.08738 8.0246843 7.1235713e-18)
(259.08822 8.0249835 7.0990324e-18)
(259.08909 8.0252632 7.0721672e-18)
(259.09 8.0255208 7.0430418e-18)
(259.09095 8.0257545 7.0117237e-18)
(258.41922 7.9372876 -2.0225197e-18)
(258.42424 7.9404676 -2.0248257e-18)
(258.42929 7.9435952 -2.0221242e-18)
(258.43436 7.9466688 -2.0140456e-18)
(258.43944 7.9496841 -2.0001401e-18)
(258.44453 7.9526344 -1.9798501e-18)
(258.4496 7.9555094 -1.9524773e-18)
(258.45463 7.9582926 -1.9171512e-18)
(258.45957 7.9609604 -1.8727517e-18)
(258.46433 7.9634784 -1.8178213e-18)
(258.46883 7.9657971 -1.7504313e-18)
(258.4729 7.9678449 -1.6679755e-18)
(258.47632 7.9695187 -1.5668636e-18)
(258.47877 7.9706721 -1.4420629e-18)
(258.4798 7.9710986 -1.2863778e-18)
(258.47876 7.9705104 -1.0894155e-18)
(258.47484 7.968522 -8.3609606e-19)
(258.46697 7.9646322 -5.0445081e-19)
(258.4539 7.9582239 -6.2817452e-20)
(258.43428 7.9485685 5.3460943e-19)
(258.40671 7.9348246 1.3542639e-18)
(258.36974 7.9159606 2.4951928e-18)
(258.32158 7.8905251 4.1106867e-18)
(258.2598 7.8564323 6.4286894e-18)
(258.185 7.8131685 9.5781356e-18)
(258.14455 7.7900407 1.1237093e-17)
(258.21079 7.8359659 7.1429513e-18)
(258.28888 7.8923873 1.9359935e-18)
(258.34862 7.938588 -2.5523233e-18)
(258.39011 7.9726382 -5.9986284e-18)
(258.41446 7.9933139 -8.1541773e-18)
(258.4243 8.0016277 -9.0590694e-18)
(258.42464 8.001752 -9.1358159e-18)
(258.4201 7.9979783 -8.8386732e-18)
(258.27928 7.9096653 -4.396118e-18)
(258.26865 7.9007065 -3.7121824e-18)
(258.26169 7.8948379 -3.2261792e-18)
(258.25821 7.8918817 -2.9239044e-18)
(258.2575 7.8912509 -2.7657852e-18)
(258.25877 7.8922884 -2.7097438e-18)
(258.26137 7.8944441 -2.7216452e-18)
(258.25212 7.9720616 -5.4553898e-19)
(258.25026 7.9726605 -3.7534714e-19)
(258.24823 7.9721543 -2.6670037e-19)
(258.246 7.9707617 -2.007022e-19)
(258.0716 7.9074043 2.5914394e-18)
(258.06991 7.9070823 2.4533336e-18)
(258.06952 7.9073499 2.3294046e-18)
(257.83937 7.9600806 2.2596763e-18)
(257.83426 7.9596163 2.2657054e-18)
(257.83102 7.9585446 2.2955861e-18)
(256.87447 7.8737193 0)
(254.85562 7.876281 -1.7709181e-18)
(254.79529 7.8751447 -1.8378801e-18)
(252.09026 7.7562608 1.9697048e-18)
(250.07938 7.7607377 -1.4928735e-18)
(250.20712 7.7510894 7.2732201e-18)
(255.38968 7.9090401 5.5277346e-18)
(258.11697 7.9974091 -2.9248192e-18)
(258.68682 8.0186326 4.8579115e-19)
(258.75951 8.0308098 -7.2790374e-19)
(258.79969 8.035633 3.5749877e-18)
(258.82119 8.0394689 -4.1526594e-18)
(258.84003 8.0433804 -5.6744292e-18)
(258.8508 8.0376052 4.9062264e-18)
(258.86385 8.0473971 6.932592e-19)
(258.87301 8.0403655 2.9402749e-18)
(258.87319 8.040712 2.7923985e-18)
(258.88978 8.0500323 -1.553292e-19)
(258.90675 8.0428604 1.9338131e-19)
(258.90674 8.0427182 2.0870123e-19)
(258.90699 8.042662 3.0900097e-19)
(258.94431 8.0501312 1.2847135e-18)
(258.94446 8.0506284 1.3330253e-18)
(258.94484 8.0509003 1.3762056e-18)
(258.98211 8.0437989 5.2652607e-18)
(258.98177 8.0427255 5.3245945e-18)
(258.98174 8.041906 5.3370984e-18)
(258.98212 8.041382 5.2933252e-18)
(259.02483 8.0495551 -2.3137427e-19)
(259.02436 8.0503854 -8.3632746e-21)
(259.02391 8.0508995 2.8367781e-19)
(259.02355 8.0509106 6.9142826e-19)
(259.02331 8.0501988 1.2745374e-18)
(259.02324 8.0485743 2.0908402e-18)
(259.02332 8.0459912 3.1665693e-18)
(259.04745 8.0264251 1.1983457e-17)
(259.04561 8.0242687 1.2331749e-17)
(259.04435 8.0235296 1.2502331e-17)
(259.04443 8.0255067 1.2297559e-17)
(259.04625 8.0314435 1.15655e-17)
(259.0492 8.0416565 1.0363251e-17)
(259.05201 8.0558799 8.8907856e-18)
(259.05352 8.0736899 7.3490058e-18)
(259.05375 8.0884123 6.2281193e-18)
(259.05607 8.080337 6.4575667e-18)
(259.06006 8.0652943 6.9317835e-18)
(259.06414 8.0531409 7.178489e-18)
(259.06788 8.043836 7.2706698e-18)
(259.07113 8.036766 7.2834551e-18)
(259.07383 8.0314918 7.2628944e-18)
(259.07599 8.027685 7.2343351e-18)
(259.07769 8.0250576 7.2096754e-18)
(259.079 8.023346 7.192727e-18)
(259.08004 8.022319 7.1830951e-18)
(259.08088 8.0217849 7.1786965e-18)
(259.0816 8.021595 7.1771911e-18)
(259.08225 8.0216377 7.1765257e-18)
(259.08286 8.0218331 7.1751993e-18)
(259.08347 8.0221247 7.172196e-18)
(259.08408 8.0224727 7.166861e-18)
(259.08472 8.0228499 7.1588372e-18)
(259.08538 8.0232376 7.1479542e-18)
(259.08608 8.0236229 7.1341649e-18)
(259.08682 8.0239967 7.1174928e-18)
(259.08759 8.0243531 7.098007e-18)
(259.08841 8.0246879 7.0758076e-18)
(259.08926 8.0249985 7.0510002e-18)
(259.09016 8.0252829 7.0236884e-18)
(259.09109 8.0255402 6.9939711e-18)
(258.42072 7.9378312 -2.0118444e-18)
(258.42589 7.9410698 -2.0137359e-18)
(258.43112 7.9442645 -2.0106327e-18)
(258.43639 7.947415 -2.0021803e-18)
(258.44171 7.9505195 -1.9879424e-18)
(258.44708 7.953573 -1.9673885e-18)
(258.45247 7.9565683 -1.9398516e-18)
(258.45787 7.9594927 -1.9044962e-18)
(258.46323 7.9623262 -1.8602656e-18)
(258.46851 7.9650393 -1.805764e-18)
(258.47361 7.9675876 -1.7391483e-18)
(258.47838 7.9699042 -1.6579215e-18)
(258.48261 7.9718903 -1.5585779e-18)
(258.48598 7.9734001 -1.4361493e-18)
(258.48802 7.9742198 -1.2833905e-18)
(258.48806 7.9740424 -1.089582e-18)
(258.48517 7.9724406 -8.3882629e-19)
(258.4781 7.9688404 -5.0741007e-19)
(258.46539 7.9625174 -6.0348824e-20)
(258.44538 7.9526109 5.5352347e-19)
(258.41638 7.93813 1.4093978e-18)
(258.37664 7.917849 2.6221359e-18)
(258.3238 7.8899394 4.3794301e-18)
(258.25348 7.851058 7.0162263e-18)
(258.15766 7.7951467 1.1121544e-17)
(258.0825 7.7498179 1.460047e-17)
(258.1894 7.8206295 8.5551936e-18)
(258.27813 7.8830847 2.9108664e-18)
(258.33926 7.9294112 -1.5340844e-18)
(258.38022 7.9625138 -4.8634554e-18)
(258.40476 7.9832271 -7.0232459e-18)
(258.41613 7.9930444 -8.0973291e-18)
(258.41847 7.9952338 -8.4062123e-18)
(258.41561 7.9932528 -8.311689e-18)
(258.41004 7.9894079 -8.0565941e-18)
(258.27003 7.9019229 -3.696349e-18)
(258.2639 7.8967267 -3.2681881e-18)
(258.26069 7.8939833 -2.9896323e-18)
(258.25993 7.8933119 -2.8364167e-18)
(258.26104 7.8942067 -2.7769244e-18)
(258.26344 7.8962039 -2.7829353e-18)
(258.26672 7.8989449 -2.8330091e-18)
(258.24997 7.970961 -4.9230103e-19)
(258.24777 7.9704496 -3.6564011e-19)
(258.24542 7.9691301 -2.8172049e-19)
(258.24291 7.9672056 -2.2617658e-19)
(258.07201 7.9080142 2.4332219e-18)
(258.07162 7.9083779 2.3076851e-18)
(257.84132 7.958829 2.3165924e-18)
(257.83627 7.958263 2.3221666e-18)
(257.83292 7.9571735 2.3500058e-18)
(256.88816 7.8745199 0)
(254.88795 7.8758782 -1.7780092e-18)
(254.83241 7.8746753 -1.8408489e-18)
(252.14844 7.7576518 1.8674847e-18)
(250.11877 7.7602162 -1.4552838e-18)
(250.18324 7.7491467 7.1012915e-18)
(255.28381 7.9052515 5.70837e-18)
(258.09191 7.994546 -2.0401051e-18)
(258.66565 8.0199653 6.0670929e-19)
(258.76925 8.031393 -4.6956695e-19)
(258.79909 8.0357886 3.316882e-18)
(258.82159 8.038731 -4.3496297e-18)
(258.84045 8.0425288 -5.482659e-18)
(258.85117 8.0372031 4.8499011e-18)
(258.86416 8.046647 7.6662242e-19)
(258.87329 8.0402472 2.7767266e-18)
(258.87345 8.0405324 2.6382272e-18)
(258.89003 8.0494019 -1.6622774e-19)
(258.90712 8.0431197 3.2978451e-19)
(258.90714 8.0429386 3.5143123e-19)
(258.90739 8.0428259 4.5056548e-19)
(258.94466 8.0495968 1.2499287e-18)
(258.94487 8.0500823 1.2915966e-18)
(258.98322 8.0457146 5.0999694e-18)
(258.98276 8.0444195 5.1933569e-18)
(258.9825 8.0433121 5.2541765e-18)
(258.98253 8.0424393 5.27305e-18)
(259.02552 8.0480205 -3.6865817e-19)
(259.02511 8.0489544 -1.6008717e-19)
(259.0247 8.0496994 8.916492e-20)
(259.02432 8.0501338 4.078551e-19)
(259.02403 8.0501002 8.3634552e-19)
(259.02385 8.0494282 1.4225837e-18)
(259.02382 8.0479936 2.2082381e-18)
(259.05034 8.0304452 1.1365883e-17)
(259.04871 8.0280173 1.1696951e-17)
(259.04727 8.026377 1.1950826e-17)
(259.04643 8.0262311 1.2017913e-17)
(259.04674 8.0286208 1.1747211e-17)
(259.0484 8.0345244 1.1034208e-17)
(259.05088 8.0444273 9.915058e-18)
(259.05311 8.0587261 8.516e-18)
(259.05387 8.0785897 6.9325421e-18)
(259.05254 8.1016886 5.4380766e-18)
(259.05563 8.0862615 6.082569e-18)
(259.06043 8.0669185 6.7379988e-18)
(259.06494 8.0530854 7.0304851e-18)
(259.06895 8.0428888 7.1360357e-18)
(259.07235 8.0353015 7.1535229e-18)
(259.07512 8.0297623 7.136911e-18)
(259.07726 8.025876 7.1143196e-18)
(259.07888 8.0232996 7.0980232e-18)
(259.08009 8.0217182 7.0910662e-18)
(259.081 8.0208582 7.0920029e-18)
(259.08172 8.0204989 7.0978871e-18)
(259.08233 8.0204752 7.1058636e-18)
(259.08287 8.0206678 7.1136765e-18)
(259.0834 8.0209941 7.1197636e-18)
(259.08394 8.0213981 7.1231758e-18)
(259.08449 8.0218419 7.1233694e-18)
(259.08508 8.0223004 7.1200923e-18)
(259.0857 8.022757 7.1132984e-18)
(259.08636 8.0232008 7.1030395e-18)
(259.08706 8.0236244 7.0894208e-18)
(259.08781 8.0240234 7.072592e-18)
(259.0886 8.0243948 7.052713e-18)
(259.08943 8.0247369 7.0299398e-18)
(259.09031 8.0250487 7.0044224e-18)
(259.09123 8.0253297 6.9762947e-18)
(258.42218 7.9383598 -2.0020507e-18)
(258.42751 7.9416569 -2.0036527e-18)
(258.43291 7.9449194 -2.0002965e-18)
(258.43839 7.948148 -1.991647e-18)
(258.44395 7.9513433 -1.9772947e-18)
(258.44959 7.9545036 -1.9567392e-18)
(258.45531 7.9576239 -1.9293674e-18)
(258.46109 7.9606966 -1.8943999e-18)
(258.46692 7.9637063 -1.8508615e-18)
(258.47273 7.9666294 -1.7974745e-18)
(258.47847 7.9694291 -1.732537e-18)
(258.48401 7.9720463 -1.6537306e-18)
(258.48914 7.9743898 -1.5577818e-18)
(258.49358 7.9763203 -1.4399672e-18)
(258.49684 7.9776234 -1.293244e-18)
(258.49822 7.9779792 -1.10697e-18)
(258.49669 7.9769222 -8.6483424e-19)
(258.49084 7.9738039 -5.4189627e-19)
(258.47892 7.9677867 -1.0073976e-19)
(258.45896 7.9578713 5.1383954e-19)
(258.429 7.9429406 1.3825384e-18)
(258.38717 7.9216914 2.6270133e-18)
(258.33102 7.8922244 4.4457675e-18)
(258.25578 7.8508912 7.2040522e-18)
(258.14978 7.7893622 1.1674908e-17)
(258.03864 7.7218128 1.6900956e-17)
(258.18282 7.8151238 9.1269329e-18)
(258.27362 7.8780966 3.5041783e-18)
(258.3335 7.9229071 -7.6517691e-19)
(258.37304 7.9545894 -3.9446962e-18)
(258.39719 7.9749629 -6.0767635e-18)
(258.40935 7.98568 -7.2597791e-18)
(258.41306 7.9893687 -7.7428545e-18)
(258.41148 7.9888255 -7.8148831e-18)
(258.40687 7.9860998 -7.6905155e-18)
(258.40051 7.9823843 -7.4929815e-18)
(258.2657 7.8982659 -3.2871762e-18)
(258.26284 7.8958085 -3.0370522e-18)
(258.26214 7.8951792 -2.8939633e-18)
(258.26315 7.896001 -2.8354252e-18)
(258.26543 7.8978925 -2.8387898e-18)
(258.26858 7.9005353 -2.8855028e-18)
(258.24966 7.9693785 -5.9965112e-19)
(258.24729 7.9688387 -4.5701432e-19)
(258.24482 7.9675659 -3.5688112e-19)
(258.24221 7.9657246 -2.859399e-19)
(258.07397 7.908904 2.4094308e-18)
(258.0736 7.9093722 2.282618e-18)
(258.07413 7.9102466 2.1645572e-18)
(257.83805 7.9569515 2.3770046e-18)
(257.83462 7.9558396 2.4033552e-18)
(256.90055 7.8752552 0)
(256.88853 7.8745868 0)
(254.86565 7.8741734 -1.8470497e-18)
(252.20036 7.7588479 1.7762508e-18)
(250.15371 7.759673 -1.430976e-18)
(250.16548 7.7474798 6.975907e-18)
(252.79452 7.8445334 2.9075315e-18)
(258.05272 7.9923699 -1.7931578e-18)
(258.681 8.0240886 -1.5225067e-18)
(258.76467 8.029107 8.3479234e-19)
(258.79953 8.0350986 2.9240629e-18)
(258.83237 8.0334995 1.1476648e-18)
(258.8408 8.0416982 -5.342162e-18)
(258.8515 8.0367965 4.8073222e-18)
(258.86443 8.0459144 8.2071797e-19)
(258.87355 8.0401285 2.6254403e-18)
(258.89018 8.0483087 -6.55403e-20)
(258.89025 8.0487887 -1.7086299e-19)
(258.90747 8.0433832 4.5924646e-19)
(258.90752 8.0431626 4.8547327e-19)
(258.94488 8.0484443 1.1752815e-18)
(258.94498 8.0490794 1.215025e-18)
(258.94525 8.0495561 1.2504408e-18)
(258.98377 8.046367 5.0306519e-18)
(258.98338 8.0450401 5.1244025e-18)
(258.98318 8.0438918 5.1880512e-18)
(258.98326 8.0429604 5.214365e-18)
(259.02573 8.0475113 -3.2794772e-19)
(259.02538 8.0483785 -9.8949978e-20)
(259.02503 8.0490546 1.7226833e-19)
(259.02472 8.049432 5.1172282e-19)
(259.02448 8.0493802 9.5381885e-19)
(259.02436 8.0487707 1.5365044e-18)
(259.05265 8.0342759 1.0848437e-17)
(259.05129 8.0316432 1.115277e-17)
(259.04994 8.0295213 1.1421244e-17)
(259.04883 8.0282825 1.1597169e-17)
(259.04832 8.0285505 1.1586365e-17)
(259.04879 8.0311637 1.127359e-17)
(259.05031 8.0369135 1.058598e-17)
(259.05242 8.0463475 9.549197e-18)
(259.05417 8.0601784 8.2479306e-18)
(259.05438 8.0802754 6.7272047e-18)
(259.05147 8.1109802 4.9210464e-18)
(259.05576 8.0880944 5.9209823e-18)
(259.06114 8.0667705 6.6198928e-18)
(259.06599 8.0520292 6.91315e-18)
(259.07024 8.0412415 7.0134146e-18)
(259.07378 8.0332845 7.0264777e-18)
(259.07659 8.0275775 7.0093391e-18)
(259.07869 8.0236985 6.9910385e-18)
(259.0802 8.021255 6.9830308e-18)
(259.08126 8.0198765 6.9867234e-18)
(259.08203 8.0192439 6.9990791e-18)
(259.08261 8.0191063 7.0160116e-18)
(259.08309 8.0192829 7.0340483e-18)
(259.08352 8.0196498 7.050723e-18)
(259.08396 8.020124 7.0644604e-18)
(259.08442 8.0206522 7.0744202e-18)
(259.08491 8.0211999 7.0802036e-18)
(259.08544 8.0217451 7.0816903e-18)
(259.08601 8.0222743 7.0789755e-18)
(259.08664 8.0227791 7.0722189e-18)
(259.08731 8.0232542 7.061622e-18)
(259.08803 8.0236969 7.0474173e-18)
(259.08879 8.0241056 7.029826e-18)
(259.08961 8.0244796 7.0090589e-18)
(259.09047 8.024819 6.9853033e-18)
(259.09137 8.0251238 6.9587356e-18)
(258.42359 7.9388707 -1.9931346e-18)
(258.42908 7.9422264 -1.9945648e-18)
(258.43466 7.9455561 -1.9910974e-18)
(258.44034 7.9488635 -1.9824219e-18)
(258.44614 7.9521512 -1.9681617e-18)
(258.45207 7.9554199 -1.9478626e-18)
(258.45812 7.9586694 -1.920966e-18)
(258.46429 7.9618957 -1.8867839e-18)
(258.47059 7.9650904 -1.84444e-18)
(258.47697 7.9682369 -1.7928134e-18)
(258.48339 7.9713076 -1.7304075e-18)
(258.48975 7.9742547 -1.6551704e-18)
(258.49589 7.9769992 -1.5641992e-18)
(258.50153 7.9794144 -1.4531938e-18)
(258.50621 7.9812946 -1.3156317e-18)
(258.50922 7.9823154 -1.1413176e-18)
(258.50944 7.9819801 -9.1406982e-19)
(258.50528 7.9795667 -6.0840558e-19)
(258.49468 7.9741111 -1.8506804e-19)
(258.47529 7.9644594 4.1393784e-19)
(258.44489 7.9493864 1.2716298e-18)
(258.40168 7.9276396 2.5069339e-18)
(258.34382 7.89763 4.30168e-18)
(258.26814 7.8566358 6.9567441e-18)
(258.17021 7.8008189 1.0892418e-17)
(258.10372 7.7619984 1.3732617e-17)
(258.19425 7.821191 8.742757e-18)
(258.27571 7.8775327 3.7165201e-18)
(258.33133 7.9190071 -2.3458002e-19)
(258.36842 7.9486863 -3.2220781e-18)
(258.39155 7.968322 -5.2932541e-18)
(258.4039 7.9794489 -6.5375174e-18)
(258.40842 7.9841679 -7.147307e-18)
(258.40775 7.9847403 -7.3531654e-18)
(258.40388 7.982952 -7.34137e-18)
(258.39804 7.9799436 -7.229973e-18)
(258.39097 7.9763626 -7.0838363e-18)
(258.2647 7.8973979 -3.0691769e-18)
(258.26413 7.896874 -2.9400974e-18)
(258.26513 7.8976813 -2.8860687e-18)
(258.26733 7.8995121 -2.8895612e-18)
(258.2704 7.9020904 -2.9349257e-18)
(258.27407 7.9051938 -3.0097809e-18)
(258.24679 7.9673097 -5.4098186e-19)
(258.24419 7.9660623 -4.2621709e-19)
(258.24149 7.9642844 -3.4112092e-19)
(258.07582 7.9097634 2.3822828e-18)
(258.07549 7.9103413 2.254441e-18)
(258.07598 7.9112785 2.1343027e-18)
(257.83961 7.9556727 2.4304119e-18)
(257.83615 7.9545364 2.4557385e-18)
(256.91184 7.8759422 0)
(256.9002 7.875385 0)
(254.89565 7.873639 -1.8560047e-18)
(252.24725 7.7598977 1.6934889e-18)
(250.18514 7.7591009 -1.4161978e-18)
(250.15194 7.7460265 6.882338e-18)
(252.70051 7.8409046 2.8669199e-18)
(258.02051 7.9905634 -1.6602169e-18)
(258.67335 8.0220646 -8.0410264e-19)
(258.76695 8.0286754 5.0288153e-19)
(258.79996 8.0342391 2.6087528e-18)
(258.83263 8.0329319 1.1234912e-18)
(258.8411 8.040881 -5.2361484e-18)
(258.85179 8.0363907 4.7743268e-18)
(258.86468 8.0451955 8.594586e-19)
(258.87379 8.0400129 2.4846045e-18)
(258.89037 8.0477166 -6.8762391e-20)
(258.89046 8.0481898 -1.7025443e-19)
(258.9078 8.0436532 5.8242387e-19)
(258.90786 8.0433927 6.1178331e-19)
(258.94512 8.0479626 1.1450709e-18)
(258.94528 8.048577 1.180244e-18)
(258.94559 8.0490471 1.2098408e-18)
(258.98429 8.047027 4.9628048e-18)
(258.98396 8.0456624 5.0579636e-18)
(258.98383 8.0444677 5.1254649e-18)
(259.02624 8.0460898 -5.1490354e-19)
(259.02595 8.0470164 -2.9458892e-19)
(259.02565 8.0478269 -4.7845802e-20)
(259.02536 8.0484486 2.4163695e-19)
(259.0251 8.0487875 5.9694619e-19)
(259.02493 8.0487373 1.046944e-18)
(259.0545 8.0380895 1.0401969e-17)
(259.05338 8.035257 1.0682365e-17)
(259.05222 8.0327989 1.0944735e-17)
(259.05113 8.0309232 1.1158794e-17)
(259.05031 8.0299824 1.127132e-17)
(259.05005 8.0305156 1.1202858e-17)
(259.05063 8.033198 1.0865646e-17)
(259.05204 8.0386659 1.0209834e-17)
(259.05386 8.0474356 9.2577993e-18)
(259.05528 8.060191 8.0788981e-18)
(259.05529 8.0781397 6.7408047e-18)
(259.05369 8.097491 5.5593649e-18)
(259.05695 8.0840924 6.0175116e-18)
(259.06231 8.0645885 6.5755551e-18)
(259.06735 8.0498744 6.8235867e-18)
(259.07179 8.0388326 6.9003718e-18)
(259.07545 8.030662 6.9002635e-18)
(259.07827 8.0248933 6.8785386e-18)
(259.08029 8.0211206 6.8633631e-18)
(259.08165 8.0189061 6.8641242e-18)
(259.08254 8.0178158 6.8795803e-18)
(259.08312 8.0174782 6.9044851e-18)
(259.08354 8.0176128 6.9333698e-18)
(259.08387 8.0180257 6.9620923e-18)
(259.08419 8.018591 6.9879979e-18)
(259.08453 8.0192293 7.0095887e-18)
(259.08491 8.0198926 7.0261881e-18)
(259.08533 8.0205513 7.0375772e-18)
(259.0858 8.0211879 7.0438142e-18)
(259.08633 8.0217928 7.0451373e-18)
(259.08692 8.0223605 7.0418327e-18)
(259.08756 8.0228884 7.0342062e-18)
(259.08825 8.0233755 7.0225756e-18)
(259.08899 8.0238218 7.0072224e-18)
(259.08978 8.024228 6.9884153e-18)
(259.09063 8.0245949 6.9663901e-18)
(259.09152 8.0249235 6.9413479e-18)
(258.42496 7.9393617 -1.9850795e-18)
(258.4306 7.9427748 -1.986451e-18)
(258.43635 7.9461717 -1.9830079e-18)
(258.44224 7.9495577 -1.9744689e-18)
(258.44828 7.9529373 -1.9604998e-18)
(258.45448 7.9563162 -1.9406929e-18)
(258.46087 7.9596965 -1.9145697e-18)
(258.46744 7.9630807 -1.8815328e-18)
(258.47422 7.9664666 -1.8408508e-18)
(258.48119 7.969847 -1.7915836e-18)
(258.48832 7.9732052 -1.7324968e-18)
(258.49556 7.9765078 -1.6618988e-18)
(258.50279 7.9796942 -1.5773578e-18)
(258.50976 7.9826557 -1.4752592e-18)
(258.51607 7.9852067 -1.3498552e-18)
(258.52101 7.9870317 -1.1918826e-18)
(258.52342 7.9876145 -9.8588934e-19)
(258.52151 7.9861605 -7.0643237e-19)
(258.51285 7.9815596 -3.1308952e-19)
(258.49462 7.9724675 2.5441449e-19)
(258.46429 7.9575511 1.0789775e-18)
(258.42034 7.9357157 2.2692526e-18)
(258.3621 7.9060099 3.9690625e-18)
(258.28944 7.8674724 6.3551876e-18)
(258.20745 7.8220943 9.3947499e-18)
(258.16513 7.7990736 1.0894734e-17)
(258.21795 7.83486 7.7570649e-18)
(258.2835 7.8807004 3.616079e-18)
(258.33244 7.9174311 8.6853556e-20)
(258.3661 7.9445719 -2.6711648e-18)
(258.38764 7.9631164 -4.6530938e-18)
(258.39964 7.9742503 -5.9202815e-18)
(258.40452 7.9796118 -6.6179144e-18)
(258.40444 7.9810162 -6.9289181e-18)
(258.4011 7.9799915 -7.0122598e-18)
(258.39567 7.9775931 -6.9773936e-18)
(258.38887 7.9744696 -6.8899756e-18)
(258.38114 7.9709938 -6.7860151e-18)
(258.26595 7.8984176 -2.9764503e-18)
(258.26698 7.8992579 -2.929737e-18)
(258.26915 7.9010675 -2.9356918e-18)
(258.27217 7.9036112 -2.981469e-18)
(258.27581 7.9066876 -3.0562068e-18)
(258.24626 7.9658518 -6.1777297e-19)
(258.24354 7.9646133 -4.8980364e-19)
(258.24073 7.9628818 -3.9168778e-19)
(258.07757 7.9106021 2.3520831e-18)
(258.07729 7.9112931 2.2233396e-18)
(258.07778 7.9123014 2.1013578e-18)
(257.84098 7.9544188 2.4825779e-18)
(257.83751 7.9532576 2.5072869e-18)
(256.92219 7.8765947 0)
(256.91101 7.876145 0)
(254.92292 7.8730736 -1.8673303e-18)
(252.29004 7.7608364 1.6173347e-18)
(250.21377 7.7584984 -1.4084792e-18)
(250.14143 7.7447418 6.8114918e-18)
(252.62493 7.8377387 2.8178008e-18)
(257.23186 7.968375 -3.1319147e-18)
(258.66958 8.0205576 -5.0188867e-19)
(258.76794 8.0278638 3.7745307e-19)
(258.8132 8.0301014 2.0122316e-18)
(258.83285 8.0323529 1.1195439e-18)
(258.84135 8.0400736 -5.1544046e-18)
(258.85206 8.0359893 4.74816e-18)
(258.8649 8.0444877 8.8582063e-19)
(258.87401 8.0399028 2.3527452e-18)
(258.89054 8.047137 -6.7405677e-20)
(258.89064 8.0476032 -1.6517208e-19)
(258.9081 8.0439313 6.9989594e-19)
(258.90819 8.0436308 7.3120686e-19)
(258.94534 8.0474917 1.1149474e-18)
(258.94555 8.0480882 1.1457935e-18)
(258.94591 8.0485526 1.1700186e-18)
(258.9848 8.0476954 4.8961849e-18)
(258.98453 8.0462882 4.9936069e-18)
(258.98444 8.0450425 5.0657452e-18)
(259.0264 8.0456548 -5.03308e-19)
(259.02616 8.0465355 -2.6854936e-19)
(259.02591 8.0472988 -6.3843203e-21)
(259.02567 8.0478782 2.9799211e-19)
(259.02547 8.0481933 6.6501513e-19)
(259.05595 8.0419982 1.0005587e-17)
(259.05507 8.03896 1.0267146e-17)
(259.05411 8.0362198 1.0518793e-17)
(259.05314 8.0339035 1.0743442e-17)
(259.05228 8.0322172 1.0910814e-17)
(259.0517 8.0314832 1.0972462e-17)
(259.05165 8.0321589 1.086231e-17)
(259.0523 8.0347833 1.0513876e-17)
(259.05362 8.039854 9.8945366e-18)
(259.05524 8.0477779 9.028703e-18)
(259.05647 8.0589801 7.9853857e-18)
(259.0566 8.0734632 6.8763144e-18)
(259.05618 8.0849445 6.0834315e-18)
(259.05895 8.0767137 6.229605e-18)
(259.06395 8.0606307 6.5819325e-18)
(259.06905 8.0466591 6.753761e-18)
(259.07362 8.0356454 6.7926378e-18)
(259.07738 8.0273966 6.7718744e-18)
(259.08019 8.0216705 6.7422735e-18)
(259.08209 8.0181136 6.7298254e-18)
(259.08325 8.0162398 6.7405885e-18)
(259.08391 8.0155356 6.7695305e-18)
(259.08428 8.015569 6.8084804e-18)
(259.0845 8.0160291 6.8503643e-18)
(259.08469 8.0167139 6.890408e-18)
(259.08488 8.0175009 6.9258872e-18)
(259.08511 8.0183186 6.9554974e-18)
(259.0854 8.0191263 6.9787718e-18)
(259.08575 8.0199018 6.9957379e-18)
(259.08617 8.0206335 7.0066628e-18)
(259.08665 8.0213162 7.0119477e-18)
(259.0872 8.0219481 7.012015e-18)
(259.08781 8.0225292 7.0072834e-18)
(259.08847 8.0230611 6.9981503e-18)
(259.08919 8.023545 6.9849738e-18)
(259.08996 8.0239832 6.9680716e-18)
(259.09079 8.0243775 6.9477245e-18)
(259.09166 8.0247296 6.9241715e-18)
(258.42627 7.9398303 -1.9778645e-18)
(258.43205 7.9432996 -1.9792859e-18)
(258.43798 7.9467622 -1.975996e-18)
(258.44407 7.9502256 -1.9677463e-18)
(258.45034 7.9536974 -1.954246e-18)
(258.45682 7.9571852 -1.9351552e-18)
(258.46354 7.9606975 -1.9100686e-18)
(258.47052 7.964241 -1.8785128e-18)
(258.47778 7.9678222 -1.8399042e-18)
(258.48534 7.9714435 -1.793528e-18)
(258.49322 7.9751015 -1.7384572e-18)
(258.50138 7.9787807 -1.6734323e-18)
(258.50976 7.9824425 -1.5966527e-18)
(258.5182 7.9860077 -1.5053119e-18)
(258.52633 7.9893198 -1.3948551e-18)
(258.53352 7.9920906 -1.2573704e-18)
(258.53859 7.9938035 -1.0788507e-18)
(258.53958 7.9935984 -8.346222e-19)
(258.5336 7.9901899 -4.8333078e-19)
(258.51719 7.9819786 3.7680192e-20)
(258.48739 7.9674765 8.1079065e-19)
(258.44308 7.945822 1.9299154e-18)
(258.38523 7.9169211 3.4900852e-18)
(258.31698 7.8816741 5.5416639e-18)
(258.24891 7.8454286 7.7939038e-18)
(258.2167 7.8294046 8.6575703e-18)
(258.24643 7.8512458 6.5812484e-18)
(258.2954 7.8864712 3.3043331e-18)
(258.33629 7.9177647 2.3870592e-19)
(258.36578 7.9419918 -2.2666028e-18)
(258.38524 7.9591549 -4.1369062e-18)
(258.39647 7.9699741 -5.3970821e-18)
(258.40132 7.9756649 -6.1514667e-18)
(258.40154 7.9776561 -6.5428841e-18)
(258.39855 7.9772339 -6.7051044e-18)
(258.39341 7.9753491 -6.7371745e-18)
(258.38681 7.972628 -6.7030642e-18)
(258.37919 7.9694556 -6.6406411e-18)
(258.26761 7.89983 -3.004571e-18)
(258.26873 7.900741 -2.9672983e-18)
(258.27091 7.9025633 -2.9776385e-18)
(258.27391 7.9050994 -3.0253668e-18)
(258.27753 7.9081695 -3.1011482e-18)
(258.2457 7.9644556 -6.8762636e-19)
(258.24286 7.9632129 -5.4771281e-19)
(258.23995 7.9615139 -4.3764409e-19)
(258.23699 7.9594632 -3.4891642e-19)
(258.07902 7.9122338 2.1895288e-18)
(258.07952 7.91332 2.0658408e-18)
(257.84218 7.9531844 2.5336501e-18)
(257.83872 7.9519988 2.5580998e-18)
(256.93175 7.8772234 0)
(256.92106 7.876877 0)
(254.9479 7.8724788 -1.8807264e-18)
(252.32948 7.7616908 1.5463751e-18)
(250.24015 7.7578666 -1.4061065e-18)
(250.1331 7.7435915 6.7573692e-18)
(252.56233 7.8348924 2.7648747e-18)
(257.19391 7.9659863 -3.0350727e-18)
(258.66756 8.0193118 -3.757816e-19)
(258.76834 8.0269636 3.3223396e-19)
(258.81344 8.0293758 2.032238e-18)
(258.83304 8.0317714 1.1270972e-18)
(258.84158 8.039274 -5.0902899e-18)
(258.8523 8.0355945 4.7270118e-18)
(258.8651 8.0437892 9.0197315e-19)
(258.87422 8.0398002 2.2286309e-18)
(258.89069 8.0465684 -6.2049652e-20)
(258.89081 8.0470273 -1.5628315e-19)
(258.90839 8.044219 8.1221149e-19)
(258.90849 8.0438785 8.4448046e-19)
(258.94554 8.0470308 1.085053e-18)
(258.9458 8.0476113 1.1118202e-18)
(258.98563 8.049948 4.7117912e-18)
(258.98528 8.0483734 4.8305473e-18)
(258.98506 8.0469194 4.9309166e-18)
(258.98502 8.0456187 5.008285e-18)
(259.02655 8.045228 -4.9737762e-19)
(259.02636 8.0460689 -2.4963267e-19)
(259.02616 8.0467926 2.572319e-20)
(259.02597 8.0473401 3.4222876e-19)
(259.02583 8.0476434 7.1749938e-19)
(259.05641 8.0428262 9.8920031e-18)
(259.05564 8.0398261 1.0133525e-17)
(259.05483 8.0371591 1.0358782e-17)
(259.05404 8.0349525 1.054995e-17)
(259.05337 8.0334027 1.0677816e-17)
(259.053 8.032797 1.0699155e-17)
(259.05312 8.0335159 1.0559659e-17)
(259.05384 8.0359802 1.0209635e-17)
(259.0551 8.040558 9.6296632e-18)
(259.05659 8.0475055 8.8481915e-18)
(259.05776 8.0569078 7.9385669e-18)
(259.0582 8.067849 7.0357179e-18)
(259.05863 8.074579 6.4491625e-18)
(259.06132 8.0685705 6.4347409e-18)
(259.06599 8.0554735 6.6086069e-18)
(259.07107 8.0425254 6.6931327e-18)
(259.07575 8.0317042 6.6847785e-18)
(259.07959 8.0234647 6.6375203e-18)
(259.08236 8.0178723 6.5977195e-18)
(259.08408 8.0146525 6.5886991e-18)
(259.08499 8.0132499 6.6117634e-18)
(259.08538 8.0130441 6.6566299e-18)
(259.08549 8.0135307 6.7114697e-18)
(259.0855 8.0143709 6.7675071e-18)
(259.08551 8.015362 6.8194974e-18)
(259.08557 8.0163921 6.8648543e-18)
(259.08569 8.0174016 6.9025557e-18)
(259.08589 8.0183612 6.9324749e-18)
(259.08618 8.0192577 6.9549314e-18)
(259.08654 8.0200867 6.9704345e-18)
(259.08698 8.0208484 6.9795671e-18)
(259.08748 8.0215448 6.9828967e-18)
(259.08806 8.0221794 6.9809587e-18)
(259.08869 8.0227556 6.9742358e-18)
(259.08939 8.023277 6.9631541e-18)
(259.09014 8.0237467 6.9480895e-18)
(259.09095 8.0241678 6.9293609e-18)
(259.09181 8.024543 6.9072447e-18)
)
;

boundaryField
{
    farfieldLeft
    {
        type            freestreamVelocity;
        freestreamValue uniform (258.73872 9.080569 0);
        value           uniform (258.73872 9.080569 0);
    }
    farfieldRight
    {
        type            freestreamVelocity;
        freestreamValue uniform (258.73872 9.080569 0);
        value           uniform (258.73872 9.080569 0);
    }
    farfieldTop
    {
        type            freestreamVelocity;
        freestreamValue uniform (258.73872 9.080569 0);
        value           uniform (258.73872 9.080569 0);
    }
    airfoil
    {
        type            noSlip;
    }
    front
    {
        type            empty;
    }
    back
    {
        type            empty;
    }
}


// ************************************************************************* //
