/*--------------------------------*- C++ -*----------------------------------*| =========                 |                                                 |
| \      /  F ield         | OpenFOAM: The Open Source CFD Toolbox           |
|  \    /   O peration     | Version:  v2312                                 |
|   \  /    A nd           | Website:  www.openfoam.com                      |
|    \/     M anipulation  |                                                 |
\*---------------------------------------------------------------------------*/
    FoamFile
{
    version     2.0;
    format      ascii;
    class       vectorField;
    location    "constant/structuredMesh";
    object      originalPoints;
}

// * * * * * * * * * * * * * * * * * * * * * * * * * * * * * * * * * //

9075
(
(0.5 0.5 0)
(0.4661775531804939 0.5 0)
(0.4323471164056162 0.5 0)
(0.3985055182426628 0.5 0)
(0.3646528987857944 0.5 0)
(0.3307896682049312 0.5 0)
(0.2969152224551121 0.5 0)
(0.2630280088954124 0.5 0)
(0.2291259124285193 0.5 0)
(0.1952065371739279 0.5 0)
(0.1612673532818675 0.5 0)
(0.1273057720643032 0.5 0)
(0.09331920084948385 0.5 0)
(0.05930510873606792 0.5 0)
(0.02526112580083783 0.5 0)
(-0.008814801084006844 0.5 0)
(-0.04292416902636065 0.5 0)
(-0.07706757089843495 0.5 0)
(-0.1112442247911614 0.5 0)
(-0.1454513843104239 0.5 0)
(-0.1796836258171464 0.5 0)
(-0.2139319424971284 0.5 0)
(-0.2481824349281334 0.5 0)
(-0.2824141838038922 0.5 0)
(-0.3165955888916179 0.5 0)
(-0.3506778948799953 0.5 0)
(-0.3845834672710893 0.5 0)
(-0.4181839182861163 0.5 0)
(-0.451256787748179 0.5 0)
(-0.4833827188898653 0.5 0)
(-0.5134933202461142 0.4998178709733305 0)
(-0.541283202449877 0.4982927592029797 0)
(-0.5680063761174635 0.4953535112723494 0)
(-0.5939862630070433 0.4910871172316945 0)
(-0.6193723976529254 0.4855411658477324 0)
(-0.6442321663160108 0.4787452965249954 0)
(-0.6685885294976304 0.4707206178092841 0)
(-0.6924325215956089 0.4614863994589327 0)
(-0.7157366012705145 0.4510628558417366 0)
(-0.7384612198443381 0.4394726577102846 0)
(-0.7605602234614783 0.4267415643450627 0)
(-0.7819820202103173 0.4128996347860344 0)
(-0.8026755844167794 0.3979792509264302 0)
(-0.8225864788208284 0.3820182360029543 0)
(-0.8416649095396656 0.3650549004689856 0)
(-0.8598578544492551 0.3471344020728019 0)
(-0.8771187911797461 0.3283008024857464 0)
(-0.8933986368604315 0.3086057050085972 0)
(-0.9086560017015202 0.2880976492902268 0)
(-0.9228483134106078 0.266831933545527 0)
(-0.9359373004184754 0.2448645339512528 0)
(-0.9478890630388651 0.2222507245701086 0)
(-0.9586688634548546 0.1990548796807547 0)
(-0.968249758704655 0.1753343551608197 0)
(-0.9766065173376137 0.1511496772398164 0)
(-0.9837142400217657 0.1265721315285437 0)
(-0.9895561111873542 0.1016601549830309 0)
(-0.9941168923427532 0.07647545388824938 0)
(-0.9973820523947624 0.05109858007361708 0)
(-0.999344846599215 0.02558704343307709 0)
(-1 1.77635683940025e-15 0)
(-0.9993448883552005 -0.02558622639943973 0)
(-0.9973821515480644 -0.05109761594256354 0)
(-0.9941170513816471 -0.07647442867767784 0)
(-0.9895563212390454 -0.1016591427368206 0)
(-0.9837144911517484 -0.1265711721782279 0)
(-0.9766067990319094 -0.1511487900507283 0)
(-0.9682500602995637 -0.175333549389025 0)
(-0.9586691757014987 -0.199054160418101 0)
(-0.9478893751812369 -0.2222500949869508 0)
(-0.9359376125495906 -0.2448639781486857 0)
(-0.9228486184022027 -0.2668314504263841 0)
(-0.9086562941584748 -0.2880972342339295 0)
(-0.8933989137422487 -0.30860535208362 0)
(-0.877119048881238 -0.3283005066762327 0)
(-0.8598579711760418 -0.3471342810581128 0)
(-0.8416651277396781 -0.3650546963727569 0)
(-0.8225866794034306 -0.3820180666057685 0)
(-0.802675765918658 -0.3979791129799901 0)
(-0.7819821832934506 -0.412899523410436 0)
(-0.7605603691475438 -0.4267414753291082 0)
(-0.7384613493555858 -0.4394725874519335 0)
(-0.7157367158088279 -0.451062801027775 0)
(-0.6924326224972271 -0.4614863573997779 0)
(-0.6685886180242689 -0.4707205860724097 0)
(-0.6442322437202508 -0.4787452731896478 0)
(-0.6193724649756841 -0.4855411492735942 0)
(-0.5939863207532956 -0.4910871061705367 0)
(-0.5680064237085005 -0.4953535047400117 0)
(-0.5412832460659395 -0.4982927555812959 0)
(-0.5134933600603085 -0.4998178698924651 0)
(-0.4833827546324553 -0.5 0)
(-0.4512568193336836 -0.5 0)
(-0.4181839459211563 -0.5 0)
(-0.384583491355611 -0.5 0)
(-0.3506779158427223 -0.5 0)
(-0.3165956071328385 -0.5 0)
(-0.2824141996791505 -0.5 0)
(-0.248182448747062 -0.5 0)
(-0.2139319545274462 -0.5 0)
(-0.1796836362899438 -0.5 0)
(-0.1454513934253345 -0.5 0)
(-0.1112442327209322 -0.5 0)
(-0.07706757779280843 -0.5 0)
(-0.04292417501531313 -0.5 0)
(-0.00881480628044741 -0.5 0)
(0.02526112129879706 -0.5 0)
(0.05930510484318748 -0.5 0)
(0.09331919749176708 -0.5 0)
(0.1273057691776127 -0.5 0)
(0.1612673508107489 -0.5 0)
(0.195206535070631 -0.5 0)
(0.2291259106521346 -0.5 0)
(0.2630280074111738 -0.5 0)
(0.2969152212337988 -0.5 0)
(0.3307896672223798 -0.5 0)
(0.364652898022447 -0.5 0)
(0.3985055176832599 -0.5 0)
(0.432347116038906 -0.5 0)
(0.4661775529990069 -0.5 0)
(0.5 -0.5 0)
(0.5 0.5002108256354106 0)
(0.466240307109234 0.5002108273239045 0)
(0.4324102733768394 0.5002108225177939 0)
(0.3985323987492989 0.500210808853174 0)
(0.3646670922209297 0.5002107862159029 0)
(0.3307958074585519 0.5002107543011406 0)
(0.2969151058125617 0.5002107121794994 0)
(0.263022313142415 0.5002106585685649 0)
(0.2291144590446788 0.500210591766438 0)
(0.1951884687386687 0.5002105097619546 0)
(0.161243866119164 0.5002104120045221 0)
(0.1272781155038683 0.5002102971029232 0)
(0.09327751235408401 0.5002101628411798 0)
(0.05930994773182925 0.5002100059318051 0)
(0.02530134342616344 0.5002098072939998 0)
(-0.00875939712053205 0.5002095536112605 0)
(-0.04287247900478995 0.5002092344274642 0)
(-0.07706426186462985 0.5002088422706931 0)
(-0.1112533437244934 0.5002083853628611 0)
(-0.1454655889786637 0.5002078370215515 0)
(-0.1797016791006603 0.5002071745954035 0)
(-0.2139534790507903 0.5002063725796843 0)
(-0.2482070844645003 0.5002054022935127 0)
(-0.2824403797758732 0.5002042364172202 0)
(-0.3166211853755145 0.500202833184334 0)
(-0.3507025352712855 0.5002011080200142 0)
(-0.3846090493846459 0.5001989318105015 0)
(-0.4182122356341766 0.500196148826195 0)
(-0.4512881583078111 0.5001925247779531 0)
(-0.4834156978318145 0.5001873094596617 0)
(-0.5135291478819081 0.4999968766067555 0)
(-0.5413267182913658 0.4984656657751245 0)
(-0.5680578741022728 0.4955215111683274 0)
(-0.594046233268481 0.4912504621992279 0)
(-0.6194394456016868 0.4857001989823171 0)
(-0.6443044176458638 0.478900546322227 0)
(-0.6686651337634069 0.4708724409301178 0)
(-0.6925136732530891 0.4616347946797375 0)
(-0.7158228537520086 0.451207566185268 0)
(-0.7385582499624158 0.4396104805629718 0)
(-0.7606674798937261 0.4268718923181667 0)
(-0.7820883815496377 0.4130291143212266 0)
(-0.8027751221256032 0.3981130417490277 0)
(-0.8226867793419501 0.3821516120484485 0)
(-0.8417737925010481 0.3651810524859776 0)
(-0.859975250778547 0.3472524115840571 0)
(-0.8772447725375845 0.3284094431929258 0)
(-0.8935385408221779 0.3086967895215577 0)
(-0.9088055927644205 0.2881739580900238 0)
(-0.9229926956162064 0.2669145904327518 0)
(-0.9360734846041369 0.244961425232321 0)
(-0.9480315778268077 0.2223373255161741 0)
(-0.9588217678504762 0.1991199120174407 0)
(-0.9684024883603802 0.1754002425052005 0)
(-0.9767594734659721 0.151216831542148 0)
(-0.9838721549275532 0.1266247744183294 0)
(-0.9897177466867818 0.1016987037818262 0)
(-0.994281230793693 0.07649955762344474 0)
(-0.9975477377361178 0.05111099434988332 0)
(-0.9995112169503145 0.02558560186957317 0)
(-1.000166069990309 -1.443670918739673e-05 0)
(-0.9995100894416405 -0.02560752772308211 0)
(-0.9975465995260691 -0.0511220426810422 0)
(-0.9942808170751646 -0.07650220623508532 0)
(-0.9897192224625548 -0.1016915656727374 0)
(-0.983876443415178 -0.1266083703088298 0)
(-0.9767672127819139 -0.1511924169913814 0)
(-0.9684080800062536 -0.175385225126421 0)
(-0.9588248518828808 -0.1991127071139746 0)
(-0.9480426741263586 -0.2223148978602753 0)
(-0.9360883652109768 -0.2449348485855264 0)
(-0.9229981047852232 -0.2669059200678356 0)
(-0.9088021006242721 -0.2881788582607938 0)
(-0.8935360945962775 -0.3086998453314429 0)
(-0.8772524256313418 -0.3284005725285195 0)
(-0.8599906855482148 -0.3472363262168119 0)
(-0.8417914874511958 -0.3651644309371359 0)
(-0.8227038138845632 -0.3821371858151983 0)
(-0.8027863616394414 -0.3981044679182738 0)
(-0.7820882909703507 -0.4130291806205543 0)
(-0.7606601788950897 -0.4268763754114338 0)
(-0.7385524192812569 -0.4396136783069717 0)
(-0.7158197939529989 -0.4512090874559348 0)
(-0.6925090162465258 -0.4616368312687726 0)
(-0.6686585685413078 -0.4708749236430489 0)
(-0.6442961715230108 -0.4789032019976394 0)
(-0.619430057298812 -0.4857027285540406 0)
(-0.5940365063581111 -0.4912526017307405 0)
(-0.5680487042091905 -0.4955230939314352 0)
(-0.5413180110693213 -0.4984667697292642 0)
(-0.5135205321702055 -0.4999976125688308 0)
(-0.4834074545671394 -0.5001878256711193 0)
(-0.4512814400307016 -0.5001929277142345 0)
(-0.41820781409692 -0.5001964409827303 0)
(-0.3846065595690579 -0.5001991358778186 0)
(-0.3507000116477372 -0.500201269386926 0)
(-0.3166167872410847 -0.5002029842496034 0)
(-0.2824342989171243 -0.5002043794147689 0)
(-0.2482008930277156 -0.5002055249232435 0)
(-0.2139483548155292 -0.5002064684011859 0)
(-0.1796978221671909 -0.5002072467681784 0)
(-0.1454629613879559 -0.5002078904501893 0)
(-0.1112521928359985 -0.5002084242744115 0)
(-0.07706623249288073 -0.5002088690953636 0)
(-0.04288712472602081 -0.5002092469725298 0)
(-0.008771924382620613 -0.5002095588091694 0)
(0.02529058781362533 -0.5002098111181247 0)
(0.05930094729502767 -0.500210010850107 0)
(0.09328648872238565 -0.500210171821668 0)
(0.1272898343784589 -0.5002103082694123 0)
(0.1612549317275384 -0.5002104223378016 0)
(0.1951973790353694 -0.5002105177188755 0)
(0.2291204582518324 -0.5002105969262052 0)
(0.2630266486600107 -0.5002106619889191 0)
(0.2969190697097775 -0.5002107147417613 0)
(0.3308007865306518 -0.500210756548869 0)
(0.3646745692008219 -0.5002107883935305 0)
(0.3985452758007429 -0.5002108110558187 0)
(0.4324800816093643 -0.5002108240971987 0)
(0.4662670531531878 -0.5002108279493739 0)
(0.5 -0.5002108256353741 0)
(0.5 0.5004694479287932 0)
(0.4663170258689688 0.5004694516964148 0)
(0.4324877433124809 0.5004694410229585 0)
(0.3985654205933448 0.5004694105961529 0)
(0.3646845289910775 0.5004693601896647 0)
(0.3308033619745187 0.5004692891218252 0)
(0.2969149862774741 0.5004691953220494 0)
(0.2630153491718884 0.500469075932691 0)
(0.2291004309948574 0.5004689271601582 0)
(0.1951663255958874 0.5004687445210757 0)
(0.1612150759508774 0.5004685267967141 0)
(0.1272442022656935 0.5004682708895001 0)
(0.09322642987136255 0.5004679717839853 0)
(0.05931646969182004 0.5004676227264352 0)
(0.02535086361293303 0.5004671808010293 0)
(-0.008691438318251908 0.5004666162237744 0)
(-0.04280921410652727 0.5004659055683949 0)
(-0.07706072195694061 0.5004650314320976 0)
(-0.1112645362551162 0.5004640136694064 0)
(-0.1454830229659196 0.5004627923816733 0)
(-0.1797238372454068 0.5004613170120706 0)
(-0.2139799139930307 0.5004595307351717 0)
(-0.2482373418121413 0.5004573696788313 0)
(-0.2824725355211194 0.5004547730759781 0)
(-0.3166526081377515 0.5004516479783786 0)
(-0.3507327890340086 0.5004478059323996 0)
(-0.3846404623442549 0.5004429591404912 0)
(-0.4182470100911589 0.5004367605793183 0)
(-0.4513266881775795 0.5004286880429969 0)
(-0.4834562240885668 0.5004170736309321 0)
(-0.5135731805374933 0.5002164771750041 0)
(-0.5413801597506132 0.4986777902371837 0)
(-0.5681211014365183 0.4957276158299696 0)
(-0.5941198491818611 0.4914508554946807 0)
(-0.6195217369369175 0.4858953029023352 0)
(-0.6443930873021441 0.4790910094045596 0)
(-0.6687591395614096 0.471058700829915 0)
(-0.6926132540784135 0.4618168500520691 0)
(-0.715928591426058 0.4513851483249446 0)
(-0.7386771733812075 0.4397796379595862 0)
(-0.7607990870099349 0.4270317789834119 0)
(-0.7822190173994854 0.4131878730698343 0)
(-0.8028973411972743 0.39827711380322 0)
(-0.8228098320253762 0.3823152534124356 0)
(-0.8419073692106456 0.3653358363996368 0)
(-0.8601192662273119 0.3473972131100024 0)
(-0.8773993229215324 0.3285427497152022 0)
(-0.8937101087615684 0.3088086392186337 0)
(-0.9089890154496361 0.2882677339908085 0)
(-0.9231698288970377 0.2670160128315486 0)
(-0.9362406529046657 0.2450801476064361 0)
(-0.9482064394680327 0.2224435502315074 0)
(-0.9590093230040745 0.1991997945512686 0)
(-0.9685898788698866 0.1754810557388248 0)
(-0.9769471586499987 0.1512991415989182 0)
(-0.9840658962579979 0.1266893691732091 0)
(-0.9899160495594455 0.1017460254335988 0)
(-0.9944828489017939 0.07652917264986565 0)
(-0.9977510133966786 0.05112623914627615 0)
(-0.9997153333893987 0.02558385111777614 0)
(-1.000369818710351 -3.211473744387125e-05 0)
(-0.9997127738492001 -0.0256336286979307 0)
(-0.9977483616770301 -0.05115197960907345 0)
(-0.9944817375257615 -0.07653629542947951 0)
(-0.9899190758351311 -0.1017313830241889 0)
(-0.9840751509552347 -0.1266539677436972 0)
(-0.9769640371211217 -0.1512458949017619 0)
(-0.968601947772933 -0.1754486367988756 0)
(-0.9590158494417604 -0.1991845353785721 0)
(-0.9482307667313368 -0.2223943783100645 0)
(-0.9362733300312422 -0.2450217825777634 0)
(-0.9231814960710308 -0.2669973029132859 0)
(-0.9089809501541256 -0.2882790551573964 0)
(-0.8937044133653742 -0.3088157598872122 0)
(-0.8774161351266443 -0.3285232591486347 0)
(-0.8601535244436347 -0.3473615090638278 0)
(-0.8419464667832147 -0.3652991082371176 0)
(-0.8228474954863152 -0.3822833553563529 0)
(-0.8029220716978447 -0.3982582470247951 0)
(-0.7822185038422224 -0.4131882334807818 0)
(-0.7607826397546995 -0.427041878254634 0)
(-0.7386641314931268 -0.439786791047549 0)
(-0.7159217159686357 -0.4513885662538705 0)
(-0.6926027535652636 -0.4618214403820508 0)
(-0.6687444022211483 -0.4710642730178395 0)
(-0.6443746183188678 -0.4790969571386791 0)
(-0.6195007330095084 -0.4859009624179983 0)
(-0.5940980975231618 -0.4914556404383978 0)
(-0.568100601135598 -0.495731154956696 0)
(-0.5413606960923905 -0.4986802589531921 0)
(-0.5135539243388708 -0.5002181233958241 0)
(-0.483437799106061 -0.5004182282319981 0)
(-0.4513116640449608 -0.500429588674481 0)
(-0.4182371073677335 -0.5004374135119636 0)
(-0.3846348655700004 -0.5004434152932076 0)
(-0.3507271211086347 -0.5004481667303539 0)
(-0.3166427712734482 -0.5004519857634362 0)
(-0.2824589539092012 -0.500455092801976 0)
(-0.248223515676276 -0.5004576438621352 0)
(-0.2139684684168261 -0.5004597449960296 0)
(-0.1797152159117344 -0.5004614784145411 0)
(-0.1454771412445171 -0.5004629118857764 0)
(-0.1112619460692228 -0.5004641007130122 0)
(-0.07706507603840344 -0.5004650914171318 0)
(-0.04284187753675146 -0.5004659334581144 0)
(-0.008719311871090462 -0.5004666277966374 0)
(0.02532697420741221 -0.5004671893430644 0)
(0.0592963703247861 -0.5004676337150722 0)
(0.09324640989224187 -0.5004679919364968 0)
(0.1272703148929929 -0.5004682959026696 0)
(0.1612397300031203 -0.5004685499259683 0)
(0.195186180090161 -0.5004687623271667 0)
(0.2291138020279884 -0.5004689387087337 0)
(0.2630250139156878 -0.5004690835894591 0)
(0.2969238224862308 -0.5004692010571495 0)
(0.3308144581194899 -0.5004692941504781 0)
(0.3647011905024474 -0.5004693650585984 0)
(0.3985941732319384 -0.5004694155179132 0)
(0.4326425326319684 -0.5004694445692131 0)
(0.4663762976356193 -0.5004694530886836 0)
(0.5 -0.500469447928712 0)
(0.5 0.5007679305175791 0)
(0.4664052158999392 0.5007679366960369 0)
(0.4325771493406819 0.5007679192906511 0)
(0.3986035988888204 0.500767869520124 0)
(0.3647046922423516 0.5007677870661085 0)
(0.3308121178642692 0.5007676708081752 0)
(0.2969148861312002 0.5007675173570253 0)
(0.2630073494367803 0.5007673220340255 0)
(0.2290842770974593 0.5007670786259619 0)
(0.1951408054357393 0.5007667797890852 0)
(0.1611818845874192 0.5007664235433112 0)
(0.1272050871099058 0.5007660048217103 0)
(0.09316755702531573 0.5007655152677559 0)
(0.05932480010004686 0.5007649449092153 0)
(0.02540827263176757 0.5007642227092988 0)
(-0.008613009932858535 0.5007632997168863 0)
(-0.04273639076661014 0.5007621373377823 0)
(-0.07705734481543405 0.5007607056539359 0)
(-0.1112774627679097 0.500759040107616 0)
(-0.1455031574923054 0.5007570417367683 0)
(-0.1797494290371223 0.5007546276399812 0)
(-0.214010447847102 0.5007517047973408 0)
(-0.2482722930968267 0.5007481687101606 0)
(-0.2825096804841992 0.5007439201000429 0)
(-0.3166889110568956 0.5007388070234241 0)
(-0.350767748403835 0.5007325209609019 0)
(-0.3846767652605704 0.5007245905658132 0)
(-0.4182872012370442 0.5007144476862845 0)
(-0.4513712274187653 0.500701237146282 0)
(-0.4835030992080485 0.5006822354697099 0)
(-0.513624118280808 0.5004699396710729 0)
(-0.5414419256864053 0.49892263189527 0)
(-0.5681941530853257 0.4959655087184818 0)
(-0.594204884178017 0.4916821550611669 0)
(-0.6196167747136723 0.4861204977396998 0)
(-0.644495479458412 0.4793108483960951 0)
(-0.668867684655914 0.4712736893519511 0)
(-0.6927282282088544 0.4620269868623635 0)
(-0.7160506027725976 0.4515901538068143 0)
(-0.7388143112590763 0.4399749722328723 0)
(-0.7609509430008675 0.4272163743645719 0)
(-0.7823698991957889 0.4133710716316396 0)
(-0.8030385832388247 0.3984663821939484 0)
(-0.8229519286957024 0.3825041019769715 0)
(-0.8420615436009736 0.3655145213665108 0)
(-0.8602854815311237 0.3475643859662388 0)
(-0.8775777013934742 0.3286966535575986 0)
(-0.8939080441234144 0.3089378876287337 0)
(-0.9092005943130762 0.2883761930674488 0)
(-0.9233742852256864 0.2671331061934233 0)
(-0.9364337325291837 0.2452169888762881 0)
(-0.9484083001842604 0.2225661379061264 0)
(-0.9592257641990636 0.1992921372525574 0)
(-0.9688061976612627 0.175574312404165 0)
(-0.9771638406433 0.1513940478249206 0)
(-0.9842895317529475 0.1267639457685133 0)
(-0.990144946535751 0.1018006878566774 0)
(-0.9947155715405273 0.07656341715699605 0)
(-0.9979856562061991 0.05114385839565403 0)
(-0.999950947376272 0.02558185708717005 0)
(-1.000605009436042 -5.247378883056439e-05 0)
(-0.9999467384106416 -0.02566371149314524 0)
(-0.9979812641076293 -0.05118649153761497 0)
(-0.9947136621789321 -0.07657565629301927 0)
(-0.9901497600511601 -0.101777395031236 0)
(-0.984304537813867 -0.1267065444618481 0)
(-0.977191256351296 -0.1513075584195365 0)
(-0.9688257280062391 -0.1755218470156947 0)
(-0.9592363236428011 -0.1992674427022568 0)
(-0.9484479038057086 -0.222486086613667 0)
(-0.9364868516707672 -0.2451221073882683 0)
(-0.9233931744905596 -0.2671028079437178 0)
(-0.9091873494216788 -0.2883947841733068 0)
(-0.8938987271580522 -0.3089495354984216 0)
(-0.8776052074470662 -0.3286647634922516 0)
(-0.8603415132860319 -0.3475059870937229 0)
(-0.8421252969685781 -0.3654546286914465 0)
(-0.82301332117683 -0.382452104916208 0)
(-0.8030787643747842 -0.3984357259061465 0)
(-0.7823688363130552 -0.4133718129703685 0)
(-0.7609239890674784 -0.4272329261658903 0)
(-0.7387930663091944 -0.4399866265500164 0)
(-0.7160393720403618 -0.451595738572057 0)
(-0.6927109728430688 -0.4620345303857297 0)
(-0.6688435001189565 -0.4712828348279289 0)
(-0.6444651924865694 -0.4793206043327279 0)
(-0.6195823392999554 -0.4861297795900335 0)
(-0.5941692208490331 -0.4916900040464505 0)
(-0.5681605401063243 -0.4959713158617097 0)
(-0.5414100134066783 -0.4989266847972259 0)
(-0.5135925454667766 -0.5004726454072171 0)
(-0.483472882461415 -0.5006841343793672 0)
(-0.4513465764083229 -0.5007027172934582 0)
(-0.4182709348610765 -0.5007155206669042 0)
(-0.3846675452155788 -0.5007253404164992 0)
(-0.3507584144157136 -0.5007331142713175 0)
(-0.3166727623807259 -0.5007393625093201 0)
(-0.2824874064296145 -0.5007444458281717 0)
(-0.2482496191156508 -0.5007486195454423 0)
(-0.2139916732726091 -0.5007520571472088 0)
(-0.1797352764641525 -0.500754893118566 0)
(-0.1454934886015923 -0.5007572383498298 0)
(-0.1112731828029485 -0.5007591833452057 0)
(-0.07706441053376101 -0.5007608043393844 0)
(-0.04278992612466569 -0.5007621829390821 0)
(-0.008658571352539281 -0.5007633186968588 0)
(0.0253693028809755 -0.5007642367747921 0)
(0.05929180825487794 -0.5007649629855248 0)
(0.09320022364049523 -0.5007655485525319 0)
(0.127247834507935 -0.5007660460395292 0)
(0.1612222392094156 -0.5007664616210757 0)
(0.1951733087868586 -0.5007668090958378 0)
(0.2291061725273423 -0.5007670976388761 0)
(0.2630231789993867 -0.5007673346431519 0)
(0.296929358526974 -0.5007675268000811 0)
(0.3308302861271817 -0.5007676790825769 0)
(0.3647319705896027 -0.5007677950711112 0)
(0.3986507791084292 -0.5007678776051084 0)
(0.4328291335215797 -0.5007679251469135 0)
(0.4665016421826176 -0.5007679389728401 0)
(0.5 -0.5007679305174458 0)
(0.5 0.5011240216311876 0)
(0.4665099353258506 0.5011240307015179 0)
(0.4326838074211261 0.5011240053211068 0)
(0.3986492394279844 0.5011239324767109 0)
(0.3647288028426691 0.5011238117925262 0)
(0.3308226169650806 0.5011236416194547 0)
(0.296914821260008 0.5011234169926211 0)
(0.2629978601229208 0.5011231310567205 0)
(0.2290650580619983 0.501122774704066 0)
(0.1951104117249564 0.501122337168308 0)
(0.1611423395134516 0.5011218155748304 0)
(0.1271584599465666 0.5011212025070084 0)
(0.09309743698518239 0.5011204854686092 0)
(0.05933586866588165 0.5011196517637992 0)
(0.02547712555921969 0.5011185958993114 0)
(-0.008519448434630837 0.5011172458616855 0)
(-0.04264977818793676 0.5011155446778379 0)
(-0.07705431362256973 0.5011134459988354 0)
(-0.111292896974622 0.5011110069940101 0)
(-0.1455271975658415 0.5011080809642229 0)
(-0.1797799868860021 0.5011045462666508 0)
(-0.2140469104262707 0.5011002666355849 0)
(-0.2483140342796103 0.5010950890883906 0)
(-0.2825540427745002 0.5010888685320778 0)
(-0.3167322743844046 0.5010813827478389 0)
(-0.3508095167915043 0.5010721797289874 0)
(-0.3847201445903097 0.5010605685792048 0)
(-0.4183352315278367 0.5010457168460107 0)
(-0.4514244646785392 0.5010263711911744 0)
(-0.4835591677598194 0.5009985538850701 0)
(-0.5136850554325636 0.5007723435762937 0)
(-0.5415157378018853 0.4992147616227002 0)
(-0.5682814171847127 0.4962493468786596 0)
(-0.5943064355086077 0.4919581249339566 0)
(-0.6197302456153071 0.4863891844328305 0)
(-0.6446177141123839 0.4795731459163443 0)
(-0.6689972516256661 0.4715302010190167 0)
(-0.692865457447066 0.4622777116483507 0)
(-0.7161962276184287 0.451834754736446 0)
(-0.7389778076479612 0.4402081271537159 0)
(-0.7611319091359431 0.4274367816471659 0)
(-0.782549941472982 0.4135896677525567 0)
(-0.8032073762074885 0.3986920295593283 0)
(-0.8231216472003893 0.3827293064897238 0)
(-0.8422454873823668 0.3657277575673651 0)
(-0.860483782577167 0.3477638987929457 0)
(-0.8777905189880413 0.3288803336546892 0)
(-0.8941440743260851 0.3090923080146148 0)
(-0.9094528487685892 0.2885059083945374 0)
(-0.9236182335970516 0.2672728546832163 0)
(-0.9366642816537459 0.2453799919737506 0)
(-0.9486491882355903 0.2227123745513654 0)
(-0.9594839501080645 0.1994025106805468 0)
(-0.9690643320763431 0.1756855524099172 0)
(-0.9774224406577706 0.1515071469734564 0)
(-0.9845563770655533 0.1268529535353999 0)
(-0.990418064488958 0.1018659676580437 0)
(-0.9949932528590784 0.07660436297883053 0)
(-0.9982656384358694 0.05116491308076686 0)
(-1.000232089372834 0.02557951531549556 0)
(-1.000885648062556 -7.669911235386064e-05 0)
(-1.000225917371602 -0.02569954116237375 0)
(-0.998259179022324 -0.05122760976067231 0)
(-0.9949904016976066 -0.07662263876972963 0)
(-0.9904250073455262 -0.1018323681596196 0)
(-0.9845782726732115 -0.1267691998533573 0)
(-0.9774624134820278 -0.1513810426734935 0)
(-0.9690927448136633 -0.1756092217772384 0)
(-0.9594994056056767 -0.1993663626432737 0)
(-0.9487070265048555 -0.2225954630818874 0)
(-0.9367416533025088 -0.2452417834202587 0)
(-0.9236457392787175 -0.2672287278243221 0)
(-0.909433563678985 -0.2885329736612414 0)
(-0.8941306188453086 -0.3091091240334572 0)
(-0.8778309561968511 -0.3288334497770961 0)
(-0.8605658595064676 -0.3476783506981416 0)
(-0.8423385932384604 -0.3656402853504606 0)
(-0.8232111637583289 -0.3826534853627335 0)
(-0.8032658043493657 -0.3986474479150389 0)
(-0.7825482302835745 -0.4135908583315988 0)
(-0.7610926113956263 -0.4274609160244874 0)
(-0.738946907113422 -0.4402250821346565 0)
(-0.7161797879194269 -0.4518429322988401 0)
(-0.6928401281321106 -0.4622887867415937 0)
(-0.668961774104048 -0.4715436204454577 0)
(-0.6445732999770764 -0.4795874576615426 0)
(-0.6196797493955217 -0.4864028021042929 0)
(-0.5942541270936209 -0.491969644981891 0)
(-0.5682321089047566 -0.4962578742995788 0)
(-0.5414689245871296 -0.4992207174766146 0)
(-0.5136387364254035 -0.5007763261161359 0)
(-0.483514824308423 -0.501001351513239 0)
(-0.4513882695229655 -0.5010285500557217 0)
(-0.4183113185776728 -0.5010472962434415 0)
(-0.3847065476193149 -0.5010616728171815 0)
(-0.3507957552168333 -0.5010730538334079 0)
(-0.3167085448749859 -0.5010822011462635 0)
(-0.2825213466444998 -0.501089642968685 0)
(-0.2482807517785353 -0.5010957531899097 0)
(-0.2140193437603711 -0.5011007857489359 0)
(-0.179759188245698 -0.5011049374977303 0)
(-0.1455129647998893 -0.5011083708059069 0)
(-0.1112865593673859 -0.5011112182114761 0)
(-0.07706455624452599 -0.5011135914887923 0)
(-0.04272832274635428 -0.5011156114309869 0)
(-0.008586077757289874 -0.5011172737665331 0)
(0.02542027416625205 -0.5011186166809478 0)
(0.05928737920533544 -0.5011196784202969 0)
(0.09314522279704782 -0.5011205347650456 0)
(0.1272210854637041 -0.5011212633799863 0)
(0.1612014509197094 -0.5011218717462221 0)
(0.1951580311638352 -0.5011223803880761 0)
(0.2290971467970837 -0.5011228027535016 0)
(0.2630210648720633 -0.5011231496654958 0)
(0.2969360362619289 -0.5011234309262467 0)
(0.3308492398550193 -0.5011236538185017 0)
(0.3647687708956044 -0.5011238235820465 0)
(0.3987185478543747 -0.5011239443713356 0)
(0.4330505123585414 -0.5011240139885467 0)
(0.466650150759634 -0.5011240340329005 0)
(0.5 -0.5011240216309925 0)
(0.5 0.5015560077471986 0)
(0.4666362602517082 0.5015560203475956 0)
(0.4328131922472009 0.5015559853739062 0)
(0.3987047391638567 0.5015558845417925 0)
(0.364758129415679 0.5015557174820713 0)
(0.330835426946158 0.5015554818970567 0)
(0.2969148172941693 0.5015551709071042 0)
(0.2629864225475225 0.5015547750102246 0)
(0.229041814383043 0.5015542815759648 0)
(0.1950736104149009 0.5015536756709882 0)
(0.1610944369223151 0.5015529533560235 0)
(0.1271019451644119 0.5015521043635796 0)
(0.09301253136273739 0.5015511109525048 0)
(0.05935094594827364 0.5015499587857317 0)
(0.02556118643192089 0.5015484991588971 0)
(-0.008405950145640242 0.5015466318495743 0)
(-0.04254508899810577 0.5015442771678826 0)
(-0.07705210054418617 0.5015413666045447 0)
(-0.111311639453285 0.501537988427241 0)
(-0.1455563890937046 0.5015339361721424 0)
(-0.1798170950822159 0.5015290410429626 0)
(-0.2140911940305099 0.5015231142151467 0)
(-0.2483647334970683 0.5015159438645895 0)
(-0.2826079270274875 0.5015073295105135 0)
(-0.3167849542381406 0.501496963837287 0)
(-0.3508602728010918 0.5014842204052055 0)
(-0.3847728665195728 0.501468141133543 0)
(-0.4183936136395505 0.5014475722181186 0)
(-0.451489192375189 0.5014207759808094 0)
(-0.4836273951588607 0.5013822605995765 0)
(-0.5137592207725259 0.5011392324560325 0)
(-0.541605459725625 0.4995692021362984 0)
(-0.5683874410375731 0.4965937264367805 0)
(-0.5944297790788784 0.4922929558048899 0)
(-0.619868029422817 0.4867151796414282 0)
(-0.6447661151343038 0.4798913908431764 0)
(-0.6691545361770995 0.4718414281020298 0)
(-0.693032026773868 0.4625819202069437 0)
(-0.7163729820656374 0.4521315312881327 0)
(-0.7391759873972681 0.4404911526665765 0)
(-0.7613511548767238 0.4277044343384979 0)
(-0.7827684170303489 0.4138549101020353 0)
(-0.8034125714504805 0.39896554812087 0)
(-0.8233278246463007 0.3830023750938756 0)
(-0.8424686542748981 0.3659865359761517 0)
(-0.8607243595653739 0.3480060404258484 0)
(-0.8780487143163047 0.3291032645028681 0)
(-0.8944302537933094 0.3092799709478559 0)
(-0.9097586360613786 0.2886637386509721 0)
(-0.9239142235592035 0.2674424653541603 0)
(-0.9369442681043767 0.2455773705367611 0)
(-0.9489415167697505 0.2228897615440946 0)
(-0.9597971234370262 0.1995367072643726 0)
(-0.9693775806132764 0.1758204737284485 0)
(-0.977736299981222 0.1516441677808451 0)
(-0.9848801650025417 0.1269609868077778 0)
(-0.9907494554819517 0.1019452599713553 0)
(-0.995330179298846 0.07665416840173891 0)
(-0.9986053710790787 0.05119050285093327 0)
(-1.000573230473427 0.02557672550634334 0)
(-1.001226180663231 -0.0001059942721813512 0)
(-1.000564683861467 -0.02574291987476704 0)
(-0.998596416322956 -0.05127741359906899 0)
(-0.9953261999783206 -0.07667967283901762 0)
(-0.9907589772648981 -0.1018991770967949 0)
(-0.984910459372661 -0.1268451098666709 0)
(-0.97779148500499 -0.1514700725557721 0)
(-0.9694167382717442 -0.1757152719132191 0)
(-0.9598186389075549 -0.1994863844360401 0)
(-0.9490214886142379 -0.222728107063599 0)
(-0.9370508616276513 -0.2453869516830965 0)
(-0.9239521789122452 -0.2673815633218387 0)
(-0.9097322224842695 -0.2887007994916788 0)
(-0.8944120409358743 -0.3093027199549615 0)
(-0.8781050875955166 -0.3290379022967415 0)
(-0.8608381298141213 -0.3478874526045982 0)
(-0.8425972771160695 -0.3658656885922905 0)
(-0.823451188397809 -0.3828978783886851 0)
(-0.8034928604724979 -0.3989042800956142 0)
(-0.7827659261566227 -0.4138566404557071 0)
(-0.761297159842882 -0.4277375995995604 0)
(-0.7391335656916231 -0.4405144359492986 0)
(-0.7163502051531749 -0.4521428650072893 0)
(-0.6929968813597224 -0.4625972912933495 0)
(-0.6691053276706344 -0.4718600477834665 0)
(-0.6447045237982159 -0.4799112470334693 0)
(-0.6197979979178616 -0.4867340774323934 0)
(-0.5943572102349549 -0.4923089514630545 0)
(-0.5683190199993132 -0.4966055744613061 0)
(-0.5415405009500257 -0.4995774849602665 0)
(-0.5136949401824674 -0.5011447821780182 0)
(-0.4835658320859001 -0.5013861638664492 0)
(-0.451438910531094 -0.5014238129272813 0)
(-0.4183603490636167 -0.5014497734259737 0)
(-0.3847538851816231 -0.5014696808863501 0)
(-0.3508410660263182 -0.501485439901748 0)
(-0.3167519586011582 -0.5014981056573731 0)
(-0.2825625159812942 -0.5015084098051551 0)
(-0.2483185081258572 -0.5015168702289868 0)
(-0.2140528943901385 -0.501523838472804 0)
(-0.179788168552771 -0.5015295870531963 0)
(-0.1455365563503738 -0.5015343408403908 0)
(-0.1113027478457952 -0.5015382834218283 0)
(-0.07706611253718121 -0.5015415697532853 0)
(-0.04265413796381393 -0.5015443695625047 0)
(-0.008498091866896181 -0.5015466706760707 0)
(0.02548279790805854 -0.5015485282492916 0)
(0.05928348023507003 -0.5015499960080182 0)
(0.09307863552137363 -0.501551180160851 0)
(0.1271887317263633 -0.5015521895407713 0)
(0.1611763389025541 -0.501553031847677 0)
(0.1951396037349185 -0.5015537360430399 0)
(0.2290863016050692 -0.5015543207740794 0)
(0.2630186026646897 -0.501554801026449 0)
(0.2969442376839186 -0.50155519038288 0)
(0.3308723308338733 -0.5015554989314989 0)
(0.3648135255049187 -0.5015557339242289 0)
(0.3988010952812672 -0.5015559011096655 0)
(0.433317278861255 -0.5015559975301442 0)
(0.4668288182635402 -0.5015560249569042 0)
(0.5 -0.5015560077469285 0)
(0.5 0.502082825875682 0)
(0.4667892663524009 0.5020828428110771 0)
(0.4329709703817772 0.5020827962573465 0)
(0.3987726064057439 0.5020826612972229 0)
(0.3647939987435678 0.5020824376827465 0)
(0.3308511467670043 0.5020821223152108 0)
(0.2969149113835574 0.5020817059749876 0)
(0.2629725717487461 0.5020811759235815 0)
(0.2290135615932133 0.5020805152178008 0)
(0.1950288213580588 0.5020797038203992 0)
(0.1610361102446673 0.5020787365250416 0)
(0.1270330880640682 0.5020775995871629 0)
(0.09291049110631211 0.5020762685913046 0)
(0.05937064760769706 0.5020747295216292 0)
(0.02566401450531039 0.5020727790116234 0)
(-0.008267970536232206 0.5020702820390966 0)
(-0.04241833894375006 0.5020671306065233 0)
(-0.07705056789701777 0.5020632259571217 0)
(-0.1113345240097797 0.5020587012060003 0)
(-0.1455920279193549 0.5020532742749544 0)
(-0.1798624009716769 0.5020467186477358 0)
(-0.214145266844431 0.5020387812608494 0)
(-0.2484266465662297 0.5020291784958506 0)
(-0.2826737306417709 0.5020176426124278 0)
(-0.3168492985316262 0.5020037627501698 0)
(-0.3509222860675337 0.5019866992025765 0)
(-0.3848372940564499 0.5019651668011071 0)
(-0.4184649704046527 0.5019376187800831 0)
(-0.4515683305733773 0.5019017249144117 0)
(-0.4837108973233102 0.5018501581850903 0)
(-0.5138500109726184 0.5015867122028653 0)
(-0.54171513010657 0.5000015243698487 0)
(-0.5685169673741942 0.4970137763799541 0)
(-0.5945804096295987 0.4927013561690224 0)
(-0.6200362417287025 0.4871128046706928 0)
(-0.6449472548931795 0.4802795653399002 0)
(-0.6693464935061444 0.4722210459357804 0)
(-0.6932352927199079 0.4629529811722078 0)
(-0.7165886693630337 0.4524935246098972 0)
(-0.7394174250889453 0.4408365759979205 0)
(-0.7616180999884459 0.4280312432106201 0)
(-0.7830349466508286 0.4141784605834046 0)
(-0.8036634488605034 0.3992987793315239 0)
(-0.8235796886237033 0.3833351890736499 0)
(-0.8427408414029214 0.366302261125668 0)
(-0.861017768528232 0.3483014930098968 0)
(-0.8783636202323523 0.3293752842645152 0)
(-0.8947790316436505 0.3095093117934973 0)
(-0.9101312172006535 0.2888568992712641 0)
(-0.9242752669121024 0.2676494165384697 0)
(-0.9372861654259373 0.2458175317062429 0)
(-0.9492981703562263 0.2231060546220142 0)
(-0.9601789907500028 0.1997007956750132 0)
(-0.969759742435807 0.1759849638121078 0)
(-0.9781192724338188 0.1518109930348914 0)
(-0.985275135477686 0.1270928155740996 0)
(-0.9911536880006266 0.1020421055227311 0)
(-0.9957411621925176 0.0767150999580465 0)
(-0.9990197980997566 0.05122177651584632 0)
(-1.000989377152024 0.02557339480536868 0)
(-1.001641588251218 -0.0001415849710299316 0)
(-1.000977944416161 -0.02579569422515029 0)
(-0.9990078182399615 -0.05133803699210398 0)
(-0.9957358273612703 -0.07674928628005458 0)
(-0.9911663477500756 -0.1019808325682671 0)
(-0.9853157310358722 -0.1269375418716914 0)
(-0.9781929750878444 -0.1515784793409659 0)
(-0.9698119541060787 -0.1758446839574608 0)
(-0.9602080691593268 -0.199632784730235 0)
(-0.9494051452705983 -0.222889811407393 0)
(-0.9374280931000248 -0.245563973799471 0)
(-0.9243259532468502 -0.2675680706961232 0)
(-0.9100963937978165 -0.2889057444628128 0)
(-0.8947553950835053 -0.3095388126078674 0)
(-0.8784397898226376 -0.329286967200087 0)
(-0.8611703276254151 -0.3481424642064199 0)
(-0.8429126388979579 -0.3661408376415 0)
(-0.8237439255872682 -0.383196059250661 0)
(-0.8037699804750076 -0.3992174758218004 0)
(-0.7830315066922295 -0.4141808471876656 0)
(-0.7615465895549522 -0.4280751747730991 0)
(-0.7393612401165629 -0.4408674242056078 0)
(-0.7165581395409442 -0.4525087220865367 0)
(-0.6931881474369094 -0.4629736074213227 0)
(-0.6692804976998986 -0.4722460285849689 0)
(-0.6448646629540565 -0.4803062073742209 0)
(-0.6199423167225303 -0.4871381696817469 0)
(-0.5944830396326104 -0.4927228408949401 0)
(-0.5684251390970138 -0.4970297027322247 0)
(-0.5416279497912111 -0.5000126708808482 0)
(-0.5137637283680557 -0.5015941990577671 0)
(-0.4836282233929252 -0.5018554317113987 0)
(-0.4515007588887533 -0.5019058230175769 0)
(-0.4184202009473459 -0.5019405886357649 0)
(-0.3848116475483626 -0.5019672453183579 0)
(-0.3508963410117405 -0.5019883463824867 0)
(-0.316804910996763 -0.5020053051244383 0)
(-0.2826127181983709 -0.502019101622394 0)
(-0.2483645386016306 -0.5020304295870777 0)
(-0.2140937885865742 -0.5020397595995441 0)
(-0.1798234747520003 -0.5020474564593675 0)
(-0.1455652805821299 -0.502053821329575 0)
(-0.1113224400140947 -0.5020591001376958 0)
(-0.0770689409364033 -0.5020635006024177 0)
(-0.04256500296874047 -0.5020672541050324 0)
(-0.008391308275524175 -0.5020703342255413 0)
(0.02555959110619931 -0.5020728184090346 0)
(0.05928034052482736 -0.5020747798249069 0)
(0.09299858722013729 -0.5020763627508483 0)
(0.1271494033742815 -0.5020777150525525 0)
(0.1611458548170562 -0.5020788427592766 0)
(0.1951172708997734 -0.5020797854953463 0)
(0.229073212837258 -0.5020805682716063 0)
(0.2630157353664562 -0.5020812111522794 0)
(0.2969543730195706 -0.5020817323404709 0)
(0.330900621645421 -0.5020821453501543 0)
(0.3648682571569281 -0.5020824598857544 0)
(0.398902236365679 -0.5020826836383935 0)
(0.4336399642086147 -0.502082812779978 0)
(0.467044508771527 -0.5020828489758206 0)
(0.5 -0.5020828258753209 0)
(0.5 0.5027253229869195 0)
(0.4669743245237053 0.5027253452498552 0)
(0.4331633773351018 0.5027252847478927 0)
(0.3988556305585504 0.5027251081680749 0)
(0.3648378846983765 0.5027248155783209 0)
(0.3308704457563043 0.502724402889218 0)
(0.296915153603685 0.5027238580203487 0)
(0.262955804979176 0.5027231642733347 0)
(0.2289792239375642 0.5027222994209053 0)
(0.1949743116729834 0.5027212371681344 0)
(0.1609650911427841 0.5027199708114214 0)
(0.1269491927805146 0.5027184823655189 0)
(0.09279003697746929 0.5027167390041286 0)
(0.05939603428533828 0.5027147301621114 0)
(0.02578922157169819 0.5027121832042885 0)
(-0.008101058098214299 0.5027089199965593 0)
(-0.04226666297081186 0.5027047970344715 0)
(-0.07704873825523434 0.5026996745594782 0)
(-0.1113624749259544 0.5026937495808851 0)
(-0.1456355469350609 0.5026866443930693 0)
(-0.1799177251313965 0.5026780616414641 0)
(-0.2142113044558986 0.5026676697071576 0)
(-0.2485022677860643 0.5026550973594115 0)
(-0.2827541036441752 0.5026399952627083 0)
(-0.3169279032057045 0.5026218266238861 0)
(-0.3509980683525438 0.5025994908331881 0)
(-0.3849160449116802 0.5025713019518921 0)
(-0.4185522112267032 0.5025352323893645 0)
(-0.4516651252961384 0.5024882265934207 0)
(-0.4838131537303025 0.5024207364528814 0)
(-0.5139612239600241 0.5021325250030892 0)
(-0.5418492429388282 0.5005288866439593 0)
(-0.5686752608414717 0.4975261681658014 0)
(-0.5947644089424272 0.4931995351506905 0)
(-0.6202416425188698 0.4875978428093108 0)
(-0.6451683952643604 0.480753079126254 0)
(-0.6695808044038155 0.4726841269065213 0)
(-0.6934833760471603 0.4634056296493015 0)
(-0.7168519020584525 0.4529351087607978 0)
(-0.7397115035662533 0.4412582474936096 0)
(-0.7619430223525436 0.4284304063566157 0)
(-0.7833601429634159 0.4145731739432761 0)
(-0.8039703607552681 0.3997046882021656 0)
(-0.8238874914388453 0.3837407831376714 0)
(-0.8430728446115362 0.366687513832541 0)
(-0.861375636833143 0.348662046998129 0)
(-0.8787477208032772 0.3297072539429868 0)
(-0.8952040705829859 0.3097897123814889 0)
(-0.91058512600951 0.2890934703695578 0)
(-0.9247157086154154 0.2679019570015795 0)
(-0.937703802152693 0.2461096117542483 0)
(-0.9497333733444753 0.2233697692707818 0)
(-0.9606446344064565 0.199901537724074 0)
(-0.9702260413133907 0.1761854906067795 0)
(-0.9785866557612992 0.1520140377648804 0)
(-0.9857569883015819 0.1272537028529368 0)
(-0.9916468220239939 0.1021604240790678 0)
(-0.9962425273523554 0.07678969073426303 0)
(-0.999525395126053 0.05126001663729317 0)
(-1.00149707500846 0.02556942958518509 0)
(-1.002148388701763 -0.0001847990097166019 0)
(-1.001482136508677 -0.02585986746244038 0)
(-0.9995097528766583 -0.0514118027834028 0)
(-0.9962355676684052 -0.07683427919523968 0)
(-0.991663294539409 -0.1020806938034138 0)
(-0.9858102304120234 -0.127050066911223 0)
(-0.9786828880400233 -0.1517104493428713 0)
(-0.9702940940897634 -0.1760026399417594 0)
(-0.9606831816734908 -0.1998113844552562 0)
(-0.9498732827472178 -0.2230869435181201 0)
(-0.9378883667303441 -0.2457798536001905 0)
(-0.9247818894046943 -0.2677957203007914 0)
(-0.9105404479152108 -0.2891561129593376 0)
(-0.8951743613351704 -0.309826754149688 0)
(-0.8788485597893644 -0.3295903306388082 0)
(-0.8615756979445121 -0.3484534866499362 0)
(-0.843297082043597 -0.3664767992670266 0)
(-0.8241009703758535 -0.383559921636146 0)
(-0.8041082674439406 -0.3995994239475564 0)
(-0.7833555373905047 -0.4145763652898904 0)
(-0.7618507509525607 -0.4284871047527161 0)
(-0.7396389600838503 -0.441298094533991 0)
(-0.7168118842635328 -0.4529550383066794 0)
(-0.6934215574205483 -0.4634326868060891 0)
(-0.6694942792590485 -0.4727168983823588 0)
(-0.6450601218931563 -0.4807880300065861 0)
(-0.6201184869516997 -0.4876311328679691 0)
(-0.5946366682371396 -0.4932277567068329 0)
(-0.5685547470412129 -0.4975471091032216 0)
(-0.5417348340255054 -0.5005435621948382 0)
(-0.5138479822844486 -0.5021424108844899 0)
(-0.4837045878845866 -0.5024277121894852 0)
(-0.4515763204045047 -0.5024936394319808 0)
(-0.4184932799217082 -0.5025391538412384 0)
(-0.3848821420323535 -0.5025740478217798 0)
(-0.3509637795986295 -0.5026016682755386 0)
(-0.316869504881135 -0.5026238658004797 0)
(-0.2826739401031957 -0.5026419239367941 0)
(-0.2484206601220145 -0.502656751154381 0)
(-0.2141436368606187 -0.5026689632145465 0)
(-0.179866488621216 -0.5026790374757463 0)
(-0.1456002541503642 -0.5026873682500816 0)
(-0.1113463949674376 -0.50269427761817 0)
(-0.07707233647689338 -0.5027000379044175 0)
(-0.04245920599510318 -0.5027049580775887 0)
(-0.008262586009196939 -0.5027089883801126 0)
(0.02565316775066774 -0.5027122353079718 0)
(0.05927819306707932 -0.5027147966209771 0)
(0.09290431030396404 -0.5027168644983399 0)
(0.1271016064696783 -0.5027186356780698 0)
(0.1611088572091355 -0.5027201116119845 0)
(0.1950902133850614 -0.5027213453611901 0)
(0.2290574260983362 -0.5027223697310749 0)
(0.2630124130679679 -0.502723210982342 0)
(0.2969669074220858 -0.5027238929675492 0)
(0.3309352964875529 -0.5027244333853004 0)
(0.3649352132327998 -0.5027248449288528 0)
(0.3990262463223255 -0.5027251376563081 0)
(0.4340296148809926 -0.5027253067535468 0)
(0.4673043226419143 -0.5027253533055099 0)
(0.5 -0.5027253229864475 0)
(0.5 0.5035078330749634 0)
(0.4671974503933524 0.5035078618808223 0)
(0.4333976910323831 0.5035077846464528 0)
(0.3989570964487506 0.5035075573758729 0)
(0.3648915199362146 0.5035071807705388 0)
(0.3308941135242207 0.5035066495157997 0)
(0.2969156098971037 0.5035059480370386 0)
(0.2629355425608527 0.503505054794774 0)
(0.2289375515382351 0.5035039410905291 0)
(0.1949080624184402 0.5035025729586414 0)
(0.1608787356473313 0.5035009419456401 0)
(0.1268471199280361 0.5034990249021445 0)
(0.09264918155195821 0.5034967785255897 0)
(0.05942895662904148 0.5034942005722246 0)
(0.02594142158978505 0.5034909304420744 0)
(-0.007899782086247264 0.5034867364654769 0)
(-0.0420862243748364 0.5034814303675323 0)
(-0.07704659230454453 0.5034748169599363 0)
(-0.1113965795373512 0.5034671839173853 0)
(-0.1456886258628256 0.5034580322969026 0)
(-0.1799851999942037 0.5034469778191722 0)
(-0.2142918553454045 0.5034335928786158 0)
(-0.2485945198264325 0.5034173994597557 0)
(-0.2828521498719401 0.503397949505065 0)
(-0.3170238054022511 0.5033745533699346 0)
(-0.3510905603640381 0.5033457914796508 0)
(-0.3850121970578164 0.5033094870150694 0)
(-0.4186587615653998 0.5032630244719364 0)
(-0.4517833933613058 0.5032024612059454 0)
(-0.4839382753332932 0.503115569845633 0)
(-0.514097367609634 0.5027973951734374 0)
(-0.5420131050813781 0.5011713377179284 0)
(-0.5688685110593995 0.4981503833343948 0)
(-0.5949889095010372 0.4938064354060394 0)
(-0.6204921538924265 0.4881887394220416 0)
(-0.6454380426381792 0.4813299414686163 0)
(-0.6698664613749051 0.4732482871218408 0)
(-0.6937857809687038 0.4639570884427739 0)
(-0.7171727577613012 0.4534730849083421 0)
(-0.7400691033369557 0.441772408591978 0)
(-0.7623378081542462 0.4289174337092602 0)
(-0.7837564232595752 0.4150540731267712 0)
(-0.8043455590964138 0.40019832077624 0)
(-0.8242633139152385 0.3842343183617333 0)
(-0.8434772751425705 0.3671570141017338 0)
(-0.8618115454498819 0.3491015020517599 0)
(-0.8792156062799689 0.3301118792766284 0)
(-0.8957212679103337 0.310132239906333 0)
(-0.9111372483902087 0.2893830507249737 0)
(-0.925252321906468 0.2682097294230074 0)
(-0.9382134385087748 0.2464641294289534 0)
(-0.9502637746460255 0.2236908255506112 0)
(-0.9612116529532344 0.2001469215196756 0)
(-0.9707942887925244 0.1764295841981392 0)
(-0.979156363984745 0.1522607136704734 0)
(-0.9863440802631659 0.1274497986963849 0)
(-0.9922476312348107 0.1023048157153146 0)
(-0.9968533567724747 0.07688094199374748 0)
(-1.000141424083971 0.05130673542605745 0)
(-1.002115668024892 0.02556473784965544 0)
(-1.002765894360148 -0.0002371580436751632 0)
(-1.002096480098752 -0.02593775104837202 0)
(-1.000121361656414 -0.05150138798756341 0)
(-0.9968444583566799 -0.07693793528830903 0)
(-0.9922687194589482 -0.1022027404139857 0)
(-0.9864128411121657 -0.1271868234480369 0)
(-0.9792799509877977 -0.1518708296212505 0)
(-0.9708815075200059 -0.1761952227296948 0)
(-0.9612620771992639 -0.2000289995866393 0)
(-0.9504437852290654 -0.2233269242202238 0)
(-0.9384492488848667 -0.2460427679546796 0)
(-0.9253373060639528 -0.2680732725246582 0)
(-0.9110811393001579 -0.2894616805734126 0)
(-0.8956849390540675 -0.3101774723083754 0)
(-0.8793472492124494 -0.3299592348196376 0)
(-0.8620697387158514 -0.348832316683392 0)
(-0.8437650453630474 -0.3668865710390316 0)
(-0.8245358587621837 -0.3840033885685706 0)
(-0.8045207403805232 -0.4000645803803879 0)
(-0.7837503694744602 -0.4150582624779141 0)
(-0.7622211279316269 -0.4289891502351649 0)
(-0.7399772700609608 -0.4418228778154484 0)
(-0.7171211418800827 -0.4534988040939871 0)
(-0.6937060404748957 -0.4639920072952085 0)
(-0.6697548595527969 -0.4732905834416023 0)
(-0.6452984004302812 -0.4813750563844299 0)
(-0.6203332823099699 -0.4882317320706146 0)
(-0.5948240210493038 -0.4938429190683153 0)
(-0.5687128704942557 -0.4981774886865503 0)
(-0.541865350752252 -0.5011903634712215 0)
(-0.5139511249561948 -0.5028102544320535 0)
(-0.4837979942579452 -0.5031246626208095 0)
(-0.4516685422779202 -0.5032095039546202 0)
(-0.4185824081385027 -0.5032681242130173 0)
(-0.3849680702634631 -0.50331305939047 0)
(-0.3510459542732765 -0.5033486262349138 0)
(-0.3169481988946056 -0.5033772087345997 0)
(-0.282748502984932 -0.5034004607429328 0)
(-0.2484889945995344 -0.5034195527607012 0)
(-0.214204319883401 -0.5034352773687479 0)
(-0.1799188219474584 -0.5034482490323463 0)
(-0.1456427787893625 -0.503458975660934 0)
(-0.1113754988943378 -0.5034678722669412 0)
(-0.07707642723697013 -0.5034752902368047 0)
(-0.04233467826033903 -0.5034816362956996 0)
(-0.008108055021415842 -0.5034868242019256 0)
(0.02576700817099901 -0.5034909980574797 0)
(0.05927803311728847 -0.5034942868861149 0)
(0.09279438526926473 -0.5034969433954886 0)
(0.1270436116633713 -0.5034992255762618 0)
(0.1610640233650421 -0.5035011258666252 0)
(0.1950574844085378 -0.5035027141950542 0)
(0.229038420654784 -0.5035040329087234 0)
(0.2630085877885917 -0.5035051158186803 0)
(0.2969823952605909 -0.5035059936793743 0)
(0.3309777505034093 -0.5035066892951556 0)
(0.3650170375388195 -0.503507218995936 0)
(0.3991781906256281 -0.5035075957198825 0)
(0.4344984830559546 -0.5035078135502372 0)
(0.4676160115554865 -0.5035078722279871 0)
(0.5 -0.5035078330743556 0)
(0.5 0.5044593029821218 0)
(0.4674654725111868 0.5044593398154433 0)
(0.433682574445285 0.5044592426093286 0)
(0.3990809416597798 0.5044589536953666 0)
(0.364956977627548 0.5044584749124583 0)
(0.3309230994833779 0.5044577994314483 0)
(0.296916367462552 0.5044569074147305 0)
(0.2629111013053569 0.5044557714101423 0)
(0.228887062211676 0.5044543547987571 0)
(0.1948276737393575 0.504452614213902 0)
(0.1607739003720246 0.504450539187367 0)
(0.1267231455993729 0.5044481002932768 0)
(0.09248644324346046 0.504445241447025 0)
(0.05947193838263338 0.5044419758683195 0)
(0.02612606830893824 0.5044378311346444 0)
(-0.007657987436846143 0.5044325089030063 0)
(-0.04187313263186736 0.5044257640826099 0)
(-0.07704414497236901 0.5044173270470754 0)
(-0.1114381433881741 0.5044076132940436 0)
(-0.1457532722201444 0.5043959699116741 0)
(-0.1800673712045764 0.5043819059859094 0)
(-0.214389961909776 0.5043648767370111 0)
(-0.2487068930134196 0.5043442741873241 0)
(-0.2829715740353013 0.5043195312316563 0)
(-0.3171406261639005 0.5042897731647117 0)
(-0.3512032702451852 0.5042531907750948 0)
(-0.3851294365729846 0.5042070062322969 0)
(-0.4187887305913434 0.5041478858408222 0)
(-0.4519277126634313 0.5040708033323277 0)
(-0.4840912237484113 0.5039603125901811 0)
(-0.5142639036722474 0.5036059951175302 0)
(-0.5422130904418043 0.5019527562125434 0)
(-0.5691041172877925 0.4989096288298708 0)
(-0.5952624513229436 0.494544618675134 0)
(-0.6207972631203693 0.4889074611960061 0)
(-0.6457663485734412 0.4820316077550428 0)
(-0.6702141904861868 0.4739345154863299 0)
(-0.6941538570488545 0.4646278723420176 0)
(-0.7175632548479943 0.4541274713809901 0)
(-0.740503068450474 0.4423984814587889 0)
(-0.7628164507863928 0.4295109141709684 0)
(-0.7842385988033332 0.4156390532319215 0)
(-0.8048038418110218 0.4007974597795486 0)
(-0.8247216800420675 0.3848337575494988 0)
(-0.8439691496307032 0.3677283179056481 0)
(-0.8623416616762096 0.3496363239136548 0)
(-0.8797846489039204 0.3306043219862033 0)
(-0.8963494632595019 0.3105502201131004 0)
(-0.9118075793435093 0.2897372637917562 0)
(-0.925905109173453 0.2685842069588865 0)
(-0.9388345770569928 0.2468934013317214 0)
(-0.9509092326475198 0.2240810132154795 0)
(-0.9619009090417587 0.2004467234260437 0)
(-0.9714856729656725 0.1767263245448473 0)
(-0.9798497642000301 0.1525597990934802 0)
(-0.9870583309408427 0.1276882712832273 0)
(-0.992978523237661 0.1024806031731304 0)
(-0.997596389086143 0.07699245222905278 0)
(-1.00089084098984 0.05136373829126347 0)
(-1.002868208604791 0.02555923979885386 0)
(-1.003517121302965 -0.0003004286894289853 0)
(-1.00284388292295 -0.02603206653402126 0)
(-1.000865461680489 -0.0516099396475533 0)
(-0.99758521555351 -0.07706399191428985 0)
(-0.9930051834431659 -0.1023515529032723 0)
(-0.9871459644822782 -0.1273531417032625 0)
(-0.9800063843340076 -0.1520657074754738 0)
(-0.9715961230046333 -0.1764295212022114 0)
(-0.9619664139493388 -0.2002935550335477 0)
(-0.9511379773080774 -0.2236185761362636 0)
(-0.9391316776340847 -0.2463624563914771 0)
(-0.9260128223451736 -0.2684112003381787 0)
(-0.9117383745860632 -0.289834183791469 0)
(-0.8963061956900212 -0.3106039904682571 0)
(-0.8799548414792622 -0.3304069718283102 0)
(-0.8626709439687004 -0.349292987723159 0)
(-0.8443336637065602 -0.3673857109943627 0)
(-0.8250646900711004 -0.3845430804173525 0)
(-0.8050229553157365 -0.4006301422864459 0)
(-0.784230719609201 -0.4156444978607484 0)
(-0.7626713630102744 -0.4296001207865503 0)
(-0.7403887180172828 -0.4424613658356616 0)
(-0.7174974830522295 -0.4541602644003721 0)
(-0.6940522468739213 -0.4646723944904351 0)
(-0.6700720067738817 -0.4739884432221295 0)
(-0.645588452041997 -0.4820891395608639 0)
(-0.6205947947258573 -0.4889623245128536 0)
(-0.5950521820092679 -0.4945912272627099 0)
(-0.5689055284621486 -0.4989443061859147 0)
(-0.5420245436493839 -0.5019771444151228 0)
(-0.5140773076054074 -0.5036225425899867 0)
(-0.4839121543553375 -0.5039720413941943 0)
(-0.4517809604888901 -0.5040798678347646 0)
(-0.4186909616567402 -0.504154444589994 0)
(-0.3850726573731647 -0.5042116017988566 0)
(-0.3511459322946118 -0.5042568399216365 0)
(-0.317043923658558 -0.5042931926151861 0)
(-0.2828391717625893 -0.5043227650691854 0)
(-0.2485720685333181 -0.5043470470732385 0)
(-0.214278076990653 -0.5043670461987656 0)
(-0.179982391980175 -0.5043835436517174 0)
(-0.1456944025559514 -0.5043971856789101 0)
(-0.111410808592371 -0.5044085005599568 0)
(-0.077081388268401 -0.5044179363636243 0)
(-0.04218966137199119 -0.5044260229834913 0)
(-0.00792346885858726 -0.5044326192947616 0)
(0.0259052326789238 -0.5044379174401727 0)
(0.05928141645247337 -0.5044420864268463 0)
(0.09266785962815173 -0.5044454558008022 0)
(0.1269733802394715 -0.5044483603195211 0)
(0.1610097886869736 -0.5044507769622905 0)
(0.195017966266687 -0.5044527966628554 0)
(0.2290155859566321 -0.5044544734400606 0)
(0.2630042122285204 -0.5044558502899511 0)
(0.297001507422086 -0.5044569663903483 0)
(0.3310296568528828 -0.5044578507666714 0)
(0.3651168985300932 -0.5044585241651927 0)
(0.3993641754989053 -0.5044590030224638 0)
(0.4350603085128911 -0.5044592802031138 0)
(0.4679880980320698 -0.5044593529281581 0)
(0.5 -0.5044593029813487 0)
(0.5 0.5056139314121384 0)
(0.4677860023309882 0.5056139780801596 0)
(0.4340282799364035 0.5056138571838233 0)
(0.3992318542074565 0.5056134934470661 0)
(0.3650367226353161 0.5056128906287209 0)
(0.3309585369171479 0.5056120400295036 0)
(0.2969175391905077 0.5056109166180512 0)
(0.2628816820030346 0.5056094857293144 0)
(0.2288260103934464 0.5056077010569986 0)
(0.1947303106083188 0.5056055077148222 0)
(0.1606468718669996 0.5056028929627845 0)
(0.126572889117188 0.5055998197658408 0)
(0.09230133976308204 0.5055962169914783 0)
(0.05952843918385019 0.5055921231840877 0)
(0.02634956624083873 0.5055869238608222 0)
(-0.007368833882584972 0.5055802373493274 0)
(-0.04162376537623341 0.5055717458851459 0)
(-0.07704148084596928 0.5055610810542684 0)
(-0.1114887206928336 0.5055488368811524 0)
(-0.1458318641250963 0.5055341648139388 0)
(-0.1801672735187766 0.5055164431774753 0)
(-0.2145092481890225 0.5054949843381809 0)
(-0.2488435229125518 0.5054690224315231 0)
(-0.283116763275255 0.505437847357383 0)
(-0.317282660285558 0.5054003610457398 0)
(-0.3513403539472521 0.5053542788013883 0)
(-0.3852721320578318 0.505296087277524 0)
(-0.4189470229105713 0.505221576389881 0)
(-0.452103572909644 0.5051243984333703 0)
(-0.4842779661007005 0.5049852601640124 0)
(-0.5144674014420024 0.5045875027880867 0)
(-0.5424568115864082 0.5029013963127356 0)
(-0.5693908934325331 0.4998313667387848 0)
(-0.5955952049227243 0.4954407813806395 0)
(-0.6211682582446857 0.4897799997431488 0)
(-0.6461653558752396 0.4828834727430332 0)
(-0.6706366992569603 0.4747676603953045 0)
(-0.6946010619721539 0.4654422642311875 0)
(-0.718037641629454 0.4549219634296062 0)
(-0.7410284341227269 0.443159558414904 0)
(-0.7633952770403052 0.4302330077501635 0)
(-0.7848242371042787 0.4163492846967594 0)
(-0.8053630177101807 0.4015229459010278 0)
(-0.8252799639005534 0.3855602244852749 0)
(-0.8445662369196173 0.3684222275056651 0)
(-0.8629851092826016 0.3502860331602889 0)
(-0.8804753863944683 0.3312025757445434 0)
(-0.8971108061619333 0.3110596368691596 0)
(-0.9126196143018621 0.2901701321348556 0)
(-0.9266977753938441 0.2690389466008207 0)
(-0.9395904880435394 0.2474117003638375 0)
(-0.9516932885328365 0.2245542420925526 0)
(-0.9627369818331309 0.2008128099727433 0)
(-0.9723252664738663 0.1770865110224948 0)
(-0.9806921974119618 0.1529215666180436 0)
(-0.987925667004467 0.1279777219590356 0)
(-0.9938660590092159 0.1026939626380723 0)
(-0.9984985814616096 0.0771282859561066 0)
(-1.001800827657509 0.05143318472863764 0)
(-1.003781993618427 0.02555286057889997 0)
(-1.004429324180921 -0.0003766489094435099 0)
(-1.003751474473639 -0.02614597749444773 0)
(-1.001769078104842 -0.05174112864683322 0)
(-0.9984847641443039 -0.07721671419350361 0)
(-0.9938994266675032 -0.1025324401296799 0)
(-0.9880360524879644 -0.127555621330813 0)
(-0.9808883898130103 -0.15230264185739 0)
(-0.9724639713781789 -0.1767137594999527 0)
(-0.9628219175798235 -0.2006142533329394 0)
(-0.9519811287783176 -0.2239723099057082 0)
(-0.9399604565663612 -0.2467504341573087 0)
(-0.9268328274664295 -0.2688219473209392 0)
(-0.9125356322838306 -0.2902876533907011 0)
(-0.8970607022230481 -0.3111217397760787 0)
(-0.8806939500517206 -0.3309491259811206 0)
(-0.8634012521434101 -0.3498520760415795 0)
(-0.8450231225268727 -0.3679927397147755 0)
(-0.8257064681992807 -0.3851987286991056 0)
(-0.805633381254712 -0.401316436363543 0)
(-0.784814016386293 -0.4163563358291433 0)
(-0.7632175541488642 -0.4303423240094649 0)
(-0.7408881340797387 -0.443236773336785 0)
(-0.7179546188308628 -0.454963387229126 0)
(-0.6944728001500682 -0.4654985033460652 0)
(-0.6704573030387764 -0.4748357639973089 0)
(-0.6459409010174675 -0.4829561483421624 0)
(-0.6209126341854069 -0.4898493748520416 0)
(-0.5953295723113322 -0.4954997873735603 0)
(-0.5691398889707399 -0.4998753362819732 0)
(-0.5422184452909242 -0.5029323926760457 0)
(-0.5142315487089079 -0.5046086279834332 0)
(-0.4840515426861656 -0.5050002750220101 0)
(-0.451917796809519 -0.5051359720613637 0)
(-0.4188229567634657 -0.5052299415127494 0)
(-0.3851997303642833 -0.5053019486402016 0)
(-0.3512673479386574 -0.5053589361263044 0)
(-0.3171601504721928 -0.5054047275315924 0)
(-0.2829492188555154 -0.5054419773188124 0)
(-0.2486728709278832 -0.5054725637132554 0)
(-0.2143675577674536 -0.5054977551516033 0)
(-0.1800594647628244 -0.5055185352295353 0)
(-0.1457569551680557 -0.5055357183664259 0)
(-0.1114535787851327 -0.5055499706877882 0)
(-0.07708746868211129 -0.5055618583778905 0)
(-0.04202310211633331 -0.5055720662321258 0)
(-0.007704321738357453 -0.5055803735002097 0)
(0.02607269072149709 -0.505587032300734 0)
(0.05929072297038961 -0.5055922631080895 0)
(0.09252466866540701 -0.5055964934953765 0)
(0.1268885321474468 -0.5056001542746847 0)
(0.1609443149836589 -0.5056031980729093 0)
(0.1949703480730759 -0.5056057416092099 0)
(0.2289882109057595 -0.5056078531640902 0)
(0.2629992419272854 -0.5056095868849518 0)
(0.2970250502366659 -0.5056109922172862 0)
(0.3310930089150593 -0.5056121057538384 0)
(0.3652385694813987 -0.5056129535916549 0)
(0.399591504514789 -0.5056135564078698 0)
(0.4357301524436029 -0.5056139057299578 0)
(0.4684296698192731 -0.505613994512679 0)
(0.5 -0.5056139314111645 0)
(0.5 0.5070117864511787 0)
(0.4681673334294307 0.5070118451441655 0)
(0.4344468632003508 0.5070116963642088 0)
(0.3994153665203651 0.5070112420109586 0)
(0.3651336630797105 0.5070104889580552 0)
(0.3310017665545223 0.5070094262002844 0)
(0.2969192682803669 0.5070080223892965 0)
(0.2628463578496623 0.5070062340737056 0)
(0.2287523573546003 0.5070040031089315 0)
(0.1946126487329843 0.507001260494448 0)
(0.1604932967807896 0.5069979910053428 0)
(0.1263912502685985 0.5069941484131326 0)
(0.0920951151291579 0.5069896449679465 0)
(0.05960322039823859 0.506984557193051 0)
(0.02661938495855981 0.5069780906811349 0)
(-0.007024908250502811 0.5069697591759519 0)
(-0.0413352779695382 0.5069591510627056 0)
(-0.07703881500289725 0.5069457692920234 0)
(-0.1115501556844235 0.5069304540245876 0)
(-0.1459272010226429 0.5069121084163056 0)
(-0.1802884945726128 0.5068899505475188 0)
(-0.2146539954025513 0.5068631189208763 0)
(-0.2490092752948192 0.5068306562772545 0)
(-0.2832928757428143 0.5067916815602878 0)
(-0.3174549575835932 0.5067448281410017 0)
(-0.3515066926550832 0.506687231810959 0)
(-0.3854454315122397 0.5066144795439895 0)
(-0.4191394576225656 0.50652129323289 0)
(-0.4523175065117183 0.5063997176182574 0)
(-0.4845056382879829 0.5062258905515986 0)
(-0.514715736601707 0.5057761454758872 0)
(-0.5427533265351235 0.5040504219943359 0)
(-0.5697392859193584 0.5009478349968809 0)
(-0.5959991734589698 0.4965262676170523 0)
(-0.621618432764683 0.4908368766731345 0)
(-0.64664928159583 0.4839153467874361 0)
(-0.6711489660170671 0.4757768959969046 0)
(-0.6951432034004232 0.4664287946382408 0)
(-0.7186126633645979 0.455884398393341 0)
(-0.7416626060915238 0.4440829125690918 0)
(-0.7640931161847108 0.4311099674776174 0)
(-0.7855340324854031 0.4172096052884374 0)
(-0.8060444342119792 0.4023989456997595 0)
(-0.8259588238398056 0.3864383346276512 0)
(-0.8452893804886703 0.3692632187537113 0)
(-0.8637643338618428 0.3510735927640486 0)
(-0.8813119229720193 0.3319278155049334 0)
(-0.8980311163166711 0.3116795342039418 0)
(-0.9136006934726015 0.2906985112029489 0)
(-0.9276581833689469 0.2695898633373756 0)
(-0.9405087633292961 0.2480353546322187 0)
(-0.9526436607672208 0.2251267401841151 0)
(-0.9637486972381065 0.2012592496633534 0)
(-0.9733426036451336 0.1775226352728849 0)
(-0.9817135162969837 0.1533578430795042 0)
(-0.9889765594984306 0.1283282281944378 0)
(-0.9949414226271899 0.1029522725831557 0)
(-0.9995915733644292 0.07729344859907912 0)
(-1.00290331775054 0.05151766242810019 0)
(-1.004889094059127 0.025545563414202 0)
(-1.005534526712315 -0.0004681231915592158 0)
(-1.004851135978402 -0.02628311481021917 0)
(-1.002863973558693 -0.05189919034430839 0)
(-0.9995747213907165 -0.07740124115027426 0)
(-0.9949828185602921 -0.1027518835743015 0)
(-0.9891142593251459 -0.127801738006849 0)
(-0.9819568670043854 -0.1525901594181721 0)
(-0.9735155763027519 -0.1770577676431827 0)
(-0.9638587615060087 -0.2010020314839455 0)
(-0.9530029571649167 -0.2244003050315823 0)
(-0.9409647406385016 -0.2472202103492799 0)
(-0.9278259383980318 -0.269320196388209 0)
(-0.913500364586545 -0.2908387656540215 0)
(-0.8979749730799783 -0.3117488583004691 0)
(-0.881591343881682 -0.3316037779740358 0)
(-0.8642864857002679 -0.3505290093364014 0)
(-0.8458569555773515 -0.3687295896368811 0)
(-0.8264834360018342 -0.3859935898818536 0)
(-0.8063738276657864 -0.402147262123085 0)
(-0.7855207582989377 -0.4172187465538091 0)
(-0.7638785186114734 -0.4312420295990786 0)
(-0.7414928868541658 -0.4441764070816215 0)
(-0.718508671686736 -0.4559363276865611 0)
(-0.694982549071634 -0.4664992947911256 0)
(-0.6709243778516732 -0.4758622472058128 0)
(-0.6463682620922615 -0.4840064654902429 0)
(-0.6212981327794703 -0.4909239640352485 0)
(-0.5956661337651523 -0.4966004333497993 0)
(-0.5694244320303942 -0.5010031970463211 0)
(-0.5424542298440329 -0.5040895585593143 0)
(-0.5144198908616313 -0.5058029552623934 0)
(-0.4842215305034143 -0.5062450063016943 0)
(-0.4520840624155312 -0.5064144067893497 0)
(-0.4189831394367575 -0.5065318941987949 0)
(-0.3853537975739554 -0.5066219052663313 0)
(-0.351414474636966 -0.5066931357657889 0)
(-0.3173009598834348 -0.5067503675692778 0)
(-0.2830824876585594 -0.5067969224144012 0)
(-0.2487949106510252 -0.5068351501608753 0)
(-0.214475873300128 -0.506866634984551 0)
(-0.1801526979387977 -0.5068926055778731 0)
(-0.1458325833904297 -0.5069140803683447 0)
(-0.1115052918693832 -0.5069318929367176 0)
(-0.07709503547469508 -0.5069467535803192 0)
(-0.04183525150885106 -0.5069595410248653 0)
(-0.007446056986548899 -0.5069699233692748 0)
(0.02627505714414192 -0.5069782247410614 0)
(0.05930952761320225 -0.5069847323310783 0)
(0.09236625481229657 -0.5069899994172479 0)
(0.1267863230531526 -0.5069945765209134 0)
(0.1608654605236715 -0.5069983803985908 0)
(0.1949131044887367 -0.5070015586578777 0)
(0.228955473940395 -0.5070041969791736 0)
(0.2629936378435488 -0.5070063630158779 0)
(0.2970539845029269 -0.5070081187110264 0)
(0.3311701620665 -0.5070095098435095 0)
(0.3653865078672262 -0.5070105689751386 0)
(0.399868819225276 -0.5070113219098094 0)
(0.4365240409394159 -0.5070117587025921 0)
(0.4689500172317258 -0.5070118655342727 0)
(0.5 -0.5070117864499613 0)
(0.5 0.5086993405102922 0)
(0.4686182515379759 0.5086994138670459 0)
(0.4349524081012595 0.5086992325865396 0)
(0.3996379269599406 0.5086986687833999 0)
(0.365251192476262 0.5086977342465914 0)
(0.3310543606207783 0.5086964151318915 0)
(0.2969217361713531 0.5086946724238262 0)
(0.2628040621415261 0.5086924519863706 0)
(0.2286637428341343 0.5086896812237571 0)
(0.1944708263263307 0.5086862738416092 0)
(0.1603081201899519 0.5086822120216081 0)
(0.1261723654631978 0.5086774384800316 0)
(0.09187177377189464 0.5086718493343149 0)
(0.05970285100379806 0.5086655736496489 0)
(0.02694417796997405 0.508657590601204 0)
(-0.006618434197608174 0.5086472820412349 0)
(-0.04100636808912178 0.5086341137670706 0)
(-0.077036593543699 0.5086174261043568 0)
(-0.1116246393513096 0.5085983926605407 0)
(-0.1460425635462628 0.5085756026112804 0)
(-0.1804352135349459 0.50854807788462 0)
(-0.2148291912338416 0.5085147457996267 0)
(-0.2492098371506515 0.5084744176728317 0)
(-0.2835059342141786 0.5084260092846083 0)
(-0.317663398957741 0.5083678326485729 0)
(-0.3517079742393647 0.508296318289323 0)
(-0.3856553580157446 0.5082059533316128 0)
(-0.4193728594048615 0.5080901603247663 0)
(-0.4525772068788312 0.5079390347755226 0)
(-0.4847827373678 0.5077233313317939 0)
(-0.5150182916766874 0.5072116807983447 0)
(-0.5431133107109787 0.5054383872318585 0)
(-0.5701616006084391 0.5022965118784374 0)
(-0.5964884553438117 0.4978375164024154 0)
(-0.6221633163733288 0.4921135887056238 0)
(-0.6472347308013198 0.4851618996316518 0)
(-0.6717684871243174 0.4769961500135459 0)
(-0.6957987090470508 0.4676206554322329 0)
(-0.7193078002874022 0.4570471799612487 0)
(-0.7424254478084631 0.4452005029823281 0)
(-0.7649313742322948 0.4321726622015865 0)
(-0.7863921501033468 0.4182488707942801 0)
(-0.8068735474744603 0.4034531257394361 0)
(-0.8267826861997443 0.3874964204186965 0)
(-0.8461627938201501 0.3702798272414446 0)
(-0.8647053795698645 0.3520258175806755 0)
(-0.8823222497188657 0.3328047656575696 0)
(-0.8991401686484387 0.3124324358853208 0)
(-0.9147822940045354 0.2913425131099208 0)
(-0.9288188068194345 0.2702554167443417 0)
(-0.9416218662338232 0.248782754756933 0)
(-0.9537926793333849 0.2258172640781512 0)
(-0.9649694442644672 0.2018027949715507 0)
(-0.9745720801806436 0.1780491893031324 0)
(-0.9829485579037297 0.1538821142321821 0)
(-0.9902464741533906 0.1287515269125359 0)
(-0.9962409021683702 0.1032641706398507 0)
(-1.000912203860673 0.07749369881802695 0)
(-1.004235492020638 0.05162008667504499 0)
(-1.006226833788722 0.02553742934753713 0)
(-1.00687000386265 -0.0005771432588167197 0)
(-1.006179991407984 -0.02644741695212515 0)
(-1.004187093054584 -0.05208931179519446 0)
(-1.000891843952891 -0.07762385139031076 0)
(-0.9962918952192228 -0.1030173222245128 0)
(-0.9904168772659345 -0.1281000834992413 0)
(-0.9832477650632648 -0.1529382411491126 0)
(-0.9747864655181511 -0.1774729911551357 0)
(-0.9651121048814667 -0.2014695320158424 0)
(-0.9542380900196817 -0.2249166623464547 0)
(-0.942178473691035 -0.2477874926694935 0)
(-0.9290254009461349 -0.2699231368845458 0)
(-0.9146648892993463 -0.2915064123144871 0)
(-0.8990804852034965 -0.3125056711498941 0)
(-0.8826771244901338 -0.3323931865843383 0)
(-0.8653555575564152 -0.3513475861587114 0)
(-0.8468627954825693 -0.3696215627578234 0)
(-0.8274222216419934 -0.3869541078931177 0)
(-0.8072698202437495 -0.4031502128453405 0)
(-0.7863748262159653 -0.4182607781731825 0)
(-0.7646760233977801 -0.4323298964312649 0)
(-0.7422231146978764 -0.4453120926608881 0)
(-0.7191784230049995 -0.4571118486265608 0)
(-0.6955987994191213 -0.4677084670813929 0)
(-0.6714891238642902 -0.477102451150464 0)
(-0.6468851467859551 -0.4852754373180293 0)
(-0.621764539623217 -0.4922222478696347 0)
(-0.5960735057796713 -0.4979301965492064 0)
(-0.5697691094668976 -0.5023658302987438 0)
(-0.542740369882121 -0.5054875438720952 0)
(-0.5146495726577881 -0.5072455518006487 0)
(-0.4844285321570936 -0.5077475700544342 0)
(-0.4522856639717367 -0.5079575941251689 0)
(-0.4191770728192465 -0.5081035274722026 0)
(-0.3855401236802706 -0.5082153098528144 0)
(-0.3515922912704124 -0.5083037613749729 0)
(-0.317471104744538 -0.5083748233712343 0)
(-0.2832434505501474 -0.508432626487578 0)
(-0.248942268508783 -0.5084800918749763 0)
(-0.2146066429665439 -0.5085191847079203 0)
(-0.1802651794691153 -0.5085514296853659 0)
(-0.1459237839537304 -0.5085780920734669 0)
(-0.1115676898136548 -0.5086002084350688 0)
(-0.07710464236946721 -0.5086186645893848 0)
(-0.04162854201617425 -0.5086345800191091 0)
(-0.007144396172012617 -0.5086474746868881 0)
(0.02651894017700284 -0.5086577534058006 0)
(0.05934311361330361 -0.5086657905007053 0)
(0.09219644949449944 -0.5086723012866156 0)
(0.1266636367269877 -0.5086779843654876 0)
(0.160770755188178 -0.5086827070203036 0)
(0.1948444774861416 -0.5086866523481209 0)
(0.2289164350122515 -0.5086899272119065 0)
(0.2629873690631152 -0.5086926155748527 0)
(0.297089442622246 -0.5086947945655834 0)
(0.3312638706197261 -0.5086965210866473 0)
(0.3655659250117144 -0.5086978354842794 0)
(0.4002061924841399 -0.5086987697393235 0)
(0.4374583583511049 -0.508699312247732 0)
(0.4695580711115226 -0.5086994389330999 0)
(0.5 -0.5086993405087809 0)
(0.5 0.5107298371164508 0)
(0.4691477405504717 0.5107299282915211 0)
(0.4355612650572544 0.510729709595416 0)
(0.3999069312897394 0.5107290140148556 0)
(0.3653932218709099 0.510727860939626 0)
(0.3311181409886549 0.5107262330320169 0)
(0.2969251631782445 0.5107240819946559 0)
(0.2627535789910476 0.5107213407258872 0)
(0.2285574719654136 0.5107179190130754 0)
(0.1943004063575907 0.5107137093648315 0)
(0.1600855365676091 0.5107086914657953 0)
(0.1259095918480169 0.5107027948266666 0)
(0.0916395043074576 0.5106959045837206 0)
(0.05983640073709105 0.5106882158887897 0)
(0.02733391363450776 0.5106784261544222 0)
(-0.006141599630111893 0.5106657500294006 0)
(-0.04063837462432445 0.5106494910321977 0)
(-0.07703565323320527 0.5106287932867408 0)
(-0.111714753690827 0.5106052715207543 0)
(-0.1461817500888336 0.5105771205533866 0)
(-0.1806122642375381 0.5105431226473348 0)
(-0.2150406014241061 0.5105019492450014 0)
(-0.249451777624238 0.5104521326730465 0)
(-0.2837628657475462 0.5103923491102621 0)
(-0.3179147320353518 0.5103205282604579 0)
(-0.3519507814633945 0.5102322436922312 0)
(-0.3859089154736876 0.5101206391228326 0)
(-0.4196551505251889 0.5099775598857281 0)
(-0.4528916546424721 0.5097907480573383 0)
(-0.4851193027319896 0.5095246780584163 0)
(-0.515386160631632 0.5089397433157546 0)
(-0.5435492416524663 0.5071095890948741 0)
(-0.5706721858207079 0.5039204638168827 0)
(-0.5970794628907655 0.4994163958615154 0)
(-0.6228208952194335 0.4936509343591367 0)
(-0.6479408279973937 0.486663008112861 0)
(-0.672515398680096 0.4784644547921246 0)
(-0.6965888593712425 0.4690560055865604 0)
(-0.7201454780515493 0.4584475901066979 0)
(-0.7433392605859049 0.4465494104027651 0)
(-0.7659340267627331 0.4334570179656871 0)
(-0.7874265547750333 0.419500179703392 0)
(-0.8078804997482208 0.4047166799240788 0)
(-0.8277801745995388 0.3887666562573215 0)
(-0.8472142863129533 0.3715049465002677 0)
(-0.8658381016543236 0.3531736895336799 0)
(-0.8835384679073386 0.3338620097249015 0)
(-0.9004718020830471 0.3133448094910892 0)
(-0.91620015786941 0.2921259702831513 0)
(-0.9302171031538403 0.2710567156761285 0)
(-0.9429676338595397 0.2496742182249264 0)
(-0.9551776209411734 0.2266472580237411 0)
(-0.9664374254939154 0.2024632352737236 0)
(-0.9760533019868892 0.1786827913900252 0)
(-0.9844375508889813 0.1545094672239605 0)
(-0.9917762321826132 0.1292610993920673 0)
(-0.9978062417001066 0.1036396828887088 0)
(-1.002502879201892 0.07773559962846262 0)
(-1.005840153736752 0.05174367529779055 0)
(-1.007838158317812 0.02552870468022655 0)
(-1.008478652515292 -0.0007059274086943524 0)
(-1.007780779979768 -0.02664310396032597 0)
(-1.005780941074933 -0.05231758935603197 0)
(-1.002478393632486 -0.07789202536027331 0)
(-0.9978687155808069 -0.1033372622963885 0)
(-0.9919856820774592 -0.1284605110306611 0)
(-0.9848024274367314 -0.1533584621271951 0)
(-0.9763175307003048 -0.1779725869460804 0)
(-0.966622466153346 -0.2020311725283415 0)
(-0.9557264302254448 -0.2255375005287021 0)
(-0.9436407329265166 -0.2484703295394747 0)
(-0.9304693927586725 -0.2706506775101972 0)
(-0.9160666596583895 -0.2923119593515587 0)
(-0.9004138642724423 -0.3134150518807181 0)
(-0.8839853097124242 -0.3333436824593197 0)
(-0.8666404668903981 -0.3523365160387057 0)
(-0.848072701877991 -0.3706975305422777 0)
(-0.8285540970197545 -0.3881101799250146 0)
(-0.8083508961784467 -0.4043569163634352 0)
(-0.7874036977934243 -0.4195158598236685 0)
(-0.7656349418597933 -0.4336413130232508 0)
(-0.7431019007422603 -0.4466805036251505 0)
(-0.7199855051284063 -0.4585276424401596 0)
(-0.6963414967156123 -0.4691647845408589 0)
(-0.6721698685373299 -0.4785961271760466 0)
(-0.647508433550456 -0.4868037139735778 0)
(-0.6223271872341248 -0.493785802880633 0)
(-0.5965651790772668 -0.4995316598604025 0)
(-0.5701854872047996 -0.5040068633450459 0)
(-0.5430867869820377 -0.5071710669558807 0)
(-0.514929209255052 -0.5089823856185275 0)
(-0.4846801588039505 -0.5095553218113696 0)
(-0.4525295056484825 -0.5098141164934492 0)
(-0.4194112150459339 -0.5099943470639801 0)
(-0.3857647922107697 -0.5101323748299249 0)
(-0.3518065343606931 -0.510241583445341 0)
(-0.3176760600617131 -0.5103293123013922 0)
(-0.2834372542870732 -0.5104006701787627 0)
(-0.2491196373619311 -0.5104592682341004 0)
(-0.2147640309182852 -0.5105075296988255 0)
(-0.1804004572672193 -0.5105473356122866 0)
(-0.1460334305177236 -0.5105802489591306 0)
(-0.1116428079044854 -0.5106075517048367 0)
(-0.0771171333762153 -0.5106303429245659 0)
(-0.04140883290742146 -0.5106500368214487 0)
(-0.006795816513844279 -0.5106659679530866 0)
(0.02681201319689473 -0.5106786198067031 0)
(0.05939916941552933 -0.5106884814096199 0)
(0.09202268965548711 -0.5106964780055742 0)
(0.1265169981843181 -0.5107034890964579 0)
(0.1606573853156338 -0.5107093189094066 0)
(0.1947624638906099 -0.5107141883610476 0)
(0.2288700308372096 -0.510718230022185 0)
(0.2629804149588351 -0.510721547481167 0)
(0.2971327406057214 -0.5107242362815507 0)
(0.3313773130215866 -0.5107263667553293 0)
(0.3657828315458063 -0.5107279885842694 0)
(0.4006151262691043 -0.5107291411570452 0)
(0.4385489369127302 -0.5107298109034252 0)
(0.4702616086986625 -0.5107299588194648 0)
(0.5 -0.510729837114585 0)
(0.5 0.5131633779887508 0)
(0.4697645865919222 0.5131634907151922 0)
(0.4362923250754968 0.5131632296265785 0)
(0.4002306761556232 0.5131623759768537 0)
(0.3655641778317814 0.5131609607338123 0)
(0.3311951805492184 0.5131589622503122 0)
(0.2969298100152263 0.5131563210288869 0)
(0.2626935512682028 0.5131529542757074 0)
(0.2284305209469919 0.5131487503368566 0)
(0.1940963503111221 0.5131435757175973 0)
(0.1598189622744595 0.5131374080711927 0)
(0.1255955213453514 0.5131301612802415 0)
(0.09141258031694061 0.5131217241088286 0)
(0.06001637860625345 0.5131123634398281 0)
(0.02780003756878013 0.5131004322529182 0)
(-0.005587021247455465 0.5130849320828146 0)
(-0.04023685100784102 0.513064948296051 0)
(-0.07703743151670067 0.5130394064712461 0)
(-0.1118235269174063 0.5130104859156869 0)
(-0.1463491075736863 0.5129758916675965 0)
(-0.1808251684468392 0.5129341139815724 0)
(-0.2152948072564528 0.5128835152345949 0)
(-0.2497425912030896 0.5128222925918323 0)
(-0.2840715424425578 0.5127488424050399 0)
(-0.3182165965238987 0.5126606427934123 0)
(-0.35224260885758 0.5125522278161958 0)
(-0.3862141272237185 0.5124151021516947 0)
(-0.419995427150692 0.5122392022347921 0)
(-0.4532712364061253 0.512009444739237 0)
(-0.4855270978206743 0.5116830669331611 0)
(-0.5158323752787124 0.5110119617845464 0)
(-0.5440755805135113 0.5091142035785691 0)
(-0.5712875178514167 0.5058684944723734 0)
(-0.5977910068685195 0.5013103527500357 0)
(-0.623611728180657 0.495495156161375 0)
(-0.6487893450391846 0.4884638939995427 0)
(-0.6734126396711841 0.4802260706136075 0)
(-0.6975379191528877 0.4707781035711748 0)
(-0.721151169972432 0.4601279336199984 0)
(-0.7444285689504729 0.4481721559001799 0)
(-0.7671273074764892 0.4350044163697024 0)
(-0.7886692252063887 0.4210009378497349 0)
(-0.8091007300380949 0.4062240841966204 0)
(-0.828984457760078 0.39028499617818 0)
(-0.8484752888901075 0.3729760460126045 0)
(-0.8671962554845505 0.3545525193537775 0)
(-0.8849969099536419 0.3351321202231894 0)
(-0.9020638809178699 0.3144474027024196 0)
(-0.9178941641997871 0.2930769237242002 0)
(-0.9318956697492212 0.2720176000946635 0)
(-0.9445896720142468 0.2507316467826956 0)
(-0.9568409558401638 0.2276407525852507 0)
(-0.968195719742769 0.2032636913304099 0)
(-0.9778313008275175 0.1794421115664684 0)
(-0.9862263126135721 0.1552565505015306 0)
(-0.993612180789027 0.1298722127829445 0)
(-0.9996848643443382 0.1040900156087594 0)
(-1.004411720725604 0.07802671423134674 0)
(-1.007765873641116 0.05189226081798147 0)
(-1.009771810023588 0.0255198151521439 0)
(-1.010409166829239 -0.0008568828152019164 0)
(-1.009702024611524 -0.02687482035542761 0)
(-1.007693809415856 -0.05259053441777366 0)
(-1.004382400016929 -0.07821390016815391 0)
(-0.9997609815921145 -0.1037215647290581 0)
(-0.9938679851277564 -0.1288946321356512 0)
(-0.9866677440184768 -0.15386409341844 0)
(-0.9781552271755938 -0.1785713902486838 0)
(-0.9684359060958605 -0.20270316375228 0)
(-0.9575133646293151 -0.2262809286703415 0)
(-0.9453959240390836 -0.2492891189052263 0)
(-0.9322011261915997 -0.2715256106319536 0)
(-0.9177474965043415 -0.2932806423923633 0)
(-0.902016391728393 -0.3145033350719546 0)
(-0.8855556642465043 -0.3344838259031911 0)
(-0.8681784570491985 -0.3535274294032505 0)
(-0.8495222204939357 -0.3719910570694949 0)
(-0.8299138574906811 -0.3894963333884086 0)
(-0.8096508450650748 -0.4058030701682405 0)
(-0.788638593637691 -0.4210219131916439 0)
(-0.7667832445449155 -0.4352166091136643 0)
(-0.7441552916618627 -0.4483233514377129 0)
(-0.7209544954160686 -0.4602264805800063 0)
(-0.6972333212791672 -0.4709122278207289 0)
(-0.6729874661278658 -0.480388372473302 0)
(-0.6482573708995373 -0.488637400056947 0)
(-0.6230036032465484 -0.4956617767623839 0)
(-0.5971566030083407 -0.5014531118019994 0)
(-0.5706868495369547 -0.5059757653372707 0)
(-0.5435049805113268 -0.5091908139867718 0)
(-0.5152689702158436 -0.5110654967236816 0)
(-0.4849853708320682 -0.5117217226691801 0)
(-0.4528235775279946 -0.5120387897612968 0)
(-0.4196929768466902 -0.5122602139074679 0)
(-0.3860347447165404 -0.5124297636586703 0)
(-0.3520637250955129 -0.5125638993646652 0)
(-0.3179220494597955 -0.5126716389804572 0)
(-0.2836697434458865 -0.5127592705376103 0)
(-0.2493323415440918 -0.5128312356648961 0)
(-0.2149527645861971 -0.5128905058389212 0)
(-0.1805625532342615 -0.5129393894527259 0)
(-0.1461647902142724 -0.5129798071982978 0)
(-0.111733010061766 -0.5130133367989508 0)
(-0.07713378902856126 -0.5130413355647844 0)
(-0.04118712862088229 -0.5130655704565206 0)
(-0.00639819387335664 -0.5130851658343233 0)
(0.02716321340276635 -0.5131006568204723 0)
(0.05948871423512379 -0.5131126846758834 0)
(0.09185750799243712 -0.5131224478972163 0)
(0.1263426419372818 -0.5131310426993143 0)
(0.1605222307331814 -0.5131382017547933 0)
(0.1946648121357085 -0.5131441804414896 0)
(0.2288150750015824 -0.5131491424084128 0)
(0.2629727654837196 -0.5131532147484116 0)
(0.2971853800494977 -0.5131565152849682 0)
(0.331514095155322 -0.513159130504557 0)
(0.3660440365886424 -0.5131611212298368 0)
(0.40110838648259 -0.513162535676118 0)
(0.439809813151103 -0.5131633577605362 0)
(0.4710662202294372 -0.5131635275310343 0)
(0.5 -0.5131633779864595 0)
(0.5 0.5160665962181616 0)
(0.4704769005367072 0.5160667348560235 0)
(0.4371673903901585 0.5160664267327003 0)
(0.400618185750747 0.5160653842875023 0)
(0.365768939887631 0.5160636559369769 0)
(0.3312877648056457 0.5160612146701673 0)
(0.2969359823153565 0.5160579875355007 0)
(0.2626225086905904 0.5160538728052719 0)
(0.2282795606171715 0.5160487327770513 0)
(0.1938530163193969 0.5160424020098291 0)
(0.1595010469503249 0.5160348572237587 0)
(0.125222004321147 0.5160259940317341 0)
(0.09121382790643899 0.5160157373738634 0)
(0.06025998531911857 0.5160044095351815 0)
(0.02835570575907327 0.5159899540094649 0)
(-0.004948294015671433 0.5159710993329545 0)
(-0.03981360538170788 0.5159466324859564 0)
(-0.07704431160870008 0.5159152715164664 0)
(-0.1119544939962308 0.5158798845888315 0)
(-0.1465495432123086 0.5158375787709565 0)
(-0.181080094460097 0.5157864901152548 0)
(-0.2155991623019087 0.5157246090120284 0)
(-0.250090797816879 0.5156497313398296 0)
(-0.2844409076419575 0.5155599312229031 0)
(-0.3185774870780719 0.515452158457032 0)
(-0.3525917157031034 0.5153196879306332 0)
(-0.3865799611819642 0.5151520268457354 0)
(-0.4204040259275855 0.514936810167639 0)
(-0.4537278631934012 0.5146555887572023 0)
(-0.4860197702191266 0.514257386290227 0)
(-0.5163720555411793 0.51348573634673 0)
(-0.5447087958403567 0.5115081064232621 0)
(-0.5720261845329956 0.5081949860173303 0)
(-0.5986443957987158 0.503572238714795 0)
(-0.6245591349406624 0.4976977445892917 0)
(-0.6498048857720323 0.4906149229073919 0)
(-0.6744859623038747 0.4823303399160885 0)
(-0.6986729079658007 0.4728352629303801 0)
(-0.722353157651529 0.4621355128893042 0)
(-0.7457196722495754 0.4501168067680546 0)
(-0.7685392079316534 0.4368618590883336 0)
(-0.7901562784972339 0.4227926207860311 0)
(-0.8105755509704452 0.4080124994703915 0)
(-0.8304335049509642 0.3920907987395802 0)
(-0.8499806887351086 0.374735159685631 0)
(-0.8688173091254464 0.3562019655236141 0)
(-0.8867379131906467 0.3366517338506552 0)
(-0.9039578513182168 0.3157756146789569 0)
(-0.9199080011525451 0.2942278798589207 0)
(-0.9339023170155291 0.2731642962735908 0)
(-0.9465375812449984 0.2519778771961144 0)
(-0.9588301925684356 0.228824403911996 0)
(-0.9702920444887856 0.2042308524081416 0)
(-0.9799564635556951 0.1803477137282476 0)
(-0.9883662125966898 0.1561412873671572 0)
(-0.9958060833006731 0.1306018581605491 0)
(-1.001929738444266 0.1046276025408914 0)
(-1.006692438054365 0.07837563257711729 0)
(-1.010066878071498 0.05207019165914673 0)
(-1.012082205259976 0.02551138722362076 0)
(-1.012715916734433 -0.001032319489931382 0)
(-1.011997922698174 -0.02714739351076306 0)
(-1.009979640814219 -0.05291521185263837 0)
(-1.006657498969007 -0.07859851961717031 0)
(-1.00202192121139 -0.1041814122051018 0)
(-0.9961165446781846 -0.1294156764635906 0)
(-0.9888960331799858 -0.1544700718599802 0)
(-0.98035146926025 -0.1792858458457618 0)
(-0.9706039482369232 -0.203503384660853 0)
(-0.9596496522250184 -0.2271669946456844 0)
(-0.9474936994400751 -0.2502665015782909 0)
(-0.9342687448945186 -0.2725735454198879 0)
(-0.9197538487733405 -0.2944409830099263 0)
(-0.9039343381932711 -0.3157996888394366 0)
(-0.8874325927953469 -0.3358454915758339 0)
(-0.8700105806396771 -0.35495619137408 0)
(-0.8512507508648196 -0.3735398854235533 0)
(-0.831540604921029 -0.3911508997514706 0)
(-0.8112077580335211 -0.4075282459166467 0)
(-0.7901143411017761 -0.4228212944097963 0)
(-0.7681517367104386 -0.4371010713374053 0)
(-0.7454121388211856 -0.4502873303489559 0)
(-0.7221128601614596 -0.4622561008402243 0)
(-0.6982996476841067 -0.4729998728863758 0)
(-0.6739652654876149 -0.4825295043786675 0)
(-0.6491535750914095 -0.4908279172222175 0)
(-0.6238135350293911 -0.4979027420966964 0)
(-0.5978652171382747 -0.5037483970216703 0)
(-0.5712882382744586 -0.5083276921304724 0)
(-0.5440081126950377 -0.511603266551626 0)
(-0.5156807365848821 -0.5135527876881674 0)
(-0.4853546155213853 -0.514306064622982 0)
(-0.4531770174034425 -0.5146923607474975 0)
(-0.4200307453477001 -0.5149630336968029 0)
(-0.3863577830823235 -0.5151702770629764 0)
(-0.352371157413828 -0.5153342174903741 0)
(-0.3182160358413304 -0.515465877462334 0)
(-0.2839474506936837 -0.5155729617978789 0)
(-0.2495863250264174 -0.515660907441389 0)
(-0.2151781259454821 -0.5157333385088478 0)
(-0.1807559538014667 -0.5157930736654659 0)
(-0.1463215244925569 -0.5158424613836897 0)
(-0.1118410255005027 -0.5158834344960617 0)
(-0.07715651350987754 -0.515917661594495 0)
(-0.04098189147797354 -0.5159473169195854 0)
(-0.005951604445503611 -0.5159713290380552 0)
(0.02758301867664565 -0.5159902060373388 0)
(0.05962730068073754 -0.5160047929838019 0)
(0.09172064510382893 -0.5160166455575821 0)
(0.126136546812456 -0.5160271116958159 0)
(0.1603618891637579 -0.5160358596920253 0)
(0.1945490319297905 -0.5160431640425182 0)
(0.2287502646311379 -0.5160492257879352 0)
(0.2629644173856863 -0.5160542000028928 0)
(0.2972490330001885 -0.5160582313978941 0)
(0.3316782175354498 -0.516061425807082 0)
(0.3663570691627804 -0.516063857269059 0)
(0.401699590270894 -0.516065584419846 0)
(0.4412516713889288 -0.5160665876952112 0)
(0.4719740754397492 -0.51606677877953 0)
(0.5 -0.516066596215361 0)
(0.5 0.5195117700978755 0)
(0.4712672513001225 0.5195119395829652 0)
(0.4381858369752052 0.5195115802455023 0)
(0.4010787663018065 0.5195103139467391 0)
(0.3660127975561003 0.5195082136182683 0)
(0.3313984527719946 0.5195052459848973 0)
(0.296944111507889 0.5195013220312623 0)
(0.2625389955915914 0.519496317275708 0)
(0.2281011123621668 0.5194900624293795 0)
(0.1935641811182197 0.5194823526860095 0)
(0.1591237236591114 0.5194731660281312 0)
(0.1247802269628275 0.5194623770269747 0)
(0.09107105257159852 0.5194500092801151 0)
(0.06058971850436505 0.5194363827962414 0)
(0.0290161580082744 0.5194189691064913 0)
(-0.004221900567564903 0.5193961457421779 0)
(-0.03939833547116464 0.5193662791692015 0)
(-0.07706006510332403 0.5193279868046946 0)
(-0.1121118330956774 0.519284893976395 0)
(-0.146788581962521 0.5192334040949083 0)
(-0.1813838341573804 0.519171226454101 0)
(-0.2159616940770257 0.5190959055245998 0)
(-0.2505057938145027 0.5190047582213356 0)
(-0.2848810020274342 0.5188954942526394 0)
(-0.3190068670782734 0.5187644539054649 0)
(-0.3530070321610833 0.5186033897361136 0)
(-0.3870161786810812 0.5183993757585832 0)
(-0.4208924648747864 0.5181372855055365 0)
(-0.4542702879404643 0.5177947579883765 0)
(-0.4866030920585607 0.5173117067343312 0)
(-0.5170199465865228 0.5164236734338213 0)
(-0.5454738545463933 0.514351616731058 0)
(-0.572913124711203 0.5109586632468875 0)
(-0.5996634449038613 0.5062597105386034 0)
(-0.6256889190987767 0.5003149167341178 0)
(-0.6510145160009989 0.4931711289894247 0)
(-0.6757636368454908 0.4848312042212866 0)
(-0.7000235515710833 0.475280277621017 0)
(-0.7237823850064498 0.4645220957644968 0)
(-0.7472396804227565 0.4524368941279084 0)
(-0.770198503139586 0.4390819403373038 0)
(-0.7919279356940742 0.4249201418342886 0)
(-0.8123526727616008 0.4101206919649336 0)
(-0.8321701168481166 0.3942261006645788 0)
(-0.8517683182234078 0.3768286334385805 0)
(-0.8707419457135596 0.3581657808394441 0)
(-0.8888052685210154 0.3384613727445986 0)
(-0.9061979433287314 0.3173696534584973 0)
(-0.9222884827713274 0.2956158577561314 0)
(-0.9362898222768322 0.2745248053463771 0)
(-0.9488668485456421 0.2534357871906103 0)
(-0.9611973898433589 0.2302272783744133 0)
(-0.9727780911971318 0.2053951612054178 0)
(-0.9824840800697471 0.1814217430117435 0)
(-0.9909137664047515 0.1571823955161149 0)
(-0.9984146371356296 0.1314684866864729 0)
(-1.00459888502505 0.1052658573677202 0)
(-1.009403786042172 0.07879199854418571 0)
(-1.012802502478366 0.052282441329757 0)
(-1.014828898548876 0.02550429343229228 0)
(-1.01545841532434 -0.001234287639376616 0)
(-1.014727824005833 -0.02746561745544576 0)
(-1.012697500146966 -0.05329917516576872 0)
(-1.009362399979536 -0.0790557936364851 0)
(-1.004709779974482 -0.1047291384342781 0)
(-0.9987890476654142 -0.1300383687172868 0)
(-0.9915444709957127 -0.1551930376409801 0)
(-0.9829631080698286 -0.1801338810378803 0)
(-0.9731831939073462 -0.2044509261687605 0)
(-0.9621909864320908 -0.2282173632426118 0)
(-0.9499884051637731 -0.2514272533061692 0)
(-0.936724788637703 -0.2738227542073229 0)
(-0.9221362633040959 -0.2958246135283786 0)
(-0.906218602805881 -0.317335704701737 0)
(-0.8896647519692196 -0.337463497162923 0)
(-0.8721810692799419 -0.3566627866120845 0)
(-0.8533009360867405 -0.3753857768349891 0)
(-0.8334773963160487 -0.393115606629636 0)
(-0.8130638567775473 -0.4095753404417143 0)
(-0.7918690840448674 -0.4249603394589501 0)
(-0.7697735585838116 -0.4393446189613171 0)
(-0.7469036819421341 -0.4526237299959099 0)
(-0.7234906908475762 -0.4646687320746843 0)
(-0.6995683145229746 -0.4754813958448291 0)
(-0.6751289026450008 -0.4850745508733539 0)
(-0.6502208786999664 -0.4934314695911758 0)
(-0.6247788508005186 -0.5005661406301922 0)
(-0.5987103530699377 -0.5064763511213575 0)
(-0.572012199704425 -0.5111220476658715 0)
(-0.5446213688138908 -0.5144690964004744 0)
(-0.5161785080588835 -0.5165073325084887 0)
(-0.4857907165423094 -0.51737289717239 0)
(-0.4535950858971308 -0.5178407576978408 0)
(-0.4204337929085503 -0.5181699291574186 0)
(-0.3867424928953356 -0.5184220131066465 0)
(-0.3527367447977328 -0.5186214091252646 0)
(-0.3185655071372574 -0.5187815165032541 0)
(-0.2842775353854835 -0.518911734714717 0)
(-0.2498881647533814 -0.5190186887226276 0)
(-0.2154459001987795 -0.5191067744400338 0)
(-0.1809856396146212 -0.5191794160191446 0)
(-0.1465076671636004 -0.5192394712231682 0)
(-0.1119698368885746 -0.5192892971364995 0)
(-0.07718796701826354 -0.5193309349982514 0)
(-0.04080242359524954 -0.5193670187611676 0)
(-0.005464995858374767 -0.5193963316672928 0)
(0.02808471423437164 -0.5194192400068369 0)
(0.0598439725885504 -0.5194368373216329 0)
(0.09162553114166941 -0.5194511369035492 0)
(0.1258942613128385 -0.5194637929817901 0)
(0.1601727570490021 -0.5194744308010286 0)
(0.1944124220895527 -0.5194833114750979 0)
(0.2286740479038873 -0.5194906808484163 0)
(0.2629552940121176 -0.5194967271151618 0)
(0.2973255076381829 -0.5195016272930638 0)
(0.331873991883872 -0.5195055102605388 0)
(0.3667299811097174 -0.5195084656297001 0)
(0.4024024299356823 -0.5195105641777482 0)
(0.4428756490797565 -0.5195117811357081 0)
(0.4729820488593449 -0.5195119914325508 0)
(0.5 -0.5195117700944683 0)
(0.5 0.5235752430936067 0)
(0.4721308014360232 0.5235754489370277 0)
(0.4393251675447151 0.5235750345232428 0)
(0.4016211205650823 0.5235735055619553 0)
(0.3663012217375334 0.5235709660536596 0)
(0.3315300043254051 0.5235673763886212 0)
(0.2969547351875183 0.523562628528488 0)
(0.2624415982273906 0.5235565707916241 0)
(0.2278916511391524 0.5235489956700151 0)
(0.1932231062160527 0.5235396495968703 0)
(0.1586782966072516 0.5235285158589132 0)
(0.1242603571894874 0.5235154450789592 0)
(0.09102183771635838 0.5235006721423887 0)
(0.06103544946365851 0.5234843805445395 0)
(0.0297993478489203 0.5234635213088311 0)
(-0.003407364275066358 0.523436019631089 0)
(-0.03904314190893592 0.5233996260898472 0)
(-0.07709031297551078 0.5233531782446035 0)
(-0.1123004419506462 0.5233009572876512 0)
(-0.1470723272878861 0.5232385921587546 0)
(-0.1817438836534709 0.5231632824664485 0)
(-0.2163911532389582 0.5230720412830602 0)
(-0.2509975105634846 0.5229616163370117 0)
(-0.2854026401468484 0.5228293125146639 0)
(-0.3195149834788807 0.5226707812612621 0)
(-0.3534978932246578 0.5224759408444076 0)
(-0.3875332410556528 0.5222288981134703 0)
(-0.4214735302714926 0.5219112341264076 0)
(-0.454910385852011 0.521496163024051 0)
(-0.487280161286456 0.520913931873054 0)
(-0.5177796044283159 0.5198929206900078 0)
(-0.5463908947454951 0.517709541988214 0)
(-0.5739846802819376 0.5142206198240007 0)
(-0.6008809055841013 0.509432763924318 0)
(-0.6270288972571042 0.503406583318051 0)
(-0.652447442285466 0.4961911629944653 0)
(-0.6772760232353969 0.4877862019106783 0)
(-0.7016219264938309 0.4781694001713472 0)
(-0.7254720135239806 0.4673429416241048 0)
(-0.7490151038937729 0.4551909796292756 0)
(-0.772133314144917 0.4417224925686483 0)
(-0.794028321031702 0.4274306958390713 0)
(-0.814486666630076 0.4125873352788627 0)
(-0.8342416462097113 0.3967344660050628 0)
(-0.8538779083717365 0.3793066584003322 0)
(-0.8730130084324318 0.3604913836280536 0)
(-0.8912453677161237 0.3406048162437007 0)
(-0.9088302171514203 0.3192740460861413 0)
(-0.9250842526349417 0.2972824031174527 0)
(-0.9391150804794069 0.2761282688695944 0)
(-0.9516383195696719 0.255127083507924 0)
(-0.9639984844774685 0.2318798367755947 0)
(-0.9757083616394328 0.2067908352467054 0)
(-0.9854734191921677 0.1826873875603289 0)
(-0.9939296996563807 0.1583988540637751 0)
(-1.001498424136499 0.1324918544865071 0)
(-1.00775436560429 0.1060188650484581 0)
(-1.012608568026438 0.07928606055155596 0)
(-1.016036147629734 0.05253445712368292 0)
(-1.018075512419512 0.02549995215240857 0)
(-1.018700265924664 -0.001464154943432795 0)
(-1.017955193327033 -0.02783391700396722 0)
(-1.015910531733919 -0.05375030440591597 0)
(-1.012559841451417 -0.07959635819789405 0)
(-1.007886763481335 -0.1053781380428649 0)
(-1.001947064651256 -0.130778760300964 0)
(-0.9946740946187124 -0.1560509899164554 0)
(-0.9860508441079343 -0.181134801824395 0)
(-0.976234271190078 -0.2055658600339677 0)
(-0.965197199669074 -0.2294545392429103 0)
(-0.9529382958435881 -0.2527975217490043 0)
(-0.9396251837349792 -0.2753037939047394 0)
(-0.924948192847326 -0.2974661375967355 0)
(-0.9089238995004282 -0.3191447181539639 0)
(-0.8923044661462132 -0.3393746599046708 0)
(-0.8747364419381659 -0.3586907239841829 0)
(-0.8557172798696956 -0.377574361036599 0)
(-0.8357701626527834 -0.3954351024292792 0)
(-0.8152652243481763 -0.4119894402589027 0)
(-0.7939439865562564 -0.4274882765470836 0)
(-0.7716833111804666 -0.4420010943177123 0)
(-0.748662700259789 -0.4553876852821429 0)
(-0.7251201782500393 -0.4675201589463585 0)
(-0.7010692638667066 -0.4784140570175496 0)
(-0.6765059825211803 -0.4880822141525776 0)
(-0.6514847510942833 -0.4965080794535854 0)
(-0.6259230117143851 -0.5037132761910433 0)
(-0.5997208956706633 -0.5096981146896544 0)
(-0.5728939489872855 -0.5144205066400973 0)
(-0.545365552448139 -0.5178534672101403 0)
(-0.516767360408225 -0.519996680960094 0)
(-0.4862960412656772 -0.5209906352316064 0)
(-0.4540862193524274 -0.5215536145498662 0)
(-0.4209120910904219 -0.5219517737228087 0)
(-0.3871983211301256 -0.5222568750410428 0)
(-0.353169085593505 -0.5224982002859949 0)
(-0.3189782678724657 -0.5226919396045843 0)
(-0.2846675722295005 -0.5228495055358864 0)
(-0.2502449567156064 -0.522978936796417 0)
(-0.2157622826711394 -0.5230855353743455 0)
(-0.1812569984960458 -0.5231734376315627 0)
(-0.1467275783714667 -0.5232461049851764 0)
(-0.1121227295917571 -0.5233063981787994 0)
(-0.07723179965888737 -0.5233568003555306 0)
(-0.04065559591437518 -0.5234004552919658 0)
(-0.00494990157658436 -0.523436092748955 0)
(0.02868526828502155 -0.5234637955355327 0)
(0.06017626038237917 -0.5234849193743435 0)
(0.09158292780134829 -0.5235020463349673 0)
(0.1256106818116308 -0.523517237528748 0)
(0.1599511552160851 -0.5235301101744261 0)
(0.1942521163360053 -0.5235408542837263 0)
(0.2285846418101392 -0.5235497693597448 0)
(0.2629452191747882 -0.5235570825644457 0)
(0.297416669685221 -0.5235630094988795 0)
(0.3321058767990629 -0.5235677062994786 0)
(0.3671709806099959 -0.5235712807909654 0)
(0.4032294529943881 -0.5235738176317463 0)
(0.4446717874239083 -0.5235752839364062 0)
(0.4740806680155744 -0.5235755094232045 0)
(0.5 -0.52357524308948 0)
(0.5 0.5283350605280506 0)
(0.4730561748794431 0.5283353087176681 0)
(0.4405794385672829 0.5283348364495997 0)
(0.4022523641275281 0.5283330023282415 0)
(0.3666394217812302 0.5283299480405582 0)
(0.3316850755860783 0.5283256282688071 0)
(0.2969683537953947 0.5283199127080213 0)
(0.2623288926199801 0.528312617362481 0)
(0.2276476287907878 0.5283034886000487 0)
(0.1928226603861541 0.5282922120322689 0)
(0.1581556240251902 0.5282787832372352 0)
(0.1236505113047632 0.5282630253214015 0)
(0.09112667806094782 0.5282455858796846 0)
(0.06163851713040996 0.5282262266565972 0)
(0.03072698172100279 0.5282013767523881 0)
(-0.002504939100555299 0.5281683789243697 0)
(-0.03881207058418595 0.5281240576759819 0)
(-0.07714310243842719 0.5280681582349552 0)
(-0.1125261608640063 0.5280052000620408 0)
(-0.1474073917459658 0.5279300418810285 0)
(-0.1821679406296851 0.5278392817057201 0)
(-0.2168967261898863 0.5277293020882893 0)
(-0.2515768100882319 0.5275961777395579 0)
(-0.286017038890607 0.5274367796030719 0)
(-0.3201120384182704 0.5272459972980049 0)
(-0.3540739492743304 0.5270115428257378 0)
(-0.3881421805883938 0.526713907499756 0)
(-0.4221609868659369 0.5263307751392485 0)
(-0.4556700873409837 0.5258303816602691 0)
(-0.4880764017109254 0.5251331669578998 0)
(-0.518650814570241 0.5239630478839167 0)
(-0.5474526099440944 0.5216517214251972 0)
(-0.5752611086167581 0.5180465993592469 0)
(-0.6023458735498232 0.5131503417317543 0)
(-0.6286201052920397 0.5070316531085519 0)
(-0.6541344460365324 0.4997356615088145 0)
(-0.6790548210536627 0.4912549267777558 0)
(-0.7035012287168161 0.4815610244475056 0)
(-0.7274560667991404 0.4706555875155232 0)
(-0.7510853531336945 0.4584333400526472 0)
(-0.7743756760721986 0.4448418206410867 0)
(-0.7964858351152569 0.4303852376743226 0)
(-0.8170143615820548 0.4154676816655337 0)
(-0.8367067098212675 0.3996531310370856 0)
(-0.8563633080299242 0.3822095755765879 0)
(-0.875674148759286 0.3632288670407349 0)
(-0.8941055905452945 0.3431284260626487 0)
(-0.9119005063343369 0.3215375803644671 0)
(-0.9283440269381799 0.2992732105178944 0)
(-0.9424382262502756 0.2780032461919623 0)
(-0.9549174090663939 0.2570703248247118 0)
(-0.967291563691835 0.2338136874560074 0)
(-0.9791384529651127 0.2084556399969652 0)
(-0.9889863503756398 0.18416783635434 0)
(-0.9974775202745471 0.1598089307985195 0)
(-1.00512031206955 0.133692584064166 0)
(-1.01146060912384 0.106901289012485 0)
(-1.016372001037868 0.07986840300221076 0)
(-1.019833643334079 0.05283187637818514 0)
(-1.021888064859323 0.0255006144206554 0)
(-1.022507506627193 -0.001722477179213084 0)
(-1.021745949659492 -0.02825639501542773 0)
(-1.019684328780066 -0.05427647006628107 0)
(-1.016314980537518 -0.08023114790222192 0)
(-1.011617395079157 -0.1061426276085043 0)
(-1.005654378217105 -0.1316540751162819 0)
(-0.9983481697427073 -0.1570629543150185 0)
(-0.9896777460460486 -0.1823085190473883 0)
(-0.979820324156674 -0.2068685503415087 0)
(-0.9687307382304914 -0.2309012035978773 0)
(-0.9564041489835545 -0.2544038995042117 0)
(-0.9430277658794066 -0.2770487386948833 0)
(-0.9282442984593652 -0.2994026638017042 0)
(-0.9121073318288518 -0.3212609306600399 0)
(-0.8954062823716953 -0.3416169241385626 0)
(-0.8777239282384954 -0.3610862842655083 0)
(-0.8585477786150832 -0.3801513145866387 0)
(-0.8384692565228865 -0.398153450109602 0)
(-0.8178552151547425 -0.4148207661146192 0)
(-0.796376399185531 -0.4304599051124725 0)
(-0.7739182946649437 -0.4451255395283618 0)
(-0.7507257894999603 -0.4586350185731229 0)
(-0.727034799089031 -0.4708682464730182 0)
(-0.7028337731478601 -0.4818571907356023 0)
(-0.6781253694701824 -0.4916133200101132 0)
(-0.6529717084513346 -0.5001199756162026 0)
(-0.6272806145240827 -0.5074050836605554 0)
(-0.6009413982186044 -0.513474035331166 0)
(-0.5739532623454923 -0.5182893396214221 0)
(-0.5462352160282211 -0.5218264471942555 0)
(-0.517447653398207 -0.5240908728202477 0)
(-0.486891650132441 -0.5252290705768968 0)
(-0.4546680003296478 -0.5259020334957635 0)
(-0.4214762726699523 -0.526381006070584 0)
(-0.3877352665855642 -0.5267483490067787 0)
(-0.3536772131579713 -0.5270389225687383 0)
(-0.3194627228961717 -0.5272721529315021 0)
(-0.2851256595368004 -0.5274618277447518 0)
(-0.2506639248126558 -0.5276176613546943 0)
(-0.2161336025995628 -0.5277460073524498 0)
(-0.1815756062639153 -0.527851833125747 0)
(-0.1469858728185552 -0.5279393120730786 0)
(-0.1123035147347759 -0.5280118982060658 0)
(-0.07729295068313687 -0.5280725929281073 0)
(-0.04057427206761224 -0.528125064492512 0)
(-0.004424636014740517 -0.5281682221385174 0)
(0.02940557092676589 -0.5282016290447248 0)
(0.06067227510190232 -0.5282268691534482 0)
(0.09162703323985145 -0.5282472172990531 0)
(0.125279634303873 -0.5282652927331816 0)
(0.1596933455221327 -0.5282807913233158 0)
(0.1940651452609297 -0.5282937236007392 0)
(0.2284802777437811 -0.5283044536954798 0)
(0.2629339768883631 -0.5283132542128656 0)
(0.2975243018672252 -0.5283203865771855 0)
(0.3323782092362536 -0.5283260389060845 0)
(0.3676878501934598 -0.5283303401060453 0)
(0.4041904608781606 -0.5283333902915011 0)
(0.4466240826685144 -0.5283351440406203 0)
(0.4752542977111825 -0.5283353783664986 0)
(0.5 -0.5283350605230772 0)
(0.5 0.5338678216265899 0)
(0.4740269308799517 0.5338681184629878 0)
(0.4419358246106287 0.5338675869952944 0)
(0.4029769686373203 0.533865402372433 0)
(0.3670318929857517 0.5338617497202476 0)
(0.3318660869045019 0.5338565795802941 0)
(0.296985462389506 0.5338497359777886 0)
(0.2621996304790962 0.5338409968158512 0)
(0.2273657826443373 0.5338300529649271 0)
(0.1923554052672044 0.5338165134089065 0)
(0.157546319916391 0.5338003977708515 0)
(0.1229348109462754 0.5337814953035382 0)
(0.09146920636737914 0.533761218605207 0)
(0.06245411760229999 0.5337383522082603 0)
(0.03182612292261217 0.5337089024836211 0)
(-0.00151574983137478 0.5336694653161163 0)
(-0.03879739339329258 0.5336154359040707 0)
(-0.0772283800183543 0.5335488091563441 0)
(-0.1127954632587357 0.5334733224079575 0)
(-0.1478010046146115 0.5333832267469966 0)
(-0.182663776228772 0.53327442314175 0)
(-0.2174875956200357 0.5331425468289089 0)
(-0.2522552731750576 0.532982878573549 0)
(-0.2867358592837961 0.5327918549460232 0)
(-0.3208082062829082 0.5325635441788648 0)
(-0.3547449282034144 0.5322830054175318 0)
(-0.3888540926876069 0.5319263357549547 0)
(-0.4229686702890466 0.5314666473372857 0)
(-0.4565663104051342 0.5308667202823157 0)
(-0.4890217763548985 0.5300372389080367 0)
(-0.5196668028714541 0.5287013000752784 0)
(-0.5486488521148414 0.5262483255346756 0)
(-0.5767238706498284 0.5225082613422901 0)
(-0.6040813600886582 0.5174765063971906 0)
(-0.6305261340350324 0.511243018937104 0)
(-0.6561236672007651 0.5038598004958651 0)
(-0.6811320857212815 0.4952968867695199 0)
(-0.7056950002748578 0.4855134859467417 0)
(-0.729768720961124 0.4745176154672586 0)
(-0.7534983178967672 0.4622137230253717 0)
(-0.7769606789772379 0.4484965286695629 0)
(-0.7993079699449284 0.4338593353199739 0)
(-0.8199657412790048 0.4188223919896507 0)
(-0.8396305497519716 0.4030139070312067 0)
(-0.8592882124349562 0.3855687380288886 0)
(-0.8787681309633125 0.3664294663446193 0)
(-0.8974327662072125 0.3460794315466013 0)
(-0.9154520260131763 0.3242126606630795 0)
(-0.9321142126534551 0.3016375514100759 0)
(-0.9463212290972546 0.2801756539559045 0)
(-0.9587727609141513 0.2592786490440219 0)
(-0.9711346652527666 0.2360608886232933 0)
(-0.9831226098769181 0.2104307767748481 0)
(-0.9930855459201314 0.1858845839240899 0)
(-1.001621474848806 0.1614290912601118 0)
(-1.009343204036822 0.1350917516154146 0)
(-1.015782325613417 0.1079272041111748 0)
(-1.020759402205564 0.08054998293755816 0)
(-1.024260924729925 0.05318083575519487 0)
(-1.026332694613732 0.02550920324228551 0)
(-1.026946331394108 -0.002008897515662732 0)
(-1.026166196840157 -0.02873657764775732 0)
(-1.024084661569673 -0.0548853314578867 0)
(-1.020693194729864 -0.08097069058380893 0)
(-1.015966294104532 -0.1070371273527325 0)
(-1.009974665864401 -0.1326825587546012 0)
(-1.002629973888823 -0.1582484287758148 0)
(-0.9939071361163092 -0.1836746851265983 0)
(-0.9840050632602269 -0.2083784042627786 0)
(-0.9728546045128522 -0.2325792164608683 0)
(-0.9604470125010871 -0.2562727676401766 0)
(-0.9469902507993166 -0.2790901198840723 0)
(-0.9320782700998282 -0.3016729428005871 0)
(-0.9158265595203138 -0.3237180385286046 0)
(-0.8990253996624848 -0.3442276789979035 0)
(-0.8811892416329743 -0.3638975460027363 0)
(-0.8618412901598373 -0.383161689135865 0)
(-0.8416277876516877 -0.4013125207191861 0)
(-0.8208746959831246 -0.4181216116157984 0)
(-0.7991983157167374 -0.4339338924532021 0)
(-0.776516589231834 -0.4487726747496789 0)
(-0.7531315593925658 -0.4624205881653253 0)
(-0.7292681930192338 -0.4747709107721869 0)
(-0.7048932428312954 -0.485870193579851 0)
(-0.6800159901764831 -0.49572876308834 0)
(-0.6547214079358187 -0.5043253524015041 0)
(-0.6289051103430984 -0.5116976002646825 0)
(-0.6023945739669301 -0.5178687597191525 0)
(-0.575180369768837 -0.5227992652253672 0)
(-0.5472282654780136 -0.5264577713164184 0)
(-0.5182464453282433 -0.5288580808344184 0)
(-0.4876007160775798 -0.5301569105878013 0)
(-0.4553531103841205 -0.5309559400623086 0)
(-0.4221374837786322 -0.5315287319875979 0)
(-0.3883633237325999 -0.5319685561643134 0)
(-0.3542699531279926 -0.5323165275627383 0)
(-0.3200275575177109 -0.5325957663161565 0)
(-0.2856602860029067 -0.5328228484332538 0)
(-0.2511522768363683 -0.533009463672375 0)
(-0.2165661291901903 -0.5331631650228461 0)
(-0.1819471210019364 -0.5332898820134586 0)
(-0.1472871287075105 -0.5333946245532876 0)
(-0.1125162207683254 -0.5334815375666625 0)
(-0.07737785966554982 -0.5335542220555216 0)
(-0.04060565284247777 -0.533616811326213 0)
(-0.003916199922852031 -0.5336688843296653 0)
(0.03027342601962166 -0.5337090957453252 0)
(0.06139731843721444 -0.5337391295367462 0)
(0.09180401905865991 -0.5337630813655386 0)
(0.1248921860534302 -0.5337843614647098 0)
(0.1593953931896045 -0.5338029245787391 0)
(0.1938487114342475 -0.5338184072626242 0)
(0.2283592856237028 -0.5338312526950784 0)
(0.2629211762624822 -0.5338417861054608 0)
(0.2976499213357853 -0.5338503231192957 0)
(0.3326948272439841 -0.5338570889449608 0)
(0.3682871266924161 -0.5338622365792067 0)
(0.4052906151669938 -0.5338658827278879 0)
(0.4487054162702451 -0.5338679632147004 0)
(0.4764805800160617 -0.5338681975431092 0)
(0.5 -0.5338678216206273 0)
(0.5 0.5402448761048204 0)
(0.4750224090011046 0.5402452279752376 0)
(0.4433743736819611 0.5402446376368608 0)
(0.4037954922971469 0.5402420555782309 0)
(0.3674817317658638 0.540237714006751 0)
(0.3320749788517448 0.5402315619979068 0)
(0.2970065134313657 0.5402234145088874 0)
(0.2620528434495913 0.5402130049313303 0)
(0.2270435047614557 0.5401999576531058 0)
(0.1918137088900134 0.5401837836890995 0)
(0.1568422984523368 0.5401645471649614 0)
(0.1223143922085495 0.5401421340815785 0)
(0.09198703172489632 0.5401187453535025 0)
(0.0634518488015214 0.5400919292154112 0)
(0.0330748120584251 0.5400572288507148 0)
(-0.0004842554071191136 0.5400102631511891 0)
(-0.03899746768519139 0.5399444983739815 0)
(-0.07735677796913218 0.5398658203823773 0)
(-0.1131151188685768 0.5397758458415096 0)
(-0.1482606095839068 0.5396684526205241 0)
(-0.1832393971748953 0.5395387510066599 0)
(-0.2181728863526365 0.5393814934175853 0)
(-0.2530444778868735 0.5391910234406637 0)
(-0.2875710834298548 0.5389633888397576 0)
(-0.3216132633989868 0.5386918117391599 0)
(-0.3555194338497915 0.5383581592378666 0)
(-0.3896795888726062 0.5379331894543257 0)
(-0.4239105199275126 0.5373847225041639 0)
(-0.4576169638297867 0.5366697504762418 0)
(-0.4901378232843741 0.5356898119141764 0)
(-0.5208650018689107 0.534170692878194 0)
(-0.5500196654750822 0.5315609966244712 0)
(-0.5783500515029462 0.5276751817537628 0)
(-0.6060541607777273 0.5224840417663174 0)
(-0.6327679128432525 0.5161013940453056 0)
(-0.6584932259426471 0.5086060586415054 0)
(-0.6835640637689965 0.4999595359606253 0)
(-0.7082357581560429 0.490082496660608 0)
(-0.7324428982839664 0.4789841404505993 0)
(-0.7562868571985691 0.4665870120836057 0)
(-0.7799105685048956 0.4527480015730055 0)
(-0.8025170416139752 0.4379151307755045 0)
(-0.8233884158068536 0.4226952485969871 0)
(-0.8430776330188208 0.4068456902661701 0)
(-0.8627042342193918 0.3894231148679402 0)
(-0.8823340563905008 0.3701443481529245 0)
(-0.9012712778863815 0.3495037803479072 0)
(-0.9195227966760328 0.3273540000924225 0)
(-0.9364360493201003 0.3044274227353173 0)
(-0.9508256795950638 0.2826669527215466 0)
(-0.9632751125595056 0.2617560092123673 0)
(-0.9755850638611778 0.2386490346720054 0)
(-0.9877104175354527 0.2127613561526949 0)
(-0.9978317396681262 0.1878566786527545 0)
(-1.006423380779988 0.1632746147687997 0)
(-1.014227196305272 0.1367105531055348 0)
(-1.020781705288846 0.1091096526872707 0)
(-1.025833373693017 0.08134179910908111 0)
(-1.029381245218026 0.05358738418522043 0)
(-1.031472864811084 0.02552852663243053 0)
(-1.032080261856217 -0.002321524799118609 0)
(-1.031279461114196 -0.02927607603939557 0)
(-1.029174715831974 -0.05558351720755212 0)
(-1.025757226740717 -0.08182503463234626 0)
(-1.020995279454316 -0.1080764790682616 0)
(-1.014968891369217 -0.1338822568974128 0)
(-1.007583561083724 -0.1596155269105555 0)
(-0.9988030474341529 -0.1852433222800798 0)
(-0.988841554757211 -0.2101327495424847 0)
(-0.9776202419364778 -0.2345278276725646 0)
(-0.9651312888991593 -0.2584189080639025 0)
(-0.9515732830423848 -0.2814506917654531 0)
(-0.936500165534229 -0.3043162313444784 0)
(-0.9201377768619551 -0.3265472027245684 0)
(-0.903215737103979 -0.3472416489917736 0)
(-0.8851737005967011 -0.3671733023985682 0)
(-0.8656411115856812 -0.386652070918604 0)
(-0.8452966491493241 -0.4049524814453429 0)
(-0.8243677118992433 -0.4219384040002367 0)
(-0.8024433198731231 -0.4379645323521139 0)
(-0.7795108825297096 -0.4529973564283723 0)
(-0.7559141328639704 -0.4667985890131938 0)
(-0.7318527185895328 -0.4792836245968676 0)
(-0.7072779092749409 -0.490509931189175 0)
(-0.6822209215866915 -0.5004812093347324 0)
(-0.6567945377179012 -0.5091727257652952 0)
(-0.6308211176356027 -0.5166511298522329 0)
(-0.6040648820386639 -0.5229518005362745 0)
(-0.5765702250957305 -0.5280173778350091 0)
(-0.5483768677096756 -0.5318103723046134 0)
(-0.5191921985007022 -0.534362552221569 0)
(-0.4884392682538626 -0.5358388011105721 0)
(-0.4561546952944662 -0.536780640672877 0)
(-0.4229069515405036 -0.5374612427636253 0)
(-0.3890924916561861 -0.537984698433945 0)
(-0.3549558811632199 -0.5383989852158156 0)
(-0.3206809028983638 -0.5387313570212567 0)
(-0.2862795841377948 -0.5390016398185425 0)
(-0.2517171245278678 -0.5392238420980685 0)
(-0.2170657577009645 -0.5394068592979779 0)
(-0.1823768422856025 -0.5395577204692891 0)
(-0.1476362770582711 -0.539682413491499 0)
(-0.1127655686853914 -0.5397858815185294 0)
(-0.07749355139522621 -0.5398724081099933 0)
(-0.04072402543294494 -0.5399465446030595 0)
(-0.003471534728030484 -0.5400089926864464 0)
(0.03124171146108054 -0.5400572790988692 0)
(0.06232580154762816 -0.5400928848790274 0)
(0.09217247911901479 -0.5401208815096901 0)
(0.1245266562391952 -0.5401456671351059 0)
(0.1590537670520762 -0.5401677219322534 0)
(0.1936002406912446 -0.5401861526302576 0)
(0.2282200741951683 -0.5402014429266289 0)
(0.262906143959958 -0.5402139784060807 0)
(0.2977945251236663 -0.5402241386491425 0)
(0.3330585685154521 -0.5402321912171894 0)
(0.368973063039609 -0.5402383161916977 0)
(0.4065284571802017 -0.5402426472145535 0)
(0.450877568430864 -0.5402450932920541 0)
(0.4777314389656744 -0.5402453164517486 0)
(0.5 -0.5402448760977105 0)
(0.5 0.5475281510827237 0)
(0.4760193989561614 0.5475285641933798 0)
(0.4448686810427914 0.54752791704551 0)
(0.4047034849052235 0.5475248906195073 0)
(0.3679899810543626 0.5475197643221732 0)
(0.3323129062169228 0.5475124895019935 0)
(0.297031858343919 0.5475028488727148 0)
(0.2618880196920242 0.5474905244074406 0)
(0.2266792120522251 0.5474750613083066 0)
(0.1911897717465866 0.547455842896544 0)
(0.1560360281464076 0.5474330128412153 0)
(0.1219834331262541 0.5474068987643824 0)
(0.09271225824363483 0.547380039314119 0)
(0.06461758626774104 0.5473487807872984 0)
(0.03436792610133373 0.5473080141205305 0)
(0.0002915493927317882 0.5472519396689203 0)
(-0.03923258201396624 0.5471729976978553 0)
(-0.07753997442275914 0.5470805580238134 0)
(-0.1134925352017429 0.5469739955323779 0)
(-0.1487922054195427 0.546846759765223 0)
(-0.1839018626104836 0.5466930708437795 0)
(-0.2189617981629889 0.5465066470896546 0)
(-0.2539563600883063 0.5462807314046459 0)
(-0.2885350147328253 0.5460110962752154 0)
(-0.3225362169110288 0.5456901577883942 0)
(-0.3564034023711762 0.5452959461376159 0)
(-0.3906271762552544 0.5447926999550624 0)
(-0.4250012068723309 0.5441421873631013 0)
(-0.4588413416791823 0.5432955904448595 0)
(-0.4914462997843136 0.5421466058385138 0)
(-0.5222667874226837 0.5404277574157632 0)
(-0.5516097781295126 0.5376437100367695 0)
(-0.5801889919192819 0.5335989923507278 0)
(-0.6082246067164052 0.5282411531387357 0)
(-0.6352885046126366 0.5216817329079694 0)
(-0.6612567400773747 0.5140305407941211 0)
(-0.686445163235033 0.5052693058659143 0)
(-0.7111882470669357 0.4953032689160175 0)
(-0.7355085664484566 0.4841050258196105 0)
(-0.7594799390155683 0.4716034402995529 0)
(-0.7832393213913201 0.4576558295304372 0)
(-0.8061271647695918 0.4426133008426584 0)
(-0.827330099722983 0.4271224671972586 0)
(-0.8471158780721867 0.4111666555158729 0)
(-0.8666601117583357 0.3938062897185681 0)
(-0.8864033314390877 0.3744241763526502 0)
(-0.905660000469546 0.3534447737699508 0)
(-0.9241428977135751 0.3310169349544282 0)
(-0.9413428078286837 0.3076959833892039 0)
(-0.9560118370540446 0.285489648426695 0)
(-0.9684946424384544 0.2644953586736443 0)
(-0.9806947020149107 0.2416032723764073 0)
(-0.9929442059931812 0.2154943449299371 0)
(-1.003281480120203 0.1900976412059941 0)
(-1.01193989484791 0.1653576545264933 0)
(-1.019826274223152 0.1385702977433548 0)
(-1.02651539333137 0.1104595001787702 0)
(-1.031650644216901 0.08225440788165286 0)
(-1.035251981497802 0.05405732203332574 0)
(-1.037366153608333 0.02556150833022362 0)
(-1.03796695592244 -0.002656938951552999 0)
(-1.037143486638912 -0.02987473988204649 0)
(-1.035011878924192 -0.05637664562102716 0)
(-1.03156404576315 -0.08280313894224549 0)
(-1.026760345036873 -0.1092746947621747 0)
(-1.020692121499041 -0.1352705587092224 0)
(-1.013269728466656 -0.1611631032725324 0)
(-1.00442628295871 -0.1870162174429908 0)
(-0.9943726929249496 -0.2121777539727086 0)
(-0.9830649404534828 -0.2368018213838869 0)
(-0.9705215472677686 -0.2608446022146948 0)
(-0.9568361818243505 -0.2841441540196623 0)
(-0.9415527902432621 -0.3073719007143628 0)
(-0.9250933444921111 -0.3297748707986832 0)
(-0.9080279844986588 -0.3506882493406008 0)
(-0.8897111601726112 -0.3709616618583024 0)
(-0.8699847563875776 -0.3906663962008205 0)
(-0.8495253494107182 -0.409106857935616 0)
(-0.8283750120764092 -0.4263126134285588 0)
(-0.8061389251563471 -0.4426031297166874 0)
(-0.782928974968318 -0.4578504921563287 0)
(-0.7591035587427113 -0.4718186484416024 0)
(-0.7348173912217885 -0.4844568115676831 0)
(-0.7100332021652347 -0.4958201842976627 0)
(-0.6848059020964475 -0.5059083241072155 0)
(-0.6592142301789707 -0.5147157573269248 0)
(-0.6330053510075812 -0.5223320669318668 0)
(-0.6059433251826991 -0.5287851118251407 0)
(-0.5781597868385745 -0.533997678139006 0)
(-0.5497134783728199 -0.5379401315570399 0)
(-0.5203026104502124 -0.5406618209881914 0)
(-0.4894235292484356 -0.5423315765885641 0)
(-0.4570868542808852 -0.5434331117161988 0)
(-0.423795583081324 -0.544236217428776 0)
(-0.3899313206628015 -0.5448551948538884 0)
(-0.3557430498838887 -0.545345345953773 0)
(-0.3214307801661812 -0.5457384808707481 0)
(-0.2869909572039134 -0.5460581810238389 0)
(-0.2523647472506633 -0.5463211477657751 0)
(-0.2176376515863403 -0.5465377493102869 0)
(-0.182869538312013 -0.5467162537150622 0)
(-0.1480385831291912 -0.5468637840611454 0)
(-0.1130570208351788 -0.5469862021988949 0)
(-0.0776468123843629 -0.5470885555781512 0)
(-0.04086663545247705 -0.5471758709939945 0)
(-0.003148434558517048 -0.5472500533823098 0)
(0.03218040415882752 -0.5473077661127532 0)
(0.06340617096455889 -0.5473499249331413 0)
(0.0927959849180892 -0.5473825239917107 0)
(0.1243367144216965 -0.5474111279947294 0)
(0.1586659062766662 -0.5474369935307345 0)
(0.1933171958390058 -0.5474588004286307 0)
(0.228060864978215 -0.5474768907420801 0)
(0.2628877783185608 -0.5474917180035771 0)
(0.2979582771838699 -0.5475037370278408 0)
(0.3334706710878582 -0.5475132628643014 0)
(0.3697464710254207 -0.5475205054368152 0)
(0.4078942490487 -0.5475256144989615 0)
(0.4530927156992835 -0.5475284626959465 0)
(0.4789751603573034 -0.5475286617316828 0)
(0.5 -0.5475281510742953 0)
(0.5 0.5557660418525302 0)
(0.4769945592235076 0.5557665219548369 0)
(0.4463876425789204 0.5557658216139668 0)
(0.4056908748376389 0.5557623056833449 0)
(0.3685550847272656 0.5557562960419918 0)
(0.3325798824655379 0.5557477507199201 0)
(0.2970615289911613 0.5557364174877361 0)
(0.2617052349555641 0.555721919810891 0)
(0.2262728973635316 0.5557037092446567 0)
(0.190475399400013 0.5556809984741056 0)
(0.1551144411332442 0.5556540655541713 0)
(0.1220735880204505 0.5556242993614493 0)
(0.09372749064628548 0.555593591280384 0)
(0.06598768245187429 0.5555573485451519 0)
(0.03568956562032297 0.5555095542451816 0)
(0.0006627446608568128 0.555442256738058 0)
(-0.03952310848072334 0.5553489749822541 0)
(-0.07779099433261685 0.5552409982464669 0)
(-0.1139352896078446 0.5551156496621846 0)
(-0.149400650087572 0.5549658876759885 0)
(-0.1846571975130975 0.5547849310521193 0)
(-0.2198629900115488 0.5545653005202246 0)
(-0.2550029807250212 0.554298953007373 0)
(-0.2896400698428583 0.5539816021926297 0)
(-0.3235845646261362 0.5536050091182544 0)
(-0.3573994038315293 0.5531425924073936 0)
(-0.3917032418098415 0.5525505462825633 0)
(-0.4262556091392159 0.5517838231562232 0)
(-0.4602585212569693 0.5507883141750531 0)
(-0.4929680479964933 0.5494519050035961 0)
(-0.5238929042724662 0.547518105164338 0)
(-0.5534381352935566 0.5445427072839011 0)
(-0.5822942159568957 0.5403201580894215 0)
(-0.6105969021393225 0.5347971972726939 0)
(-0.6380026172057912 0.5280574678711285 0)
(-0.6643999795642358 0.5201883549352608 0)
(-0.6898620739599757 0.5112448248505814 0)
(-0.7146357065327571 0.5011924903279167 0)
(-0.7389893492981559 0.4899228463099269 0)
(-0.7631021746744096 0.4773050872361039 0)
(-0.7869889886047741 0.4632513629766039 0)
(-0.8101577647426434 0.447999746927173 0)
(-0.8317850051758554 0.4321697227148812 0)
(-0.851751175438644 0.4160354079852871 0)
(-0.8712231983091236 0.398721869074999 0)
(-0.8910318621177369 0.3792811017048666 0)
(-0.9106237660843729 0.3579479088269732 0)
(-0.9293597583159127 0.3352196839162111 0)
(-0.946872604892447 0.3114735773275398 0)
(-0.9618974325592111 0.288706742979788 0)
(-0.9744485748873344 0.267565128283311 0)
(-0.9865210370407371 0.2449172496573604 0)
(-0.9988745012175543 0.2186352575024928 0)
(-1.009485790911377 0.1926098631581714 0)
(-1.018220472917826 0.1676829653672308 0)
(-1.026184793441038 0.1406929920667431 0)
(-1.033031514000173 0.1119837743701118 0)
(-1.038258945517142 0.0832968356245261 0)
(-1.041921316803341 0.05459667467403266 0)
(-1.044060943218857 0.02561235170546899 0)
(-1.044654955775285 -0.003011027905746179 0)
(-1.043806963405457 -0.03053098246509889 0)
(-1.041644588177156 -0.05726820119184183 0)
(-1.038161679767346 -0.08391207347173532 0)
(-1.033308182006085 -0.1106457070480227 0)
(-1.027189873243411 -0.1368653234331584 0)
(-1.019738475783794 -0.1628938555279982 0)
(-1.010827812734281 -0.188995341083405 0)
(-1.000645491080844 -0.2145269191639677 0)
(-0.9892365126494954 -0.2394138885631869 0)
(-0.9766490921057661 -0.263593219889409 0)
(-0.9628133736972662 -0.2872068229017063 0)
(-0.9472906831876665 -0.3108464621310529 0)
(-0.9307281207915439 -0.3334351108413565 0)
(-0.9134830345140293 -0.3546175186054506 0)
(-0.894844310037935 -0.3752882088228153 0)
(-0.8749273160505125 -0.3952192686014052 0)
(-0.8543413713808869 -0.4138159014527858 0)
(-0.8329130560013474 -0.4312928440687825 0)
(-0.8103120959754847 -0.4478902017317556 0)
(-0.7868032183689201 -0.4633693185264386 0)
(-0.7627252126539634 -0.4775224009245636 0)
(-0.7381853193700075 -0.4903334181537923 0)
(-0.7132116907612849 -0.5018313529799183 0)
(-0.687829582239193 -0.512040063975729 0)
(-0.6619810957485178 -0.5210052574193846 0)
(-0.6354304120550417 -0.5287983134084695 0)
(-0.6080488201468187 -0.535414978808923 0)
(-0.5799822082039962 -0.5407844692858031 0)
(-0.5512549673066982 -0.5448941174448176 0)
(-0.5215955161726831 -0.5478025053232911 0)
(-0.4905699635353575 -0.5496807003832287 0)
(-0.4581630534585525 -0.550958411855069 0)
(-0.4248139493867436 -0.5518990022880935 0)
(-0.3908875409665807 -0.5526258772179803 0)
(-0.3566379573710004 -0.5532018905518913 0)
(-0.322284099842205 -0.5536637680928216 0)
(-0.2878009196782653 -0.5540394104255186 0)
(-0.2531003813976258 -0.5543486087908058 0)
(-0.2182862679578157 -0.5546033011631862 0)
(-0.183429547403216 -0.554813134284564 0)
(-0.1484986364861627 -0.5549865403416148 0)
(-0.1133957857314106 -0.5551304288592884 0)
(-0.07784506797766126 -0.5552506873531536 0)
(-0.04104504424707535 -0.5553528790473844 0)
(-0.003024422537178663 -0.5554400444864406 0)
(0.03304266876544772 -0.5555087420403026 0)
(0.0646798734895223 -0.555558691354894 0)
(0.09377148546199432 -0.5555965305256277 0)
(0.124398333417827 -0.5556291742703277 0)
(0.158226015370326 -0.5556590450538701 0)
(0.1929972971157169 -0.5556846827661923 0)
(0.2278798706954362 -0.5557059484050758 0)
(0.2628643695150134 -0.5557233729293157 0)
(0.2981401613827603 -0.5557374995982467 0)
(0.3339301369098013 -0.5557486954360715 0)
(0.3706036326032252 -0.5557572024512076 0)
(0.4093690965216603 -0.5557631842012137 0)
(0.4552965073898576 -0.5557664668446105 0)
(0.4801793155069663 -0.5557666279876778 0)
(0.5 -0.555766041842605 0)
(0.5 0.5649898912014777 0)
(0.4779272140901259 0.5649904433540468 0)
(0.4478982740302645 0.5649896945899842 0)
(0.4067420589624195 0.5649856475695898 0)
(0.3691723388334756 0.5649786561792802 0)
(0.3328745201467372 0.5649686895112883 0)
(0.2970952230925376 0.5649554583251944 0)
(0.2615051900875015 0.5649385207066487 0)
(0.2258267964642592 0.5649172188367233 0)
(0.18966161415754 0.5648905302529474 0)
(0.1540476149239214 0.5648589413080605 0)
(0.1227527603353006 0.5648259840932586 0)
(0.09514265807528638 0.5647910187388306 0)
(0.06761441692204141 0.5647491796005157 0)
(0.037035472885243 0.564693212753013 0)
(0.000431661217313612 0.5646117518147289 0)
(-0.03989053804549583 0.564503555153114 0)
(-0.07812203888332257 0.5643782514850566 0)
(-0.1144512208119839 0.5642318705714862 0)
(-0.1500917075332454 0.5640568133178553 0)
(-0.1855109874705858 0.5638451828273182 0)
(-0.2208821996278677 0.5635881308664182 0)
(-0.2561955767959843 0.5632760736824712 0)
(-0.2908994736262891 0.5629050548847345 0)
(-0.3247631901418451 0.5624665514133853 0)
(-0.3585063193041595 0.5619283628026337 0)
(-0.3929119156052249 0.5612366544021946 0)
(-0.4276858404280558 0.5603389207491055 0)
(-0.4618864084535489 0.5591769043326019 0)
(-0.4947253763658396 0.5576353735948471 0)
(-0.525761847343482 0.5554734185637228 0)
(-0.5555186322613288 0.5522912047193821 0)
(-0.5846813257291482 0.5478718987539617 0)
(-0.6132178442041395 0.542179183892883 0)
(-0.6408913619515458 0.5352719831482734 0)
(-0.6678559517511071 0.5271390058319697 0)
(-0.6937902690196661 0.5179329315311224 0)
(-0.7186682320826439 0.5077498153308541 0)
(-0.7429604882655713 0.4964409387226502 0)
(-0.7671715836880639 0.4837237037221386 0)
(-0.7912134580422118 0.4695441836538722 0)
(-0.8146298112020576 0.4541045772396439 0)
(-0.8366955832410049 0.4379273476208668 0)
(-0.8569685472873902 0.4215124010721318 0)
(-0.8764630809084551 0.4041547243484612 0)
(-0.8962854887341037 0.3846996092988186 0)
(-0.9161724762064881 0.3630574305540496 0)
(-0.9352219789221542 0.339959304174393 0)
(-0.9530671963139252 0.3157642907729098 0)
(-0.9684563403047557 0.2924284919001554 0)
(-0.9811334575628667 0.2710458545685441 0)
(-0.9931247004664567 0.2485512612538366 0)
(-1.005562954655798 0.222134358049618 0)
(-1.016467064701919 0.1954372446236208 0)
(-1.025301569091948 0.1702563972440778 0)
(-1.033344619738413 0.143063071627291 0)
(-1.040359448088571 0.1137200383964641 0)
(-1.045693946042855 0.08447726064743653 0)
(-1.049425374286793 0.05521097460323822 0)
(-1.051593549728544 0.02568538230518792 0)
(-1.052180769551988 -0.003378186380964477 0)
(-1.051306619003992 -0.03124144843496265 0)
(-1.049109283349704 -0.05826055496608584 0)
(-1.045586381238484 -0.08515621540598696 0)
(-1.040677010175659 -0.1121849374455939 0)
(-1.034500291982989 -0.1386648654642086 0)
(-1.027018114045209 -0.1648392943266422 0)
(-1.01803619023875 -0.1912084560817432 0)
(-1.007704931638578 -0.2171678148625896 0)
(-0.9961829377309647 -0.2423488837982618 0)
(-0.9835275731197128 -0.2667152273976244 0)
(-0.9695195430587076 -0.2906839916742618 0)
(-0.9537689128126919 -0.3147243764329469 0)
(-0.9370631848238355 -0.3375600916919665 0)
(-0.9195748395774098 -0.3590924588973186 0)
(-0.9006182547856858 -0.3801583876627243 0)
(-0.880528036347234 -0.4003045008663561 0)
(-0.8597575483471046 -0.4191164794735655 0)
(-0.8379759136821476 -0.4369297804871586 0)
(-0.8149837202233874 -0.453855717702526 0)
(-0.7911631963753836 -0.4695784281133205 0)
(-0.7667992732452183 -0.4839403829219538 0)
(-0.7419978605323873 -0.4969337224957784 0)
(-0.7168660247049761 -0.5085601300596425 0)
(-0.691293582061123 -0.5189142011031229 0)
(-0.6650771709196943 -0.5280849855590266 0)
(-0.6381086794075027 -0.5360844311132723 0)
(-0.6104087251502931 -0.5428727206212223 0)
(-0.5820506795900903 -0.5484119103163597 0)
(-0.5530156204406572 -0.5527060709882342 0)
(-0.5230877110330375 -0.5558172125913554 0)
(-0.4918941391904991 -0.5579172256407233 0)
(-0.4593940441978815 -0.5593866756434112 0)
(-0.4259711621750321 -0.5604794785373305 0)
(-0.3919696706039796 -0.5613267260476934 0)
(-0.3576457722968945 -0.5619988435777227 0)
(-0.3232445466978452 -0.5625376178824781 0)
(-0.2887143308984068 -0.5629758632842228 0)
(-0.2539294061085927 -0.5633369225927659 0)
(-0.2190158719105985 -0.5636343633960184 0)
(-0.1840593172519868 -0.5638793307813812 0)
(-0.1490195948841559 -0.5640817344873691 0)
(-0.1137880387907146 -0.5642496746015212 0)
(-0.078096695093582 -0.5643899627179536 0)
(-0.04127133691246677 -0.5645087540286005 0)
(-0.003200468061718551 -0.5646098735694697 0)
(0.03377060514783592 -0.5646913774523402 0)
(0.06621097977173641 -0.5647507417559009 0)
(0.09522986078823166 -0.564794569355723 0)
(0.1247984895857716 -0.5648313031184428 0)
(0.1577180664378609 -0.5648651582729444 0)
(0.1926385824141265 -0.5648951090064039 0)
(0.2276753009831868 -0.5649199381882765 0)
(0.2628333927940156 -0.5649402747972994 0)
(0.2983376451822941 -0.5649567664233951 0)
(0.3344331595541183 -0.5649698350893998 0)
(0.3715355366338513 -0.564979756329569 0)
(0.41092525455729 -0.5649867035747359 0)
(0.4574324213839943 -0.5649904472323143 0)
(0.4813139805525696 -0.5649905572028832 0)
(0.5 -0.5649898911898702 0)
(0.5 0.5752115721039387 0)
(0.4788020122389547 0.5752122005043511 0)
(0.4493692695369871 0.5752114087057898 0)
(0.4078368423759951 0.5752067940212262 0)
(0.3698335356926882 0.5751987260113027 0)
(0.3331937479578279 0.575187188342282 0)
(0.2971322827124436 0.5751718532953894 0)
(0.2612894555233261 0.5751522074182194 0)
(0.2253464835874024 0.5751274678877607 0)
(0.1887424562154663 0.575096281693639 0)
(0.1533523023038738 0.5750600174002001 0)
(0.1237715452715466 0.5750238054228309 0)
(0.09680187168401261 0.5749842436236847 0)
(0.06941191075854009 0.5749362567977873 0)
(0.0383041908458386 0.5748707761495871 0)
(-0.000334721611885206 0.5747720844936715 0)
(-0.04035075182823233 0.5746485713868701 0)
(-0.07854440297761277 0.5745041765205652 0)
(-0.1150476450751263 0.5743345303172297 0)
(-0.1508703382857048 0.5741313921148249 0)
(-0.1864674979709553 0.5738856338347231 0)
(-0.2220227687915713 0.5735868685403595 0)
(-0.2575453979702226 0.5732235831040291 0)
(-0.2923276013575556 0.5727928099659911 0)
(-0.3260739740688589 0.5722864885092077 0)
(-0.3597172803651988 0.5716654159681458 0)
(-0.394253056884461 0.5708630921266278 0)
(-0.4293023649098366 0.5698191475896932 0)
(-0.4637439807676705 0.568473066432623 0)
(-0.4967402525813969 0.5667099467578897 0)
(-0.5278872794977166 0.5643094360158593 0)
(-0.5578602351748596 0.5609071251892058 0)
(-0.5873644923604759 0.5562719190729435 0)
(-0.6161655379903445 0.5503911570280048 0)
(-0.6440362175196599 0.5433259142392191 0)
(-0.6714941659045854 0.5349483663334167 0)
(-0.6980612176405718 0.5254203343353641 0)
(-0.7232527326513427 0.5150122053897062 0)
(-0.7475673677168303 0.5036111137561692 0)
(-0.771774837935242 0.490836116218885 0)
(-0.7959235825514871 0.4765536548373875 0)
(-0.81953077365108 0.4609637287017929 0)
(-0.8420485761234959 0.4444337712937407 0)
(-0.8627969432536665 0.4276020801116824 0)
(-0.8824292976815019 0.4100887866905001 0)
(-0.9021840779487723 0.3906911861737398 0)
(-0.9223068033838111 0.3688064287255622 0)
(-0.9417424911100486 0.3452553447287061 0)
(-0.9599361587718144 0.3205932822730257 0)
(-0.9756964324833056 0.2966842783066901 0)
(-0.9885732737130941 0.2749401357476935 0)
(-1.000549182606162 0.252468078697988 0)
(-1.013048547028841 0.2259581686057091 0)
(-1.024221160009273 0.1986530944789611 0)
(-1.033190348229928 0.1731281830432742 0)
(-1.041336157796296 0.145652640629002 0)
(-1.048523270400389 0.1156617902874661 0)
(-1.053977115457465 0.08580241883144821 0)
(-1.057786346213261 0.05590186889097137 0)
(-1.059986154465522 0.02578222557236698 0)
(-1.060566679066913 -0.003750383708745694 0)
(-1.059665049352363 -0.03200044937917525 0)
(-1.057428226057887 -0.0593546680361647 0)
(-1.053860695043099 -0.08653537426649814 0)
(-1.048893398411494 -0.1138737907936985 0)
(-1.042649135772614 -0.1406584550507448 0)
(-1.035118649352032 -0.1670417769368891 0)
(-1.026059122223485 -0.1936987105174029 0)
(-1.015579494095206 -0.2200902014288429 0)
(-1.003935093664809 -0.2455940022306579 0)
(-0.9911755939444712 -0.2702227271140212 0)
(-0.9769665360171298 -0.2945986042000264 0)
(-0.9610084258668081 -0.319014122344614 0)
(-0.9441192270820609 -0.3421591514819732 0)
(-0.9263086202601502 -0.3641411397566309 0)
(-0.9070450475980818 -0.3855916439982641 0)
(-0.8868183806922535 -0.4059224187703636 0)
(-0.8657953896962052 -0.4250191348655796 0)
(-0.8435627022822559 -0.4432522021928888 0)
(-0.8201539337899671 -0.4605266363374116 0)
(-0.7960190208661314 -0.4764975591086688 0)
(-0.7713620858936744 -0.4910775528735722 0)
(-0.7463249583421129 -0.5042475241001461 0)
(-0.7210009382934978 -0.5160278318274208 0)
(-0.695131855134798 -0.52657849167292 0)
(-0.6684703957603186 -0.5359880482523293 0)
(-0.6410850594365514 -0.5442007205537719 0)
(-0.6130587183225451 -0.5511721410751094 0)
(-0.5843776450806913 -0.5568985857992059 0)
(-0.5550086341395004 -0.5613938741087892 0)
(-0.5247925004568993 -0.564722448049126 0)
(-0.4934080723554745 -0.5670557754448687 0)
(-0.4607887563567202 -0.56873100884949 0)
(-0.4272740684118608 -0.569989961709368 0)
(-0.3931843465902701 -0.5709697258875154 0)
(-0.3587696863819139 -0.571748159012491 0)
(-0.3243131525760647 -0.5723719411114938 0)
(-0.289735032896047 -0.5728793713242681 0)
(-0.2548570973341905 -0.5732979324797751 0)
(-0.2198305384562321 -0.5736428257490405 0)
(-0.184760281702273 -0.5739267729941074 0)
(-0.1496027902638169 -0.5741613055855795 0)
(-0.1142395854661006 -0.5743558619867165 0)
(-0.07841009927198361 -0.5745182918451742 0)
(-0.04155428349977137 -0.5746553955550737 0)
(-0.003576253473277308 -0.5747715276371672 0)
(0.03426728675901919 -0.5748673385071391 0)
(0.06785645694302808 -0.5749379466755128 0)
(0.09704049497373871 -0.5749886441149633 0)
(0.1256351123721239 -0.5750296900433184 0)
(0.1573408590491318 -0.5750674074241013 0)
(0.1922412412492856 -0.5751019551511196 0)
(0.2274460505775083 -0.575130739119864 0)
(0.2627899579444761 -0.5751543028149413 0)
(0.2985451026221228 -0.5751734195063113 0)
(0.3349733965500769 -0.5751885657628347 0)
(0.3725283276043095 -0.5752000495458869 0)
(0.4125277940150792 -0.5752080495453101 0)
(0.4594466705597609 -0.5752122740755072 0)
(0.4823545205088631 -0.5752123215197115 0)
(0.5 -0.5752115720904634 0)
(0.5 0.586422557784074 0)
(0.4796111030363967 0.5864232656835676 0)
(0.450774384579491 0.5864224363313014 0)
(0.4089521422531756 0.5864172233682581 0)
(0.3705274545186635 0.5864079907585964 0)
(0.3335328780864861 0.5863947383930149 0)
(0.2971714024326885 0.5863770988801764 0)
(0.2610602534351232 0.5863544826507425 0)
(0.2248422254487604 0.5863259695510203 0)
(0.1877006784279067 0.586289720271123 0)
(0.1534120336831603 0.5862494327387184 0)
(0.1251727692197942 0.5862096013834176 0)
(0.0986278212961451 0.586164928409254 0)
(0.07110036452494067 0.5861098088829728 0)
(0.03878944577092507 0.586032080614999 0)
(-0.001152773452524108 0.5859159746924938 0)
(-0.04091072471271048 0.585775667522021 0)
(-0.07906761958675415 0.5856104707491492 0)
(-0.1157307473704881 0.5854154062960553 0)
(-0.1517396345981513 0.5851814659286161 0)
(-0.1875294900837589 0.5848981609570827 0)
(-0.22328805226111 0.5845534007537857 0)
(-0.2590642132118434 0.5841331912212961 0)
(-0.2939372177794142 0.5836365958339707 0)
(-0.3275151027140465 0.5830572439760914 0)
(-0.3610178220702358 0.5823471026646049 0)
(-0.395721923549866 0.581423344490248 0)
(-0.4311178115921272 0.5802176493460597 0)
(-0.4658501349183711 0.578670440201475 0)
(-0.499031113082844 0.5766710987756727 0)
(-0.5302783707087548 0.5740249478457329 0)
(-0.560467552709226 0.5703919235751431 0)
(-0.5903554905104675 0.5655213582788623 0)
(-0.6194497792388549 0.5594352304882024 0)
(-0.6475165833571656 0.5522030431807017 0)
(-0.675290973236029 0.543631588937084 0)
(-0.7024758875324628 0.5337905902850894 0)
(-0.7283149706301844 0.5230179767478766 0)
(-0.7529155911971346 0.5113862630629813 0)
(-0.7770266978102701 0.4985849277288512 0)
(-0.8011200953147373 0.4842870827157078 0)
(-0.8248941953696083 0.468562184326741 0)
(-0.8478461060490675 0.4516961041063784 0)
(-0.8691770692417233 0.4343636419749538 0)
(-0.8890676917242671 0.416583863342671 0)
(-0.9087647973729017 0.3972271339792696 0)
(-0.9290544143664905 0.3751734810490223 0)
(-0.9489234202586668 0.3511160843212995 0)
(-0.9674767294112174 0.3259764052696188 0)
(-0.9836109170121097 0.3014978582954296 0)
(-0.9967825400913042 0.2792359141396458 0)
(-1.008815315182019 0.2566413831959021 0)
(-1.021339748459012 0.2301043687019577 0)
(-1.032752022469399 0.2022658880721608 0)
(-1.04189381484164 0.1762986884989743 0)
(-1.050166205136424 0.1484626022579811 0)
(-1.057529353571156 0.1178118114393357 0)
(-1.063115009655096 0.08727466409844352 0)
(-1.067010572261741 0.05667468812282524 0)
(-1.069245350459598 0.02590810277751657 0)
(-1.069819522895487 -0.004128492430596875 0)
(-1.068889160566089 -0.03280707724347098 0)
(-1.066608972649445 -0.06054412649350404 0)
(-1.062992537927266 -0.08804320516886067 0)
(-1.057965290454232 -0.1157076099112472 0)
(-1.051642829735495 -0.1428484923595529 0)
(-1.044044427867256 -0.169510299905263 0)
(-1.034901813547777 -0.1964716285555622 0)
(-1.024277001996845 -0.2232928739703336 0)
(-1.012503667687486 -0.249142535172181 0)
(-0.9995978236556881 -0.2741211798633327 0)
(-0.9851486150585794 -0.2989728184251072 0)
(-0.969017979995037 -0.3237146513239186 0)
(-0.9519076675637381 -0.3472283551690153 0)
(-0.9336906267830088 -0.3697667320338609 0)
(-0.914142476082594 -0.3915788639156338 0)
(-0.8937838088444335 -0.412095837983612 0)
(-0.8724261631985363 -0.4315573331243733 0)
(-0.8496751290274199 -0.4502673370028973 0)
(-0.8258367334348048 -0.4679013320343154 0)
(-0.8013711517168981 -0.48413411845316 0)
(-0.7764539333078918 -0.4989185857785524 0)
(-0.7512149901377729 -0.5122573726165747 0)
(-0.7255850279482867 -0.5242543887085502 0)
(-0.6992836524208675 -0.5350623806625391 0)
(-0.6721735748196402 -0.5447164981555149 0)
(-0.6443909817473255 -0.5531441151751711 0)
(-0.6160061634158919 -0.5603163411606049 0)
(-0.5869721532672016 -0.566246721491412 0)
(-0.557243132317136 -0.5709587428521459 0)
(-0.5267182003122902 -0.5745177247639057 0)
(-0.4951213936713909 -0.5770935821066994 0)
(-0.4623569923942411 -0.578986567348574 0)
(-0.4287286489432063 -0.580424395655977 0)
(-0.3945333228756485 -0.5815481645632025 0)
(-0.3600075776670674 -0.5824427885109084 0)
(-0.325490705084863 -0.583159296143227 0)
(-0.2908685400308808 -0.5837421668516597 0)
(-0.2558854492831866 -0.5842237875084012 0)
(-0.2207308419959783 -0.5846207642848904 0)
(-0.185535269055954 -0.5849474413744273 0)
(-0.1502507190757416 -0.5852171634673287 0)
(-0.1147537606714614 -0.5854408256256328 0)
(-0.07879045767806062 -0.5856274351028506 0)
(-0.04189808708912551 -0.5857845096244295 0)
(-0.003986137947232508 -0.5859170470275343 0)
(0.03442193379385084 -0.5860278669498306 0)
(0.06930515055630977 -0.5861114142134669 0)
(0.09905057803332239 -0.5861703445156127 0)
(0.1270048130620786 -0.5862162670021875 0)
(0.1574198561739527 -0.5862577691333212 0)
(0.1918017400849555 -0.5862967321354104 0)
(0.2271914678498267 -0.5863298589696007 0)
(0.2627271690643632 -0.5863569543793873 0)
(0.2987542899208045 -0.5863789528929597 0)
(0.3355416649746492 -0.5863963788277448 0)
(0.3735635831814266 -0.5864095672473278 0)
(0.4141374771289929 -0.5864186981821996 0)
(0.461292624459535 -0.586423416543869 0)
(0.4832832928995568 -0.5864233933553538 0)
(0.5 -0.58642255776855 0)
(0.5 0.5985946317394906 0)
(0.4803557725230351 0.5985954214279177 0)
(0.4520951860838856 0.5985945597493411 0)
(0.410064133927638 0.5985887241686646 0)
(0.3712408009359964 0.5985782489367499 0)
(0.3338857530197898 0.5985631488805238 0)
(0.2972105567016317 0.5985430156196641 0)
(0.2608203152206967 0.5985171814959425 0)
(0.2243311974683283 0.5984845867720042 0)
(0.1864761412980688 0.5984426074756817 0)
(0.1544159887387963 0.5983996738340773 0)
(0.1271196653972864 0.5983558412425299 0)
(0.1006882037315275 0.5983053699493411 0)
(0.07270040744980577 0.5982419421317131 0)
(0.03823135412773565 0.5981478859360323 0)
(-0.002056459208990597 0.5980154016706761 0)
(-0.04157546442801759 0.5978569947137601 0)
(-0.0796971767788929 0.597669393139017 0)
(-0.1165067842240563 0.5974468852709416 0)
(-0.1527027339631163 0.5971795658916818 0)
(-0.1886962660696112 0.5968554485819305 0)
(-0.2246771806621019 0.5964605355483901 0)
(-0.2607661359665729 0.5959775136116997 0)
(-0.2957443759748141 0.5954091607707054 0)
(-0.3290814133388775 0.5947527202148964 0)
(-0.3623853826541369 0.5939488092400439 0)
(-0.3973076520398818 0.5928931550366011 0)
(-0.433141870844544 0.5915099068101727 0)
(-0.4682230203428666 0.5897452280740518 0)
(-0.5016168615996014 0.587497049712984 0)
(-0.5329379548244164 0.5846023841085811 0)
(-0.5633356874178963 0.5807315702786695 0)
(-0.5936625212488478 0.5756051403199288 0)
(-0.6230774725782816 0.5692974072935032 0)
(-0.6513213101573662 0.5618954165028754 0)
(-0.6793108973463514 0.5531577654717937 0)
(-0.7069878316268878 0.5430530416894048 0)
(-0.7337051704033221 0.5318229782977386 0)
(-0.7588960503127679 0.5198086355244632 0)
(-0.7830300146790756 0.5069005468197626 0)
(-0.8069051090189268 0.4926697098966202 0)
(-0.830763753382756 0.4768588468608351 0)
(-0.8540972496250454 0.4596965614768974 0)
(-0.8759871755434417 0.4418895022393176 0)
(-0.8963038787211179 0.423697709888934 0)
(-0.9160718923691472 0.4042491646094923 0)
(-0.936454623189186 0.3821003920329599 0)
(-0.9567307004354029 0.3575711156720545 0)
(-0.9756548826382421 0.3319473466480795 0)
(-0.9921902115828136 0.3068685294838586 0)
(-1.005774822516441 0.283891469175401 0)
(-1.017934709084204 0.2610289413095725 0)
(-1.030428530367817 0.2345700660722422 0)
(-1.042048458475581 0.2062806437789512 0)
(-1.051405420843273 0.1797602879044617 0)
(-1.059826767989253 0.1514897596017919 0)
(-1.067369084347955 0.1201694794819579 0)
(-1.073098562444774 0.0888968601365077 0)
(-1.077088671352954 0.05753767319861195 0)
(-1.079362396794332 0.02606753221174232 0)
(-1.079930759233498 -0.004517565999229101 0)
(-1.078970398897084 -0.0336618652275275 0)
(-1.076643765513165 -0.06182136656720033 0)
(-1.07297461165293 -0.08967128459791172 0)
(-1.067886340059908 -0.1176749935906673 0)
(-1.061473213205985 -0.1452324296672948 0)
(-1.053784238973693 -0.1722522054773018 0)
(-1.04455437755304 -0.1995293120205024 0)
(-1.033790411016623 -0.2267702798031676 0)
(-1.021887177282053 -0.2529775485608598 0)
(-1.008802409997119 -0.2783777775785166 0)
(-0.9940651065095083 -0.3037914447607609 0)
(-0.9777524496333233 -0.3288760762906272 0)
(-0.9603847987840165 -0.352810386428656 0)
(-0.9417385608985306 -0.375935202478044 0)
(-0.9219500377814451 -0.3980653091495512 0)
(-0.9013925632447458 -0.4188428525574359 0)
(-0.8795921897394815 -0.4387694568948697 0)
(-0.8563093081269016 -0.457967225462003 0)
(-0.8320422045417915 -0.4759619531395647 0)
(-0.8072392777193274 -0.4924650672436184 0)
(-0.7821063635222602 -0.5074349172271383 0)
(-0.7566337576570196 -0.5209691825111449 0)
(-0.7305682288680774 -0.533251095544219 0)
(-0.7037503206324826 -0.5443551612648985 0)
(-0.6762070105140989 -0.5542530964452367 0)
(-0.6480277468970878 -0.5629029764094919 0)
(-0.6192536491210771 -0.5702927738110224 0)
(-0.5898384658844668 -0.5764425607004907 0)
(-0.5597213591921628 -0.5813858358590169 0)
(-0.5288682581423977 -0.5851859364360585 0)
(-0.4970421376087435 -0.5880108831045278 0)
(-0.464106106502895 -0.5901312873757546 0)
(-0.4303390534144061 -0.5917590850074629 0)
(-0.3960165388624591 -0.5930373206538966 0)
(-0.3613548427262744 -0.5940573949235693 0)
(-0.3267774279714118 -0.5948736171722979 0)
(-0.292119175242489 -0.5955376315838099 0)
(-0.2570132752773748 -0.5960876766056135 0)
(-0.2217145258520501 -0.5965411653405529 0)
(-0.1863858501651069 -0.5969140960177749 0)
(-0.1509659772429305 -0.5972219025389751 0)
(-0.1153324524983634 -0.5974770215507993 0)
(-0.07924023167993498 -0.5976897156925088 0)
(-0.04230744170976693 -0.5978683044404173 0)
(-0.004450877304376491 -0.5980185050647101 0)
(0.03408930021507777 -0.5981443989143795 0)
(0.07050543518351957 -0.5982429905832138 0)
(0.1013846513718642 -0.5983120953544051 0)
(0.1290786054730015 -0.5983635581390359 0)
(0.1580394818619782 -0.5984084461437869 0)
(0.1912909926080712 -0.5984512704261806 0)
(0.2269117586166917 -0.5984891446029776 0)
(0.2626384797471176 -0.598520055626763 0)
(0.2989560619371202 -0.5985451824179895 0)
(0.336125562145174 -0.5985650817927387 0)
(0.3746188577096914 -0.5985801061260368 0)
(0.4157144011290312 -0.5985904343551062 0)
(0.4629336743065382 -0.5985956531067442 0)
(0.4840899940896922 -0.598595555434261 0)
(0.5 -0.5985946317217492 0)
(0.5 0.6116821170817277 0)
(0.4810483589027981 0.6116829899105229 0)
(0.453322982722944 0.6116821008906639 0)
(0.4111502807942763 0.6116756242475954 0)
(0.3719590546623306 0.6116638407293312 0)
(0.3342450542192793 0.6116467750698152 0)
(0.2972469874958132 0.611623975815428 0)
(0.2605724464125979 0.6115946989179912 0)
(0.2238463357939642 0.6115577732902966 0)
(0.185861787505761 0.6115103739825319 0)
(0.1558534808631961 0.6114648824378601 0)
(0.1293044477275504 0.61141683246969 0)
(0.1028005738671804 0.6113599677622727 0)
(0.07408153116046048 0.6112869693863477 0)
(0.0368232764182782 0.6111727264403305 0)
(-0.003057326669024879 0.6110250779486596 0)
(-0.04234643047236424 0.6108474363414496 0)
(-0.08043517433548948 0.6106359802928319 0)
(-0.1173806306437618 0.610384178538507 0)
(-0.1537614495951895 0.6100811264029091 0)
(-0.1899634409007595 0.6097132072628677 0)
(-0.2261832088812823 0.6092642445644472 0)
(-0.2626709824830721 0.6087121856072544 0)
(-0.2977747302825012 0.6080663011567548 0)
(-0.3307607784441825 0.6073305913572324 0)
(-0.3637830128646131 0.6064303991182197 0)
(-0.3989952740695242 0.6052326558097917 0)
(-0.4353847126470628 0.6036556681463098 0)
(-0.4708803170586484 0.6016580905868697 0)
(-0.5045167829461245 0.5991504606443111 0)
(-0.5358612212403853 0.5960097107900547 0)
(-0.5664496148624308 0.5918983146268849 0)
(-0.5972923335787267 0.5864929784594741 0)
(-0.6270535022044195 0.5799487574351511 0)
(-0.6554373542184777 0.5723803169799625 0)
(-0.683666892003483 0.5634633270764179 0)
(-0.7117338177587342 0.5531298062689162 0)
(-0.7391750968618116 0.5415133035321287 0)
(-0.7651784329473923 0.5290177244936507 0)
(-0.7896621905760953 0.5158234849136729 0)
(-0.8134821683929025 0.5015451243126787 0)
(-0.8372569544643369 0.4857433812637296 0)
(-0.860763261737203 0.4684362909516652 0)
(-0.8831851060460075 0.4501858573135227 0)
(-0.9041415434792935 0.431395473098808 0)
(-0.9241256530818879 0.4117033148785868 0)
(-0.9444945024341552 0.38956739098239 0)
(-0.9651040197290855 0.3646605125384335 0)
(-0.9844167112752799 0.3385434092595724 0)
(-1.001414313970297 0.3127855914056774 0)
(-1.015562622497564 0.2888381226329141 0)
(-1.027912175476033 0.2655704400511376 0)
(-1.040289093986871 0.2393577472467863 0)
(-1.052083903550799 0.2107029638219758 0)
(-1.061706439751311 0.1834971366411198 0)
(-1.070296234402991 0.1547271787856791 0)
(-1.078019482185393 0.1227337505260683 0)
(-1.083904498991454 0.09067123737557692 0)
(-1.087998087485651 0.05848878250692277 0)
(-1.090314745600933 0.02625770855773366 0)
(-1.090877786227543 -0.004911029088397583 0)
(-1.089886470003186 -0.0345581057081246 0)
(-1.087509927612047 -0.06318546171783716 0)
(-1.083785387962738 -0.09141071284084452 0)
(-1.078637733516736 -0.1197550154837709 0)
(-1.072118094772882 -0.1478055094366087 0)
(-1.064311623306992 -0.1752763285415705 0)
(-1.054992965117542 -0.2028709475064615 0)
(-1.0440989918343 -0.2305128653320125 0)
(-1.032074119110662 -0.25707016399623 0)
(-1.018792934886271 -0.2829383913150198 0)
(-1.003703776044652 -0.3090310528750694 0)
(-0.9871446313637614 -0.3345561058930882 0)
(-0.969474602241137 -0.3589672392050952 0)
(-0.9504512894148115 -0.3826126324700952 0)
(-0.930493597168931 -0.4049896608017973 0)
(-0.9096416468788199 -0.4261343829425483 0)
(-0.8872579402808952 -0.4466562163840769 0)
(-0.8634284004523677 -0.466351650528735 0)
(-0.8387777173001881 -0.4846750311292748 0)
(-0.813671117421377 -0.5014325937216654 0)
(-0.7882931609117962 -0.5166138347825829 0)
(-0.7624712288959263 -0.5304110938652393 0)
(-0.7358926132332648 -0.5430174079648241 0)
(-0.7085726234793339 -0.5544152772215528 0)
(-0.6805984695582494 -0.5645624368868994 0)
(-0.6519902840897258 -0.5734520610135497 0)
(-0.6227977531323894 -0.5810749189332446 0)
(-0.5929768920151093 -0.5874576424843062 0)
(-0.562443262419508 -0.5926451742330263 0)
(-0.5312448899074423 -0.5966946497142191 0)
(-0.4991734992851717 -0.5997729019482553 0)
(-0.4660363056633787 -0.6021280994651333 0)
(-0.4321064819018329 -0.6039548064555232 0)
(-0.3976347651496941 -0.6053965011065626 0)
(-0.3628046894984981 -0.6065505167972707 0)
(-0.3281698167111882 -0.6074724522506 0)
(-0.2934901275890633 -0.6082224789253479 0)
(-0.2582393168220479 -0.6088459884396031 0)
(-0.2227778244808787 -0.6093601173006342 0)
(-0.1873100165559069 -0.6097825029355045 0)
(-0.1517496798459622 -0.610131016157004 0)
(-0.1159777862311713 -0.6104197259070998 0)
(-0.07976238162273791 -0.6106602178498628 0)
(-0.04278846155110368 -0.6108616980965401 0)
(-0.004979080005868522 -0.6110306851233666 0)
(0.03347029518172284 -0.6111719494118707 0)
(0.07134961077095503 -0.6112869206689731 0)
(0.1038067866730148 -0.6113682283203763 0)
(0.1315713572929321 -0.6114259918737409 0)
(0.1592877937034758 -0.6114743139527921 0)
(0.1910156565290427 -0.6115203905023757 0)
(0.226611889682983 -0.6115630136110783 0)
(0.2625166007286728 -0.6115979880285193 0)
(0.2991371986049952 -0.6116264710803144 0)
(0.3367088444098971 -0.6116490253558114 0)
(0.3756712159656845 -0.6116660033110437 0)
(0.4172226825966606 -0.6116775812172587 0)
(0.4643437238326753 -0.6116833012168255 0)
(0.4847708921147851 -0.6116831301265014 0)
(0.5 -0.6116821170616169 0)
(0.5 0.6256252651718174 0)
(0.4817155835396876 0.6256262215720355 0)
(0.4544590716954973 0.6256253103686944 0)
(0.41219088798169 0.6256181791317932 0)
(0.3726676512883993 0.6256050356682449 0)
(0.334603140590214 0.6255859053913341 0)
(0.2972773600786366 0.6255602897506596 0)
(0.2603174328536571 0.6255273734656115 0)
(0.2234045689663869 0.6254859290088213 0)
(0.1863117047839431 0.6254343293857911 0)
(0.157757287189877 0.6253858488917443 0)
(0.1316179034018137 0.6253330765447566 0)
(0.1044733909253842 0.6252681831292233 0)
(0.07413023024669706 0.6251820222948669 0)
(0.03540704553051895 0.6250496981799281 0)
(-0.004144552073741973 0.6248858567065998 0)
(-0.04322329819294451 0.6246879686964659 0)
(-0.08128236592637003 0.6244513969689023 0)
(-0.1183533179660915 0.6241686920449729 0)
(-0.1549139168659199 0.6238278516631508 0)
(-0.1913258078536573 0.6234134884652078 0)
(-0.2277950490752501 0.622906989353799 0)
(-0.2648044292340642 0.6222791169306603 0)
(-0.3000638229492586 0.6215500532037407 0)
(-0.3325325833281333 0.620735685394599 0)
(-0.3651551177392611 0.6197397626254854 0)
(-0.4007668134839693 0.6183895267557703 0)
(-0.4378610805988964 0.61660177198178 0)
(-0.4738407503036368 0.6143569406391172 0)
(-0.5077541791940278 0.6115808146141392 0)
(-0.5390340150057294 0.608203447778055 0)
(-0.5697790332940754 0.6038542252236067 0)
(-0.6012531779343947 0.5981412134485868 0)
(-0.6313857949768477 0.591346562587026 0)
(-0.659843200383449 0.5836245854056699 0)
(-0.6883366448871909 0.5745167744243724 0)
(-0.7168458261251989 0.5639302329022008 0)
(-0.74468356570504 0.5520703620103785 0)
(-0.7714246838498011 0.5391470012941172 0)
(-0.7967660141496186 0.5254011412931672 0)
(-0.8209666293729576 0.5107965512241951 0)
(-0.8445313224963092 0.4950619462030477 0)
(-0.8678622422823257 0.477857266876986 0)
(-0.8907544038843918 0.4592212028669527 0)
(-0.9124761033671361 0.4397276473067571 0)
(-0.9328108737714406 0.4196587484785267 0)
(-0.953176435721651 0.3975188600186056 0)
(-0.9740443463802646 0.372326469257279 0)
(-0.9937805641645295 0.3456775983231617 0)
(-1.011276345418864 0.3191948426840029 0)
(-1.026051350912087 0.2941736358668995 0)
(-1.038637252772378 0.2704092434000392 0)
(-1.050916958258119 0.2443918527022094 0)
(-1.062858772115977 0.2154347354684294 0)
(-1.072770624368794 0.1874780201781792 0)
(-1.081541946981874 0.1581630179748387 0)
(-1.089445282558315 0.1255038229095707 0)
(-1.095498182673232 0.09259524122527985 0)
(-1.099704307744415 0.05952536503614304 0)
(-1.102067911557591 0.02647513956971435 0)
(-1.102626041970349 -0.005303916853381383 0)
(-1.101603061317483 -0.03548991503153645 0)
(-1.0991727263487 -0.0646357647377761 0)
(-1.095391469908036 -0.09325108910235981 0)
(-1.090190032536644 -0.1219190324962589 0)
(-1.083553676851243 -0.1505212995409899 0)
(-1.0756005534055 -0.178549901007273 0)
(-1.066176829034199 -0.2065071883442446 0)
(-1.055162011017135 -0.2345277013624676 0)
(-1.04300844674225 -0.2614561596429167 0)
(-1.029506443739589 -0.2878455994052696 0)
(-1.014048516743358 -0.3146515453222427 0)
(-0.9971908054972382 -0.3406990340806922 0)
(-0.9791661304856272 -0.365656339666624 0)
(-0.9598239464002416 -0.3897508144313866 0)
(-0.9397057853248215 -0.4123722174506864 0)
(-0.9184562497676446 -0.4339939133628883 0)
(-0.8954015256180573 -0.4551906823931114 0)
(-0.8710273212423845 -0.4753802790071119 0)
(-0.8460521124932624 -0.493991147145002 0)
(-0.8206830854729686 -0.5109839811168757 0)
(-0.7949473001866876 -0.5264519462654343 0)
(-0.7686414256938003 -0.5405863659906359 0)
(-0.741560807335192 -0.5535128541134843 0)
(-0.713771424465792 -0.5651953027439888 0)
(-0.6853390095893677 -0.5756080721281822 0)
(-0.6562672954759565 -0.5847549133138619 0)
(-0.6266299795006405 -0.592624509621037 0)
(-0.5963854904937639 -0.5992509472025582 0)
(-0.5654041599587506 -0.6046945335365302 0)
(-0.5338427719651461 -0.6089994655689582 0)
(-0.5015168410535815 -0.61233241280976 0)
(-0.4681473389283957 -0.6149275334474703 0)
(-0.434027598918222 -0.616959985731088 0)
(-0.3993882771613632 -0.6185722259691708 0)
(-0.3643460440026018 -0.6198678728696737 0)
(-0.3296571560253634 -0.6209003450633622 0)
(-0.2949872793622864 -0.6217399652212185 0)
(-0.2595667944975884 -0.6224415338157471 0)
(-0.2239158208175678 -0.6230201303550145 0)
(-0.1883019562072931 -0.623494782340084 0)
(-0.1526009893019238 -0.6238862444718256 0)
(-0.1166917321688123 -0.6242103833491471 0)
(-0.08035932295144328 -0.6244801461250218 0)
(-0.04334439824406317 -0.6247056983117032 0)
(-0.005570657049915058 -0.6248944527986395 0)
(0.03282897858025464 -0.6250520042892243 0)
(0.07172388956344633 -0.6251833008813471 0)
(0.1058555945097189 -0.6252782948734944 0)
(0.1342111953870615 -0.6253438143566411 0)
(0.1612476331359735 -0.6253962932383464 0)
(0.1914239665861557 -0.6254452289994019 0)
(0.2262858564368186 -0.6254918235004356 0)
(0.2623509989741183 -0.6255310712850572 0)
(0.2992819133620789 -0.625563115067132 0)
(0.3372739255872937 -0.6255884907184076 0)
(0.3766989614173988 -0.6256075242987263 0)
(0.4186332028319724 -0.6256203891499735 0)
(0.4655049016844902 -0.6256266061384139 0)
(0.4853277275078618 -0.6256263681400699 0)
(0.5 -0.6256252651492061 0)
(0.5 0.6403542997664912 0)
(0.4823181558294009 0.6403553393275955 0)
(0.4554892611578953 0.6403544090297763 0)
(0.4131684338100453 0.6403466156926634 0)
(0.373351574310964 0.6403320752667115 0)
(0.3349507408564557 0.6403108026461057 0)
(0.2972959206421897 0.6402822452485177 0)
(0.2600509271568001 0.64024552350634 0)
(0.2229665268599711 0.6401993801651101 0)
(0.1881086414121599 0.6401457795253014 0)
(0.1603680712839815 0.6400937953242709 0)
(0.1342271052315393 0.6400356424754552 0)
(0.1057715545199169 0.6399605904707075 0)
(0.07271229047388247 0.6398563453374003 0)
(0.03394243279548976 0.6397094193918516 0)
(-0.005312507170861276 0.6395286613937633 0)
(-0.0442029869097085 0.6393096808127083 0)
(-0.08223552738490031 0.6390469596062913 0)
(-0.1194209911358281 0.6387320386806153 0)
(-0.1561548544840795 0.6383517068684832 0)
(-0.1927757470017027 0.6378886761450728 0)
(-0.229485991869529 0.6373219097315919 0)
(-0.2666603538247563 0.6366212034923522 0)
(-0.3019316554400874 0.6358101687816368 0)
(-0.3344100805861355 0.6349026307490975 0)
(-0.3671978837933574 0.6337885617882901 0)
(-0.4031370012018672 0.6322781201254029 0)
(-0.4405788805465899 0.6302862470067262 0)
(-0.4771289069396318 0.6277800053655059 0)
(-0.5113605576449851 0.6247272426381245 0)
(-0.5424272123087716 0.6211328623858117 0)
(-0.5732745423266229 0.6165553165031388 0)
(-0.605561063457223 0.6104945833860003 0)
(-0.6360899992778993 0.6034361348047316 0)
(-0.6645047979333517 0.5955890098869823 0)
(-0.6932871672692785 0.5862803458658077 0)
(-0.7223072769543509 0.5754115675225154 0)
(-0.7503509632290444 0.5633917021594811 0)
(-0.7775583618765467 0.5501881691910735 0)
(-0.8040962235541059 0.5357225743175955 0)
(-0.829149978150125 0.520500859853538 0)
(-0.8527034186628634 0.504676748140357 0)
(-0.8755957578664016 0.487747278094319 0)
(-0.8986892646165429 0.4689427093559039 0)
(-0.9211531953909234 0.4487791173976354 0)
(-0.9420037453794812 0.4281804196396613 0)
(-0.9624930883165868 0.4058963059704884 0)
(-0.9835484212254867 0.3805018679341691 0)
(-1.003774414104538 0.3532333505738885 0)
(-1.021787816622014 0.3259953190949857 0)
(-1.037089148461612 0.300079347632581 0)
(-1.049991884406026 0.2756833835231611 0)
(-1.062295299641214 0.2496019645572647 0)
(-1.07437093768901 0.2203593251266367 0)
(-1.084566266025154 0.1916591504321395 0)
(-1.093523471922016 0.1617791279797961 0)
(-1.101601339539776 0.1284812430550153 0)
(-1.107835561972071 0.09466716142775884 0)
(-1.11216347425572 0.06064606223554933 0)
(-1.114578410952657 0.02671236055439919 0)
(-1.115131783164387 -0.005693467182039261 0)
(-1.114076720925685 -0.03645067801604566 0)
(-1.111587823994945 -0.06617518017657123 0)
(-1.107749355382787 -0.09518723526923872 0)
(-1.102506238891013 -0.124129560273672 0)
(-1.095751887361335 -0.1533129787627922 0)
(-1.087617680957017 -0.1820326598002459 0)
(-1.078055410968077 -0.2104489819833231 0)
(-1.066929083444454 -0.2388214218378023 0)
(-1.05461693798817 -0.2661864519060714 0)
(-1.040851339980381 -0.2931759442691768 0)
(-1.025088458594043 -0.3205864957551695 0)
(-1.007890398101086 -0.3472280036511906 0)
(-0.9894462818377977 -0.3728225976313434 0)
(-0.9698537957705659 -0.3972845593188762 0)
(-0.9495098683802128 -0.4202302112045196 0)
(-0.9277282014903543 -0.442464865178634 0)
(-0.9039987151103279 -0.4643357462273244 0)
(-0.879123851314474 -0.4849829124245854 0)
(-0.8538643982267894 -0.5038562956395141 0)
(-0.8282101440972077 -0.5211070861892829 0)
(-0.8019979903074432 -0.5369377436978603 0)
(-0.7751391015220732 -0.5514474364190148 0)
(-0.7475771635310612 -0.5646857829239884 0)
(-0.7193273528492182 -0.5766532206633663 0)
(-0.6904152670342562 -0.5873450212978177 0)
(-0.6608490170460806 -0.5967647194404322 0)
(-0.6307398270593562 -0.6048938966397918 0)
(-0.6000564386574069 -0.6117727472294214 0)
(-0.5685922710045208 -0.6174830990082646 0)
(-0.536652643150576 -0.6220470150870203 0)
(-0.5040717760383703 -0.6256330812843659 0)
(-0.4704363102860317 -0.6284713161106066 0)
(-0.4360999245660855 -0.6307140865482977 0)
(-0.4012648069276457 -0.6325024840253313 0)
(-0.3660626910868975 -0.6339426914006637 0)
(-0.3312543037659486 -0.6350918285489696 0)
(-0.296482697027888 -0.6360269649381676 0)
(-0.2609405596182562 -0.636808646866397 0)
(-0.2251221570761736 -0.6374540952980298 0)
(-0.1893600527182735 -0.6379832888783573 0)
(-0.153518155673426 -0.6384195485990525 0)
(-0.1174712781568735 -0.6387806384351298 0)
(-0.08102943207267924 -0.6390808513736295 0)
(-0.04397624596527023 -0.6393314136715958 0)
(-0.006228873123608382 -0.639540729773428 0)
(0.03211985542430386 -0.6397151918816496 0)
(0.07123807896509933 -0.6398612090566199 0)
(0.1074272723333092 -0.6399724216860566 0)
(0.1371791455993625 -0.6400481017169101 0)
(0.1641858310822359 -0.6401057225951817 0)
(0.1927433300880513 -0.6401568158912228 0)
(0.2258790258958334 -0.6402058585894466 0)
(0.262127046251845 -0.6402496013579645 0)
(0.2993773398687953 -0.6402853886019163 0)
(0.3378068980353136 -0.6403137343900007 0)
(0.3776826451831116 -0.6403349063940875 0)
(0.419925624486678 -0.6403490804775537 0)
(0.4664614469222273 -0.6403557905945328 0)
(0.485780996432549 -0.6403554922650461 0)
(0.5 -0.6403542997412751 0)
(0.5 0.6557935895013752 0)
(0.4827997379164841 0.6557947112972503 0)
(0.4563954084870806 0.6557937613633366 0)
(0.4140693750277222 0.6557853049395395 0)
(0.3739974292431871 0.6557693451714418 0)
(0.3352785815459717 0.6557458751025389 0)
(0.2972958118579259 0.6557142774840012 0)
(0.2597670188107511 0.6556736179128163 0)
(0.2230894762761989 0.6556234787962718 0)
(0.1908195944064905 0.6555690930261203 0)
(0.1636180230827002 0.6555135747926155 0)
(0.1367027956284442 0.6554483229223121 0)
(0.1061650498119086 0.6553600940274253 0)
(0.07087962268282619 0.6552375952637429 0)
(0.03244398229086701 0.6550769152480768 0)
(-0.006552526192306271 0.6548786588044447 0)
(-0.04528139513192712 0.6546379042746756 0)
(-0.08329136517767713 0.6543482413001556 0)
(-0.1205786232345383 0.6540001321070102 0)
(-0.1574758066627746 0.6535790300172662 0)
(-0.1943044891164392 0.6530655640594978 0)
(-0.2312396252632115 0.6524365065784405 0)
(-0.2681870157697903 0.6516691812000642 0)
(-0.3033318515511351 0.6507796533400657 0)
(-0.3364114851127933 0.649760483697268 0)
(-0.3699725957534878 0.6485002662719102 0)
(-0.4061150596219918 0.6468253927913282 0)
(-0.4435046557484537 0.6446444267354022 0)
(-0.4802836038460431 0.6419000711957441 0)
(-0.5146877833674289 0.6385947598758253 0)
(-0.5460399790432751 0.6347376469785253 0)
(-0.5776120527150133 0.6298268210807316 0)
(-0.6107671930349563 0.6233773305809179 0)
(-0.6411820699969842 0.6161555260389259 0)
(-0.6693689826381934 0.6082337445756499 0)
(-0.6984784122175448 0.5987122066782191 0)
(-0.7281196218596629 0.5875168841917623 0)
(-0.756363225368025 0.5753365664278877 0)
(-0.7837718607647221 0.5619872180100829 0)
(-0.8112823750941897 0.5469441445585405 0)
(-0.8375614953121309 0.5308974960436057 0)
(-0.8615595875576112 0.5146739901418435 0)
(-0.8842140991626429 0.497847022844143 0)
(-0.9071279329502612 0.4791660841776535 0)
(-0.9301375715366116 0.4585142096735792 0)
(-0.9516915179984207 0.4372092833955353 0)
(-0.972428747336752 0.4146415022558528 0)
(-0.9935717759354602 0.3891623078266664 0)
(-1.014302869412114 0.3612594176018341 0)
(-1.032868760116813 0.3332203749694476 0)
(-1.048661569048154 0.3064790019690273 0)
(-1.061960734878618 0.2813115985082791 0)
(-1.074374390366978 0.2549770438750026 0)
(-1.08655833066151 0.2254991889742257 0)
(-1.097046980122386 0.1960219291748846 0)
(-1.10619175183657 0.1655657636605511 0)
(-1.114435403493451 0.1316713748655542 0)
(-1.12087222545346 0.09684760016585316 0)
(-1.125328564570871 0.06181904985627498 0)
(-1.127796651592969 0.02696070554992325 0)
(-1.12834513054101 -0.006075643038359331 0)
(-1.127260014660404 -0.03739679270981808 0)
(-1.12471201416687 -0.06773865967576014 0)
(-1.120805402190509 -0.09723888641348057 0)
(-1.115513958879762 -0.1264900345094671 0)
(-1.108659610125044 -0.1561861506843521 0)
(-1.100330653968242 -0.1856601328666714 0)
(-1.090588482716978 -0.2146610637462908 0)
(-1.079357443300437 -0.2433668434937594 0)
(-1.066873485349498 -0.2712000665946923 0)
(-1.052794759184035 -0.2988856026729436 0)
(-1.036727240239601 -0.3268977337727055 0)
(-1.019150758367258 -0.3541899767335535 0)
(-1.000291623492197 -0.3804141442899802 0)
(-0.980547715624515 -0.4051273762310617 0)
(-0.9598899967410521 -0.4285068780771364 0)
(-0.9374050684984454 -0.451528579235802 0)
(-0.9130060753077363 -0.4740628362587554 0)
(-0.8877263351192306 -0.495088636078943 0)
(-0.8621655398548118 -0.5142428295294212 0)
(-0.836122940179449 -0.5318238168391443 0)
(-0.8093772907799524 -0.548051368850864 0)
(-0.7819927995723992 -0.5629223543422972 0)
(-0.7539544592319122 -0.5764736064719861 0)
(-0.725221391796404 -0.5887400957868816 0)
(-0.6958085902727654 -0.5997234300870912 0)
(-0.6657174691945632 -0.6094304439088855 0)
(-0.6351123758009818 -0.6178299940526091 0)
(-0.6039373491853759 -0.6249760149354133 0)
(-0.5720064635281322 -0.6309520968094486 0)
(-0.5396821462564493 -0.6357757886650985 0)
(-0.5067816638737745 -0.6396184817692419 0)
(-0.4728837032861933 -0.6426970969690335 0)
(-0.438322882807116 -0.6451512080177945 0)
(-0.403333310848408 -0.6471161808201613 0)
(-0.3680296748099975 -0.6487022081215382 0)
(-0.3329603040790159 -0.6499763892753615 0)
(-0.2979073062399173 -0.6510143667371833 0)
(-0.262285741361194 -0.6518768891196215 0)
(-0.2263812540774412 -0.6525894896145357 0)
(-0.1904705906465265 -0.6531749029030783 0)
(-0.1544911111954164 -0.6536572999867007 0)
(-0.1183155672414624 -0.6540563967161948 0)
(-0.08176758737691149 -0.6543879622950828 0)
(-0.04467200305994639 -0.6546642625901803 0)
(-0.006949811563004142 -0.6548946839672616 0)
(0.0313314943942718 -0.6550864365146182 0)
(0.07017935245779001 -0.6552459399018271 0)
(0.1081381498918728 -0.6553739334222991 0)
(0.1400191081064761 -0.6554626126347769 0)
(0.1676772049032021 -0.6555268196331877 0)
(0.1951283341355358 -0.6555803560055167 0)
(0.2259619156919858 -0.6556304306598468 0)
(0.2618306387108586 -0.6556780225596369 0)
(0.2994099304262193 -0.6557177111934366 0)
(0.3382959346424503 -0.6557491584674315 0)
(0.3786077705143389 -0.6557725315936374 0)
(0.4210894933494565 -0.6557880225765931 0)
(0.4672736526381698 -0.6557952247644038 0)
(0.4861566826492059 -0.6557948699709928 0)
(0.5 -0.655793589473478 0)
(0.5 0.6718655024798211 0)
(0.4831887757820005 0.671866705096781 0)
(0.457194300686804 0.6718657354281476 0)
(0.414886279261913 0.6718566173820025 0)
(0.3745961809110555 0.6718392304238748 0)
(0.3355808164520576 0.6718135317564122 0)
(0.2972714131175677 0.671778822616289 0)
(0.2594224065860178 0.6717340809753632 0)
(0.2244611582231303 0.6716820416652249 0)
(0.1942794371251162 0.6716269295935152 0)
(0.1670744722447084 0.6715671271292509 0)
(0.1385823975359108 0.6714924658239945 0)
(0.105433651544227 0.671388139130849 0)
(0.06915474412764533 0.6712504489266481 0)
(0.03092793959766649 0.6710752896675829 0)
(-0.007857652914534276 0.6708590634888788 0)
(-0.04645184191446765 0.6705960444426361 0)
(-0.08444361474348427 0.6702789052523113 0)
(-0.1218191641525786 0.6698969957082188 0)
(-0.1588676862143015 0.6694342943698032 0)
(-0.1959065487781805 0.6688690535211242 0)
(-0.2330743253911369 0.6681757998001691 0)
(-0.269903332159217 0.667338459906464 0)
(-0.3049667465143729 0.666368052458183 0)
(-0.3385006905625657 0.6652384762884669 0)
(-0.3727146588033211 0.6638325744722966 0)
(-0.4091507710597138 0.6619872173487925 0)
(-0.4465993815950973 0.6596108386298081 0)
(-0.4832607934828222 0.6566601804588259 0)
(-0.5176978095231435 0.6531315600007602 0)
(-0.5498651620281307 0.6489559381062586 0)
(-0.5825125241477821 0.6436479090292746 0)
(-0.6161420123751593 0.6368792768669163 0)
(-0.6467006969749476 0.6294324597067489 0)
(-0.6751092745522256 0.6212926972449051 0)
(-0.7043411985935281 0.6116000099135595 0)
(-0.7342933693860325 0.6001816175536717 0)
(-0.7627002353474902 0.5878537179533738 0)
(-0.7902367547853921 0.5743951344018186 0)
(-0.8182665872071967 0.5590396122089658 0)
(-0.845779543675503 0.5421949623633663 0)
(-0.8708930917074154 0.5251325718628684 0)
(-0.8938175313510619 0.5080079376980627 0)
(-0.9163083362553339 0.4896167068051495 0)
(-0.9394188213707754 0.4688694602889023 0)
(-0.9617612664272628 0.4467855493529285 0)
(-0.9828678240957723 0.4238059047091975 0)
(-1.004113996214102 0.3982218745244168 0)
(-1.025291822236834 0.3697683060602242 0)
(-1.044433020901416 0.3409069943142397 0)
(-1.060755044660304 0.3132880348902698 0)
(-1.074534868700311 0.2871925987795677 0)
(-1.087103905045293 0.2604993826711902 0)
(-1.099348024586347 0.2308959587029874 0)
(-1.110164382305365 0.2005433400153614 0)
(-1.119495142004091 0.1695102854116853 0)
(-1.127892561325071 0.1350765997545053 0)
(-1.134564092958224 0.09907409468080604 0)
(-1.139146875974415 0.06303674408521337 0)
(-1.141667640985613 0.02725984972646326 0)
(-1.142212950901832 -0.006447982558850925 0)
(-1.141099123882166 -0.03833831860189288 0)
(-1.138496343078864 -0.06928431782144917 0)
(-1.13450522890586 -0.09940952227877432 0)
(-1.129135560331557 -0.1291137295720901 0)
(-1.122217528775176 -0.159157696924082 0)
(-1.113709401713111 -0.1893491433387255 0)
(-1.103732036982355 -0.219108912511645 0)
(-1.092404847679331 -0.2481269878098404 0)
(-1.07975552843208 -0.2764207773380742 0)
(-1.0652989608259 -0.304932867512463 0)
(-1.048864381361969 -0.3336482300062564 0)
(-1.030902712937773 -0.3615921153727337 0)
(-1.011721455625787 -0.3883171386309027 0)
(-0.9918301227403787 -0.4132855239802983 0)
(-0.9707392889505364 -0.4372385863854596 0)
(-0.9474592911432415 -0.4611377820361825 0)
(-0.9224410189045997 -0.484285651296208 0)
(-0.8968157632791437 -0.5056437843447253 0)
(-0.8708746590816597 -0.5251419494118296 0)
(-0.8443406053880935 -0.5431219045970096 0)
(-0.8170817780025007 -0.5597324237752457 0)
(-0.7892016333524389 -0.5749501518420935 0)
(-0.7606687148302165 -0.5888265476516971 0)
(-0.7314362553885044 -0.6014027508924026 0)
(-0.7014720093307429 -0.6126998960795479 0)
(-0.6708156435450788 -0.6227094126519249 0)
(-0.6397149065952026 -0.631380937444627 0)
(-0.6080819957361711 -0.6387887878520001 0)
(-0.5757202641042061 -0.6450267510059773 0)
(-0.5429251798580493 -0.6501231008317373 0)
(-0.5095967137269246 -0.6542300959445648 0)
(-0.47543594437737 -0.6575436212507517 0)
(-0.4406731791511207 -0.6602050782063724 0)
(-0.4055091453237218 -0.6623476349940014 0)
(-0.370067380307888 -0.66408193808969 0)
(-0.3347474392365499 -0.6654827010002976 0)
(-0.2994328490361459 -0.6666249813573901 0)
(-0.2636987004385967 -0.6675704853992188 0)
(-0.2276896819319549 -0.6683517709844815 0)
(-0.1916335178911943 -0.6689944583870532 0)
(-0.1555154702036096 -0.6695239192094513 0)
(-0.1192170690066886 -0.6699617044848164 0)
(-0.08257183831019739 -0.670325145053643 0)
(-0.04543134177375035 -0.6706276470539377 0)
(-0.00772965970748477 -0.6708795258386582 0)
(0.03047873869967545 -0.6710888061310918 0)
(0.06912313008622226 -0.6712622383646019 0)
(0.1075569370843016 -0.6714036546176657 0)
(0.1422256070321846 -0.6715086275143191 0)
(0.1713308885630089 -0.6715815993195557 0)
(0.1984085075911583 -0.6716385327166547 0)
(0.2273286483837096 -0.6716894509873117 0)
(0.2614095880069706 -0.6717387317796423 0)
(0.2993627027740745 -0.671782496533606 0)
(0.3387311211830539 -0.6718171638299416 0)
(0.3794660286180934 -0.6718427816564456 0)
(0.4221213956965245 -0.6718595823748157 0)
(0.4679510987588074 -0.6718672741545035 0)
(0.4864650073342437 -0.6718668685865854 0)
(0.5 -0.671865502449197 0)
(0.5 0.6884936393802575 0)
(0.4835051166704801 0.6884949210044076 0)
(0.4579120914483915 0.6884939336524992 0)
(0.4156153039024141 0.6884841556898753 0)
(0.3751412243195842 0.6884653474635818 0)
(0.3358537537495438 0.6884374137152545 0)
(0.2972197899294926 0.6883995502412318 0)
(0.2596673711069474 0.6883515288760782 0)
(0.2270555334587885 0.688299191490185 0)
(0.1981936650139754 0.6882427762850264 0)
(0.1702506341287394 0.6881771913445437 0)
(0.1394305332199967 0.688090345847733 0)
(0.1040958986060966 0.6879699212620068 0)
(0.06749998942290589 0.6878189583109011 0)
(0.02940377169812276 0.6876288888587976 0)
(-0.00921858077335201 0.6873943665688194 0)
(-0.04770543653739781 0.6871087840273928 0)
(-0.08568499623953245 0.6867638862982818 0)
(-0.1231353876467026 0.6863479279768451 0)
(-0.1603223893365176 0.6858432540851624 0)
(-0.1975740274963333 0.6852253883484714 0)
(-0.2350114910888891 0.6844659376943861 0)
(-0.271819648788909 0.6835556197572695 0)
(-0.3067985110979812 0.6825040491974141 0)
(-0.3406393299863907 0.6812674894667949 0)
(-0.3754224450979956 0.6797171232049264 0)
(-0.4122449579426298 0.6776959905734418 0)
(-0.4498659786865591 0.6751184340849536 0)
(-0.4865130219961007 0.6719572394813623 0)
(-0.5210242734366808 0.6682059722467854 0)
(-0.5538489004582648 0.6637334771896682 0)
(-0.5870947730424033 0.6581161268945489 0)
(-0.620976972171463 0.651099777514811 0)
(-0.6522272108859258 0.6433162182852524 0)
(-0.6815532042464318 0.6347522260177799 0)
(-0.711474380263233 0.6246643591676669 0)
(-0.7412796411561344 0.6131597915869489 0)
(-0.7693380975599553 0.6008926790420728 0)
(-0.7968964756196935 0.5873792872551453 0)
(-0.8252083475851387 0.5718548971737347 0)
(-0.8537476216148826 0.5543676626199291 0)
(-0.8804246043147255 0.5361846650509388 0)
(-0.904090289938162 0.5184046437067098 0)
(-0.9263799692039908 0.5000932120258323 0)
(-0.9492206803333356 0.479559785513528 0)
(-0.9720727810333386 0.4569766114785251 0)
(-0.9936757358752472 0.4334615540752026 0)
(-1.015140815034106 0.4076366090120216 0)
(-1.036714958982715 0.378703193346146 0)
(-1.056431440029561 0.3490317153066187 0)
(-1.073328676875757 0.3204691701007606 0)
(-1.087696661105531 0.2932409396782956 0)
(-1.100471063694157 0.2660643498490001 0)
(-1.112699847634336 0.2365041813888776 0)
(-1.12383487161153 0.2053053104809003 0)
(-1.13337984071229 0.1736052586255896 0)
(-1.141932096581386 0.1386296017578217 0)
(-1.148850077285917 0.1013886509528132 0)
(-1.153561681583661 0.06432511678102011 0)
(-1.156135670679725 0.02765052408909274 0)
(-1.156681392347937 -0.00680928165625275 0)
(-1.155537128166324 -0.03932541199973423 0)
(-1.152884087543023 -0.07083574234305946 0)
(-1.148805040385614 -0.1016304195324509 0)
(-1.143331651574411 -0.1319250771164001 0)
(-1.13634910382115 -0.1623092137525921 0)
(-1.127668695084566 -0.1931927822574943 0)
(-1.117444263291069 -0.2237497264845967 0)
(-1.106057477191448 -0.2529948432996923 0)
(-1.09322962380666 -0.2817931810401657 0)
(-1.078300399148717 -0.3113222592782952 0)
(-1.06143980236735 -0.3408334724185595 0)
(-1.043135970060717 -0.369353795066388 0)
(-1.023729379069834 -0.3964500090565901 0)
(-1.003598882981995 -0.4217962445607087 0)
(-0.9819235137222342 -0.4464908200105472 0)
(-0.9578754896309751 -0.4712322521332056 0)
(-0.9323162924580671 -0.4949207290996304 0)
(-0.9063215085806429 -0.5166346428457089 0)
(-0.8799256485733991 -0.5365337900343741 0)
(-0.8528537022815085 -0.554942649348887 0)
(-0.8251007933712999 -0.571923697780051 0)
(-0.7967386471773631 -0.5874823380830965 0)
(-0.767698374809573 -0.6016929775955101 0)
(-0.7379355978899943 -0.6145950000699399 0)
(-0.7073848360503591 -0.6262213766201634 0)
(-0.6761810589386869 -0.6365300388580041 0)
(-0.6445641256234037 -0.6454817802844983 0)
(-0.612408028558859 -0.6531670585298998 0)
(-0.5795966451570036 -0.6596679419118507 0)
(-0.546342050709662 -0.6650311606624905 0)
(-0.5125864469738769 -0.6693970383672653 0)
(-0.4781321469354914 -0.6729428399909102 0)
(-0.4431429407749523 -0.6758096244351527 0)
(-0.4077841983033861 -0.6781290876680469 0)
(-0.3721702878156137 -0.6800126325776233 0)
(-0.3366044225683562 -0.6815403277728865 0)
(-0.3010464869928811 -0.6827872039475854 0)
(-0.2651775233424741 -0.6838167874760731 0)
(-0.2290475848662903 -0.6846676069081281 0)
(-0.1928433086263552 -0.6853681403361915 0)
(-0.1565809418518126 -0.685945177658505 0)
(-0.1201663654173386 -0.6864218986425132 0)
(-0.08343994676104118 -0.6868173156541272 0)
(-0.04625509189366139 -0.6871462020447963 0)
(-0.008564494088298229 -0.6874197148372944 0)
(0.02957351152473068 -0.6876466157071407 0)
(0.06804965225845666 -0.6878341623405511 0)
(0.106338761679832 -0.6879871245694508 0)
(0.1433320172114545 -0.6881083602520424 0)
(0.174677863052831 -0.6881928575168487 0)
(0.2022108858430642 -0.6882547286094611 0)
(0.2298554722743634 -0.6883068731616639 0)
(0.2615086607850757 -0.6883562929690547 0)
(0.299221931606419 -0.6884033891508594 0)
(0.3391082079123485 -0.6884413852507338 0)
(0.3802529271359308 -0.6884692703166179 0)
(0.4230203663941061 -0.6884873587914471 0)
(0.4685100182048224 -0.6884955377753024 0)
(0.4867160550396001 -0.6884950879317204 0)
(0.5 -0.688493639346891 0)
(0.5 0.7056052979029677 0)
(0.4837560787916584 0.7056066564370332 0)
(0.4585842676308502 0.7056056578119575 0)
(0.4162549910284249 0.7055952189531315 0)
(0.3756289442102702 0.7055750088478946 0)
(0.3360962490111551 0.7055448584110738 0)
(0.2970927162810297 0.7055037712013423 0)
(0.2612417920481692 0.7054546274528668 0)
(0.2306182632021577 0.7054022920949092 0)
(0.2021638154477118 0.7053433870435777 0)
(0.1726480661748733 0.7052698441404697 0)
(0.1390500508835632 0.7051683726097517 0)
(0.1027780412992149 0.7050352365808311 0)
(0.06590603582794247 0.704870982887718 0)
(0.02788002454074053 0.7046657639540698 0)
(-0.01062509917705069 0.7044127722842981 0)
(-0.04903615311083562 0.7041044818080006 0)
(-0.0870095753288114 0.7037317986611745 0)
(-0.1245190129885076 0.7032819339901248 0)
(-0.1618286482998657 0.7027354122558239 0)
(-0.1992955105604909 0.7020645878813163 0)
(-0.237069642597997 0.7012366972206946 0)
(-0.2739488793897202 0.7002507206335331 0)
(-0.3087965825669281 0.6991199320745468 0)
(-0.3427872004653757 0.6977823806766992 0)
(-0.3780878418888641 0.6960894340325833 0)
(-0.4154013063150346 0.6938873380445917 0)
(-0.4533148433952262 0.6911026367742596 0)
(-0.490040879438552 0.6877276944841376 0)
(-0.5246207257073898 0.6837609753453188 0)
(-0.5579631788067251 0.679014699650018 0)
(-0.5917986884667326 0.6730941884039096 0)
(-0.6257326953335823 0.665883367637236 0)
(-0.6574420730816735 0.6578384500517163 0)
(-0.6879880310470534 0.6487748394833776 0)
(-0.7189650807824077 0.6381683983534328 0)
(-0.7489566287050085 0.6264374430525782 0)
(-0.7769107218629858 0.6140983440753662 0)
(-0.8041242963037453 0.6006848475856201 0)
(-0.8323257437498284 0.5852019301796549 0)
(-0.861393886033636 0.5674006328924175 0)
(-0.8896862660295054 0.5481011715136527 0)
(-0.9148135317415104 0.5291397006713177 0)
(-0.9374440497304535 0.510435629188544 0)
(-0.9597412355247396 0.4903250756522304 0)
(-0.9825930624634399 0.4677406809585757 0)
(-1.00482845951712 0.4435556439698721 0)
(-1.026578186309437 0.4174153276840862 0)
(-1.048491197440456 0.3880874094584962 0)
(-1.06888380932147 0.3574639086513569 0)
(-1.08639530747371 0.3278919508131978 0)
(-1.101321570650388 0.2995884358497974 0)
(-1.114356099568523 0.2718131938977021 0)
(-1.126620794746013 0.2421592471115673 0)
(-1.13800794462696 0.2102929583706709 0)
(-1.147787589554689 0.1778646909255814 0)
(-1.156514151068268 0.1422654110693521 0)
(-1.163671839196843 0.103824023644341 0)
(-1.168521249849323 0.06567332008616389 0)
(-1.171148296160854 0.02813006557003335 0)
(-1.171697896643886 -0.00716231118319301 0)
(-1.170521455110483 -0.04035699543598193 0)
(-1.167824670762271 -0.07237195274375491 0)
(-1.163661324327748 -0.1038395961335279 0)
(-1.158059286673165 -0.1348721328247614 0)
(-1.150979761660661 -0.1657204279666238 0)
(-1.142148134202247 -0.1972085601646799 0)
(-1.131715839584925 -0.2284543726745216 0)
(-1.120231294703212 -0.2580346306084739 0)
(-1.107179358965987 -0.2874393081936809 0)
(-1.091772491437955 -0.3179925726716954 0)
(-1.074446370453906 -0.3483641349059981 0)
(-1.055802501058023 -0.3774521427185281 0)
(-1.036290903043555 -0.4047570837680053 0)
(-1.015840759053608 -0.4305930329252166 0)
(-0.9933900257035979 -0.4562434634963525 0)
(-0.9685987517027875 -0.4817920819370273 0)
(-0.9425941230858044 -0.5059306809339554 0)
(-0.9161708624552886 -0.5280510915831048 0)
(-0.88925259232381 -0.5484002619268737 0)
(-0.8616518641460205 -0.5672294370802063 0)
(-0.8334244615028082 -0.5845689585766999 0)
(-0.8045829801371827 -0.6004688170771789 0)
(-0.775022810142504 -0.6150224045549946 0)
(-0.7446734410122036 -0.6282763123943543 0)
(-0.7135269975877566 -0.640236202133281 0)
(-0.6817840048731808 -0.6508424306539321 0)
(-0.6496179485220228 -0.6600843351693818 0)
(-0.6169293371091107 -0.6680485180977629 0)
(-0.5836476467253086 -0.6748136211459053 0)
(-0.5499187710837214 -0.6804412439274695 0)
(-0.515729616427166 -0.6850602902386229 0)
(-0.4809587038964262 -0.6888337747999981 0)
(-0.4457225658129757 -0.6919021130402457 0)
(-0.4101512320879607 -0.694396159338964 0)
(-0.3743365729795082 -0.6964284016435469 0)
(-0.3385189511348892 -0.6980825268137461 0)
(-0.3027330990090547 -0.6994331854342958 0)
(-0.2667219544894401 -0.7005467344058267 0)
(-0.2304517954336081 -0.7014673809823587 0)
(-0.1940893635691544 -0.7022259036385375 0)
(-0.1576826306089013 -0.7028504613918762 0)
(-0.1211594287107221 -0.7033659420106304 0)
(-0.08436276345777033 -0.7037931374591648 0)
(-0.04713720630447576 -0.7041482957536541 0)
(-0.009450892766095969 -0.7044433965252941 0)
(0.02862588008251873 -0.7046878730380355 0)
(0.06696794075311258 -0.7048895840498052 0)
(0.1051600599426693 -0.705054231421834 0)
(0.142884283131767 -0.7051874019301426 0)
(0.1772215583596436 -0.7052867176274884 0)
(0.2060679473679734 -0.7053555965106842 0)
(0.2332648238034965 -0.7054100022398144 0)
(0.2629777158972417 -0.7054594807474412 0)
(0.2989287528056817 -0.7055076746070691 0)
(0.339428525823356 -0.7055491561955558 0)
(0.3809704642381591 -0.7055793094980016 0)
(0.4237882707190239 -0.705598647543542 0)
(0.4689673788005803 -0.7056073120576416 0)
(0.4869183761330909 -0.7056068247597603 0)
(0.5 -0.7056052978668744 0)
(0.5 0.7231331550609682 0)
(0.4839271762448729 0.7231345883116017 0)
(0.45926075979725 0.7231335927216629 0)
(0.4168024094387822 0.7231224836261986 0)
(0.3760585796832407 0.7231009057355172 0)
(0.3363129668337764 0.7230685842277209 0)
(0.2975768490240713 0.7230250855175601 0)
(0.2640879205338882 0.7229763823429395 0)
(0.2347425085689989 0.7229236238883667 0)
(0.2057464896694073 0.7228605640889664 0)
(0.1738742082378892 0.7227765101500548 0)
(0.1380136633233298 0.7226608981757139 0)
(0.1014590719574992 0.7225170940823762 0)
(0.06436046355775558 0.722339732742743 0)
(0.02635680943506989 0.722119289407378 0)
(-0.01207240849449975 0.7218478159971603 0)
(-0.05043744173348828 0.721516856806877 0)
(-0.08841050556626673 0.7211166123103484 0)
(-0.1259609744464102 0.7206333731709669 0)
(-0.1633732454443205 0.720045652921261 0)
(-0.2010566576653923 0.719322081779859 0)
(-0.2392703336258688 0.7184229671937523 0)
(-0.2763107954852588 0.7173587619495188 0)
(-0.3109300720484604 0.7161533978559356 0)
(-0.3448957779972616 0.7147238324759542 0)
(-0.3806973445750048 0.712890409656563 0)
(-0.4186280579394497 0.7105014084386014 0)
(-0.4569614663000588 0.7075029672522331 0)
(-0.4938457519124436 0.7039122542058623 0)
(-0.5284424863367533 0.6997441093268888 0)
(-0.5621825450020377 0.6947476207660377 0)
(-0.5966463775479891 0.6885221956685259 0)
(-0.6308218486139821 0.6810803535673028 0)
(-0.662940318037385 0.6727843772448134 0)
(-0.6941664068094087 0.6633878639002573 0)
(-0.7258277066847879 0.6524189549034387 0)
(-0.7566570631496442 0.6402331507043324 0)
(-0.7852788322425501 0.6274742310182387 0)
(-0.8124645738231421 0.6139684951810206 0)
(-0.8399419282149954 0.5988342963241645 0)
(-0.8688978658386839 0.581118563004697 0)
(-0.8986292063362291 0.5608577365185196 0)
(-0.9257064566563979 0.5403711232750192 0)
(-0.9491464773265169 0.5208795578709291 0)
(-0.9711215881174485 0.5009612310208644 0)
(-0.9935579895626505 0.4787614282458079 0)
(-1.016230184474539 0.4541218266310766 0)
(-1.038327418302757 0.4276025818139609 0)
(-1.060610346197849 0.3978485644101416 0)
(-1.08176588843849 0.3661485216598974 0)
(-1.09991491671166 0.3355259700102696 0)
(-1.115292807173241 0.3063578652214171 0)
(-1.128649055739826 0.2778718531839006 0)
(-1.141086442440563 0.2477858685026847 0)
(-1.15268597009834 0.2153399560641712 0)
(-1.162668850221549 0.182281216167378 0)
(-1.171586488683535 0.1459903214972533 0)
(-1.17898058503751 0.1063700935048272 0)
(-1.183973631028877 0.0671014298095209 0)
(-1.186656712378623 0.0286770716096756 0)
(-1.18721284677939 -0.007496511797573851 0)
(-1.186003591263242 -0.04141119216750378 0)
(-1.183263026529788 -0.07393966481650495 0)
(-1.179017201447501 -0.10607883369741 0)
(-1.173271774078317 -0.1379350739440828 0)
(-1.166069672440785 -0.1693466105864436 0)
(-1.157133801367371 -0.2012722910412641 0)
(-1.146524987509437 -0.2331357255973022 0)
(-1.134835069354519 -0.2633359523059134 0)
(-1.121484280686707 -0.2934974152554874 0)
(-1.105659746508812 -0.3249421790333181 0)
(-1.087883233991924 -0.3561455907732169 0)
(-1.068931485875181 -0.3857551037007348 0)
(-1.049311993131361 -0.4132797801887642 0)
(-1.028434078241231 -0.4397439796717035 0)
(-1.005124046220651 -0.4664395816517152 0)
(-0.9796432849921709 -0.4927337029606327 0)
(-0.9532095253238916 -0.5173059736743526 0)
(-0.9263097995280121 -0.5398720097260449 0)
(-0.8988454581343877 -0.5606868069649065 0)
(-0.8707218363298618 -0.5799307941551937 0)
(-0.842039164238386 -0.597617347727625 0)
(-0.8127328366468001 -0.6138527850602484 0)
(-0.7825980959559603 -0.6287784380902027 0)
(-0.7515975904175775 -0.6424122060493493 0)
(-0.7198748162645594 -0.6546972647722163 0)
(-0.6876027030653544 -0.665597653936723 0)
(-0.6548674362079761 -0.6751352579536043 0)
(-0.6216395275654191 -0.6833784903775585 0)
(-0.5878613513172132 -0.6904095108097869 0)
(-0.5536374682831311 -0.6962991788619591 0)
(-0.5190063544149097 -0.7011649692748884 0)
(-0.4839042699539427 -0.7051596930459774 0)
(-0.448403896497283 -0.7084244004450899 0)
(-0.4126005255810613 -0.7110895425093579 0)
(-0.3765622655392821 -0.7132684812099498 0)
(-0.3404828265876297 -0.7150475838886751 0)
(-0.3044781861246821 -0.7165003320274657 0)
(-0.2683257232448739 -0.7176966602975395 0)
(-0.231897188062799 -0.7186867961144866 0)
(-0.1953636202332731 -0.7195029779511537 0)
(-0.1588170109524023 -0.7201744479492583 0)
(-0.1221938666808862 -0.7207280992076214 0)
(-0.08533244513998887 -0.7211866076796672 0)
(-0.04806942994679191 -0.7215676658958811 0)
(-0.01038323274117198 -0.7218840858821737 0)
(0.02764330630699797 -0.7221459395678955 0)
(0.06587819871481143 -0.722361708832832 0)
(0.1039847209328134 -0.7225379256339698 0)
(0.1416864915485445 -0.7226806544152642 0)
(0.1784784035206377 -0.7227943836478621 0)
(0.2094466205558623 -0.7228727718795652 0)
(0.2371261208740478 -0.7229310676298435 0)
(0.2656141141473735 -0.7229810848017283 0)
(0.299167699540164 -0.7230289129103161 0)
(0.3396999920871493 -0.7230731918898827 0)
(0.3816322248049107 -0.7231055956059073 0)
(0.4244320094661226 -0.7231261244819199 0)
(0.4693280888481146 -0.723135271388613 0)
(0.4870750115232278 -0.723134755100716 0)
(0.5 -0.7231331550221923 0)
(0.5 0.7410162465083967 0)
(0.4839567639754477 0.7410177525524532 0)
(0.4600184314696675 0.7410167886172105 0)
(0.4172485761886553 0.7410049806696696 0)
(0.3764309262418423 0.7409820868788281 0)
(0.3364600374674028 0.740947616664103 0)
(0.2994231340332871 0.7409036941079494 0)
(0.26793714265982 0.7408557426982717 0)
(0.2389692883152794 0.7408015177778762 0)
(0.2084424092465556 0.7407321055725106 0)
(0.1737749028680513 0.7406354627673108 0)
(0.1369864637708968 0.7405093912852754 0)
(0.1001523365151464 0.740354990296995 0)
(0.06285636171798543 0.7401647723440832 0)
(0.02483544655689262 0.7399291789969271 0)
(-0.01355854323153905 0.7396393386200686 0)
(-0.05190579123616661 0.7392859180829007 0)
(-0.08988217917923749 0.7388585900927336 0)
(-0.1274518136722667 0.7383429105920815 0)
(-0.1649407090386818 0.7377152010648715 0)
(-0.2028355103756318 0.73693976335061 0)
(-0.2416413371232447 0.7359655741248565 0)
(-0.2789446505664921 0.7348201574389123 0)
(-0.3131694383452468 0.7335484043879019 0)
(-0.3468959139865314 0.7320398953716118 0)
(-0.383225426753767 0.7300676121957278 0)
(-0.4219375263883433 0.7274836688856016 0)
(-0.4608315813914208 0.7242633458355779 0)
(-0.4979400201659148 0.7204556635065043 0)
(-0.5324416508344313 0.7161090544086206 0)
(-0.5664674619692697 0.7108876975763283 0)
(-0.6016621020129952 0.7043438218693318 0)
(-0.6362292797907602 0.6966413791884286 0)
(-0.6686759049627348 0.6881150019041435 0)
(-0.7004801336984067 0.6784166499137791 0)
(-0.7325355691919178 0.6671959631042215 0)
(-0.7638393219003924 0.6547258992898773 0)
(-0.7936207388720187 0.6413520684302914 0)
(-0.8214584784287792 0.627413198847406 0)
(-0.8485369063458852 0.6124175501176373 0)
(-0.8768276822831679 0.5950983373165205 0)
(-0.9071791116295198 0.5744517431537386 0)
(-0.9362988887001197 0.5524141056044902 0)
(-0.9612706374715998 0.5315492373963167 0)
(-0.9835139681161319 0.5112565779289908 0)
(-1.005257061238466 0.4896713991139025 0)
(-1.027764753085647 0.4652227951922987 0)
(-1.050306645040429 0.4382273100991008 0)
(-1.073065514232004 0.4079161122788641 0)
(-1.094969858993146 0.375170162974603 0)
(-1.113793846783073 0.3434442206881334 0)
(-1.129637464794449 0.313391907235932 0)
(-1.14335457322124 0.284115666467234 0)
(-1.156031350417482 0.2534260971371825 0)
(-1.167809229755571 0.2204808217242396 0)
(-1.177980728759666 0.1868374802242507 0)
(-1.187108173390317 0.1497761127365229 0)
(-1.194730855309929 0.1090199327809784 0)
(-1.199870733569186 0.06862898778698499 0)
(-1.202615885452911 0.02927039532080077 0)
(-1.203180438343925 -0.00779940769602353 0)
(-1.201938755396959 -0.04246717526448068 0)
(-1.199147575020826 -0.07558859381158504 0)
(-1.19481917449094 -0.1083929523432674 0)
(-1.18893607705402 -0.1410461813181313 0)
(-1.181591527036927 -0.173109142333263 0)
(-1.172553658150438 -0.2054619803656939 0)
(-1.161803277260571 -0.2378473965812305 0)
(-1.149863820630525 -0.2687911930145883 0)
(-1.13614213463751 -0.2998658752638024 0)
(-1.119868176119944 -0.3322493520545464 0)
(-1.101706001680688 -0.3641623538039274 0)
(-1.082558434320661 -0.3941273631228583 0)
(-1.062708051484147 -0.4220537830349998 0)
(-1.041232944490001 -0.4493530097935632 0)
(-1.017119963160075 -0.477017683144155 0)
(-0.9910281136062329 -0.5039738712434653 0)
(-0.9641056123693221 -0.5290351343871954 0)
(-0.9366896621912653 -0.5520770185010754 0)
(-0.908691679501852 -0.5733452999264782 0)
(-0.8800749349246501 -0.592983704464957 0)
(-0.8509699993451429 -0.6109997029948113 0)
(-0.8211492602800838 -0.6276012431333734 0)
(-0.7903228460751448 -0.6429561831537116 0)
(-0.7586881226066498 -0.6569594580132825 0)
(-0.726443973274977 -0.6695475007126113 0)
(-0.6936094866245552 -0.6807530367360894 0)
(-0.6602928742072042 -0.6905884822604457 0)
(-0.6265186031195055 -0.6991098712165207 0)
(-0.5922187757531552 -0.70640740548901 0)
(-0.5574846252342693 -0.7125550984426763 0)
(-0.522407718902213 -0.7176599829092437 0)
(-0.486953965711198 -0.7218695522024055 0)
(-0.4511716277725705 -0.7253244995347405 0)
(-0.4151264637354999 -0.7281554389880329 0)
(-0.378843513438937 -0.7304779971210379 0)
(-0.3424850792785751 -0.7323799640020455 0)
(-0.3062711853370941 -0.7339320767885077 0)
(-0.2699841835397793 -0.7352090251126682 0)
(-0.2333786220389784 -0.7362677664734776 0)
(-0.1966586197386772 -0.7371408315747631 0)
(-0.1599765678447177 -0.7378581401725706 0)
(-0.1232637459166618 -0.7384489587085316 0)
(-0.08634464405220914 -0.7389379867798037 0)
(-0.04904719949437636 -0.7393443319849646 0)
(-0.01135593789230301 -0.7396816207858438 0)
(0.02663250208333957 -0.7399605068785736 0)
(0.06478299936938671 -0.7401900887334484 0)
(0.1028205072600959 -0.7403776702651376 0)
(0.1405176946119879 -0.7405298500302721 0)
(0.1779904366747056 -0.7406531998040736 0)
(0.2118192429494185 -0.7407440123602139 0)
(0.2409087530239071 -0.7408082620279213 0)
(0.2690501077224937 -0.7408598850422349 0)
(0.3008096351683288 -0.7409074195110916 0)
(0.3398886239209733 -0.740952523329382 0)
(0.3822598835561115 -0.7409871885310135 0)
(0.4249572885364093 -0.7410088232843387 0)
(0.4695936548748279 -0.7410184481919891 0)
(0.4871856837938136 -0.7410179133396106 0)
(0.5 -0.7410162464670093 0)
(0.5 0.7592003717653267 0)
(0.4836699504050466 0.7592019500214194 0)
(0.4609881879882815 0.7592010731900747 0)
(0.4175706202238365 0.7591884964795387 0)
(0.3767503862070811 0.7591643651333221 0)
(0.3372523391764198 0.7591285337688485 0)
(0.3025515379028685 0.7590855550623707 0)
(0.2723110668813202 0.759037911905511 0)
(0.2428324026309927 0.7589808731618121 0)
(0.2099224375543813 0.7589027787038627 0)
(0.1729685587718527 0.75879416697887 0)
(0.1359318326755981 0.7586597902516933 0)
(0.09885371214683998 0.7584950956243313 0)
(0.06138255515416881 0.7582923690572598 0)
(0.02331788414116729 0.7580418808488298 0)
(-0.01507968294937553 0.7577339175162465 0)
(-0.05343963882228828 0.7573583635873848 0)
(-0.0914189496203512 0.7569046934031403 0)
(-0.1289784344594693 0.7563579582353045 0)
(-0.1665097822347042 0.755692081964782 0)
(-0.204597774391263 0.7548665077936544 0)
(-0.2442224906209369 0.7538114557226182 0)
(-0.2819173917512229 0.7525807020085838 0)
(-0.3154839228228551 0.7512556177496407 0)
(-0.3486936168338763 0.7496867171741508 0)
(-0.3856393221557255 0.7475754032433309 0)
(-0.4253480419667908 0.7447850324104413 0)
(-0.464959144282957 0.7413324805481305 0)
(-0.5023492599190276 0.7373066823899538 0)
(-0.5365632170473033 0.7328166589118297 0)
(-0.5707600833865896 0.7273992848686057 0)
(-0.6068743325371264 0.7205065984487754 0)
(-0.6419604138170183 0.7125172623374554 0)
(-0.674606463465711 0.7037954891701507 0)
(-0.7069193662371982 0.6938184828137218 0)
(-0.7394615017592573 0.6823156301015434 0)
(-0.7709321916170145 0.6696922161236907 0)
(-0.8014457867528262 0.6559200828721583 0)
(-0.8303303529937358 0.6413780248265195 0)
(-0.8576326273497878 0.6261792914319261 0)
(-0.8855670535262445 0.6090406642989818 0)
(-0.9158509901944397 0.5884621779347365 0)
(-0.9465815882404012 0.5652247066125978 0)
(-0.9735478754533446 0.542623557982626 0)
(-0.996538425960072 0.5215096666932982 0)
(-1.017779770264296 0.500315284257742 0)
(-1.039657387890869 0.4765383996249258 0)
(-1.062476104060911 0.449271961979834 0)
(-1.085768907097787 0.4183411625776449 0)
(-1.10843269948613 0.3845501354252479 0)
(-1.128011884293076 0.3515975102316647 0)
(-1.14435268022362 0.3206029307588417 0)
(-1.158456435986383 0.290478055297677 0)
(-1.171396528693464 0.2591173183003962 0)
(-1.183318708783942 0.2257616450953159 0)
(-1.193687395686167 0.1915066384778082 0)
(-1.20304095658326 0.1536027668790841 0)
(-1.210881515081786 0.1117669759108444 0)
(-1.216172098750078 0.07024222499010709 0)
(-1.218984232931266 0.02990879745891923 0)
(-1.219559020991212 -0.008076474821957438 0)
(-1.218284952356655 -0.04353014365077082 0)
(-1.215437923774305 -0.07730520359963756 0)
(-1.211027570200923 -0.110766286166365 0)
(-1.20501885674848 -0.1441606005838362 0)
(-1.197512493089475 -0.176968382959621 0)
(-1.188339865178523 -0.2098573154527877 0)
(-1.177489409829741 -0.2426365218952015 0)
(-1.165304788305829 -0.2743223541993964 0)
(-1.151126482850553 -0.3065038485593509 0)
(-1.134343020057619 -0.3399285731968816 0)
(-1.11587390229451 -0.3724013726702108 0)
(-1.096667681217636 -0.402516782549671 0)
(-1.076477814981708 -0.431011123928025 0)
(-1.054195215335159 -0.4594064142595066 0)
(-1.029311364753192 -0.4879886328377727 0)
(-1.002698666388574 -0.5155074799142407 0)
(-0.9752458886735124 -0.5410945472269578 0)
(-0.9473005939443222 -0.5646203572023055 0)
(-0.9188117356715931 -0.5863089899832189 0)
(-0.8897486914725725 -0.6063130016353848 0)
(-0.8601664494023873 -0.6246961731966636 0)
(-0.8296988525787333 -0.6417362959221525 0)
(-0.7981675570083011 -0.6575225322296813 0)
(-0.7659753583979758 -0.6718587727320688 0)
(-0.7332105368229755 -0.6847489522800609 0)
(-0.6997939825729719 -0.696265441139685 0)
(-0.6658787202710097 -0.7064018574705893 0)
(-0.6315466766542532 -0.715200731861012 0)
(-0.5967058320213077 -0.7227634766665614 0)
(-0.5614462888535793 -0.7291646128617502 0)
(-0.5259154555471638 -0.7345009767914591 0)
(-0.4900925937053756 -0.7389181129930853 0)
(-0.4540171230266157 -0.742555820837688 0)
(-0.4177250341473431 -0.7455460186304141 0)
(-0.381173441400016 -0.7480084915891158 0)
(-0.3445108461130361 -0.7500307390274716 0)
(-0.3081056986674773 -0.7516781872387882 0)
(-0.2716973188722289 -0.7530326708006566 0)
(-0.2348870831735297 -0.7541588944192902 0)
(-0.1979674463240573 -0.7550875459612573 0)
(-0.1611574248271705 -0.7558491275639001 0)
(-0.1243612868113736 -0.7564758094211959 0)
(-0.08739315945943978 -0.7569942466612861 0)
(-0.05006639955886616 -0.7574250143270811 0)
(-0.01236374160600427 -0.7577825567752774 0)
(0.02559951946839456 -0.7580779943688305 0)
(0.06368469421793738 -0.7583210107669649 0)
(0.1016670423410032 -0.758519642825201 0)
(0.1393477880261401 -0.7586809562903372 0)
(0.1767032450638499 -0.7588114171080205 0)
(0.2126188848446265 -0.7589134742291279 0)
(0.2440407860068787 -0.7589862607888397 0)
(0.2728237938138641 -0.7590411053622977 0)
(0.3036012879556173 -0.7590889294981912 0)
(0.3407473316899715 -0.7591337344478308 0)
(0.3828791253723456 -0.7591699141520476 0)
(0.4253662881432067 -0.7591925398374744 0)
(0.4697696321650314 -0.7592026391029133 0)
(0.4872464049190146 -0.7592020969917918 0)
(0.5 -0.7592003717214232 0)
(0.5 0.7776380688273998 0)
(0.4834619614649934 0.7776397041815238 0)
(0.4611659997773117 0.777638774017243 0)
(0.4177175246969667 0.7776255397299446 0)
(0.37697240570158 0.7776002528199938 0)
(0.339344414786193 0.7775646864470179 0)
(0.3066330093488382 0.7775229422672576 0)
(0.276623919706474 0.777474484212727 0)
(0.2456459918184148 0.7774126886718195 0)
(0.209861500444524 0.7773239625783313 0)
(0.1721321609722356 0.777207366513441 0)
(0.1348563113580988 0.7770649144271118 0)
(0.097556590497224 0.7768902766468677 0)
(0.0599276531781891 0.7766754815688374 0)
(0.02180505046673335 0.7764105352555675 0)
(-0.01662900785248048 0.7760848508085096 0)
(-0.05503854188112757 0.7756875541158553 0)
(-0.09302466382523955 0.7752084198912332 0)
(-0.1305361564578571 0.7746324519241989 0)
(-0.1680594724995974 0.7739309835239163 0)
(-0.2062784777398777 0.773058697343577 0)
(-0.2460263807657645 0.7719453914413433 0)
(-0.283969382082102 0.7706415622440695 0)
(-0.3178029298660278 0.7692340024198814 0)
(-0.3513680544324435 0.7675637842147717 0)
(-0.3887708149747438 0.765317468789152 0)
(-0.4288737534490686 0.7623623882675182 0)
(-0.4693837499229127 0.7586640268670218 0)
(-0.5071166149598924 0.7544174445650745 0)
(-0.540744570521928 0.7498351225830826 0)
(-0.5749825670113867 0.7442562921376298 0)
(-0.612315158650185 0.7369621505940522 0)
(-0.6480355443656125 0.7286603428210366 0)
(-0.6806863894866696 0.719797441494101 0)
(-0.7134733716124245 0.709555806301212 0)
(-0.7466253863400427 0.6977287240282853 0)
(-0.7782496583463696 0.6849579308163383 0)
(-0.8088388487486163 0.6710996646058761 0)
(-0.8385535059213692 0.6561014076686319 0)
(-0.8668474250517632 0.6402981090725982 0)
(-0.8951605757062057 0.6228708705314704 0)
(-0.9251928850145034 0.6024488167002356 0)
(-0.9564972724372797 0.5788020838945733 0)
(-0.9855115097654659 0.5544637919964226 0)
(-1.009981912833745 0.5318692565869257 0)
(-1.031265521900102 0.5104901897939157 0)
(-1.05219266008536 0.4876875256037075 0)
(-1.074745866827853 0.4607899815628161 0)
(-1.098595133517424 0.4292349169489847 0)
(-1.122108176502661 0.394291324293611 0)
(-1.142568676363934 0.3599105835397141 0)
(-1.159429909609802 0.327924762221785 0)
(-1.173933532761409 0.2969146888916056 0)
(-1.187147287793828 0.2648462774685754 0)
(-1.199173237904627 0.2311887593595098 0)
(-1.209751881340757 0.1962831642019893 0)
(-1.219346449200915 0.1574724013269446 0)
(-1.227395078047532 0.1146105381266619 0)
(-1.232841683463781 0.07192856633496263 0)
(-1.235724751813366 0.03058936477251881 0)
(-1.236311451952081 -0.008332963043576464 0)
(-1.235004803939853 -0.04460367583469778 0)
(-1.232097716991636 -0.0790806078076751 0)
(-1.227606771222431 -0.1131864233475718 0)
(-1.221483846029713 -0.1472702823460182 0)
(-1.213790588989725 -0.1809389467200557 0)
(-1.204452281520101 -0.2144632011531712 0)
(-1.193564798939269 -0.2474445365953311 0)
(-1.181138645081645 -0.2798789139826549 0)
(-1.166388632786744 -0.3134279948359023 0)
(-1.149078699263171 -0.3479119668288275 0)
(-1.13040180627293 -0.3807658986673201 0)
(-1.111137010045621 -0.411037820342518 0)
(-1.090497023664971 -0.440256218548723 0)
(-1.067314094751892 -0.4698548517248354 0)
(-1.041720599607574 -0.4992732823724182 0)
(-1.014612301244795 -0.5273241481667312 0)
(-0.9866006725422585 -0.5534606611903821 0)
(-0.9581270841961969 -0.5774665330412538 0)
(-0.9292342553908148 -0.5995105645047029 0)
(-0.8997812717635408 -0.6198482057449571 0)
(-0.8695595465810384 -0.6387034231614996 0)
(-0.838294067266385 -0.6562618356866978 0)
(-0.806124671623503 -0.6724392314650839 0)
(-0.773444579664988 -0.687074495480678 0)
(-0.7401609929065499 -0.7002649846692317 0)
(-0.706145459764362 -0.7120969425410687 0)
(-0.671608493953641 -0.722538700730186 0)
(-0.6367089367161145 -0.7316133013353725 0)
(-0.60131271685849 -0.7394384419913071 0)
(-0.5655068890516556 -0.7460891203706114 0)
(-0.5295121963721489 -0.7516491688591417 0)
(-0.4933082564125354 -0.7562655497640928 0)
(-0.4569278173170264 -0.7600780319155294 0)
(-0.4203864891392261 -0.7632199227122093 0)
(-0.3835713381905114 -0.7658160645343089 0)
(-0.3466474884095854 -0.7679520725986474 0)
(-0.3100080077986524 -0.7696934584847472 0)
(-0.2733853702172755 -0.7711256912423434 0)
(-0.2363834567714322 -0.7723162078782496 0)
(-0.199287725889601 -0.7732976764099379 0)
(-0.1623500785498588 -0.7741017129729758 0)
(-0.1254931419191733 -0.7747623514792201 0)
(-0.08849522189371695 -0.7753087096328168 0)
(-0.05113257016238269 -0.775763001935158 0)
(-0.0134042277343407 -0.7761401137281323 0)
(0.02454554737006893 -0.7764514878326357 0)
(0.06258531587481603 -0.7767074668260504 0)
(0.1005293130842257 -0.7769167592428827 0)
(0.1381967291091405 -0.7770868534140468 0)
(0.1755124192951426 -0.7772243800736589 0)
(0.2120142310151608 -0.7773337754638333 0)
(0.2458270765470496 -0.7774160114286232 0)
(0.2764046384238167 -0.7774764464463213 0)
(0.3073065416746825 -0.7775258486807441 0)
(0.342783164259273 -0.7775699905957492 0)
(0.3834738341197249 -0.7776063062914625 0)
(0.4256525516694508 -0.7776298048784734 0)
(0.4697299447764311 -0.7776403580022796 0)
(0.4872073130369642 -0.7776398427847413 0)
(0.5 -0.7776380687811001 0)
(0.5 0.7962882928894446 0)
(0.4831973687666409 0.7962899677758497 0)
(0.4608101013168646 0.7962888777477981 0)
(0.4176746361465717 0.7962750524983055 0)
(0.3777768612026091 0.7962492523432201 0)
(0.3426341617167079 0.7962150557594829 0)
(0.3110648013859941 0.7961740354418728 0)
(0.2802228276116814 0.7961232230753003 0)
(0.2469645979726531 0.7960547165454924 0)
(0.2090602521401507 0.7959565855194793 0)
(0.171248373141818 0.7958341171165669 0)
(0.1337743175761787 0.7956840216323136 0)
(0.09628488071507584 0.7954999483754366 0)
(0.05851208075886663 0.7952736457447409 0)
(0.02030849297540685 0.7949947415298702 0)
(-0.01819148691389849 0.7946518911086311 0)
(-0.05668314344832243 0.7942334261428169 0)
(-0.094679627963175 0.7937299287845994 0)
(-0.1320983088876537 0.7931270278417769 0)
(-0.169558307096143 0.7923931463649833 0)
(-0.2078407146371599 0.7914784214882259 0)
(-0.2472292779460847 0.7903258280737714 0)
(-0.2851498255925649 0.7889667603786565 0)
(-0.3201668609529219 0.7874440457194714 0)
(-0.3550580095691073 0.7856207176564896 0)
(-0.3927094761241404 0.7832462474878655 0)
(-0.432427733818543 0.7801868920199699 0)
(-0.4728794253972354 0.7763488221299678 0)
(-0.510827222003893 0.771929501232249 0)
(-0.5448817479561862 0.7671447462463443 0)
(-0.5803418331639364 0.7612038029567708 0)
(-0.6191277860431754 0.7534267922648505 0)
(-0.654480450790186 0.7450259621738055 0)
(-0.6868533513363742 0.7361027455453983 0)
(-0.7201205109472737 0.7255996667667233 0)
(-0.7540618312658812 0.7133850453426922 0)
(-0.7857810746720246 0.7004906441135836 0)
(-0.8160645349790759 0.6867291482239811 0)
(-0.846191980406411 0.6715146115484861 0)
(-0.87584355128 0.65493431977996 0)
(-0.905147771166027 0.6368470094370199 0)
(-0.9352494543622782 0.6163382325349362 0)
(-0.966509662000369 0.5927362759738455 0)
(-0.9971697126297028 0.5670220965582708 0)
(-1.02360292485526 0.5425218328043436 0)
(-1.045336549810667 0.5205382809313451 0)
(-1.065491793362236 0.4984809524905612 0)
(-1.087293648449684 0.4725052184124042 0)
(-1.111500640219332 0.4406005551798812 0)
(-1.135989062254214 0.4043430593783691 0)
(-1.157410761291892 0.3684118153733902 0)
(-1.174821630981513 0.3353794342467877 0)
(-1.189719907133827 0.3034942932241522 0)
(-1.203205673052881 0.2707247558554403 0)
(-1.215365667465945 0.2366794654232834 0)
(-1.226172676314068 0.2010488603217536 0)
(-1.235992694768461 0.1613784511156189 0)
(-1.244237757041765 0.1175550381957409 0)
(-1.249847888308908 0.07367567607060629 0)
(-1.2528048042694 0.03131097277427183 0)
(-1.253405025526365 -0.008574445956768803 0)
(-1.252065196331071 -0.04569450714679227 0)
(-1.249094173471307 -0.08091422167021467 0)
(-1.244525441446526 -0.1156423309817483 0)
(-1.238302962380266 -0.1503492735471322 0)
(-1.230416096504791 -0.1849262349216239 0)
(-1.220883444133658 -0.2191924027525066 0)
(-1.209947882519398 -0.2524026898586119 0)
(-1.197274468603864 -0.2855959980565039 0)
(-1.181892283005495 -0.3206391012187284 0)
(-1.164111731845289 -0.3560620961439631 0)
(-1.14533048737654 -0.3891243312043403 0)
(-1.125881225362276 -0.4197585447195574 0)
(-1.10461627008122 -0.4499354589784426 0)
(-1.080599204689196 -0.4806358132887618 0)
(-1.054388468965145 -0.5107786944681388 0)
(-1.026730759003799 -0.5394154688791518 0)
(-0.998142204712395 -0.5661142118260818 0)
(-0.969192918060596 -0.5905541734801339 0)
(-0.9399960581563568 -0.6128820164751386 0)
(-0.9100927824011162 -0.6336015832299584 0)
(-0.879036103053877 -0.6530500161213717 0)
(-0.8469262906677665 -0.6711453223917166 0)
(-0.8142153193130691 -0.687659342586452 0)
(-0.781084014782325 -0.7025747475473186 0)
(-0.747290546803022 -0.716060755369521 0)
(-0.7126500733813963 -0.7282156648641841 0)
(-0.6774620828324175 -0.738968487667275 0)
(-0.6419937469777863 -0.7483142419061846 0)
(-0.6060314282645157 -0.7563978755294765 0)
(-0.5696490895754912 -0.763295697830609 0)
(-0.5331541520851505 -0.769075042048335 0)
(-0.4965652649666035 -0.773880365323703 0)
(-0.4599063110002469 -0.7778549872909607 0)
(-0.4231221072168648 -0.7811398944094503 0)
(-0.3860876399593143 -0.7838604153743356 0)
(-0.3489399147941374 -0.786103699104994 0)
(-0.3119802311377597 -0.7879396497731074 0)
(-0.2750446727647798 -0.7894499597413921 0)
(-0.2378578176239038 -0.7907012103862552 0)
(-0.2006113305146755 -0.7917321548001445 0)
(-0.1635493737776806 -0.792576405629604 0)
(-0.1266540240473919 -0.7932687663175665 0)
(-0.08964604059153151 -0.7938412897493724 0)
(-0.05224406838492347 -0.7943179998691954 0)
(-0.01447481141217983 -0.7947138758200041 0)
(0.02347704443487793 -0.7950404864990988 0)
(0.06148654851481321 -0.7953088300228743 0)
(0.09940424019683401 -0.7955282876120572 0)
(0.1370697404129287 -0.7957067734213917 0)
(0.1743860240279893 -0.7958511424616723 0)
(0.2110388541221322 -0.7959664727342726 0)
(0.2466467928192149 -0.7960570932009529 0)
(0.2794472622000232 -0.7961242362399701 0)
(0.3111477359839029 -0.7961761310997596 0)
(0.3456022326633307 -0.7962199435973338 0)
(0.3844815404979249 -0.796255649783859 0)
(0.4258074299078838 -0.7962795655507299 0)
(0.4693030253672289 -0.7962905241660343 0)
(0.487004644331123 -0.7962901047083043 0)
(0.5 -0.7962882928408861 0)
(0.5 0.8151159127208354 0)
(0.4827903692231741 0.815117609172984 0)
(0.4598624152959799 0.8151162209926861 0)
(0.4173938928460808 0.8151018764661457 0)
(0.3798832558402561 0.8150768626591778 0)
(0.3469044707649587 0.8150443496635374 0)
(0.3153879580615184 0.8150030444190716 0)
(0.282508126321218 0.8149477888585255 0)
(0.2466722291604404 0.8148712869043665 0)
(0.2082388696987596 0.8147675696770371 0)
(0.1703339264455788 0.8146394988226144 0)
(0.1326927923046165 0.8144822370790189 0)
(0.09503863047452399 0.8142892972044751 0)
(0.05713209060566128 0.8140521291247181 0)
(0.01883380934511943 0.8137599317328175 0)
(-0.01976005783883416 0.8134005918416848 0)
(-0.05838098414929646 0.8129614662347647 0)
(-0.09639256661181875 0.8124348233163819 0)
(-0.1336565975294995 0.8118078519959172 0)
(-0.17098576010804 0.8110454100538134 0)
(-0.2093065983176723 0.8100919304256921 0)
(-0.248558324075268 0.8088973182651109 0)
(-0.2866334821293588 0.8074794618692578 0)
(-0.3226307844175186 0.8058509590675159 0)
(-0.3585742353746806 0.8038909550024758 0)
(-0.3965101334651833 0.8013935892579879 0)
(-0.4359496851664791 0.7982336955830116 0)
(-0.4756580321834753 0.7943423498981471 0)
(-0.5135066567154219 0.7898197831545116 0)
(-0.548923844969654 0.7847243715908095 0)
(-0.5861354156394828 0.7783324776930561 0)
(-0.6255298255182536 0.7702507864170179 0)
(-0.6612649589410525 0.7615874554705246 0)
(-0.694460715572073 0.7522761060752318 0)
(-0.7280434714635518 0.7415162470845754 0)
(-0.7618180532307395 0.7292334055877595 0)
(-0.7935562616594073 0.7162451104336471 0)
(-0.8234087788753354 0.7026394300321792 0)
(-0.8536328295522325 0.6873800090366322 0)
(-0.8842130925654147 0.670295319744253 0)
(-0.9148584610823141 0.6513698314936207 0)
(-0.9456651070989189 0.6303502148315389 0)
(-0.9772213598166423 0.6065101554839679 0)
(-1.008715691476904 0.5800921665136828 0)
(-1.03696874568785 0.553847447335325 0)
(-1.059771328682595 0.5306469612990922 0)
(-1.079642494106382 0.5087724166326161 0)
(-1.100374002275674 0.48405260958684 0)
(-1.124486073944016 0.4523874505392529 0)
(-1.150053323141289 0.414685635508608 0)
(-1.172454760203376 0.3771910361526183 0)
(-1.19047934488432 0.3430004486032991 0)
(-1.20575724407323 0.3102789155612163 0)
(-1.219508267458028 0.2768385085038756 0)
(-1.231888141903037 0.2421665688167778 0)
(-1.242953831148016 0.2056814390259741 0)
(-1.252951673456806 0.1653161518290466 0)
(-1.261378964760905 0.120611648437629 0)
(-1.267163611358796 0.07546853465688019 0)
(-1.270195992308181 0.03207175931058596 0)
(-1.270811272438286 -0.00880329366423317 0)
(-1.269437401465131 -0.04680651339121589 0)
(-1.266397780336914 -0.08281440330134264 0)
(-1.261755328670454 -0.1181304917181794 0)
(-1.255454453019235 -0.1533614122008911 0)
(-1.247388886734802 -0.188814373476486 0)
(-1.237628174796959 -0.2239639871543621 0)
(-1.226564522255428 -0.2576348654294545 0)
(-1.213607704877979 -0.2916537825393721 0)
(-1.197600776808068 -0.3281485236625524 0)
(-1.179436173479142 -0.3643296890614693 0)
(-1.160681999365619 -0.3973839933607261 0)
(-1.140933864565155 -0.4285777358218903 0)
(-1.118813302607679 -0.4600318633655527 0)
(-1.094016117262832 -0.4917464672195547 0)
(-1.067286786065573 -0.5224933185380144 0)
(-1.039012474378729 -0.5517822403860602 0)
(-1.009888179405638 -0.5790011884587014 0)
(-0.9805746554314148 -0.6037846525075128 0)
(-0.951034344768932 -0.6264329726909861 0)
(-0.920493577731418 -0.6476634323155083 0)
(-0.8885157981661311 -0.6677505825776828 0)
(-0.8556572273210459 -0.6863213735836818 0)
(-0.8224596601381685 -0.7031409079841328 0)
(-0.7888885410297887 -0.7183295696137788 0)
(-0.7545954829982126 -0.7321057262154896 0)
(-0.7193333983496555 -0.744581524610929 0)
(-0.6834869580129184 -0.7556462448775424 0)
(-0.6473678714906373 -0.765280414019989 0)
(-0.6107459769529981 -0.7736348382297754 0)
(-0.5738123638855108 -0.7807640829089965 0)
(-0.5368896696168725 -0.7867409428523559 0)
(-0.4999244845624566 -0.791724644490904 0)
(-0.4629635506331206 -0.7958547516510929 0)
(-0.4259229297183552 -0.7992754931979248 0)
(-0.3886499556954391 -0.8021146239172856 0)
(-0.3512553759768691 -0.8044605812102398 0)
(-0.313987488793367 -0.8063858147801271 0)
(-0.2767540103032084 -0.8079698230324291 0)
(-0.2393588046233864 -0.8092792686174822 0)
(-0.2019327549783698 -0.810357594550269 0)
(-0.1647440470422534 -0.8112396219511157 0)
(-0.1278387576586003 -0.8119610434175204 0)
(-0.09084707808738501 -0.8125576442076614 0)
(-0.05340021413469277 -0.8130555469271649 0)
(-0.01557085468661745 -0.8134693072265318 0)
(0.02239853961997693 -0.8138103494404615 0)
(0.06039021314515188 -0.814090353282937 0)
(0.09829004102539467 -0.8143193859914307 0)
(0.1359669317550506 -0.814505820704893 0)
(0.1733192631675412 -0.8146567471751783 0)
(0.2101415097133635 -0.8147777522303333 0)
(0.246492255452999 -0.8148742092331588 0)
(0.281275720361137 -0.8149480156933397 0)
(0.314766601604637 -0.8150041353384667 0)
(0.3493250121930482 -0.8150486607187809 0)
(0.3864190528616884 -0.8150832333523911 0)
(0.4258023705803723 -0.8151066758270112 0)
(0.468384514305732 -0.8151179764614539 0)
(0.4866034812153182 -0.8151177499862671 0)
(0.5 -0.8151159126701805 0)
(0.5 0.8340911128385575 0)
(0.4822278038722081 0.8340928141081487 0)
(0.4581651437489361 0.8340909302740178 0)
(0.4176061564231407 0.8340765635196177 0)
(0.3832781255097972 0.8340533173097314 0)
(0.3517139754692502 0.83402226555133 0)
(0.3191078980171224 0.8339793984333357 0)
(0.2829454676068344 0.8339171626376533 0)
(0.245636985703895 0.8338344794107123 0)
(0.2073676867115554 0.8337271044070338 0)
(0.1693975131664621 0.8335938716979474 0)
(0.1316188027254098 0.8334299855104049 0)
(0.09381831982155338 0.8332287990786543 0)
(0.05578524095652505 0.8329814823075739 0)
(0.01738545178386841 0.8326768035553612 0)
(-0.02132856870390107 0.8323017679371741 0)
(-0.06014037144929515 0.8318423902449865 0)
(-0.09817489180405831 0.8312938808862176 0)
(-0.135205234685195 0.8306462620653352 0)
(-0.1723201332466723 0.8298598483940614 0)
(-0.2106858035472164 0.8288708567598239 0)
(-0.2499911108880826 0.827632263720418 0)
(-0.288339557036663 0.8261543625674244 0)
(-0.3251673928261947 0.8244286608779753 0)
(-0.3619717638231262 0.8223456381927137 0)
(-0.4002137125329231 0.819731473562233 0)
(-0.4394612737912886 0.8164755031346322 0)
(-0.4786269779666285 0.8125239082978671 0)
(-0.5164833281337332 0.8078934152210018 0)
(-0.5529474917843233 0.8025374964604957 0)
(-0.590668778191658 0.7959378663813668 0)
(-0.6306834872443428 0.7876022533167402 0)
(-0.6678005690892608 0.7784715313242967 0)
(-0.7027736214798415 0.7684999356918104 0)
(-0.7376085875796128 0.7571413211790912 0)
(-0.7711255532382976 0.7447669484552808 0)
(-0.8016054875622404 0.7321795660342248 0)
(-0.8308159682658428 0.7188290510406877 0)
(-0.8611308440011337 0.7035331743770715 0)
(-0.8920707803729719 0.6862846901766043 0)
(-0.9238639681262903 0.6666884599180196 0)
(-0.95611846690212 0.6446851355966301 0)
(-0.9886594679406758 0.6200694598573839 0)
(-1.020575101664189 0.5932664070599059 0)
(-1.050128085620188 0.5657677151889112 0)
(-1.074342030158451 0.5410207048816276 0)
(-1.094216554618273 0.5190117001453696 0)
(-1.114044184951604 0.4953210407232896 0)
(-1.137730939112227 0.464302989729951 0)
(-1.164235413032328 0.4253746364353044 0)
(-1.187668809393416 0.3862541383196734 0)
(-1.206400557917911 0.3507375680258525 0)
(-1.222046817539691 0.3172045092113638 0)
(-1.236034548894559 0.2831724506968727 0)
(-1.248708103551566 0.2476702026540646 0)
(-1.260077680334057 0.2101525663614822 0)
(-1.270197425958274 0.1692895138017173 0)
(-1.278790402300874 0.123801901487767 0)
(-1.284766275599269 0.07728577927926802 0)
(-1.287873902921494 0.0328672415164294 0)
(-1.288505602037098 -0.009020903441565984 0)
(-1.28709685962166 -0.04793869747339038 0)
(-1.283982359647319 -0.08479469729779612 0)
(-1.279270811253079 -0.1206556173134915 0)
(-1.272921075402084 -0.1562674730670237 0)
(-1.264687454753285 -0.1925872862279524 0)
(-1.254654582624535 -0.2287981829499686 0)
(-1.243402545711013 -0.2631024829638933 0)
(-1.230122715506287 -0.2980262899682314 0)
(-1.213518217166969 -0.33588986337653 0)
(-1.195067237896593 -0.3726338460679587 0)
(-1.176342957576733 -0.4056854829245412 0)
(-1.156176709074425 -0.4376281267506682 0)
(-1.133104428321151 -0.470482878112745 0)
(-1.107628085165518 -0.50307151969449 0)
(-1.080379407465843 -0.5344200559685448 0)
(-1.051422338680866 -0.5644244086375448 0)
(-1.021872043173144 -0.5920586495022075 0)
(-0.9923185908994586 -0.6170883528640525 0)
(-0.9622680930175608 -0.6401915728855934 0)
(-0.9308588626332523 -0.6620869009849996 0)
(-0.8979959071092334 -0.682778325640213 0)
(-0.8645128073464238 -0.7017478108849922 0)
(-0.8308438232709291 -0.718862513612531 0)
(-0.7968495228860339 -0.7343148415723185 0)
(-0.7621247007859736 -0.7483537471005973 0)
(-0.7262788966194745 -0.7611392670119751 0)
(-0.6896455510746468 -0.7725554837878885 0)
(-0.6526984321764723 -0.7825181865498274 0)
(-0.6154414125265074 -0.7911265183837786 0)
(-0.5780553040381383 -0.7984576809602941 0)
(-0.5406897134176493 -0.8046247347557233 0)
(-0.5033330939793763 -0.8097785604018645 0)
(-0.4660774933988032 -0.8140533225355282 0)
(-0.4287839661398424 -0.8176007488176785 0)
(-0.3912520555350219 -0.8205525119580855 0)
(-0.3535958674880516 -0.8229956685464804 0)
(-0.3160293490142037 -0.8250045424035883 0)
(-0.2785028207760153 -0.8266578183743417 0)
(-0.2408780743129315 -0.8280225006303313 0)
(-0.2032427108830045 -0.8291458600627982 0)
(-0.1659198864333121 -0.8300630414998489 0)
(-0.1290422482926471 -0.8308103857962315 0)
(-0.0921030295708906 -0.8314286092439737 0)
(-0.0546018888306798 -0.8319464114701851 0)
(-0.01668955177790741 -0.8323771197366275 0)
(0.02131049242856666 -0.8327316774102921 0)
(0.05930019607507191 -0.8330225853571649 0)
(0.0971945285298698 -0.8332605531320552 0)
(0.1348879991943819 -0.8334543921515464 0)
(0.1722931070697496 -0.8336114819658084 0)
(0.2092777097707832 -0.833737788262407 0)
(0.2458776175173841 -0.8338386674475113 0)
(0.2819077452816206 -0.8339178582630288 0)
(0.3177983937134171 -0.8339794814501724 0)
(0.3534273614184371 -0.8340257804430451 0)
(0.3893901319003376 -0.8340593603851216 0)
(0.4260927244194206 -0.8340815173713696 0)
(0.4667824325944284 -0.8340928499287634 0)
(0.4859742264201442 -0.8340929639057508 0)
(0.5 -0.8340911127859771 0)
(0.5 0.8531887651917618 0)
(0.481608133907518 0.8531904620829422 0)
(0.4565443271290088 0.8531880799598306 0)
(0.4189887681438036 0.8531743557834199 0)
(0.3869237659116032 0.8531526455603506 0)
(0.3557095221372537 0.8531221020810913 0)
(0.3210489181993289 0.8530761015259265 0)
(0.2824512993398661 0.8530078418450087 0)
(0.2446936601515979 0.8529212223086329 0)
(0.2064748031897683 0.8528102397360524 0)
(0.1684477306614922 0.85267227212835 0)
(0.1305534536639197 0.852502332969412 0)
(0.09262047501459329 0.8522935654549397 0)
(0.05446978779918527 0.8520369085347421 0)
(0.01596942683397115 0.8517207145833223 0)
(-0.02288402696861393 0.8513309514136927 0)
(-0.06197380515727709 0.850851473933911 0)
(-0.10005116815076 0.8502822575774862 0)
(-0.1367362809942882 0.849618226570639 0)
(-0.1735274810146661 0.8488134065961691 0)
(-0.2119747755978803 0.8477916819659701 0)
(-0.2515116797564251 0.8465074068832713 0)
(-0.2902129058962168 0.8449698959270663 0)
(-0.327757429385037 0.8431551586323169 0)
(-0.3652855840061042 0.8409610378943606 0)
(-0.4038558862733886 0.8382360859143442 0)
(-0.4429908616347114 0.8348881584105705 0)
(-0.4817393285010061 0.8308758836466644 0)
(-0.5196534857942662 0.8261405422266803 0)
(-0.5569724978736589 0.8205590948277151 0)
(-0.5951540816246198 0.8137720834497307 0)
(-0.634848451786328 0.8054103728584789 0)
(-0.6731042450993934 0.7959224916051827 0)
(-0.7107784866017022 0.7850588130969767 0)
(-0.7474584191471749 0.7729105665568066 0)
(-0.7813195919335403 0.7602089126763132 0)
(-0.8113815491416169 0.7476344964919224 0)
(-0.8395390490515633 0.7346700448276816 0)
(-0.8686787149579527 0.7199534848402457 0)
(-0.8996380980045923 0.7027459718305591 0)
(-0.9322250581678168 0.6827368739518708 0)
(-0.966334489952719 0.6595145624744192 0)
(-1.000490845122515 0.6336522989728943 0)
(-1.03308774859659 0.6062153592975181 0)
(-1.063250942095031 0.5780901403816533 0)
(-1.088644200221797 0.552059998807347 0)
(-1.108946816517341 0.5294714134971636 0)
(-1.12833982166288 0.5062312713322716 0)
(-1.151455120019681 0.4760053332929279 0)
(-1.178473277547557 0.4364666615793008 0)
(-1.203009403957804 0.395634474644909 0)
(-1.222591171235749 0.3585315653604997 0)
(-1.238597146601975 0.3241990554537076 0)
(-1.252778203792274 0.2896842384909149 0)
(-1.265811394904287 0.253165811036231 0)
(-1.277501431132916 0.2145386654224834 0)
(-1.287702244960569 0.1733269810706517 0)
(-1.296455999364304 0.1270923351640687 0)
(-1.302632859587379 0.07914553671099682 0)
(-1.305818286856507 0.03367726636646786 0)
(-1.306466867526208 -0.009232671491556165 0)
(-1.305024913728328 -0.04904970147476158 0)
(-1.301837514558057 -0.08675448593754187 0)
(-1.297049520222778 -0.1232241098307687 0)
(-1.290641769588887 -0.1592617893871748 0)
(-1.282267361905755 -0.1963341933205467 0)
(-1.271970126515884 -0.2335969424617228 0)
(-1.260475159512699 -0.2687054296116582 0)
(-1.246802067432943 -0.3047006377013294 0)
(-1.229655835878088 -0.3437895468286345 0)
(-1.211022082638114 -0.3808971232398238 0)
(-1.192224103523595 -0.4141365281800589 0)
(-1.171483037350564 -0.4470621145815623 0)
(-1.147518790319352 -0.4812141429739406 0)
(-1.121479767073796 -0.5145235161654528 0)
(-1.093627484415488 -0.5465699245449306 0)
(-1.063978074171594 -0.5772948200505328 0)
(-1.034135055142974 -0.6052212134366851 0)
(-1.004333121939443 -0.6305113913690513 0)
(-0.9736006120255323 -0.6542022516816342 0)
(-0.9412029198917713 -0.6768376345791284 0)
(-0.9074980202959017 -0.6980958526450295 0)
(-0.8734698046128404 -0.7174127276158319 0)
(-0.8394174919950528 -0.7347760835060723 0)
(-0.8050762512482837 -0.7504596443546763 0)
(-0.769865183365693 -0.7647858012285748 0)
(-0.7333159357322845 -0.7779221146528805 0)
(-0.6957901593915312 -0.7897161810120539 0)
(-0.6580243792890881 -0.7999957161505727 0)
(-0.6201978559638935 -0.8088335793282924 0)
(-0.5823555229601218 -0.8163579716969903 0)
(-0.5445429978199162 -0.8227058299863468 0)
(-0.5067795266479391 -0.8280215375993298 0)
(-0.4692380050178196 -0.8324297127950558 0)
(-0.4317047068788293 -0.8360934965007396 0)
(-0.3938956128943529 -0.8391516043831125 0)
(-0.3559557283286296 -0.8416866721564298 0)
(-0.3180962919237397 -0.8437732575883653 0)
(-0.2802852105533688 -0.8454907756676444 0)
(-0.2424165297558206 -0.8469072215404088 0)
(-0.2045364332380767 -0.8480732270617697 0)
(-0.1670582218023035 -0.8490230231283324 0)
(-0.1302550862466471 -0.849792668754632 0)
(-0.09342331001178254 -0.8504295481272278 0)
(-0.05585585128037671 -0.8509659090444865 0)
(-0.01782524994537414 -0.8514126928960343 0)
(0.02022130903038302 -0.8517797847034649 0)
(0.05822037696498178 -0.8520807309152344 0)
(0.09611958251483627 -0.8523269187384047 0)
(0.1338334882122795 -0.8525275550100657 0)
(0.1712966604786464 -0.8526903281107058 0)
(0.2084439023648516 -0.8528215490707304 0)
(0.2453159019915203 -0.8529266088012121 0)
(0.2819652544095019 -0.8530097465216075 0)
(0.3196205016617144 -0.8530760408585051 0)
(0.3569459003425117 -0.8531250892668392 0)
(0.3928110084230364 -0.8531584705956238 0)
(0.4273077241136504 -0.8531792539898093 0)
(0.4648901326580506 -0.8531900861020207 0)
(0.4851507956716645 -0.8531906245307461 0)
(0.5 -0.8531887651374428 0)
(0.5 0.8723878132183449 0)
(0.4809808323348218 0.8723895034077586 0)
(0.4557527344973923 0.8723868229311186 0)
(0.4210926580763899 0.8723739991575701 0)
(0.390238136180854 0.8723532945093695 0)
(0.3584869083186228 0.8723223119441693 0)
(0.3211070552251378 0.8722717903698801 0)
(0.2818725854025111 0.872200426275454 0)
(0.2438015136057342 0.8721104283241101 0)
(0.2055768337259299 0.8719960604746039 0)
(0.1674937578791376 0.8718538001310129 0)
(0.12949816294191 0.8716783991319761 0)
(0.09144807184743792 0.8714627897535029 0)
(0.05318853991827169 0.8711976791839988 0)
(0.01459125816346501 0.8708710494844681 0)
(-0.02441631320311012 0.8704676752705379 0)
(-0.06390779306160717 0.8699678010973058 0)
(-0.1020529597857039 0.8693789591980594 0)
(-0.1382343618358776 0.8687038448427019 0)
(-0.1745637392990582 0.8678872589594316 0)
(-0.2131617475809569 0.8668350121554361 0)
(-0.2531070339169819 0.8655033222722851 0)
(-0.2922112851014792 0.8639080394580974 0)
(-0.3303901930672375 0.8620118863123114 0)
(-0.3685424405245831 0.8597174010414904 0)
(-0.4074682526716818 0.8568872623438245 0)
(-0.4465604102308875 0.8534515181058467 0)
(-0.4849483307606444 0.8493846335410427 0)
(-0.5229332391698102 0.8445530475585431 0)
(-0.5610183716389522 0.8387672394268576 0)
(-0.5996369434592664 0.8318079095005588 0)
(-0.6392648562029625 0.8233759416635121 0)
(-0.6784330698975523 0.8135908853969459 0)
(-0.7175510681364173 0.8022262959808764 0)
(-0.7562603472080591 0.789277109337376 0)
(-0.7914974439558385 0.7758903033011681 0)
(-0.8220763092217106 0.7629308847265772 0)
(-0.8498979332557094 0.7499811940114092 0)
(-0.8774616623569125 0.7359906459459843 0)
(-0.907163758671001 0.7195114308475152 0)
(-0.9402374579117153 0.6992992064680379 0)
(-0.9760218726713458 0.675024795825509 0)
(-1.012227570032337 0.6476249869749382 0)
(-1.046017047843363 0.6191230061904633 0)
(-1.076580969293957 0.5905529291968817 0)
(-1.102829403257699 0.5635803438561628 0)
(-1.123978792222651 0.5399553839459844 0)
(-1.143282962579651 0.5167254291848946 0)
(-1.165574857289678 0.4875813524511183 0)
(-1.192733792865183 0.4479792524826768 0)
(-1.218458918870371 0.4053255601146635 0)
(-1.239064767780349 0.3663148645461325 0)
(-1.255448247975579 0.3311262334471796 0)
(-1.269748646546825 0.2962990690320613 0)
(-1.283155496191575 0.2587248722475706 0)
(-1.295154490566264 0.2190289791059692 0)
(-1.305450136081246 0.1774173296763128 0)
(-1.314372532604882 0.1303880505254392 0)
(-1.320743552033805 0.08106447732333229 0)
(-1.324011871357556 0.0344841651204183 0)
(-1.324677003015692 -0.009443828657285581 0)
(-1.323205811918037 -0.05010119892221492 0)
(-1.319956369243372 -0.08858887898729634 0)
(-1.31507850327206 -0.1258015581607626 0)
(-1.308565485041238 -0.1625062521955531 0)
(-1.300060861259842 -0.2002506417408597 0)
(-1.289575024198228 -0.2382964200084086 0)
(-1.277810186336191 -0.2743111914623727 0)
(-1.263635087020246 -0.3116554794637063 0)
(-1.245971526236798 -0.3518948453574953 0)
(-1.22729739763773 -0.389086968531504 0)
(-1.208360139072407 -0.4226439693958629 0)
(-1.186846204554294 -0.4568578062163228 0)
(-1.16201995555449 -0.4922446575923494 0)
(-1.135562805952661 -0.5260841511875629 0)
(-1.107033510916913 -0.5589133857004626 0)
(-1.076736331246903 -0.5903122126792297 0)
(-1.046628466255396 -0.6185078351086123 0)
(-1.016437365250226 -0.6441766057572824 0)
(-0.9849575444180165 -0.6684973631701497 0)
(-0.9515942076407292 -0.6918487910222435 0)
(-0.9170494720316774 -0.7136657339285237 0)
(-0.8825772550262005 -0.7332688265780347 0)
(-0.8483003383501733 -0.7508028597211336 0)
(-0.8135634248447581 -0.7667453864265311 0)
(-0.777644414186569 -0.7814477729662684 0)
(-0.7402682117291709 -0.7949701133240392 0)
(-0.7019385458846257 -0.8071042078730497 0)
(-0.6634378852610421 -0.8176706249537544 0)
(-0.6250257670477111 -0.8267345324426606 0)
(-0.5867073289277365 -0.8344470011233062 0)
(-0.5484398361966512 -0.8409669740492308 0)
(-0.5102447061632792 -0.8464375685193342 0)
(-0.4724307313005478 -0.8509670207880495 0)
(-0.4346898120492779 -0.8547347245830783 0)
(-0.3965874530640054 -0.8578927002178427 0)
(-0.358331493050511 -0.8605149277284043 0)
(-0.3201787661436226 -0.8626732237320799 0)
(-0.2820934280423126 -0.8644494684403159 0)
(-0.2439732790033495 -0.8659136823009135 0)
(-0.2058062865501828 -0.8671199659355138 0)
(-0.1681357982892829 -0.8681000034872779 0)
(-0.1314687509044451 -0.8688877374452642 0)
(-0.09482196773832116 -0.86953973595156 0)
(-0.05716528240763787 -0.8700934069959781 0)
(-0.0189685650624248 -0.8705554740667013 0)
(0.01913346019665053 -0.8709339700899943 0)
(0.05714813165648624 -0.8712439875716496 0)
(0.09506079892088175 -0.8714976207129485 0)
(0.1328035163896728 -0.871704425912325 0)
(0.1703299978726407 -0.871872362092473 0)
(0.2076302927121534 -0.8720080424309504 0)
(0.2447664904903388 -0.8721169359881893 0)
(0.2819237996343072 -0.8722035523360189 0)
(0.3203305339191689 -0.8722728198402265 0)
(0.359344871119228 -0.8723248933908025 0)
(0.3963645264196647 -0.872359257605717 0)
(0.4295209399157184 -0.8723788886658447 0)
(0.4630332767316643 -0.8723887076310919 0)
(0.484102216795525 -0.8723896832817633 0)
(0.5 -0.8723878131624838 0)
(0.5 0.8916706947329087 0)
(0.4809126662926709 0.8916723944265624 0)
(0.4564453645186606 0.891669779519849 0)
(0.4234188296721297 0.8916576836310682 0)
(0.3926741773155319 0.8916372417270436 0)
(0.3595956826882408 0.8916047480440049 0)
(0.3202533751529228 0.8915503350494496 0)
(0.281188748222078 0.8914773301865149 0)
(0.2429334556736216 0.8913845278969182 0)
(0.2046811265560062 0.8912671088125119 0)
(0.1665388482856505 0.8911210149369022 0)
(0.1284539560528896 0.8909407774571313 0)
(0.09030448189582427 0.8907191375490034 0)
(0.05194879901840788 0.8904465617994157 0)
(0.01326001559425931 0.8901106810364651 0)
(-0.02591054686192439 0.8896949791180013 0)
(-0.06597783981049885 0.8891737438156433 0)
(-0.1042286679895809 0.8885660993666596 0)
(-0.1396847840321221 0.8878866171802258 0)
(-0.1753595005242771 0.8870666219781171 0)
(-0.2142221080254902 0.8859851630452159 0)
(-0.2547840009027596 0.8846032069605676 0)
(-0.2943077600785265 0.8829535594976001 0)
(-0.3330512291800694 0.8809837864902406 0)
(-0.3717573086791804 0.8785987382837011 0)
(-0.4110818095142551 0.8756677631735713 0)
(-0.4501921472809148 0.8721483667300048 0)
(-0.4882056822381116 0.8680401341597361 0)
(-0.5262460664136605 0.8631255069717914 0)
(-0.5650989609636101 0.8571438519497757 0)
(-0.6041490302876117 0.8500232561142651 0)
(-0.6438959608788216 0.841490032941999 0)
(-0.6837880963265461 0.8314600191720803 0)
(-0.7241530649930521 0.8196612916319956 0)
(-0.7641103776375419 0.8062009342167831 0)
(-0.800911764021534 0.7920989612912787 0)
(-0.8327152815932111 0.7784783780852736 0)
(-0.8609981840927105 0.765169517725119 0)
(-0.8878042174945248 0.7514514042411845 0)
(-0.9157172537755069 0.7359387508672747 0)
(-0.9480685040259997 0.7162472930328564 0)
(-0.9852830301797949 0.6911211223501273 0)
(-1.02359378130908 0.6621881388613631 0)
(-1.059145292666916 0.6321616307902224 0)
(-1.090390830590334 0.602867552075339 0)
(-1.11705414625326 0.5753941912285275 0)
(-1.139069423579786 0.5507217977571752 0)
(-1.158470348090101 0.5272846321855659 0)
(-1.180105416325563 0.498984308713634 0)
(-1.207247503765007 0.459525103290404 0)
(-1.234047659808619 0.415241780042684 0)
(-1.255699267989531 0.374298048685344 0)
(-1.272531781236388 0.3381034065664725 0)
(-1.28697954198401 0.3028859430465813 0)
(-1.300727984396183 0.264336001994364 0)
(-1.313005503851207 0.2236796430253578 0)
(-1.32343103358824 0.1815345358231368 0)
(-1.332529433303077 0.1336577858480452 0)
(-1.339084823640235 0.08302356478944888 0)
(-1.342439513531234 0.03528327617900556 0)
(-1.343120581156822 -0.009664677824783622 0)
(-1.341624097007792 -0.05109471462328675 0)
(-1.338324231866135 -0.09029053802672189 0)
(-1.333347338246061 -0.1283547273292812 0)
(-1.326683668905274 -0.1659667030807436 0)
(-1.318035893327645 -0.2044021805714836 0)
(-1.30744640511317 -0.2429188399421477 0)
(-1.295423126687032 -0.2798299406853846 0)
(-1.280643256969794 -0.3187981985945034 0)
(-1.262464844773586 -0.3601707224307999 0)
(-1.243783137895291 -0.3973773667052525 0)
(-1.224656695648946 -0.4313361791757411 0)
(-1.202302209793574 -0.466933915622984 0)
(-1.176666275665174 -0.5034699264689113 0)
(-1.149853599727632 -0.5377578858672997 0)
(-1.120625886646309 -0.5713966169806298 0)
(-1.089719698906475 -0.6034325731269727 0)
(-1.059269935734861 -0.631971278665448 0)
(-1.028540465854698 -0.658138051568069 0)
(-0.9963763727188315 -0.6830305798824347 0)
(-0.9620506054366076 -0.7070900793375525 0)
(-0.9266732374644423 -0.7294561688048006 0)
(-0.8919498698715498 -0.7492361760590944 0)
(-0.8574328458416153 -0.7669536076969673 0)
(-0.8220956807643623 -0.7832479858363439 0)
(-0.7853729144088316 -0.7983578050833123 0)
(-0.7472308173125539 -0.8122352315686098 0)
(-0.7081418713987389 -0.8246882967286236 0)
(-0.6689221454540731 -0.8355307565026517 0)
(-0.6299131880474298 -0.844815740138855 0)
(-0.5911104705981345 -0.8527088622282408 0)
(-0.5523748802990563 -0.8593933143953622 0)
(-0.5137085821651851 -0.8650139161640223 0)
(-0.4756434922299076 -0.8696512497293498 0)
(-0.437740644397137 -0.8735088123768034 0)
(-0.3993284881106005 -0.8767601634982766 0)
(-0.360723401433346 -0.8794647377255995 0)
(-0.3222728418213754 -0.8816886870573165 0)
(-0.2839194747611997 -0.8835179924135231 0)
(-0.245548968888558 -0.8850253980883216 0)
(-0.207042566877645 -0.8862697562683727 0)
(-0.169119249325086 -0.8872780597541493 0)
(-0.132676943129433 -0.888078803444922 0)
(-0.09632141179261385 -0.8887417244184688 0)
(-0.05853429101117169 -0.8893116981972696 0)
(-0.02011073551245194 -0.8897883585067108 0)
(0.01804966095532629 -0.8901769909309269 0)
(0.0560846891385008 -0.8904950423776915 0)
(0.09401555311299606 -0.8907552744029139 0)
(0.1317936315725306 -0.8909675732340028 0)
(0.1693878132343026 -0.8911401174447793 0)
(0.2068269697479522 -0.8912797557007039 0)
(0.2442038419493663 -0.8913920709107005 0)
(0.2817612736929417 -0.8914816813888294 0)
(0.3204350547685278 -0.8915529878691211 0)
(0.3607305745661583 -0.891607708874029 0)
(0.3997867829328591 -0.8916439524947628 0)
(0.4322063227103623 -0.8916626420738358 0)
(0.4618456831178362 -0.8916712987280401 0)
(0.4830531575205806 -0.8916725776022401 0)
(0.5 -0.8916706946757117 0)
(0.5 0.9110228180109339 0)
(0.4819104525299371 0.9110245550858441 0)
(0.4585720049759202 0.9110223447025297 0)
(0.4253053319147918 0.9110104721279826 0)
(0.3936409128536155 0.9109893974568782 0)
(0.3588726847754858 0.9109545357506942 0)
(0.3193749225132278 0.9108985438205124 0)
(0.2804418463588371 0.9108240737039661 0)
(0.2420740304198407 0.9107289414356307 0)
(0.2037845973233481 0.9106088531902566 0)
(0.1655892044121328 0.9104594471095937 0)
(0.12742761359756 0.9102750446134068 0)
(0.08919106284134204 0.9100482076734129 0)
(0.05075408938294276 0.9097692341232492 0)
(0.0119861902246055 0.9094254292984741 0)
(-0.02733198396143904 0.9089990684833806 0)
(-0.06823515477920758 0.9084543411318509 0)
(-0.1066587764315908 0.9078281020080112 0)
(-0.141067310000652 0.9071530429995239 0)
(-0.1758171442768554 0.9063403286733575 0)
(-0.2151236756015252 0.9052294945105674 0)
(-0.2565612000321362 0.9037926163497854 0)
(-0.2964839054682512 0.902093734486437 0)
(-0.3357294540151436 0.900058421322092 0)
(-0.3749357861861977 0.8975922700446645 0)
(-0.4147265137478218 0.8945628826922156 0)
(-0.4539132563317543 0.890963518624995 0)
(-0.4914582218441866 0.8868358642186885 0)
(-0.5295127742906875 0.8818559878995976 0)
(-0.5692282275961968 0.8756733713507215 0)
(-0.6087019673403798 0.8684024491971331 0)
(-0.6486841702403663 0.8597515379650679 0)
(-0.6891989558581837 0.8495078182233834 0)
(-0.7305999286907456 0.8373464224742634 0)
(-0.7718905765477014 0.8233574281373994 0)
(-0.8096396086960451 0.8087979295672144 0)
(-0.8426333281415391 0.7945655790771033 0)
(-0.8719139502425474 0.7806706934931728 0)
(-0.8987399954970926 0.7668303863967671 0)
(-0.9256755899390867 0.7517926263611181 0)
(-0.9565550390761016 0.7330268869603056 0)
(-0.994285457827049 0.7076654387891181 0)
(-1.034711513960822 0.6772268809000745 0)
(-1.072284345709085 0.6454809870813564 0)
(-1.104628264734432 0.6150657296560966 0)
(-1.131491574381482 0.587298044344479 0)
(-1.153931252259076 0.5620865914294867 0)
(-1.173620976365574 0.5382410833473894 0)
(-1.195033111047645 0.5102111388490588 0)
(-1.222167254133585 0.4708436091585716 0)
(-1.249844460232996 0.4252350078305238 0)
(-1.27241461348332 0.3826120366202521 0)
(-1.289770052670521 0.3452752627460235 0)
(-1.304486807320536 0.3093662754794629 0)
(-1.318554592102424 0.2698790545160151 0)
(-1.331048955071422 0.2284613191679428 0)
(-1.341631346454058 0.1856797987838853 0)
(-1.350911766080621 0.1369126852757352 0)
(-1.357643707890319 0.08502153198416212 0)
(-1.361088030841488 0.03607833870687038 0)
(-1.361784395095294 -0.009916458164282013 0)
(-1.360266399282974 -0.05203545997929985 0)
(-1.356930752105707 -0.09183320406023354 0)
(-1.351844981625026 -0.1308697063215286 0)
(-1.34497714270674 -0.1696732821556503 0)
(-1.336173933862968 -0.2088102572449764 0)
(-1.325590894303624 -0.2473963022319508 0)
(-1.313325947725893 -0.2851886295048994 0)
(-1.297830440268634 -0.3260852110046642 0)
(-1.279132840397843 -0.3685927495584184 0)
(-1.260386572540469 -0.4059149879639965 0)
(-1.240998468237271 -0.4403814856594433 0)
(-1.217897658034904 -0.4771970690770636 0)
(-1.191513352486166 -0.5147928919065785 0)
(-1.16428962794207 -0.549599977356733 0)
(-1.134432077941033 -0.5839702378051352 0)
(-1.102914546609242 -0.6166508717214972 0)
(-1.071994377483528 -0.6456522183767165 0)
(-1.04068530881933 -0.6723444364735655 0)
(-1.007908514776344 -0.6977479952279477 0)
(-0.9725739126183025 -0.7225446050673093 0)
(-0.9364470582828015 -0.7454050500722609 0)
(-0.9015470469963218 -0.7653213346509984 0)
(-0.8666081355092513 -0.7833140388329671 0)
(-0.8305897940276847 -0.7999896907672912 0)
(-0.7931426026196542 -0.8154667429414781 0)
(-0.7542530626376742 -0.8296869696163875 0)
(-0.7143923604481642 -0.842456974191232 0)
(-0.6744656287384099 -0.8535652951168295 0)
(-0.634844637374083 -0.8630670372588285 0)
(-0.5955600418346785 -0.8711311357357759 0)
(-0.5563479324621808 -0.8779717976712547 0)
(-0.5171500096607602 -0.8837406637844543 0)
(-0.4788598883292978 -0.8884715384639666 0)
(-0.4408626102511934 -0.8924024173545198 0)
(-0.402119633588657 -0.8957410341106561 0)
(-0.3631274620412067 -0.8985233706623775 0)
(-0.3243780551604823 -0.9008064589470572 0)
(-0.2857601139640409 -0.9026830355335872 0)
(-0.2471475641941666 -0.904228571282332 0)
(-0.2082350060336455 -0.905509127537889 0)
(-0.1699576456954376 -0.9065445812107756 0)
(-0.1338683398455421 -0.9073520652351692 0)
(-0.09796620386392992 -0.9080205876042813 0)
(-0.0599784602296188 -0.9086063342545788 0)
(-0.02123552764452546 -0.9090972571275328 0)
(0.01697886901404969 -0.9094945975972011 0)
(0.05503552930927301 -0.9098195559305838 0)
(0.09298527609730155 -0.9100854659114705 0)
(0.1307971651465976 -0.910302503849663 0)
(0.1684596881221544 -0.9104790604078031 0)
(0.206027058539184 -0.9106221441530513 0)
(0.2436154119249946 -0.9107374299694608 0)
(0.2814908283689435 -0.9108295809529938 0)
(0.3204004232026025 -0.9109026741821448 0)
(0.3611329947101796 -0.9109589428315257 0)
(0.4026295513809575 -0.9109976156531275 0)
(0.4351357606745141 -0.9110158148340626 0)
(0.4614913258379078 -0.9110233104912292 0)
(0.4820580551044125 -0.9110247199425874 0)
(0.5 -0.9110228179526163 0)
(0.5 0.9304320970149567 0)
(0.4833489620357014 0.9304338754397098 0)
(0.4618689393100283 0.9304323565395526 0)
(0.4268861113232448 0.9304203422830609 0)
(0.3931917882948506 0.9303976852240877 0)
(0.3573414510311799 0.9303607661183694 0)
(0.3184438799535078 0.9303042976877497 0)
(0.2796368959805681 0.9302286057554021 0)
(0.2412050329834292 0.9301315777353693 0)
(0.2028772139872307 0.9300092330807291 0)
(0.1646294012765616 0.9298570263759882 0)
(0.1263988427359964 0.9296691199407752 0)
(0.08808664276815825 0.9294379296280018 0)
(0.04957960048230343 0.9291536159693965 0)
(0.0107504640579308 0.9288032864851224 0)
(-0.02863147247174794 0.9283688261041158 0)
(-0.06954449486561429 0.9278148127220298 0)
(-0.10799111253331 0.9271776828626412 0)
(-0.1424779579187088 0.926489479365051 0)
(-0.1772988837714594 0.9256613230083843 0)
(-0.2166777030398797 0.9245308231831684 0)
(-0.2584705926048889 0.923058893426708 0)
(-0.2987222610544176 0.9213182166657972 0)
(-0.3384191077456675 0.9192253924123862 0)
(-0.378074968300409 0.9166879927086798 0)
(-0.4184329134703691 0.9135599408468272 0)
(-0.4577640922420913 0.9098825987039528 0)
(-0.4946433124626343 0.9057689035118995 0)
(-0.5326404094471614 0.900747134032579 0)
(-0.5734272142462706 0.8943412120314316 0)
(-0.6132921879672483 0.8869350300240193 0)
(-0.6535828141103688 0.8781594042648814 0)
(-0.6947238384726847 0.8677064887787385 0)
(-0.7369167847385074 0.855262843123252 0)
(-0.7795295077193948 0.840762069425954 0)
(-0.8183917664899468 0.8256907181506811 0)
(-0.8519818432522741 0.8111190442062161 0)
(-0.8821608311709132 0.7967164600608067 0)
(-0.909294971280088 0.7826359605565056 0)
(-0.9359770476426784 0.7676789102379121 0)
(-0.9662151441295928 0.7492927016668006 0)
(-1.003684536141839 0.724176191596927 0)
(-1.045781922502553 0.6925655788061422 0)
(-1.08528155405096 0.6592021940482885 0)
(-1.119088607282194 0.6273325250191822 0)
(-1.146138133949929 0.5992796482292805 0)
(-1.168674037039932 0.573907453918343 0)
(-1.188839463038348 0.5494450666813394 0)
(-1.210340491315489 0.5212672183978099 0)
(-1.237402638231309 0.4820557288153174 0)
(-1.265857193033616 0.4352689284680245 0)
(-1.289256841588005 0.3911393715396485 0)
(-1.307194868357293 0.3525417117513422 0)
(-1.322225892622667 0.315825380295132 0)
(-1.336575945256415 0.2754993269665408 0)
(-1.349288803030865 0.233317692685417 0)
(-1.360052992302524 0.1897922896949409 0)
(-1.369507666101297 0.1401572789469885 0)
(-1.376407889528011 0.08707051654121185 0)
(-1.379945244360535 0.03689567959977645 0)
(-1.380657812552585 -0.0101575958235649 0)
(-1.379119272356727 -0.05296329619779063 0)
(-1.375750592759109 -0.09334951603073573 0)
(-1.370554368167929 -0.1333849976982437 0)
(-1.363465955906391 -0.1734709214854764 0)
(-1.354503891842776 -0.213314340016321 0)
(-1.343936368011883 -0.2519308040255451 0)
(-1.331436838308432 -0.2905859060458088 0)
(-1.31520272695551 -0.3334725861542336 0)
(-1.296015726798926 -0.3770490105328417 0)
(-1.277125586052935 -0.4146424995018979 0)
(-1.25739817003225 -0.4497373153320234 0)
(-1.233615365002461 -0.4876531849606195 0)
(-1.206545647700499 -0.5262158726696451 0)
(-1.178880169579927 -0.5615817724461337 0)
(-1.148462364790321 -0.5966065820454856 0)
(-1.116251645958162 -0.6300198611173694 0)
(-1.084734285430239 -0.6595963168952632 0)
(-1.052911072338824 -0.6867498791584157 0)
(-1.019557090306359 -0.7126336020986007 0)
(-0.983228824942352 -0.7381558840934433 0)
(-0.9463818415338338 -0.7614926554072829 0)
(-0.9111898423246449 -0.7816085648052152 0)
(-0.8757620167513487 -0.7999034210786212 0)
(-0.839129794437328 -0.8169220914737901 0)
(-0.800995513742933 -0.8327465104587469 0)
(-0.7613248965458494 -0.8473171067920885 0)
(-0.7206851011300458 -0.8604001539005965 0)
(-0.6800616224520738 -0.871764476274577 0)
(-0.6398018937315647 -0.8814811867619398 0)
(-0.6000487321124082 -0.8897041181702826 0)
(-0.560360435879372 -0.8966913214102106 0)
(-0.5205329703029099 -0.9026121715452015 0)
(-0.4820632664107649 -0.9074193115769805 0)
(-0.4440815251442967 -0.9114024929277674 0)
(-0.4049641640858814 -0.9148244212244552 0)
(-0.3655286366593912 -0.9176810947762212 0)
(-0.3264876000752555 -0.9200159920580365 0)
(-0.2876137595366258 -0.921933549273072 0)
(-0.2487846521557991 -0.9235113181979687 0)
(-0.2096430401962297 -0.9248188000642547 0)
(-0.1712353598938053 -0.9258734790973464 0)
(-0.1350708600960489 -0.9266953292874777 0)
(-0.09911639069746923 -0.9273755630502384 0)
(-0.06110668403181301 -0.9279710965686048 0)
(-0.02231228667960881 -0.9284707263114407 0)
(0.01592585025145148 -0.9288749750067621 0)
(0.0539977300284792 -0.9292056019666187 0)
(0.09196965374935122 -0.9294762533994938 0)
(0.1298138850369338 -0.9296972443575575 0)
(0.1675383675939427 -0.9298771601861469 0)
(0.2052234067727099 -0.9300231569225897 0)
(0.2429939529777422 -0.9301409423563107 0)
(0.2811184619818438 -0.9302351889607288 0)
(0.3202059540283331 -0.9303097596188552 0)
(0.3609264585755496 -0.9303669162054438 0)
(0.4043067342603611 -0.9304077006054603 0)
(0.4374424111714703 -0.9304259260006063 0)
(0.4621998883734977 -0.9304326942695572 0)
(0.4820575647454526 -0.9304340157256393 0)
(0.5 -0.9304320969557351 0)
(0.5 0.9498885461850505 0)
(0.4845362420539293 0.9498903563098189 0)
(0.46440277955724 0.9498893582108902 0)
(0.4279887613519807 0.9498772141615779 0)
(0.3927070850847655 0.9498532737414043 0)
(0.3561129132717205 0.9498148224210751 0)
(0.3175130238904981 0.9497577197958921 0)
(0.2787981366960013 0.949681017534454 0)
(0.2403261069935016 0.9495824887734394 0)
(0.2019622051727616 0.9494583263138257 0)
(0.1636674528213522 0.9493038729658297 0)
(0.1253767798710105 0.9491131635603343 0)
(0.08699935017374077 0.9488785012997197 0)
(0.04843323201683562 0.9485899561835694 0)
(0.009562825713096504 0.9482345889545546 0)
(-0.02979340976871771 0.9477947865993537 0)
(-0.06997957623158411 0.9472449079666109 0)
(-0.1083117665420572 0.9466044179576015 0)
(-0.1439539927945542 0.9458855313090465 0)
(-0.1799581037990539 0.9450150407939217 0)
(-0.2192650763775847 0.9438666744119212 0)
(-0.2605310955417144 0.9423918121919863 0)
(-0.301019608290878 0.9406179871622121 0)
(-0.3411131688211561 0.9384763198075489 0)
(-0.38114931609069 0.9358794524341919 0)
(-0.4217133378942481 0.9326927530253754 0)
(-0.4609667686756956 0.9289772116502362 0)
(-0.4978561153769079 0.9248189715061862 0)
(-0.5362457589463934 0.9197002288543383 0)
(-0.5777885559058611 0.91312220488332 0)
(-0.6179008565702118 0.9056155091046653 0)
(-0.6585432280678951 0.8967152266696338 0)
(-0.7004378852044548 0.886025335590195 0)
(-0.7431485187063466 0.8733869984050644 0)
(-0.7869482872159776 0.8584346668086127 0)
(-0.8270863741567152 0.8428019962476988 0)
(-0.861293529746692 0.8278904355942353 0)
(-0.8916268328736836 0.8133575476972003 0)
(-0.9192244699451052 0.7989925677758133 0)
(-0.9463217195466218 0.7837611785342391 0)
(-0.9765479908739674 0.7653561866848693 0)
(-1.013921320637218 0.7403283064688366 0)
(-1.056901236569855 0.7081151709640012 0)
(-1.098199595107187 0.6732571092873924 0)
(-1.13375357179645 0.6396729702310766 0)
(-1.161068888757143 0.6112442791816863 0)
(-1.183376153881128 0.586080292982422 0)
(-1.203967029573455 0.5610826336139992 0)
(-1.225838638683754 0.5323986493879984 0)
(-1.253050208871871 0.4929952760462241 0)
(-1.282056099107121 0.4453768969073854 0)
(-1.306261223100691 0.3997882930353884 0)
(-1.324837576454601 0.3598080035920542 0)
(-1.340163114622621 0.3223251887602986 0)
(-1.354740636605358 0.2813236517912922 0)
(-1.367726344562898 0.2382085741876749 0)
(-1.378698169686224 0.1938179653020358 0)
(-1.388305774680992 0.1434037662215285 0)
(-1.395367637677704 0.08917391632941228 0)
(-1.399001119317799 0.03775117775015605 0)
(-1.399731918553773 -0.01034124920960893 0)
(-1.398171797521898 -0.05390435833472255 0)
(-1.394759893978806 -0.09497530696209829 0)
(-1.389457970020974 -0.1359533230594887 0)
(-1.382176438274499 -0.1771810822209236 0)
(-1.373048666989965 -0.2177838089302333 0)
(-1.362421633103291 -0.2566946571036766 0)
(-1.349658173963551 -0.2962708721540705 0)
(-1.332778586688102 -0.3408903609852618 0)
(-1.313162664863439 -0.3854125382744262 0)
(-1.294010175064094 -0.4235209640663098 0)
(-1.273861218489264 -0.4593764567958835 0)
(-1.249443191814811 -0.4983036174842023 0)
(-1.221737470463363 -0.5377577910049965 0)
(-1.193603851863589 -0.5737144639674844 0)
(-1.162708481207312 -0.6093007748692424 0)
(-1.129758231446457 -0.6434994383961206 0)
(-1.097511774207328 -0.6737713399463159 0)
(-1.065220005801861 -0.7013406005186482 0)
(-1.031307236013163 -0.7276867461803125 0)
(-0.9940274711192865 -0.7539044582456292 0)
(-0.9564118343334653 -0.7777475269454855 0)
(-0.9207969591706703 -0.7981315423403437 0)
(-0.8849341576183448 -0.8166922751180251 0)
(-0.84774708723437 -0.8340213871442432 0)
(-0.8089111185982771 -0.8501951702791547 0)
(-0.7684367142851125 -0.865119193648485 0)
(-0.7270178665541066 -0.8785088527233702 0)
(-0.6857054884837857 -0.8901199367318144 0)
(-0.6447658709590861 -0.9000531160512345 0)
(-0.6045698151415581 -0.9084199007999154 0)
(-0.5645235303254494 -0.9155247254126916 0)
(-0.5241775862167423 -0.9215756652638005 0)
(-0.4852766209154602 -0.9264832809118526 0)
(-0.4470044148074981 -0.9305382979509154 0)
(-0.4076279534162384 -0.9340204745491203 0)
(-0.3679051706883937 -0.9369305762706535 0)
(-0.3285913135210429 -0.9393088529925357 0)
(-0.2894762513783027 -0.9412605464848683 0)
(-0.2504642592772464 -0.9428641263205769 0)
(-0.2114033113666062 -0.9441849120368063 0)
(-0.1730528763928237 -0.9452522934587796 0)
(-0.1362981281505273 -0.9460987037138279 0)
(-0.0997421161872801 -0.9467978206706098 0)
(-0.06184274596971638 -0.9473975364551109 0)
(-0.02332399393545067 -0.9478992311693406 0)
(0.01489951976395415 -0.9483084151413955 0)
(0.05298506305277313 -0.9486434585650984 0)
(0.09097762318210789 -0.9489178340983265 0)
(0.1288532577686688 -0.9491419571517609 0)
(0.1666355188017914 -0.949324554981651 0)
(0.2044199547235817 -0.9494728730101134 0)
(0.2423456384960511 -0.9495926697910364 0)
(0.2806700904156695 -0.9496885875117438 0)
(0.3198775323836611 -0.9497643023562343 0)
(0.3605064765664875 -0.9498220884953344 0)
(0.4035395673092845 -0.9498632101519436 0)
(0.4394992506422249 -0.9498831540902284 0)
(0.464118577322459 -0.9498894692103181 0)
(0.4828127834661323 -0.9498904781674969 0)
(0.5 -0.9498885461251465 0)
(0.5 0.9693839318422616 0)
(0.4854783105599806 0.9693857667191689 0)
(0.4663648622873321 0.9693851674631457 0)
(0.4287181377593715 0.9693728996937775 0)
(0.3922213646070215 0.9693479609612998 0)
(0.3550808863349984 0.9693083606030999 0)
(0.3165976655340408 0.9692506234693332 0)
(0.2779382290077557 0.9691731258930797 0)
(0.2394384397700784 0.9690734775162789 0)
(0.2010418786297 0.968947952184313 0)
(0.1627053995251898 0.9687918226784783 0)
(0.1243626052014737 0.9685990298800696 0)
(0.08592938316270031 0.9683617990954684 0)
(0.04731449054586059 0.9680701585386963 0)
(0.008419368383284231 0.9677112438315253 0)
(-0.03087397155304149 0.9672682484499816 0)
(-0.07058902104581943 0.9667208983746421 0)
(-0.1089226530125823 0.9660766986111111 0)
(-0.1454367909352056 0.9653346646828006 0)
(-0.18232824040366 0.9644324290670038 0)
(-0.2216849030657373 0.9632677907647678 0)
(-0.2626786943275671 0.9617861926331552 0)
(-0.3033963174471411 0.9599845233894709 0)
(-0.3438717181936048 0.9578004264639841 0)
(-0.3842397881086697 0.9551541167923228 0)
(-0.424527867772038 0.9519591118742616 0)
(-0.4635142025259676 0.9482428516994434 0)
(-0.5010959375854077 0.9439788480974357 0)
(-0.5404294605914266 0.9386917850965855 0)
(-0.5821379956256924 0.9320386066094016 0)
(-0.622585910654496 0.924424371120764 0)
(-0.6637841621431718 0.9153588564994083 0)
(-0.7061464624502175 0.9045096491190152 0)
(-0.749375852554876 0.8916852020810044 0)
(-0.7941515519883434 0.8763661362754441 0)
(-0.8356305994079409 0.8601625660559474 0)
(-0.8704922848149814 0.8449071861206505 0)
(-0.9007641063581353 0.8303630794948984 0)
(-0.9285393414275229 0.8158881413888099 0)
(-0.9563121786462802 0.8002635858599891 0)
(-0.9872460192665637 0.7814052386116551 0)
(-1.025062831168198 0.7560649290043198 0)
(-1.068356316286547 0.7236373781624801 0)
(-1.111174838141958 0.6875135868646867 0)
(-1.148421841185392 0.6522745076736959 0)
(-1.1762533398004 0.6232127585161235 0)
(-1.198189693525944 0.5984159442304035 0)
(-1.2188582651342 0.5733256328862668 0)
(-1.241305605709387 0.543899574769785 0)
(-1.269118337332398 0.5036352171437312 0)
(-1.298520408799482 0.4554044223105155 0)
(-1.323427724982429 0.4085411044899742 0)
(-1.342713093171925 0.3670205092166348 0)
(-1.358317739441551 0.3287928042087001 0)
(-1.373037252617699 0.2873618108915096 0)
(-1.386350599537609 0.2431440398099684 0)
(-1.397560905603562 0.1977472536849946 0)
(-1.407296313801328 0.1466635825512952 0)
(-1.414514258851417 0.09133911973426417 0)
(-1.418248088778617 0.03863701543337261 0)
(-1.418998659202639 -0.01048171621662155 0)
(-1.417415775207368 -0.05486336662013239 0)
(-1.413952703974141 -0.09669230871200064 0)
(-1.408550153518824 -0.1385592624502216 0)
(-1.40109547156842 -0.180828581080523 0)
(-1.391794207192413 -0.2222420134626086 0)
(-1.381055782462154 -0.2616301452934404 0)
(-1.36799863552002 -0.3021953316274491 0)
(-1.350527635108353 -0.3483916630790767 0)
(-1.330564685737097 -0.3936837498800662 0)
(-1.311054046469122 -0.4325076295030769 0)
(-1.290385741108202 -0.4692866358516768 0)
(-1.265367864882674 -0.5091539876947991 0)
(-1.237051511653695 -0.5494557029707641 0)
(-1.208448039293789 -0.5860009399647857 0)
(-1.17715883123805 -0.6220537415864696 0)
(-1.143429492467135 -0.6570831875537833 0)
(-1.110375671705286 -0.6881229861351876 0)
(-1.077616238360147 -0.7161030902761741 0)
(-1.04315937984974 -0.7428973120047481 0)
(-1.004936449231364 -0.7698030527188615 0)
(-0.9664776818972012 -0.7941962170430023 0)
(-0.9304138600528201 -0.8148567101726227 0)
(-0.8941535192092589 -0.8336578305967526 0)
(-0.856415499091841 -0.8512906505433017 0)
(-0.8168598069212961 -0.8678160491144113 0)
(-0.7755837037197983 -0.8830867651618378 0)
(-0.7333962755913631 -0.8967733107676413 0)
(-0.6914473365925703 -0.9086105404237829 0)
(-0.6499541972527759 -0.9187258799056095 0)
(-0.6091377588697816 -0.927268075537263 0)
(-0.5686435354925088 -0.9344960946076585 0)
(-0.5280302435183146 -0.9406307302106658 0)
(-0.4884977413584004 -0.9456565732257233 0)
(-0.4496229743217321 -0.9498042132033602 0)
(-0.4100854469333365 -0.9533245081006971 0)
(-0.3702561012539834 -0.9562646803231278 0)
(-0.3306855379452066 -0.9586778431996434 0)
(-0.2913309483578916 -0.9606572272616858 0)
(-0.2521447094916431 -0.9622808649979697 0)
(-0.2130896170059665 -0.9636126774036162 0)
(-0.1747095203131947 -0.9646908273671714 0)
(-0.1375083833120077 -0.9655551576504398 0)
(-0.1005006146524897 -0.9662680454641474 0)
(-0.06262532575675979 -0.9668713855114957 0)
(-0.02429106494814558 -0.9673744877888009 0)
(0.01390031271054881 -0.9677868454790708 0)
(0.05199743811626344 -0.9681250206959556 0)
(0.09000869671985585 -0.968402075635678 0)
(0.1279132396080256 -0.968628479938473 0)
(0.1657477169481882 -0.9688130583767675 0)
(0.2036143466052319 -0.968963093357193 0)
(0.2416693020690235 -0.9690844012100558 0)
(0.2801517064907937 -0.9691815675043144 0)
(0.3194318521948032 -0.9692580998601097 0)
(0.3598975176378856 -0.9693162546548936 0)
(0.4018414983021849 -0.9693570722254813 0)
(0.4408953449515555 -0.969379096217283 0)
(0.4665564659708527 -0.9693852527377691 0)
(0.4841690969351594 -0.9693858628821627 0)
(0.5 -0.9693839317818993 0)
(0.5 0.9889114753991586 0)
(0.4861835518922197 0.9889133286716616 0)
(0.4677925481171502 0.9889130179267548 0)
(0.4291744882622331 0.9889006644140038 0)
(0.3917931437993106 0.9888750209098222 0)
(0.3541779909914786 0.9888345330321888 0)
(0.3157015645468942 0.9887762538712033 0)
(0.2770652604544478 0.9886981904005414 0)
(0.2385432913347028 0.9885977971598819 0)
(0.2001174659056265 0.9884713739918831 0)
(0.1617445022529548 0.9883141525450939 0)
(0.1233576517137931 0.9881200144049602 0)
(0.08487752031484866 0.9878811375811104 0)
(0.04622264036147246 0.9875875510391703 0)
(0.007313248724561479 0.98722654180277 0)
(-0.03191225288704218 0.9867821015580962 0)
(-0.07133037759964292 0.9862367549038763 0)
(-0.1097307535262082 0.9855895528533299 0)
(-0.1469154679468943 0.984830666829852 0)
(-0.1844894443593838 0.9839051955025474 0)
(-0.2239717503565049 0.9827269536938491 0)
(-0.2648730332740656 0.9812374155554549 0)
(-0.3058368974160683 0.9794124079409361 0)
(-0.3466970598814148 0.9771916049853628 0)
(-0.3873945097777233 0.9745028013261734 0)
(-0.4275265373088542 0.9712971369504761 0)
(-0.4663037397006149 0.9675809249987886 0)
(-0.504273431995672 0.963253780751866 0)
(-0.5440859971518719 0.9578781647792165 0)
(-0.586013002062355 0.9511650771902728 0)
(-0.6271278778540925 0.943400145992475 0)
(-0.6692003730118954 0.9341083898356862 0)
(-0.7120968268590888 0.9230842359804774 0)
(-0.7557412553281797 0.9101050483185947 0)
(-0.8010968078201466 0.8945656214188115 0)
(-0.8438915507729442 0.8778212001606593 0)
(-0.8795220827928812 0.8621885634024549 0)
(-0.9099290802600933 0.847548390027239 0)
(-0.9377433868723961 0.8330431616800821 0)
(-0.9657396423290558 0.8173017837107833 0)
(-0.9975991161313751 0.7978881338888405 0)
(-1.036771556366313 0.7716185370929957 0)
(-1.080584356955536 0.738775407126344 0)
(-1.12426073320248 0.7019146839586129 0)
(-1.163094843414569 0.665126642836293 0)
(-1.191527649194593 0.6353522904007103 0)
(-1.213118497505882 0.6108992951452457 0)
(-1.233653508796666 0.5859859791530657 0)
(-1.256833263279167 0.5556311594925625 0)
(-1.285592900397861 0.5139857496667296 0)
(-1.315276347540083 0.4652924324568353 0)
(-1.340800792493536 0.4172939550577431 0)
(-1.360700214122083 0.3744397692878126 0)
(-1.376587882607998 0.3354767842220754 0)
(-1.39149411784925 0.2935061517721986 0)
(-1.405190659051345 0.2479922865335659 0)
(-1.416639504796717 0.2015566460849302 0)
(-1.426470536071925 0.1499494116842807 0)
(-1.433839865915531 0.09357752150779979 0)
(-1.437679807630541 0.03954513914646344 0)
(-1.43845121661277 -0.01059082875533273 0)
(-1.436844166154848 -0.05584603710616622 0)
(-1.433323389708049 -0.09849061827289779 0)
(-1.427826267422424 -0.141188918302464 0)
(-1.420213856572485 -0.1844249106929438 0)
(-1.410729473144567 -0.2267053154894247 0)
(-1.399842610407564 -0.2667013781225399 0)
(-1.386479762411911 -0.3082779607840617 0)
(-1.3684738991441 -0.3559000187198232 0)
(-1.348141326354201 -0.4020183640714721 0)
(-1.328182961790219 -0.4417279327760452 0)
(-1.30698936861105 -0.479425187714327 0)
(-1.281452705498265 -0.5200969314124737 0)
(-1.252495299087562 -0.5612881743022462 0)
(-1.223367862688616 -0.5984850738999716 0)
(-1.19178164675165 -0.63489028991269 0)
(-1.15729124087379 -0.670736100266985 0)
(-1.123351878754602 -0.7026190580381521 0)
(-1.090069113394323 -0.7310537204104347 0)
(-1.055096868692792 -0.7582693449091535 0)
(-1.015932890370402 -0.7858588811368789 0)
(-0.9765611442256953 -0.810841960453684 0)
(-0.9401034656920759 -0.8317422500998528 0)
(-0.9034394694361028 -0.8507832961331778 0)
(-0.8651064204509717 -0.8687354833435212 0)
(-0.8248062793113188 -0.8856161611019026 0)
(-0.7828367747820998 -0.9011883871178679 0)
(-0.7399951581885804 -0.9151336695375201 0)
(-0.6973484163187201 -0.9272134033377576 0)
(-0.6552232743262616 -0.9375253066209847 0)
(-0.6136295079174333 -0.9462663477023829 0)
(-0.572485332893565 -0.9536384303610702 0)
(-0.5316272845525732 -0.9598359449204646 0)
(-0.4916820705583941 -0.9649386038256877 0)
(-0.452319079418411 -0.9691573104948829 0)
(-0.4125801819359749 -0.9727109370835271 0)
(-0.3725909991982657 -0.975676784129914 0)
(-0.3327657271806794 -0.9781171073601823 0)
(-0.2931709396747764 -0.9801176805618355 0)
(-0.2538092724050361 -0.9817558516956412 0)
(-0.2147088272074723 -0.9830955559911098 0)
(-0.176248231326252 -0.9841816128164765 0)
(-0.1386961910953045 -0.9850582819407337 0)
(-0.1013422104615641 -0.9857804608175658 0)
(-0.06344216957166651 -0.9863861732809535 0)
(-0.02522434393968843 -0.9868897279601152 0)
(0.01292906621289043 -0.987303617506144 0)
(0.05103234628975537 -0.9876435914337015 0)
(0.08906001159172681 -0.9879222635744712 0)
(0.1269896292489472 -0.9881500772664299 0)
(0.1648701716510559 -0.9883359206685786 0)
(0.2028072782204172 -0.9884870769171901 0)
(0.2409676421724184 -0.9886093873428711 0)
(0.2795674216889553 -0.9887073699948106 0)
(0.3188856434444734 -0.9887844065315149 0)
(0.3591779650738576 -0.9888427348990628 0)
(0.4003856601277567 -0.9888834062908962 0)
(0.4399572515916715 -0.9889062337584191 0)
(0.4692864142508257 -0.9889132306938223 0)
(0.4861409231842664 -0.9889133754074794 0)
(0.5 -0.9889114753385603 0)
(0.5 1.008465602741904 0)
(0.4866901658459382 1.008467468074458 0)
(0.4688116117475943 1.008467365247741 0)
(0.429430641643142 1.008454966476513 0)
(0.3913811741535311 1.008428844291521 0)
(0.3533558614329944 1.008387715194913 0)
(0.3148226193404659 1.008329047148292 0)
(0.2761834243831034 1.008250663478482 0)
(0.2376409647681203 1.008149897598764 0)
(0.1991901698214743 1.008023052290855 0)
(0.1607865028248455 1.007865336075257 0)
(0.1223630681098748 1.007670601580504 0)
(0.08384420043316106 1.007431013249001 0)
(0.04515633632967682 1.007136633514786 0)
(0.006237694377646835 1.006774941711662 0)
(-0.03293015837962143 1.006330610504711 0)
(-0.07217050291257832 1.005787497162882 0)
(-0.1106726592485495 1.005138676826699 0)
(-0.1483815564540756 1.004368394676313 0)
(-0.1864928684829074 1.00342684005221 0)
(-0.226148179943035 1.002238370250764 0)
(-0.2670859323166251 1.000741508675966 0)
(-0.3083275611920708 0.9988972786253854 0)
(-0.349592889202995 0.9966447616238308 0)
(-0.3906588344978022 0.9939174758397279 0)
(-0.4307194069115773 0.9907011087622091 0)
(-0.469280953104457 0.9869920904311277 0)
(-0.5073712858839271 0.9826411291416082 0)
(-0.5474991733819434 0.9772129564830634 0)
(-0.5897745532336703 0.970434218488415 0)
(-0.6316958410270785 0.962503170268369 0)
(-0.6744741778447531 0.953034379246457 0)
(-0.7177665314539814 0.941888439951554 0)
(-0.7617610910010333 0.9287958487011122 0)
(-0.8077513682056758 0.9130396208509284 0)
(-0.8521907285363848 0.8956400596266809 0)
(-0.8884724280435693 0.8796879847876661 0)
(-0.9190467438548078 0.8649447869434196 0)
(-0.9471371231549295 0.8502881187923415 0)
(-0.9750898597287727 0.8345838017283772 0)
(-1.007401120267841 0.8149311534811086 0)
(-1.048713189375777 0.7872202792489384 0)
(-1.093453477841624 0.753626321783772 0)
(-1.137676886362232 0.7162563341821814 0)
(-1.177811342665849 0.6781833858700322 0)
(-1.206690227025596 0.6478731405172727 0)
(-1.228135541994752 0.6235524051465813 0)
(-1.248567135564743 0.5987831441776086 0)
(-1.272475014518492 0.5675099806427535 0)
(-1.302420816692823 0.5241189955826563 0)
(-1.332342476127812 0.4749970769806788 0)
(-1.358372199714022 0.4260505778499004 0)
(-1.378715869685101 0.3822417073451399 0)
(-1.394887051175905 0.3425884202524924 0)
(-1.410133097309211 0.2996716403995701 0)
(-1.424279549557694 0.2526106629773668 0)
(-1.435935086183987 0.2052142663269653 0)
(-1.445820863792874 0.153273089128362 0)
(-1.453336570638013 0.09591050782237115 0)
(-1.457290261522115 0.0404829737758577 0)
(-1.458083735031794 -0.01068716674349803 0)
(-1.456449584436773 -0.05688162698015291 0)
(-1.452866390150005 -0.1003692653073738 0)
(-1.447284223209512 -0.1438182804217849 0)
(-1.439526094487199 -0.1879682844112641 0)
(-1.429845073229073 -0.2311877587977551 0)
(-1.418781754404828 -0.2718898458547374 0)
(-1.405129869111149 -0.3144210844535608 0)
(-1.386641965556381 -0.3633401697143406 0)
(-1.365817545389168 -0.4105628732376732 0)
(-1.345316235445325 -0.4513214645939022 0)
(-1.323683245923237 -0.4897622507899247 0)
(-1.297745592685527 -0.531050281874443 0)
(-1.268105506866427 -0.5731962055732946 0)
(-1.238405274947394 -0.6111070941338337 0)
(-1.206546331670528 -0.6478354790349283 0)
(-1.171332843673778 -0.6844606512193719 0)
(-1.136451772403042 -0.7172417254329232 0)
(-1.102542615424234 -0.7462145739182345 0)
(-1.067068440029478 -0.7738337791165094 0)
(-1.027004848172324 -0.8020731052716223 0)
(-0.986713375395581 -0.827647213443211 0)
(-0.9498759078803269 -0.8487762338141123 0)
(-0.9127622160895829 -0.8680772302507818 0)
(-0.873875669548507 -0.8863252474276996 0)
(-0.832910479545816 -0.9035266426752737 0)
(-0.7902032778618604 -0.9194156965996652 0)
(-0.746651931714042 -0.9336336367910639 0)
(-0.7031745018637081 -0.9459849268033368 0)
(-0.6602416753330289 -0.9565216881485882 0)
(-0.6179732593835954 -0.9654238321870665 0)
(-0.5763273907708145 -0.9729010370598637 0)
(-0.5351707509989664 -0.979158483989877 0)
(-0.4948381182253085 -0.9843236072583832 0)
(-0.4550647835638296 -0.9885954001544103 0)
(-0.415105080336532 -0.9921754066356155 0)
(-0.3749166304490859 -0.9951614731472737 0)
(-0.3348319991555257 -0.9976215837984623 0)
(-0.2949938944160092 -0.9996368579504545 0)
(-0.2554459184707006 -1.001284316068469 0)
(-0.2162607280255426 -1.002628303046811 0)
(-0.17769290929165 -1.003718741098801 0)
(-0.1398562471969075 -1.004602792817458 0)
(-0.1022310034730837 -1.005330226050247 0)
(-0.06428452927470493 -1.005936546951224 0)
(-0.02613424619716554 -1.006439351116794 0)
(0.01198631095657621 -1.006853250990323 0)
(0.05008916546677271 -1.007193667234453 0)
(0.08812875209950657 -1.007472867660817 0)
(0.1260783499064772 -1.007701203068801 0)
(0.1639984753012907 -1.007887586746947 0)
(0.2019981326243556 -1.008039274987492 0)
(0.2402425551428512 -1.00816207714949 0)
(0.2789253077637362 -1.00826044852689 0)
(0.3182579089199278 -1.008337686299369 0)
(0.3583921565589464 -1.008396015607551 0)
(0.3990942525316374 -1.008436578299498 0)
(0.4383608096220037 -1.00845973593414 0)
(0.4723009931700391 -1.008467863051984 0)
(0.4879591365005094 -1.008467466278982 0)
(0.5 -1.008465602681293 0)
(0.5 1.028041733976331 0)
(0.4870113181589554 1.028043605889206 0)
(0.4694519168815738 1.028043636607735 0)
(0.4295611487742442 1.028031260569041 0)
(0.3909608158899315 1.028004830070011 0)
(0.3525797593768235 1.027963290417701 0)
(0.3139549532998962 1.027904424034137 0)
(0.2752942356216271 1.027825982574261 0)
(0.236732057593923 1.027725218960432 0)
(0.1982610041579049 1.027598434149438 0)
(0.1598329087039354 1.027440829881942 0)
(0.1213800413536938 1.027246256043735 0)
(0.08282943228810814 1.027006894156608 0)
(0.04411381429734563 1.026712870208214 0)
(0.005187210438159122 1.0263518762843 0)
(-0.03393926357408677 1.025909125452369 0)
(-0.07308338526824761 1.025369007946831 0)
(-0.1117038006358557 1.024720396778687 0)
(-0.1498282366832115 1.023943591550156 0)
(-0.1883705400037799 1.022992226707157 0)
(-0.2282271860907836 1.021797410378525 0)
(-0.2692965319383103 1.020295112378173 0)
(-0.3108558267650072 1.018435627876767 0)
(-0.3525619280174112 1.016155767219497 0)
(-0.3940733257091214 1.013391375149354 0)
(-0.4341209770166346 1.010165925292088 0)
(-0.4724122097422245 1.006475920549607 0)
(-0.5103750772023128 1.002138705563793 0)
(-0.550650220229311 0.9966948911851855 0)
(-0.5933382521077184 0.98985663818187 0)
(-0.6359642511810504 0.9817960260373239 0)
(-0.6795262144952708 0.9721515961140875 0)
(-0.7235674580509749 0.960803603693943 0)
(-0.7674840921253581 0.947737326602992 0)
(-0.813646257745807 0.9319552576818283 0)
(-0.8604862356773181 0.9136320017256565 0)
(-0.8975311084855345 0.8973143255159844 0)
(-0.9281263158878529 0.8825423458922773 0)
(-0.9567315844062011 0.8676112877422033 0)
(-0.9847713632199727 0.8518638179007143 0)
(-1.017264303119643 0.8321352681747261 0)
(-1.060809859227175 0.8029195451439808 0)
(-1.106564189777526 0.7685018394482297 0)
(-1.151533481518277 0.7304326423575181 0)
(-1.192308988982211 0.6916982598664513 0)
(-1.221540837211003 0.6609861075273765 0)
(-1.243251306010637 0.6363545342428593 0)
(-1.263827073991959 0.6114207572497977 0)
(-1.288377733291296 0.5793243913423018 0)
(-1.319547521067541 0.5341103650449349 0)
(-1.349677791820946 0.4845802875143689 0)
(-1.376080985611833 0.4349221425396333 0)
(-1.396757776618267 0.3904192926479882 0)
(-1.413226272342752 0.3500850513699929 0)
(-1.428944772217467 0.3058715299489166 0)
(-1.443619232213992 0.2569729745106476 0)
(-1.455450576672522 0.2086834864157503 0)
(-1.46533928462992 0.1566546283169419 0)
(-1.472996708172012 0.0983655406175232 0)
(-1.47707463778022 0.04144979654016159 0)
(-1.477891240884185 -0.01078674061734896 0)
(-1.476225678690736 -0.05799651996215619 0)
(-1.472576540657411 -0.102331595190947 0)
(-1.466922556271582 -0.1464248045430983 0)
(-1.459028819872566 -0.1914505724115814 0)
(-1.449134359634354 -0.2356959195769993 0)
(-1.437871197927857 -0.2771855131199386 0)
(-1.423932485834323 -0.3206569727325613 0)
(-1.405021339765306 -0.3707248779981449 0)
(-1.383624342226036 -0.4192398882365171 0)
(-1.362491356166791 -0.4612071391239224 0)
(-1.340467185448315 -0.5002885129279809 0)
(-1.314220689169777 -0.5420442370886851 0)
(-1.283902666009828 -0.5851440488082227 0)
(-1.253592384068904 -0.6238204713027219 0)
(-1.221421731634249 -0.6609162456427644 0)
(-1.185526895901577 -0.6982771482116921 0)
(-1.149683497827544 -0.7319772074780575 0)
(-1.115056042128112 -0.7615637380314771 0)
(-1.079039430538238 -0.78961034830897 0)
(-1.038124754553305 -0.8184584018424814 0)
(-0.9969715033452916 -0.8445838686636173 0)
(-0.9597020809287083 -0.8659691591844366 0)
(-0.9221451732223812 -0.8855229037051078 0)
(-0.8828268622461607 -0.9040088756559707 0)
(-0.8411622040537425 -0.9215465600312628 0)
(-0.7974492107451068 -0.9378456867161356 0)
(-0.753047956298536 -0.9523660927545468 0)
(-0.7088760823808804 -0.964934076806366 0)
(-0.6652344843982517 -0.9756596619579977 0)
(-0.6223007272558232 -0.9847107359653284 0)
(-0.5801600638981558 -0.9922814332982877 0)
(-0.5386674714902483 -0.9985934614464378 0)
(-0.4979659484445639 -1.003807642736545 0)
(-0.4578434283366316 -1.008116110820393 0)
(-0.4176585054845876 -1.011714014586946 0)
(-0.3772386939826503 -1.014714263231592 0)
(-0.336878612041112 -1.017187393876787 0)
(-0.2967922538476133 -1.019210818312642 0)
(-0.2570515554620225 -1.020862025335302 0)
(-0.2177478637690032 -1.022206461031258 0)
(-0.1790538654147559 -1.023297534537116 0)
(-0.1409854038658783 -1.024184282160473 0)
(-0.1031456600357163 -1.024913199108684 0)
(-0.06514372841189313 -1.025518109502719 0)
(-0.02702691568719556 -1.026018763432709 0)
(0.01107118969776517 -1.02643121422666 0)
(0.04916926344517059 -1.026770729921002 0)
(0.08721441062672824 -1.027049347895173 0)
(0.1251777160225138 -1.027277303915982 0)
(0.1631306036234094 -1.027463495653423 0)
(0.2011851853336532 -1.02761512191791 0)
(0.2394947457550011 -1.027737906457549 0)
(0.2782323001273178 -1.0278362472775 0)
(0.3175641021603685 -1.027913391763168 0)
(0.3575675486572167 -1.027971557174771 0)
(0.3979518970061384 -1.028012007117657 0)
(0.437272747780953 -1.028035515496339 0)
(0.4739346112108857 -1.028044304779655 0)
(0.4888803745081699 -1.028043596807173 0)
(0.5 -1.028041733915927 0)
(0.5 1.047636107955377 0)
(0.4872106480313911 1.047637980497976 0)
(0.4698457527356517 1.047638099788693 0)
(0.4295709383407043 1.047625787073871 0)
(0.3905139721428459 1.047599201726655 0)
(0.3518234268452486 1.047557469267668 0)
(0.3130912587934295 1.047498618904121 0)
(0.2743979910789146 1.047420397990265 0)
(0.2358171459843966 1.047320015321201 0)
(0.1973303655330456 1.047193776182773 0)
(0.1588846723101218 1.047036896821841 0)
(0.120409898107092 1.04684324792819 0)
(0.08183348549715012 1.046605049755086 0)
(0.04309353379428515 1.046312520918819 0)
(0.004157371233739473 1.045953577011602 0)
(-0.03494516003948833 1.045513855691742 0)
(-0.07404788104073667 1.04497788613306 0)
(-0.1127919129782323 1.044331599519164 0)
(-0.1512498582164244 1.04355272645826 0)
(-0.1901413300020576 1.04259727404615 0)
(-0.2302146636983413 1.041400366767009 0)
(-0.271488866864195 1.039895390938124 0)
(-0.3134094207274482 1.038024674382658 0)
(-0.3556024145322506 1.035721506778811 0)
(-0.3976789087192922 1.032918503431312 0)
(-0.4377532281272258 1.029686692759118 0)
(-0.4756778583323765 1.026031403783363 0)
(-0.5132756166619978 1.021744345114236 0)
(-0.553514171435773 1.016324095541827 0)
(-0.5966283421394494 1.009441923516915 0)
(-0.6398546312395405 1.00129107749065 0)
(-0.6842715364954246 0.9914767912079999 0)
(-0.7292309119798728 0.9799006204668813 0)
(-0.7734175953393829 0.966762815418967 0)
(-0.8189455818822504 0.9512479729945451 0)
(-0.8681645813727475 0.9320461534979608 0)
(-0.9065882835722581 0.9151139185668729 0)
(-0.9373516914966293 0.9002442457597694 0)
(-0.9665782378294817 0.8849799294554539 0)
(-0.9949870963960357 0.8690180205139317 0)
(-1.028004869638116 0.8489698731321078 0)
(-1.072793365916166 0.8189019083297037 0)
(-1.119705445668532 0.7835649912233129 0)
(-1.165860104600865 0.7444113344795863 0)
(-1.206375546936638 0.7058769033955012 0)
(-1.236119895715119 0.6746418602787075 0)
(-1.258472912092455 0.6492905521459925 0)
(-1.27945072331455 0.6238699394724969 0)
(-1.304732331916369 0.5908019392801854 0)
(-1.336885511159397 0.5440869080372175 0)
(-1.367232756556537 0.4941204471871741 0)
(-1.393960214369992 0.4438334027159221 0)
(-1.414811728984897 0.3989940540842224 0)
(-1.431643232925874 0.3578558791645099 0)
(-1.447953108625177 0.3120190040261894 0)
(-1.46317483540915 0.2611905686590035 0)
(-1.475151687516719 0.2121024670720824 0)
(-1.485028603831899 0.1600504524637307 0)
(-1.492822286852933 0.1008819972588581 0)
(-1.497029575574368 0.04242817390692284 0)
(-1.497869628426009 -0.01088813158944298 0)
(-1.49616769086497 -0.05920203496157493 0)
(-1.492449219314123 -0.1043825155467543 0)
(-1.486741921637536 -0.1489766653451059 0)
(-1.478716631175806 -0.1948774888631792 0)
(-1.468586374227121 -0.2402568663951379 0)
(-1.457109006155027 -0.2825805953629364 0)
(-1.442865791102858 -0.3270354318726424 0)
(-1.423603747328998 -0.3780634337785434 0)
(-1.401611145095719 -0.4279346572021289 0)
(-1.379761343046732 -0.4712763637440337 0)
(-1.357334088161324 -0.5110075712076533 0)
(-1.330863682840574 -0.5530929516280825 0)
(-1.299916158188083 -0.5970851944950437 0)
(-1.268899359346257 -0.6366548951471079 0)
(-1.236377252140181 -0.6741599997347126 0)
(-1.199867483223599 -0.7121856641803994 0)
(-1.163035479375419 -0.7468304074898477 0)
(-1.127640269703468 -0.7770707564147078 0)
(-1.091010518596529 -0.8055935071670443 0)
(-1.049273836538138 -0.8350224505938934 0)
(-1.007348980071933 -0.8616390032414503 0)
(-0.9695879106092961 -0.8833132129175087 0)
(-0.9316409694433149 -0.9030899084334542 0)
(-0.8918662070021423 -0.9218238405384533 0)
(-0.8492809436014307 -0.9397831221923623 0)
(-0.8044484023593066 -0.9565188953254925 0)
(-0.7593377261777845 -0.9712803438658159 0)
(-0.7145582459577883 -0.9840295005020692 0)
(-0.6702046270588747 -0.994935090419543 0)
(-0.6266055946440348 -1.004124862598935 0)
(-0.5839764339800074 -1.011777434540422 0)
(-0.5421177086979241 -1.018137628405308 0)
(-0.5010583695125926 -1.023388341450648 0)
(-0.4606463385783862 -1.027717037525828 0)
(-0.42024701881594 -1.031322923007405 0)
(-0.3795637047748672 -1.034331316107639 0)
(-0.3389012761157917 -1.036811265419714 0)
(-0.2985546588172361 -1.03883648798831 0)
(-0.2586172667570679 -1.040485670198788 0)
(-0.2191755060635996 -1.041826192287765 0)
(-0.1803409802603672 -1.042914042377291 0)
(-0.1420806248360376 -1.043799087701908 0)
(-0.1040717821270887 -1.044525889566881 0)
(-0.06600890843351462 -1.045127275890877 0)
(-0.02790155038581727 -1.045624236957418 0)
(0.01018194170588811 -1.0460337546028 0)
(0.04827180604552923 -1.046371037920592 0)
(0.08631640444890216 -1.046647964003486 0)
(0.1242860268303273 -1.046874631222555 0)
(0.1622645266047524 -1.047059895154371 0)
(0.2003677346531721 -1.047210867629269 0)
(0.2387256985125461 -1.047333128204771 0)
(0.2774939845807413 -1.04743102476743 0)
(0.3168157861690241 -1.04750778744003 0)
(0.3567183448599532 -1.047565621997441 0)
(0.3969178817593449 -1.047605907486573 0)
(0.4364250429442591 -1.047629680946256 0)
(0.4747413032301868 -1.047638861271531 0)
(0.4893228287276515 -1.047637982261672 0)
(0.5 -1.047636107895402 0)
(0.5 1.067245636448562 0)
(0.4873308316963427 1.067247503765594 0)
(0.4700821557408241 1.067247685611071 0)
(0.4294673384796853 1.067235461515725 0)
(0.3900272991718248 1.067208860133158 0)
(0.3510676515850478 1.067167142881423 0)
(0.3122244306843669 1.067108537280708 0)
(0.2734932345088364 1.0670308258831 0)
(0.2348958077941944 1.066931206102672 0)
(0.1963990147204106 1.06680600244733 0)
(0.1579430490440132 1.06665046418824 0)
(0.1194534293049727 1.066458503410727 0)
(0.08085637155222006 1.066222401948493 0)
(0.04209452814227835 1.065932499109066 0)
(0.003145767359668129 1.065576939747194 0)
(-0.03594927080751595 1.065141702626847 0)
(-0.07504765106935833 1.064611297345232 0)
(-0.1139140119732176 1.063969633891959 0)
(-0.1526409400838594 1.063192872339463 0)
(-0.1918145229574418 1.062238727473626 0)
(-0.2321106118435272 1.061044278079205 0)
(-0.2736489321253462 1.059539998500666 0)
(-0.3159757506001623 1.057662236786741 0)
(-0.3587071740867602 1.055339790475222 0)
(-0.4015228477854104 1.05249310593805 0)
(-0.4416468566573147 1.049258511042857 0)
(-0.4790663130862234 1.045657406961337 0)
(-0.5160733341636663 1.041455218171286 0)
(-0.5560677819962753 1.036100727118616 0)
(-0.5995749694286853 1.029198779456018 0)
(-0.6432682840743252 1.021004844987777 0)
(-0.6886056634588683 1.011031628825591 0)
(-0.7346793233689612 0.9991977855017974 0)
(-0.7793099372984826 0.9859494491539457 0)
(-0.824246067224118 0.9706946302620115 0)
(-0.8751544476993379 0.9509069939556357 0)
(-0.9154757288506763 0.9331607728234985 0)
(-0.9467097879026865 0.9180530679499942 0)
(-0.9765830850938905 0.9024408694695766 0)
(-1.005667400388509 0.8860829157970459 0)
(-1.039368714669822 0.8655936757367151 0)
(-1.084931670421379 0.8349717678338263 0)
(-1.133183977323416 0.7985657683362769 0)
(-1.180332913884655 0.7584784997620376 0)
(-1.220221311186269 0.7205069320248225 0)
(-1.250388181783949 0.6888777973568684 0)
(-1.27369364723172 0.6624802482781791 0)
(-1.295376209038793 0.6362030471741738 0)
(-1.321496668206585 0.6019938688989074 0)
(-1.3543601061636 0.5541568239286686 0)
(-1.38510950143602 0.5034307734551681 0)
(-1.412030779111836 0.4527348642188169 0)
(-1.432874429178418 0.407964025029553 0)
(-1.450185301893747 0.3657667083490904 0)
(-1.467205254901448 0.3179577882176511 0)
(-1.482910730401268 0.2653802059446717 0)
(-1.494994814555216 0.2156557142058215 0)
(-1.504889631311035 0.1634328526879487 0)
(-1.512819398714253 0.1033652502678238 0)
(-1.517150795436385 0.04343421129466947 0)
(-1.518015422758013 -0.01098570327997001 0)
(-1.516275751580722 -0.06043535934353808 0)
(-1.512488373146346 -0.1064508014705308 0)
(-1.506719474450311 -0.1516008498967709 0)
(-1.49855206253178 -0.1984191095760045 0)
(-1.488217395813215 -0.2447896670476159 0)
(-1.476516389342815 -0.2879913075854608 0)
(-1.461903778143034 -0.3336201958350496 0)
(-1.442373232572725 -0.3853855483556101 0)
(-1.419833719214332 -0.4365205527664622 0)
(-1.397178789756873 -0.4814229884762059 0)
(-1.374285615161321 -0.5219095106476433 0)
(-1.347632506412741 -0.5642532330137733 0)
(-1.316131404239716 -0.6090334218145751 0)
(-1.284298633862022 -0.649638289053286 0)
(-1.251362247482633 -0.6876170142053002 0)
(-1.214328533322987 -0.7262071153682781 0)
(-1.176562454457243 -0.7617474714873358 0)
(-1.140364812638837 -0.7926744133935602 0)
(-1.102966097904978 -0.8217904610508285 0)
(-1.060435853988031 -0.8517719798700916 0)
(-1.017907627832348 -0.8787711281867105 0)
(-0.9795955159279864 -0.9007705088026418 0)
(-0.9411654345998597 -0.920816295302467 0)
(-0.90076469406978 -0.9398688588562341 0)
(-0.8571406913162963 -0.9582832714830823 0)
(-0.8113130149961494 -0.9753930033810828 0)
(-0.7656163770377221 -0.9903442454322346 0)
(-0.720217160926181 -1.003269284712545 0)
(-0.6751473958250401 -1.014346214440902 0)
(-0.630879673945223 -1.023665025957306 0)
(-0.5877727408847611 -1.031386972758124 0)
(-0.5455256843174559 -1.037787781746747 0)
(-0.5041079970101067 -1.043063943038509 0)
(-0.4634616266547288 -1.047396704887353 0)
(-0.4228731930645276 -1.050999231914145 0)
(-0.3818978343389365 -1.054009390598704 0)
(-0.340900646419751 -1.056490198493496 0)
(-0.300273405413256 -1.058511168587153 0)
(-0.260129317267321 -1.06015267602637 0)
(-0.2205439482257855 -1.06148438077613 0)
(-0.1815675933991149 -1.062564806020524 0)
(-0.1431409880545296 -1.063444106742552 0)
(-0.1049935785215098 -1.064165455462293 0)
(-0.06687095387687761 -1.064761068401035 0)
(-0.02875790583144664 -1.065252674664718 0)
(0.009317888264699439 -1.065657773544796 0)
(0.04739382773328209 -1.065991482140706 0)
(0.08543184265732967 -1.066265615582429 0)
(0.1234061235644658 -1.066490120612194 0)
(0.1614027820405335 -1.066673716514693 0)
(0.1995413953055191 -1.066823415299615 0)
(0.2379327926984993 -1.066944652726716 0)
(0.2767167097908287 -1.067041712457055 0)
(0.3160232146753018 -1.067117807848776 0)
(0.3558525029491856 -1.067175136783576 0)
(0.395957466196837 -1.067215168031866 0)
(0.4356779493985985 -1.067239078862691 0)
(0.4750135772094534 -1.06724848211347 0)
(0.4894831829052042 -1.067247520979558 0)
(0.5 -1.067245636389229 0)
(0.5 1.086867783358237 0)
(0.4873986316123342 1.086869639329465 0)
(0.4702256538597274 1.086869871419102 0)
(0.4292544845205483 1.086857750571432 0)
(0.3894909995699884 1.086831261889213 0)
(0.3502983492225076 1.086789760338175 0)
(0.3113474843000387 1.086731635304736 0)
(0.2725774081240795 1.086654729184534 0)
(0.2339674721262419 1.086556257943327 0)
(0.1954677444337792 1.086432582485811 0)
(0.1570090644742018 1.086279000566009 0)
(0.1185113456437646 1.086089486715731 0)
(0.07989870977988492 1.085856410645295 0)
(0.04111668847885051 1.085570254145452 0)
(0.002151022251887407 1.085219394783571 0)
(-0.03695128872129094 1.084790109008408 0)
(-0.07607023696120288 1.084266864564267 0)
(-0.11505340636413 1.083632240568753 0)
(-0.1539961575256078 1.082861585711115 0)
(-0.1933927608174278 1.081913965043787 0)
(-0.2339098402278151 1.080726787161131 0)
(-0.275762599726549 1.079227036124766 0)
(-0.3185412879272685 1.077346636333619 0)
(-0.3618609877585381 1.075009375770616 0)
(-0.4056660674005796 1.072109079220238 0)
(-0.4458435602373442 1.068876203150744 0)
(-0.4825667933214025 1.065353315184268 0)
(-0.518739989935927 1.06127247309825 0)
(-0.558298926111064 1.05602346028176 0)
(-0.6021508413121559 1.049128395234346 0)
(-0.6460851669873015 1.040957762874943 0)
(-0.6924071779269347 1.030841583691956 0)
(-0.7398096886787799 1.018720607004427 0)
(-0.7850720251081325 1.005322375181238 0)
(-0.8298079218447504 0.9901962944847501 0)
(-0.8817088042675258 0.9701058736477011 0)
(-0.9240103412512723 0.9515358358614436 0)
(-0.9560231661984085 0.9360547424681458 0)
(-0.9867206319994878 0.920004618407648 0)
(-1.016805323234548 0.9030587216502142 0)
(-1.051212266794073 0.8820949921355752 0)
(-1.097173437703261 0.8511619143276836 0)
(-1.146698449650895 0.8137415937725284 0)
(-1.194833938406481 0.7727360694775196 0)
(-1.234514424715462 0.7349205191738446 0)
(-1.264585451700382 0.7034290254802328 0)
(-1.288811597349202 0.6760387879313509 0)
(-1.311538197624389 0.6484979870414087 0)
(-1.33859448266899 0.6130000386538847 0)
(-1.371962382475192 0.5643278242123043 0)
(-1.403296278360472 0.5125253715515247 0)
(-1.430231669696949 0.4617418776139584 0)
(-1.451014673784416 0.4171643255118506 0)
(-1.46889833661667 0.373689405047934 0)
(-1.486719388662403 0.3236218269012545 0)
(-1.502818243805359 0.2695617995407313 0)
(-1.514970058117493 0.2193747302652925 0)
(-1.524916829364018 0.1668170009675956 0)
(-1.532986727731741 0.1057982465578129 0)
(-1.537434627148309 0.04448119357221102 0)
(-1.538325657005637 -0.01107162904241278 0)
(-1.536551527157799 -0.06161534788919796 0)
(-1.532697889154424 -0.1084701002935398 0)
(-1.526848439203291 -0.1543219980326893 0)
(-1.518525530881873 -0.2021084938579049 0)
(-1.507990599183726 -0.249431156960371 0)
(-1.496048406446391 -0.2935589452189518 0)
(-1.481072760571563 -0.3403275219596206 0)
(-1.461314319092506 -0.3927211392150846 0)
(-1.438295163348485 -0.4449841304071809 0)
(-1.414815347730886 -0.491506526269363 0)
(-1.391342778514374 -0.5329530815630226 0)
(-1.364467279926799 -0.5756093503154484 0)
(-1.332493374638629 -0.6210578948228987 0)
(-1.2997822962276 -0.6627755364959147 0)
(-1.266360616313399 -0.7013005155240296 0)
(-1.22887662247551 -0.740370434832323 0)
(-1.190304631194425 -0.7766882290347236 0)
(-1.153288705475505 -0.8083227345822965 0)
(-1.114918353705987 -0.8381884861381285 0)
(-1.071645556264284 -0.8686802084947176 0)
(-1.028723289500648 -0.8959308938530578 0)
(-0.9897118116495228 -0.9183449437605362 0)
(-0.9505582461255702 -0.938778611793085 0)
(-0.9094283813879034 -0.9581831438559745 0)
(-0.8648427245422884 -0.9770041161159844 0)
(-0.8181332221911407 -0.9944337244055164 0)
(-0.7718746560264843 -1.009558084317012 0)
(-0.7258280141089835 -1.022657617259145 0)
(-0.6800389970355872 -1.033896177014697 0)
(-0.6351072191971987 -1.043332047893033 0)
(-0.5915427698550461 -1.051108922481362 0)
(-0.5488957554281823 -1.057541210970695 0)
(-0.5071084212624927 -1.062833049093303 0)
(-0.4662820659742638 -1.067153676441922 0)
(-0.4255425063398011 -1.070740313811232 0)
(-0.3842420089350621 -1.073746064821228 0)
(-0.3428706480639457 -1.076221998982612 0)
(-0.3019420537061529 -1.07823252609386 0)
(-0.2615797902084236 -1.079860675872099 0)
(-0.221850777151314 -1.08117844188919 0)
(-0.1827400830983102 -1.082247014946906 0)
(-0.144167612428099 -1.083116680725661 0)
(-0.1059006300889999 -1.083829460784925 0)
(-0.06772229171382961 -1.084416997620657 0)
(-0.02959713391795388 -1.084901481174911 0)
(0.008477252479622438 -1.085300685544845 0)
(0.04653693457535488 -1.085629520072326 0)
(0.08456191545213722 -1.085899764316522 0)
(0.1225390035923242 -1.086121236423515 0)
(0.1605461943065832 -1.086302425852593 0)
(0.1987019475255412 -1.086450215005035 0)
(0.2371132647324705 -1.086569938664147 0)
(0.2759057416932203 -1.086665789498893 0)
(0.3151936277684224 -1.086740933484257 0)
(0.3549728225047139 -1.086797573116081 0)
(0.395043468788294 -1.086837234067761 0)
(0.4349603310394117 -1.08686114186962 0)
(0.4748835777180487 -1.08687064933681 0)
(0.4894479707614685 -1.086869671832491 0)
(0.5 -1.086867783299757 0)
(0.5 1.106500464958234 0)
(0.4874234780137174 1.106502301386647 0)
(0.4703318450916189 1.106502584782553 0)
(0.4289298647456967 1.10649057036929 0)
(0.3888971952158109 1.106464318235394 0)
(0.3495041077939881 1.106423226142747 0)
(0.3104537730265911 1.106365820715256 0)
(0.2716479326894293 1.106290020549696 0)
(0.2330319060293852 1.106193086465206 0)
(0.1945370698658888 1.106071430507593 0)
(0.1560833725051438 1.105920415566135 0)
(0.1175846912653443 1.105734102814249 0)
(0.0789618041154305 1.105504974642948 0)
(0.04016041887930975 1.105223669001998 0)
(0.001172132781323004 1.104878801136512 0)
(-0.03794980641464517 1.104456951526935 0)
(-0.07710538985956354 1.103942591932612 0)
(-0.1161986461132027 1.103317469652235 0)
(-0.1553116469292211 1.102556777983456 0)
(-0.1948727837091538 1.101620878251292 0)
(-0.2356019211583034 1.100446039038551 0)
(-0.2778163638109249 1.098954914574664 0)
(-0.3210917519931613 1.097076580829553 0)
(-0.3650342594957414 1.094730208306473 0)
(-0.410192005115308 1.091759322993126 0)
(-0.4503998629188681 1.088533945489792 0)
(-0.4861640658127114 1.085119467414848 0)
(-0.5212100756371756 1.081202073631293 0)
(-0.5602110729121109 1.076088806786671 0)
(-0.6043860446768164 1.069221840907493 0)
(-0.6481579623810888 1.061174845379293 0)
(-0.6955442713445502 1.050933824029973 0)
(-0.7445081336470685 1.038497267079802 0)
(-0.790577626405904 1.024918515132288 0)
(-0.8356418394575763 1.009746697322307 0)
(-0.8881877882593556 0.989491348988853 0)
(-0.9322560792870154 0.9702064714260386 0)
(-0.9652938087808856 0.9542456719300895 0)
(-0.9969670700726758 0.937681501131455 0)
(-1.028323683910102 0.919987384493045 0)
(-1.063633942091234 0.8984064891058116 0)
(-1.109646654607344 0.8673775221479579 0)
(-1.160078843286906 0.8292259330157958 0)
(-1.209204766934293 0.7873227712753431 0)
(-1.249178947833435 0.7491892882069201 0)
(-1.279093818256894 0.7178774494859739 0)
(-1.303976199520816 0.6897879367132557 0)
(-1.327921250624698 0.6607706552959561 0)
(-1.355933760043933 0.6239434852497051 0)
(-1.389702879151208 0.574578570950252 0)
(-1.421701352641733 0.5215604107459069 0)
(-1.448482230692419 0.4710098477363146 0)
(-1.4692942217424 0.4264474340818959 0)
(-1.48784114947619 0.3814633929724096 0)
(-1.506507379827111 0.3289655626566313 0)
(-1.522873317089376 0.2738137315946773 0)
(-1.535075158756155 0.2232577585325318 0)
(-1.545107093860131 0.1702053707837468 0)
(-1.553320570078688 0.1081913891414399 0)
(-1.557879062546208 0.04555500401313371 0)
(-1.55879773583858 -0.01114211911596194 0)
(-1.556992025603782 -0.06274808531342027 0)
(-1.553073957834945 -0.1104513694147547 0)
(-1.547144656013985 -0.1570180019137042 0)
(-1.53866255143614 -0.205803914674394 0)
(-1.527858399434369 -0.254364157770464 0)
(-1.515634679471745 -0.2995121663312088 0)
(-1.500404163650291 -0.3470600706512535 0)
(-1.480417749613345 -0.4000860014483403 0)
(-1.456970911793179 -0.453371514235421 0)
(-1.432713660521759 -0.5014418631386 0)
(-1.408509019659479 -0.5441273639223317 0)
(-1.381321289384608 -0.5872264243659033 0)
(-1.348940927471283 -0.63323665379775 0)
(-1.315372746405353 -0.6760353762435021 0)
(-1.281401113258045 -0.7151752247037177 0)
(-1.243511189740503 -0.7546725952641515 0)
(-1.204264262900021 -0.7916471612669329 0)
(-1.166389900909603 -0.8240304901818909 0)
(-1.126904662526428 -0.8547568111627751 0)
(-1.082995394806427 -0.8856822625983469 0)
(-1.03976032926477 -0.9131370876324243 0)
(-0.9998553838426713 -0.9360784548219099 0)
(-0.9597996624047752 -0.9569841690890335 0)
(-0.9179151404724434 -0.9767384696507236 0)
(-0.8724599773431186 -0.9959142910141433 0)
(-0.8249447203409582 -1.013626267247517 0)
(-0.7780871619579015 -1.028927515627475 0)
(-0.7313702350045008 -1.04219799410093 0)
(-0.6848541518875007 -1.053588883306648 0)
(-0.6392633455557023 -1.063128948239662 0)
(-0.5952845939062856 -1.070941898402772 0)
(-0.5522306086482397 -1.077395878591658 0)
(-0.5100458166859102 -1.082695510464917 0)
(-0.469099847131542 -1.086986974738789 0)
(-0.4282667820094798 -1.090543462223773 0)
(-0.386601901854322 -1.093538974946491 0)
(-0.3448038392859619 -1.096004874346205 0)
(-0.3035535171455913 -1.097998576276358 0)
(-0.2629659943136452 -1.099607439157862 0)
(-0.2230950518243222 -1.100906095930324 0)
(-0.1838528871740083 -1.101958529002335 0)
(-0.1451553372356481 -1.102814670050311 0)
(-0.1067907934398849 -1.103515728582367 0)
(-0.0685563597030641 -1.104092969649515 0)
(-0.0304157935521206 -1.104568533919416 0)
(0.007656814988476173 -1.104960317072568 0)
(0.04570304686027411 -1.105283041531586 0)
(0.08370966633593989 -1.105548318965722 0)
(0.1216815824860596 -1.105765860829946 0)
(0.1596919110823322 -1.105943916448973 0)
(0.1978493155146503 -1.106089178198365 0)
(0.2362682865022991 -1.106206904749882 0)
(0.2750636088197541 -1.106301179185975 0)
(0.3143295501644632 -1.106375088096132 0)
(0.3540767910179499 -1.106430847703761 0)
(0.3941542792279567 -1.106470007285039 0)
(0.4342427941569762 -1.106493775322335 0)
(0.4743782234071429 -1.106503283671709 0)
(0.4892500062252944 -1.10650235140206 0)
(0.5 -1.106500464900817 0)
(0.5 1.126141967683798 0)
(0.4871871946868406 1.126143781907284 0)
(0.4697102319637544 1.126143975858832 0)
(0.4284880079183737 1.126132205253543 0)
(0.3882466031176308 1.126106318528587 0)
(0.3486804572074557 1.126065823614731 0)
(0.3095420900030865 1.126009379593889 0)
(0.2707071313391263 1.125934991199161 0)
(0.2320912533850084 1.125839979822715 0)
(0.1936081587971309 1.125720826568045 0)
(0.1551665586921488 1.125572979135004 0)
(0.1166727423962407 1.125390604045943 0)
(0.07804150399546686 1.125166309301917 0)
(0.0392163485238495 1.124890896353931 0)
(0.0001939704778703622 1.124553224258296 0)
(-0.03896586478918485 1.124140180033684 0)
(-0.07816353336578068 1.123636516339196 0)
(-0.1173208843555002 1.123023996147605 0)
(-0.1565241614970966 1.122277931998784 0)
(-0.1961631853488588 1.121359924751698 0)
(-0.2370615739729917 1.120204079539693 0)
(-0.2796581655337467 1.118727707012509 0)
(-0.3234431210961815 1.116859215508191 0)
(-0.3679619376885999 1.114516631959546 0)
(-0.4135959938646951 1.111552005141971 0)
(-0.4539916108096426 1.108346639133696 0)
(-0.4899843042296888 1.104941940561756 0)
(-0.5250610956055357 1.101050846077914 0)
(-0.5635985228970927 1.096037235562729 0)
(-0.6063951224248345 1.089456099349293 0)
(-0.6492969861875475 1.081688131367139 0)
(-0.6978813611685611 1.071335029243675 0)
(-0.7486987205540621 1.058544708687036 0)
(-0.7957146488294246 1.044770072006541 0)
(-0.8416330304990802 1.0293860235343 0)
(-0.8947720117293835 1.008986990944388 0)
(-0.9404496954366232 0.9890615551290944 0)
(-0.974642279012478 0.972563151396757 0)
(-1.007282884302652 0.955490914020221 0)
(-1.040153052065809 0.9369068125360431 0)
(-1.076729267613425 0.9144626050744075 0)
(-1.122531906892738 0.8834859933190929 0)
(-1.173228423698748 0.8450942379389705 0)
(-1.223235148287174 0.8024247481886001 0)
(-1.264152542422912 0.7633719798366532 0)
(-1.294236384049773 0.7318694945418985 0)
(-1.319346852604423 0.7035385738733551 0)
(-1.344460552334885 0.673100017745665 0)
(-1.373524533877497 0.6348058853722114 0)
(-1.407666110649508 0.584773222153389 0)
(-1.440180811350566 0.5307851149745267 0)
(-1.466734478680313 0.480629625901258 0)
(-1.487743734620215 0.4357377749349657 0)
(-1.507022775393965 0.3890590762311421 0)
(-1.526527269112651 0.3341097248022667 0)
(-1.543070696434754 0.2781467852989709 0)
(-1.55531442501845 0.2272741072882755 0)
(-1.565456758069964 0.1736062583065595 0)
(-1.573818044555191 0.110550434968099 0)
(-1.578482168866429 0.04664765254317241 0)
(-1.579429355523482 -0.01119942108065237 0)
(-1.57759460300723 -0.06383948090577142 0)
(-1.573613252090852 -0.1124042023532215 0)
(-1.567604958319534 -0.1596944196851499 0)
(-1.558967029969508 -0.209474071317135 0)
(-1.547838260975449 -0.2595083014390504 0)
(-1.53528308653192 -0.3058162610656536 0)
(-1.51988335832404 -0.3538528621347177 0)
(-1.499696339415823 -0.4074428464686246 0)
(-1.475802083787619 -0.4618023700681703 0)
(-1.450810717837841 -0.5113424693114932 0)
(-1.425784888337136 -0.5554270445552556 0)
(-1.398191624430261 -0.5991044758685702 0)
(-1.365426207813918 -0.6456302783265323 0)
(-1.331108786387057 -0.689367188996985 0)
(-1.296571227043318 -0.7291420831165019 0)
(-1.25822755717854 -0.7691151532878749 0)
(-1.218374108770827 -0.8066817298774955 0)
(-1.179645934644039 -0.8398132641628238 0)
(-1.138973097939556 -0.8714572512765904 0)
(-1.094527763515783 -0.9027472484111111 0)
(-1.050942307499071 -0.9304336806265066 0)
(-1.009995087043335 -0.9539858980958626 0)
(-0.9689589468816399 -0.9753964013001476 0)
(-0.9262553104436462 -0.9955191004471884 0)
(-0.880013308830107 -1.015003432550791 0)
(-0.8317818521414511 -1.032956731051793 0)
(-0.7842291857693725 -1.048458314931715 0)
(-0.7368302750030853 -1.061892387040342 0)
(-0.6895689924007833 -1.073428233163087 0)
(-0.6433223254215307 -1.083059215674244 0)
(-0.5990065328307174 -1.090883209669901 0)
(-0.5556857500945046 -1.097329146425217 0)
(-0.5131889241564616 -1.102619084334399 0)
(-0.4719202785589818 -1.106894692372926 0)
(-0.4307708586929885 -1.110428930881684 0)
(-0.3887960178564618 -1.11339820854766 0)
(-0.3466595695778361 -1.115839049032237 0)
(-0.3050783785284235 -1.117808542760882 0)
(-0.2642666459862829 -1.119391653132371 0)
(-0.2242659549575848 -1.120665623862189 0)
(-0.1849194985250157 -1.121697027906124 0)
(-0.1461225333366533 -1.122535768387096 0)
(-0.1076682840185177 -1.123222299265519 0)
(-0.06938691039143841 -1.123786941066954 0)
(-0.03123479467691397 -1.12425177244395 0)
(0.006837039650088525 -1.124634688756267 0)
(0.04486939663093062 -1.124950095634454 0)
(0.08285967839754131 -1.125209424766191 0)
(0.120823521827623 -1.125422197162892 0)
(0.158823642638775 -1.125596387061623 0)
(0.1969711821915913 -1.125738539134641 0)
(0.2353888748741114 -1.125853808628514 0)
(0.2741763172930022 -1.125946137539474 0)
(0.3134177899375639 -1.126018538851737 0)
(0.3531464191005245 -1.126073228584807 0)
(0.3932586006664089 -1.126111752116403 0)
(0.4335152495247642 -1.126135265333163 0)
(0.4737650756123935 -1.126144714573103 0)
(0.4889970405187077 -1.126143844323093 0)
(0.5 -1.126141967627646 0)
(0.5 1.145790880513137 0)
(0.486965428359043 1.145792664415544 0)
(0.4691936824153545 1.145792801119447 0)
(0.4279660051257694 1.14578126690867 0)
(0.3875382155603362 1.145755853861439 0)
(0.347821622983188 1.145716136858529 0)
(0.308609032935004 1.145660895547153 0)
(0.2697543427163551 1.145588225415405 0)
(0.2311470615598306 1.145495522357885 0)
(0.1926839925997072 1.145379352758111 0)
(0.154261798600767 1.145235265352949 0)
(0.1157779151440059 1.145057549178882 0)
(0.07713922486707307 1.144838952933887 0)
(0.03828369313466885 1.144570442092841 0)
(-0.0007885049642782747 1.144241112875021 0)
(-0.04000913508955458 1.143838167375846 0)
(-0.07927578718558453 1.143346665265565 0)
(-0.1185170412895089 1.142748567123208 0)
(-0.1578120444872692 1.142019636716531 0)
(-0.1975090926908649 1.141123048979971 0)
(-0.238382276386345 1.139996058832903 0)
(-0.2811529590947589 1.138548636960074 0)
(-0.3254063216378318 1.136701623679329 0)
(-0.370436683482849 1.134379160507116 0)
(-0.4158462913224488 1.131486005349715 0)
(-0.4569320774416904 1.128284690468883 0)
(-0.4939770522447877 1.124825842718914 0)
(-0.5296507824118089 1.120898826703291 0)
(-0.5673848930838615 1.116025379043526 0)
(-0.6080030986903282 1.109857605253062 0)
(-0.6507420645768979 1.102246226548605 0)
(-0.7002321774766289 1.091850448380097 0)
(-0.7520056036720187 1.078960193617109 0)
(-0.8004954531206523 1.064869761318794 0)
(-0.8478051668646248 1.049104637573747 0)
(-0.9015392373467676 1.028559388993277 0)
(-0.9485754191567651 1.008106137764095 0)
(-0.9840206720986262 0.9910295077221452 0)
(-1.01765893313235 0.9734361433403877 0)
(-1.052219879284431 0.9538579936652843 0)
(-1.090369012942405 0.9303429895365134 0)
(-1.136124153186452 0.89927212820029 0)
(-1.186357464350438 0.8611754112886129 0)
(-1.23685698978702 0.8181009866972667 0)
(-1.279144639816721 0.7777546952376087 0)
(-1.309818097425917 0.7456133394803919 0)
(-1.335131575515895 0.7170442985746129 0)
(-1.361221010614993 0.6854006721553222 0)
(-1.391413800292759 0.6455175994772744 0)
(-1.425834216211432 0.5949356775673627 0)
(-1.458597928442421 0.5404366996690636 0)
(-1.485086006213717 0.4904015472997343 0)
(-1.506405042572245 0.444935613684967 0)
(-1.526446297623105 0.3964626563983912 0)
(-1.546726213383826 0.3392096009214977 0)
(-1.563393049134857 0.2826181030634692 0)
(-1.575689273305204 0.2314077491943674 0)
(-1.585964391228513 0.1770157789509173 0)
(-1.594477073890044 0.1128761005929815 0)
(-1.599242215841868 0.04775316096110686 0)
(-1.600218498348622 -0.01124588047933907 0)
(-1.598357096027413 -0.06489201643829794 0)
(-1.59431281230528 -0.1143374132370754 0)
(-1.588224168579441 -0.162372065483849 0)
(-1.579442996366208 -0.2130884170407049 0)
(-1.567952846594837 -0.2647631915238375 0)
(-1.555007910919022 -0.3124156823099367 0)
(-1.539475386831404 -0.3607997864106974 0)
(-1.519134450357898 -0.414824891576938 0)
(-1.494739858556443 -0.4703756836547081 0)
(-1.469067382060205 -0.5212775783615972 0)
(-1.443222729771789 -0.5667610002598156 0)
(-1.415119976101785 -0.6111773113763085 0)
(-1.381941723975675 -0.6582453875223174 0)
(-1.346993777886742 -0.7027638213698224 0)
(-1.311841078437926 -0.7432309022911551 0)
(-1.273017045302006 -0.7837040456500631 0)
(-1.232610892474227 -0.8218103014798894 0)
(-1.192999092434771 -0.8557157590294941 0)
(-1.151184319935252 -0.8882426863373445 0)
(-1.106250749834224 -0.9198676126768226 0)
(-1.062197584984988 -0.9478620644073553 0)
(-1.020152752920853 -0.9720534117114544 0)
(-0.9780878404151575 -0.9939877139665088 0)
(-0.9344721255150105 -1.01451270615789 0)
(-0.8875235072530668 -1.034261519633413 0)
(-0.8386572448016758 -1.052419193801279 0)
(-0.7903023706516806 -1.068148492299171 0)
(-0.7422444062376935 -1.081729898710635 0)
(-0.6943613916340421 -1.093372813749229 0)
(-0.647349948528913 -1.103108982844041 0)
(-0.6025645227994628 -1.110955218318447 0)
(-0.5591637127232186 -1.117353766317054 0)
(-0.5165078850391379 -1.12260687086834 0)
(-0.4747203794884046 -1.126877894277172 0)
(-0.4330239323993742 -1.130397127736559 0)
(-0.3907815490184617 -1.133324527861632 0)
(-0.3484120224559283 -1.135724016432921 0)
(-0.3065389774419054 -1.137659537438515 0)
(-0.2655328655700721 -1.139209616968646 0)
(-0.2254101130240971 -1.140453844615053 0)
(-0.1859654326138613 -1.141460157761602 0)
(-0.1470752683918315 -1.142278181421591 0)
(-0.1085385012743161 -1.142947458734208 0)
(-0.07021325405240651 -1.143497341613322 0)
(-0.03205134245793681 -1.143949687003101 0)
(0.006018501345101594 -1.144322295183097 0)
(0.04403788560846107 -1.144629211087921 0)
(0.08200829516028725 -1.144881593153039 0)
(0.1199578632301759 -1.14508876050885 0)
(0.1579433234297098 -1.145258410224389 0)
(0.1960708514406755 -1.145396883920883 0)
(0.2344732213667299 -1.145509227949538 0)
(0.2732431254325066 -1.145599250958777 0)
(0.3124553368424655 -1.145669872134572 0)
(0.3521719851884918 -1.14572329662902 0)
(0.3923438393570675 -1.145761050760787 0)
(0.4327844995603928 -1.145784208027096 0)
(0.473262156333742 -1.145793565660781 0)
(0.4887788391219839 -1.145792738541446 0)
(0.5 -1.145790880458451 0)
(0.5 1.165446039439312 0)
(0.4867607013776093 1.165447788141712 0)
(0.468732224217932 1.165447885790003 0)
(0.4273795301056053 1.165436602656436 0)
(0.3867707010258153 1.16541176255577 0)
(0.3469231235928019 1.165372998607002 0)
(0.3076516815485875 1.165319198935982 0)
(0.2687892272574939 1.165248552548991 0)
(0.2302011716326569 1.165158541510113 0)
(0.191768154085852 1.165045832917674 0)
(0.1533742645568251 1.164906093331369 0)
(0.1149064089134839 1.164733749678285 0)
(0.07626205230771083 1.164521708941122 0)
(0.03737046700658161 1.164261106040179 0)
(-0.001766917220882942 1.163941267264242 0)
(-0.04107074999603849 1.16354972586033 0)
(-0.08043135006379383 1.163071895670128 0)
(-0.1197756754339656 1.162490082015103 0)
(-0.1591671384555807 1.161780758658448 0)
(-0.1989054626729596 1.160909050347452 0)
(-0.2396419417791817 1.159817934506049 0)
(-0.2823521717677554 1.158413602322714 0)
(-0.3269356671735424 1.156603567066581 0)
(-0.3724528888930518 1.154315594660165 0)
(-0.4179771631800969 1.151484669655838 0)
(-0.4598075609652962 1.148295968969133 0)
(-0.4977360153536561 1.14481261260204 0)
(-0.5337663470927604 1.140892652616161 0)
(-0.5705465449421933 1.136197562794691 0)
(-0.6093375520966476 1.130402145002222 0)
(-0.6523029302785665 1.122886339236262 0)
(-0.70374750457087 1.112215385196806 0)
(-0.7549776918689338 1.099590995077327 0)
(-0.8042332541288906 1.085427779596781 0)
(-0.8540422369453096 1.068943394356217 0)
(-0.9085480865216915 1.048183524426022 0)
(-0.9563928861973374 1.027447662642308 0)
(-0.9934065303068708 1.009654537766886 0)
(-1.028206289182166 0.9914552518329113 0)
(-1.06425685296878 0.9709976019165484 0)
(-1.104209349737817 0.9462672403982573 0)
(-1.150512347254576 0.9146680852442983 0)
(-1.199977959223744 0.8770550832229801 0)
(-1.250014900057613 0.8343994283331418 0)
(-1.293722355698041 0.7927650981471156 0)
(-1.325684064108979 0.7592740633195385 0)
(-1.351514516810164 0.7300856865340506 0)
(-1.37826254432081 0.6975931505173907 0)
(-1.409370993363181 0.6563977067629224 0)
(-1.444147053509277 0.6051568469253592 0)
(-1.477108196905567 0.5502376347725254 0)
(-1.503624663412699 0.5001459061019629 0)
(-1.525296483642231 0.4539956539292588 0)
(-1.546125117313569 0.4036335029524056 0)
(-1.567082874855908 0.3443247394578334 0)
(-1.583810375233275 0.2873334582091815 0)
(-1.596193475289331 0.2356794815926948 0)
(-1.606631548122629 0.1804128074902053 0)
(-1.615296283966637 0.115164595176819 0)
(-1.620157534988301 0.0488695446327462 0)
(-1.621163378651795 -0.01128484745962259 0)
(-1.619277682491861 -0.06590635876706759 0)
(-1.615170123787921 -0.1162578712140488 0)
(-1.608994968816066 -0.165087688671549 0)
(-1.600086549532301 -0.216657637421844 0)
(-1.588220008514564 -0.2700490722952643 0)
(-1.574829105064681 -0.3192365113099689 0)
(-1.559150785075497 -0.3679795433673472 0)
(-1.538700800957337 -0.4223044077026261 0)
(-1.513768653123282 -0.4791204465067128 0)
(-1.487469538800143 -0.5312699900710385 0)
(-1.460871251246583 -0.5780448366904514 0)
(-1.432133664016114 -0.6234008046867527 0)
(-1.398492852276197 -0.6710716988644372 0)
(-1.363026361343228 -0.716224254305215 0)
(-1.327168901562306 -0.7574848614306161 0)
(-1.28787035837119 -0.7984461748306564 0)
(-1.246962639011688 -0.8370414545809601 0)
(-1.206380392039543 -0.8717921515867308 0)
(-1.163608140012122 -0.9050594919017921 0)
(-1.118175899391733 -0.9370337758658298 0)
(-1.073428928696524 -0.9654793908204049 0)
(-1.030324949154093 -0.9902812492238378 0)
(-0.9872239351662175 -1.012737818864476 0)
(-0.9426153876814872 -1.033695403926626 0)
(-0.8950066129968314 -1.053680702869443 0)
(-0.8454996199060781 -1.072037266437195 0)
(-0.7963372965073725 -1.087987541023313 0)
(-0.7477543881714048 -1.101672336543988 0)
(-0.6992563445425631 -1.11341647894986 0)
(-0.6513236517873275 -1.12328177538399 0)
(-0.6059725122488214 -1.131154555112202 0)
(-0.5625155561404479 -1.137489374990473 0)
(-0.5197128109610082 -1.142691357222208 0)
(-0.4774473964142167 -1.146940523395868 0)
(-0.4352456118791679 -1.150429322046452 0)
(-0.392696500033062 -1.153307274045168 0)
(-0.3500638900591642 -1.155657798862232 0)
(-0.3079325187996521 -1.15754990934241 0)
(-0.2667619080786554 -1.159059750468131 0)
(-0.226523210451675 -1.160269271836622 0)
(-0.1869838988106078 -1.161246536869202 0)
(-0.1480083194837927 -1.16204053376229 0)
(-0.1094020644285269 -1.162689781910964 0)
(-0.07103646111993775 -1.163222792168457 0)
(-0.03286229402113672 -1.163660989165095 0)
(0.005204194318557822 -1.164021877052749 0)
(0.04321117291845846 -1.164319150283898 0)
(0.08115922159011839 -1.164563614309352 0)
(0.1190844581275506 -1.164764338634915 0)
(0.1570491187125949 -1.164928782272747 0)
(0.1951500709425466 -1.165063034692989 0)
(0.2335215813014698 -1.165171990109878 0)
(0.2722607351337442 -1.165259346284687 0)
(0.3114403146087784 -1.165327922789613 0)
(0.3511505509440116 -1.165379887871451 0)
(0.3913980957214507 -1.165416733296664 0)
(0.4320432458191236 -1.165439439392507 0)
(0.4728228260168643 -1.16544866630275 0)
(0.48858656685906 -1.165447872127596 0)
(0.5 -1.165446039386287 0)
(0.5 1.185106481932896 0)
(0.4865672419540781 1.185108191167447 0)
(0.4682971178983825 1.185108261394491 0)
(0.4267340086017436 1.185097255613611 0)
(0.385941085978626 1.18507308347684 0)
(0.3459804825791964 1.185035443150376 0)
(0.3066676766298799 1.184983321481232 0)
(0.267811987909877 1.184915001863906 0)
(0.2292558672582003 1.184828062470726 0)
(0.1908640924990797 1.184719284292746 0)
(0.1525089746482372 1.184584471854919 0)
(0.114065779543464 1.18441820967826 0)
(0.07541907672235527 1.184213573719844 0)
(0.03648581111543248 1.183961871931704 0)
(-0.002731996501752599 1.183652667034684 0)
(-0.04214066506142001 1.183273848505822 0)
(-0.081618361997827 1.182811242384044 0)
(-0.1210837359977351 1.182247626567824 0)
(-0.1605789712321053 1.18156036959591 0)
(-0.2003518564056158 1.180716765393234 0)
(-0.2409455129465069 1.179665197895439 0)
(-0.2833318345336767 1.178317740429002 0)
(-0.327974718286004 1.176564871543784 0)
(-0.3739799983864725 1.174324644081578 0)
(-0.4198604174942175 1.171554907455292 0)
(-0.4625012681707792 1.16838923827146 0)
(-0.501199319708953 1.164907748592624 0)
(-0.5374355094445999 1.161027642569668 0)
(-0.5735744704025211 1.156482969419602 0)
(-0.611179034734001 1.150960978123967 0)
(-0.6545962251830143 1.143490693426885 0)
(-0.7074243578737055 1.132662149084062 0)
(-0.7579201166007656 1.120353143098458 0)
(-0.8075489468443503 1.106247037724838 0)
(-0.8600451018016538 1.089007790175854 0)
(-0.9153060563261796 1.068057981148346 0)
(-0.9638666728518195 1.047100197347558 0)
(-1.002751654863655 1.028461232970935 0)
(-1.038885377452066 1.009568607513904 0)
(-1.076190883766029 0.9883683526597679 0)
(-1.11795073146396 0.9624287688003103 0)
(-1.165308657086385 0.929950095392295 0)
(-1.214240677754636 0.8926097371367632 0)
(-1.262889482279914 0.8511564767726142 0)
(-1.307881814143156 0.8084043333654294 0)
(-1.341964172015649 0.7727090600108883 0)
(-1.368557070963891 0.742586500797053 0)
(-1.395487616787295 0.7097981100763371 0)
(-1.427371116553366 0.6674786728919411 0)
(-1.462649702136026 0.6153635733404298 0)
(-1.495663691262664 0.5602696037546017 0)
(-1.522329925862767 0.509900105005488 0)
(-1.544460622306516 0.4628179093414167 0)
(-1.566074514290495 0.4105262450411014 0)
(-1.58755308566155 0.3495861624971278 0)
(-1.604317705696929 0.2923065578066812 0)
(-1.616836136836995 0.2400392999481456 0)
(-1.627463887501874 0.183751716965554 0)
(-1.636274312631753 0.1174139810140083 0)
(-1.641226046430058 0.0500080973948188 0)
(-1.642262592745954 -0.01129580510256111 0)
(-1.640354199062265 -0.06689265646277767 0)
(-1.636179270712411 -0.1182073265822815 0)
(-1.629903835176964 -0.1679210230926724 0)
(-1.620882084073707 -0.2202525395687487 0)
(-1.60865648816601 -0.2752916184868481 0)
(-1.594782370458043 -0.3261525801177905 0)
(-1.578896781695316 -0.3754234494086192 0)
(-1.558346346871611 -0.4299975795401456 0)
(-1.532909818894659 -0.4879875991467422 0)
(-1.506010822708429 -0.5413283719546635 0)
(-1.478736349668156 -0.5892660414033589 0)
(-1.44926001604901 -0.6357313427685973 0)
(-1.415066708080427 -0.6841238308356059 0)
(-1.379183313070474 -0.7297743099455759 0)
(-1.342564145681044 -0.7718914051704128 0)
(-1.302779667654369 -0.8133472739801619 0)
(-1.261381573915377 -0.8524162854535988 0)
(-1.219838992017804 -0.8880004940349243 0)
(-1.176281404615985 -0.9218786601746957 0)
(-1.130214791067824 -0.9543033617518782 0)
(-1.084630203999039 -0.9832878357994409 0)
(-1.040525502656182 -1.008660407488412 0)
(-0.9963735463465379 -1.031642180405547 0)
(-0.9507231438673944 -1.053048831665118 0)
(-0.9024235765458075 -1.073275113490403 0)
(-0.852400998013306 -1.091777915313044 0)
(-0.8024459482048687 -1.107940642075562 0)
(-0.7531788521518089 -1.12176666663699 0)
(-0.7040847699811881 -1.133596830745336 0)
(-0.655291043934309 -1.143568007465208 0)
(-0.609381745701492 -1.151456281325554 0)
(-0.5658201453528496 -1.157724810688614 0)
(-0.522805517801129 -1.162871594792264 0)
(-0.4800829004971567 -1.167083280028171 0)
(-0.4374040432879078 -1.170526641266928 0)
(-0.3945254459911149 -1.173345762690356 0)
(-0.3516149859509216 -1.175638609392714 0)
(-0.3092585080949247 -1.177477986852087 0)
(-0.2679532683922201 -1.178940503219803 0)
(-0.2276053863418731 -1.180110414562682 0)
(-0.187974166498721 -1.181054773378084 0)
(-0.1489180911640258 -1.18182156211252 0)
(-0.1102518905966552 -1.182448123543473 0)
(-0.07185180644251213 -1.182962157306171 0)
(-0.03366416626315584 -1.183384565858386 0)
(0.00439693838009473 -1.183732351025785 0)
(0.04238554251326766 -1.184018813390567 0)
(0.08031027403459802 -1.184254430262198 0)
(0.1182094448194844 -1.184447940340143 0)
(0.1561436645323712 -1.18460651157755 0)
(0.1942070448766097 -1.184735998407531 0)
(0.2325339561901062 -1.18484112028019 0)
(0.2712270546554728 -1.184925453342382 0)
(0.310372073620696 -1.184991728577006 0)
(0.3500825694481776 -1.185042043527446 0)
(0.3904092334011011 -1.185077831595712 0)
(0.4312734613112068 -1.185099992004185 0)
(0.4724218342596266 -1.185109050624352 0)
(0.4884125249445038 -1.185108282890437 0)
(0.5 -1.185106481881726 0)
(0.5 1.20477140964268 0)
(0.4863793864018606 1.204773075044894 0)
(0.4678715134812504 1.204773126208406 0)
(0.426027983783848 1.204762429700522 0)
(0.3850450161793996 1.204739019067746 0)
(0.3449892783483561 1.20470266917823 0)
(0.3056547804940526 1.204652458248704 0)
(0.2668228192460536 1.204586763980329 0)
(0.2283133771143694 1.204503269357992 0)
(0.1899757017756261 1.204398881878209 0)
(0.1516714815083949 1.204269564486669 0)
(0.113264043476713 1.20411008297614 0)
(0.07462070959477307 1.203913692851019 0)
(0.03564059115171099 1.203671871993021 0)
(-0.003673197183724502 1.203374434471626 0)
(-0.04320735719366126 1.203009670826077 0)
(-0.08282350449271011 1.20256388004922 0)
(-0.1224270300569965 1.202020418894437 0)
(-0.1620351888075594 1.201357688213828 0)
(-0.2018433547523062 1.200545255112014 0)
(-0.2422946985728647 1.199536695681833 0)
(-0.284206519425706 1.198255111005653 0)
(-0.3285821788287405 1.196579887477146 0)
(-0.3749586349772737 1.194406015900751 0)
(-0.4213693814489141 1.191702550224533 0)
(-0.4649064650124859 1.18857166675893 0)
(-0.5043031027605486 1.185116345410937 0)
(-0.5406154000371589 1.181306910081695 0)
(-0.5763923031841849 1.176890919785086 0)
(-0.6133662894732117 1.171561876269129 0)
(-0.6571005105933777 1.164161024519867 0)
(-0.7110406730333244 1.153240581554207 0)
(-0.7613935469402997 1.141098029211203 0)
(-0.8110053300660847 1.127152560200981 0)
(-0.8657091113239664 1.109332547923828 0)
(-0.9221268064092402 1.088054205252299 0)
(-0.9712535876307523 1.066945477232317 0)
(-1.012042993258589 1.047455083398799 0)
(-1.049761953437676 1.027739304307209 0)
(-1.088217701029388 1.005853029835892 0)
(-1.131372847065614 0.9789718757401802 0)
(-1.17993910159191 0.945532114159085 0)
(-1.228827197468799 0.9080948590985208 0)
(-1.276254400419609 0.8676750148782693 0)
(-1.321814448110986 0.8244804359957435 0)
(-1.358316219970485 0.7862886648321541 0)
(-1.385864569107725 0.7550061461862664 0)
(-1.41302489926498 0.7218477978432996 0)
(-1.445550536404283 0.6785665070965189 0)
(-1.48129274219374 0.6256311218082069 0)
(-1.514256985094516 0.5705433197075547 0)
(-1.541200044963087 0.5196645417799111 0)
(-1.563934339577154 0.4713152479549019 0)
(-1.586301738316121 0.4171169344281017 0)
(-1.60808406981403 0.3551526202710363 0)
(-1.624919497244708 0.2975163181767294 0)
(-1.637637363155492 0.2443863441031644 0)
(-1.648469701353931 0.1869714323251564 0)
(-1.657408508044472 0.1196365298783248 0)
(-1.662445759683486 0.05118178042459945 0)
(-1.663514897633718 -0.01125734879805193 0)
(-1.661585067715077 -0.06785387154296466 0)
(-1.657335974314294 -0.1202137531414379 0)
(-1.650934448576441 -0.1709721433551764 0)
(-1.641800408704183 -0.2240133430038267 0)
(-1.629308977932174 -0.2802958160265869 0)
(-1.614933176004187 -0.3329387372000808 0)
(-1.598725911905029 -0.3830909419160722 0)
(-1.578023566033545 -0.438016952009347 0)
(-1.552156952886031 -0.4969874924211176 0)
(-1.524683813195169 -0.5514636774585115 0)
(-1.496756273027206 -0.6005249630369155 0)
(-1.466475217751902 -0.6482019094909482 0)
(-1.431712748474451 -0.6973329955375678 0)
(-1.395426487852425 -0.7434580863107227 0)
(-1.35801890697414 -0.7864571956253901 0)
(-1.31772480869229 -0.8284255273648397 0)
(-1.275845873457379 -0.8679527262916462 0)
(-1.233472264995611 -0.9042596843013119 0)
(-1.189130813305676 -0.9387528941377753 0)
(-1.142278886577985 -0.9717342448133643 0)
(-1.095857144745961 -1.001252305917324 0)
(-1.050785161456877 -1.027172806418536 0)
(-1.005549342161624 -1.050693335029988 0)
(-0.958884352118946 -1.072532377918841 0)
(-0.9099481200462656 -1.092975273031536 0)
(-0.8592989154141106 -1.111662073075751 0)
(-0.8084255010473151 -1.128068496839145 0)
(-0.7585687360198082 -1.14199901153836 0)
(-0.7089336089974667 -1.153894175410712 0)
(-0.6592341202805585 -1.163970892862935 0)
(-0.6127846260146228 -1.17186151293222 0)
(-0.5690640999409911 -1.178061624207275 0)
(-0.5257765740684555 -1.183147969593473 0)
(-0.482604291876244 -1.187307202517259 0)
(-0.4394636093560473 -1.190690351998677 0)
(-0.3962462804266475 -1.193439629663935 0)
(-0.3530703262908962 -1.195664426279206 0)
(-0.3105245118274144 -1.197441832318084 0)
(-0.2691045418340454 -1.198850456625075 0)
(-0.2286551772982352 -1.199975913886788 0)
(-0.1889353443234546 -1.200883579974224 0)
(-0.1498027879043824 -1.201620078874981 0)
(-0.1110835000988236 -1.202221413920586 0)
(-0.07265312774405014 -1.202714445106373 0)
(-0.0344532171615769 -1.203119440786611 0)
(0.003599997864624539 -1.203452777821635 0)
(0.0415656527144463 -1.203727307353987 0)
(0.07946140595527212 -1.203953147241537 0)
(0.1173286252867762 -1.204138678282638 0)
(0.1552253596827663 -1.204290746546956 0)
(0.1932423952404869 -1.204414949095489 0)
(0.2315127103055806 -1.204515810472035 0)
(0.270147418429967 -1.204596779101507 0)
(0.3092513285910218 -1.204660492777262 0)
(0.3489562898017955 -1.204708955802834 0)
(0.3893602218354075 -1.204743539034654 0)
(0.4304631170233431 -1.204765064996411 0)
(0.4720392616884239 -1.204773917600916 0)
(0.4882480938951611 -1.204773172590734 0)
(0.5 -1.204771409593549 0)
(0.5 1.224440157877331 0)
(0.4861937139371767 1.224441774806494 0)
(0.467447075745447 1.224441813889394 0)
(0.4252541741994162 1.224431460207882 0)
(0.3840762214479383 1.224408904637929 0)
(0.3439449550796161 1.224374009119873 0)
(0.3046108632313345 1.224325937117339 0)
(0.2658221516004371 1.224263160768718 0)
(0.2273761144439974 1.224183475154978 0)
(0.1891075265784928 1.224083928064792 0)
(0.1508679618460098 1.223960658715002 0)
(0.1125090992205243 1.223808639004397 0)
(0.07387814062470582 1.223621325390907 0)
(0.03484775819712665 1.223390355544604 0)
(-0.00457808815740991 1.223105805558029 0)
(-0.04425815686327794 1.222756431912115 0)
(-0.08403271674474053 1.222329076620038 0)
(-0.1237900358375466 1.221807772639172 0)
(-0.1635207655675849 1.221172051121971 0)
(-0.2033694098472963 1.220393781814903 0)
(-0.2436867591710523 1.219431476217115 0)
(-0.2851265234496107 1.218219079973623 0)
(-0.3288640237033955 1.216641090943011 0)
(-0.3752972785394538 1.214560263243442 0)
(-0.4223702602333886 1.211932580233357 0)
(-0.466922520780114 1.208848884860867 0)
(-0.5069882764020742 1.20544225583025 0)
(-0.543260499903726 1.201733156022864 0)
(-0.5788482734425197 1.197440213940117 0)
(-0.6157140151080113 1.192235623826245 0)
(-0.6597887994436709 1.184903155844897 0)
(-0.7143155990531294 1.174011595390483 0)
(-0.7651097447081251 1.161902705442735 0)
(-0.8148823024208021 1.148059156632363 0)
(-0.8708528002722438 1.129978989731444 0)
(-0.9290731880591695 1.108146146000154 0)
(-0.9794206005185044 1.086591243564242 0)
(-1.021660936212175 1.066445349072186 0)
(-1.060794184030671 1.04598920386207 0)
(-1.100431570306406 1.023394425878349 0)
(-1.144528068740807 0.9958630098449798 0)
(-1.19400286103539 0.9617058911602411 0)
(-1.243505102659719 0.9236966175582229 0)
(-1.290451064475499 0.8836462280502312 0)
(-1.335890456182743 0.8406248773845413 0)
(-1.374194690214282 0.8006033058806106 0)
(-1.40317541843598 0.7676502527070387 0)
(-1.430998246117532 0.7335796871383806 0)
(-1.463983104253027 0.6895545042713911 0)
(-1.499975053767267 0.6361163385237779 0)
(-1.532995480017275 0.5808666546153528 0)
(-1.560301036893571 0.5293047044230583 0)
(-1.583699084551286 0.479526359389183 0)
(-1.60673192606624 0.423598222887518 0)
(-1.628683831907061 0.3609961213941875 0)
(-1.645649940632015 0.3028302714855096 0)
(-1.658612811793834 0.2486412652564987 0)
(-1.669644961225309 0.1900894633525111 0)
(-1.678693909741626 0.1218683797747051 0)
(-1.683815336821386 0.05239250983827151 0)
(-1.684919009838413 -0.01117105742350571 0)
(-1.682969972926046 -0.06877326182446419 0)
(-1.678642216070952 -0.1222461228724823 0)
(-1.672085932119828 -0.1742391341955488 0)
(-1.662825453374852 -0.228014898462316 0)
(-1.650176614698029 -0.2850604708893291 0)
(-1.635302207934552 -0.3395216459117799 0)
(-1.61864573067889 -0.3909562306531508 0)
(-1.597723155959875 -0.4463815713227703 0)
(-1.571513307868761 -0.5061102762255296 0)
(-1.543479907505799 -0.5616893490871327 0)
(-1.514883746028001 -0.611897912375313 0)
(-1.4837949951538 -0.6607868173408227 0)
(-1.448474311897921 -0.7106389449533439 0)
(-1.41168660329617 -0.7573574046684896 0)
(-1.373527285796548 -0.801186868704385 0)
(-1.332741615803789 -0.8436437502941925 0)
(-1.290438716173906 -0.8835743774359928 0)
(-1.247260265136162 -0.9205845533655689 0)
(-1.201998951072611 -0.955797323730098 0)
(-1.154360683702139 -0.9893301834464597 0)
(-1.107137931171482 -1.019354594524589 0)
(-1.061100777810469 -1.045819113815155 0)
(-1.014824943079725 -1.069853967515969 0)
(-0.9672462029585209 -1.092080140072372 0)
(-0.9175497544287536 -1.1127925305616 0)
(-0.8660330718087671 -1.131744378885736 0)
(-0.8143686315288755 -1.148342493219025 0)
(-0.7640191499149743 -1.16234444869066 0)
(-0.71373011255065 -1.174324599622547 0)
(-0.6631511124655631 -1.184490770910583 0)
(-0.6161704234313913 -1.19237207897329 0)
(-0.572218257817995 -1.19850350132912 0)
(-0.528606305870149 -1.203521985461776 0)
(-0.4849829485531288 -1.207613726187268 0)
(-0.4413875790513384 -1.210921546164039 0)
(-0.3978400311016015 -1.213588158248047 0)
(-0.3544385457244904 -1.215733076508132 0)
(-0.311743289719332 -1.217439373272796 0)
(-0.2702145119567099 -1.218788188414182 0)
(-0.2296675240836676 -1.219864554799447 0)
(-0.1898644900817761 -1.220731782278988 0)
(-0.1506603804985812 -1.221434981497907 0)
(-0.1118927520745504 -1.222008665155631 0)
(-0.07343463420540947 -1.222478752130421 0)
(-0.03522557908747417 -1.222864742095245 0)
(0.002814597229806922 -1.223182311820112 0)
(0.04075405173738273 -1.223443838717822 0)
(0.07861710483806296 -1.223659016286627 0)
(0.1164423398327777 -1.223835811183629 0)
(0.154290511350691 -1.223980755479465 0)
(0.1922547890158809 -1.22409918364196 0)
(0.2304623282827645 -1.224195387394823 0)
(0.2690287986333042 -1.224272664157132 0)
(0.3080746720902068 -1.224333545669211 0)
(0.3477556624715528 -1.224379947517167 0)
(0.3882343343432247 -1.22441318428464 0)
(0.4296010793524179 -1.224433991755779 0)
(0.471658736072367 -1.224442600344514 0)
(0.4880854474829733 -1.224441876580914 0)
(0.5 -1.224440157830422 0)
(0.5 1.24411217066091 0)
(0.486008349299099 1.24411373415376 0)
(0.4670212042213848 1.244113767859792 0)
(0.4244004454283078 1.2441037898091 0)
(0.3830259564979911 1.24408218335191 0)
(0.3428426263796654 1.244048904079715 0)
(0.3035342841161731 1.244003194342 0)
(0.2648107086409077 1.243943620360927 0)
(0.2264466664586743 1.243868096511122 0)
(0.1882640167186514 1.243773824972931 0)
(0.1501050509575513 1.243657139655005 0)
(0.111810113372411 1.243513243440623 0)
(0.07320382994771124 1.243335819785741 0)
(0.03412123833150438 1.243116652904282 0)
(-0.005433663255969129 1.242846090074186 0)
(-0.04527959728610179 1.242513441259686 0)
(-0.0852305766506004 1.242106169470136 0)
(-0.1251554843868471 1.241609067752693 0)
(-0.1650175768375455 1.241002878226305 0)
(-0.2049140078086117 1.240261749863506 0)
(-0.2451124356296564 1.239348792106926 0)
(-0.2861284788396243 1.238207386405214 0)
(-0.328996982434942 1.236738620090101 0)
(-0.3750171975310975 1.234781316791857 0)
(-0.4227109935651007 1.232249389214582 0)
(-0.4684497116140507 1.229225076781555 0)
(-0.5092123792307037 1.225886804369433 0)
(-0.5454897908840391 1.222290136628744 0)
(-0.5810544118901424 1.218114205105815 0)
(-0.6179946532423195 1.213018404101952 0)
(-0.66216293386832 1.205809345416119 0)
(-0.7172464828429264 1.194973505321449 0)
(-0.7690618784181484 1.182770123235688 0)
(-0.819573934058518 1.168849749866804 0)
(-0.8758349867263013 1.150819339690515 0)
(-0.9354099771912678 1.128626614139297 0)
(-0.9881240829221984 1.106148091659531 0)
(-1.032345957640473 1.08506215497182 0)
(-1.072387222050494 1.064095607081306 0)
(-1.112748624861723 1.04104180510515 0)
(-1.157249082102568 1.013213159777675 0)
(-1.207446849129292 0.9785113849300016 0)
(-1.258343909047269 0.9393573470234275 0)
(-1.305493701599933 0.8990560897577835 0)
(-1.350093203000592 0.8568529555175489 0)
(-1.389617140811298 0.8156324119153184 0)
(-1.420593545876314 0.7803958210786232 0)
(-1.449421516461031 0.7449720982031163 0)
(-1.482593296482139 0.7005467203513237 0)
(-1.518692340875428 0.6468243245409296 0)
(-1.551913854633047 0.5911759231774948 0)
(-1.579648362233349 0.5387871467113352 0)
(-1.603714347313844 0.4875399936787087 0)
(-1.627286735002873 0.4301728964175575 0)
(-1.649395489147616 0.3669802004563441 0)
(-1.66656451513487 0.3080356892507141 0)
(-1.679774852584189 0.2527405618855722 0)
(-1.690975320261237 0.1931891049910242 0)
(-1.700124316071107 0.1241589379256049 0)
(-1.705333484261382 0.05364363458133282 0)
(-1.7064737696563 -0.01103685130907793 0)
(-1.704508402390149 -0.06963946535555889 0)
(-1.700100587165849 -0.1242686229732195 0)
(-1.693368735288114 -0.1776448078348968 0)
(-1.683961049552603 -0.2322324465083467 0)
(-1.671200936178451 -0.2898181904531607 0)
(-1.655860794954052 -0.345994221474246 0)
(-1.638688378498379 -0.3989242166053324 0)
(-1.61747914579668 -0.4550048006066534 0)
(-1.590954401012295 -0.5154053358108767 0)
(-1.562396338386275 -0.5720081731889863 0)
(-1.53312788516818 -0.6233676068047833 0)
(-1.501214855382476 -0.6734907055359042 0)
(-1.465337066292544 -0.7240589783631938 0)
(-1.427980468598979 -0.7714500443485467 0)
(-1.389086471066461 -0.8160818247338276 0)
(-1.347858230640314 -0.8589725656871332 0)
(-1.30522694579953 -0.8992197180699206 0)
(-1.261200740062876 -0.9369756691081472 0)
(-1.21482328989725 -0.9730570326778608 0)
(-1.166408571776177 -1.007124641197175 0)
(-1.118460796645603 -1.037600839702946 0)
(-1.071543738150833 -1.064559375881102 0)
(-1.02433943614832 -1.08905482420393 0)
(-0.9757479697229264 -1.111718451988555 0)
(-0.9249894049560623 -1.132819910180677 0)
(-0.872677116616185 -1.151998584018939 0)
(-0.8204594126039552 -1.168707165754666 0)
(-0.769514361775658 -1.182807174109319 0)
(-0.7184694717159319 -1.194889126807634 0)
(-0.6670404634361594 -1.205128156141124 0)
(-0.6195194635012881 -1.212991356845648 0)
(-0.5752396098391259 -1.219055819558262 0)
(-0.5312693542753311 -1.223995652824885 0)
(-0.4871872301976773 -1.22800429752741 0)
(-0.4431427103192477 -1.231220722687951 0)
(-0.3992849044373563 -1.233790565440789 0)
(-0.3557339607011515 -1.235842157501822 0)
(-0.3129377380918324 -1.23746824881054 0)
(-0.2712804758584744 -1.23875232919279 0)
(-0.2306353530946487 -1.239775185518692 0)
(-0.1907546714717162 -1.240598323397873 0)
(-0.1514847412350226 -1.241265288704188 0)
(-0.1126736957679996 -1.241808974902827 0)
(-0.07419264972567308 -1.242254219753786 0)
(-0.03597929154271458 -1.242619658978035 0)
(0.002041767069196797 -1.242920193100912 0)
(0.03995106579282547 -1.24316769058031 0)
(0.07777803910604192 -1.243371361731688 0)
(0.1155533242596971 -1.243538706669779 0)
(0.153343779288595 -1.243675938612981 0)
(0.1912471922354785 -1.243788115062132 0)
(0.2293832150950087 -1.243879272707683 0)
(0.2678680875514208 -1.243952536610289 0)
(0.3068348453613474 -1.244010320988384 0)
(0.3464739581851411 -1.244054461378929 0)
(0.3870207376341919 -1.244086210226191 0)
(0.4286658067016475 -1.244106211362227 0)
(0.4712740917229205 -1.244114542081725 0)
(0.4879226622291664 -1.244113838604678 0)
(0.5 -1.244112170616401 0)
(0.5 1.26378698036484 0)
(0.4858228031235113 1.263788484978161 0)
(0.4665990555357524 1.263788521082125 0)
(0.4234474824384365 1.263778947886171 0)
(0.3818829340814148 1.263758386264846 0)
(0.3416777644186152 1.263726884240602 0)
(0.3024243668510179 1.263683754642927 0)
(0.263789734879036 1.263627656965777 0)
(0.2255275798988316 1.263556632665635 0)
(0.1874491131030337 1.263468052785144 0)
(0.1493892543631379 1.263358467049466 0)
(0.1111774711196299 1.263223335990264 0)
(0.07261202590251487 1.263056593780125 0)
(0.03347559173566404 1.262850150305635 0)
(-0.0062266169416355 1.262594646454134 0)
(-0.04625715838204654 1.262280056274102 0)
(-0.08640070337182185 1.261894532710028 0)
(-0.1265048639446362 1.261423711272716 0)
(-0.1665049141988195 1.260849623372175 0)
(-0.2064550645999262 1.260148662777141 0)
(-0.246551271171873 1.259288155531522 0)
(-0.2871896923764971 1.258219770669139 0)
(-0.3292060441083839 1.256861863248963 0)
(-0.3742557449577454 1.255057461025253 0)
(-0.4221953298015392 1.252657774406954 0)
(-0.4693796645095732 1.249703285877511 0)
(-0.5109435870078447 1.246449356638492 0)
(-0.5473769311719278 1.242967180917972 0)
(-0.583096357025792 1.238900691750531 0)
(-0.6201026413634525 1.233926112583507 0)
(-0.6640216680921327 1.226914001263368 0)
(-0.719880314413095 1.216113974614787 0)
(-0.773363240929996 1.203673078132873 0)
(-0.8248809568871703 1.189588146384229 0)
(-0.8814267596499892 1.171585287981348 0)
(-0.9409170985439927 1.14958047232781 0)
(-0.9963146869063493 1.126087613078084 0)
(-1.043716113449057 1.10349552249026 0)
(-1.085193454393027 1.081698880396821 0)
(-1.125634397083469 1.058514702689126 0)
(-1.169731035844372 1.030893795205976 0)
(-1.220285965165007 0.9959387301115102 0)
(-1.27302651741172 0.9553330203968039 0)
(-1.320963690899426 0.9142801920127733 0)
(-1.364695765070531 0.872892729874151 0)
(-1.404742800163626 0.8312025315503488 0)
(-1.438227026368194 0.7931150979563135 0)
(-1.468347935778898 0.7559529756344678 0)
(-1.501309901380229 0.7116418730231412 0)
(-1.537433532544883 0.6577712529379446 0)
(-1.571040659990379 0.6014182823019574 0)
(-1.599251129412703 0.5480910781140423 0)
(-1.623952838381687 0.4954152153078294 0)
(-1.647927110655716 0.4369410425974422 0)
(-1.670240176156966 0.3730363428814572 0)
(-1.687694166310213 0.3130115667122573 0)
(-1.701131124886598 0.2566429468107213 0)
(-1.712452711072795 0.1963146405583476 0)
(-1.721695699424517 0.1265374381368084 0)
(-1.726998966497019 0.05493907511473076 0)
(-1.728178110488005 -0.01085453683228735 0)
(-1.726198291099124 -0.07047028770743638 0)
(-1.721709124965707 -0.1262904872916351 0)
(-1.714790524320714 -0.1811310206230026 0)
(-1.705222546614252 -0.2365833604531358 0)
(-1.692358315260366 -0.2946604543209521 0)
(-1.676578106477511 -0.352456663703213 0)
(-1.658860159465456 -0.4069737784695658 0)
(-1.637305716536529 -0.4638488384675987 0)
(-1.610467718189742 -0.5248967404386253 0)
(-1.581431577347507 -0.5824208319398977 0)
(-1.551495006055289 -0.6349216148559327 0)
(-1.518728342228636 -0.6863213020567528 0)
(-1.482291692355149 -0.7376038095430157 0)
(-1.444319936613846 -0.7857199493462872 0)
(-1.4046839867917 -0.8311541934614207 0)
(-1.363171152798365 -0.8743149839210033 0)
(-1.320204037480086 -0.9148934095952056 0)
(-1.27515029139175 -0.9535490063764436 0)
(-1.227607424921888 -0.9905282820991539 0)
(-1.178468658981561 -1.025085716370777 0)
(-1.129901855523958 -1.055944079587372 0)
(-1.082263969106208 -1.083310931706673 0)
(-1.034009569351751 -1.108336426118394 0)
(-0.984106822891286 -1.131571346624177 0)
(-0.9323050428382239 -1.153041646740323 0)
(-0.8794037439032945 -1.172364899088286 0)
(-0.8266642956874919 -1.189172809659992 0)
(-0.7750816971573347 -1.203380461594425 0)
(-0.7231582314922982 -1.21558644317167 0)
(-0.6709039427014624 -1.225883159243383 0)
(-0.6228236372911633 -1.233721073596829 0)
(-0.5781108153020912 -1.239720575371839 0)
(-0.5337517911140799 -1.244569660503706 0)
(-0.4891913501935096 -1.248479544741396 0)
(-0.4446930950124604 -1.251588120601606 0)
(-0.4005853566911955 -1.254044423923268 0)
(-0.3569843760893952 -1.255988755496869 0)
(-0.314106312356253 -1.257527028482701 0)
(-0.2722925186761341 -1.258741687251934 0)
(-0.2315492361604834 -1.259706691784877 0)
(-0.1915990561454254 -1.260482150663472 0)
(-0.1522699191189416 -1.261110040971984 0)
(-0.1134204037916018 -1.261621477415338 0)
(-0.07492562486834146 -1.262040018770576 0)
(-0.03671447747903376 -1.262383424088338 0)
(0.001286669488881941 -1.262665757930621 0)
(0.03916134145271426 -1.262898243171674 0)
(0.07694313950822616 -1.263089575147123 0)
(0.1146621771801483 -1.26324680110027 0)
(0.1523896675315765 -1.263375774447721 0)
(0.1902227052429331 -1.263481238753986 0)
(0.2282741139193352 -1.263566969452938 0)
(0.2666608465529123 -1.263635909607869 0)
(0.3055286618075603 -1.263690346632922 0)
(0.3451055715757595 -1.263732030446163 0)
(0.3857030646970454 -1.26376214610907 0)
(0.4276314753102947 -1.263781251199567 0)
(0.4708876406905906 -1.263789275331439 0)
(0.4877602190334576 -1.263788590664261 0)
(0.5 -1.263786980322904 0)
(0.5 1.283464191094057 0)
(0.485634553760076 1.283465630430137 0)
(0.4661952606538661 1.283465679438511 0)
(0.4223672980260673 1.283456534181071 0)
(0.3806341419946473 1.283437116710398 0)
(0.3404455343187588 1.283407551586358 0)
(0.3012806404995408 1.283367213295084 0)
(0.2627610756626351 1.283314854044427 0)
(0.2246219490142828 1.28324864986675 0)
(0.1866671003248327 1.283166155376266 0)
(0.148726775079181 1.283064157902119 0)
(0.1106210800865847 1.282938405664216 0)
(0.07211844789550095 1.282783113418093 0)
(0.03292744737390684 1.28259027937591 0)
(-0.006943111129798674 1.282350864676331 0)
(-0.04717659300028051 1.28205564949607 0)
(-0.08752671846683922 1.28169354363582 0)
(-0.1278182908563312 1.281251111261604 0)
(-0.1679585222894334 1.280711752037968 0)
(-0.207965281863113 1.280054048242927 0)
(-0.2479732287511538 1.279249204802587 0)
(-0.288278146028626 1.278256097915976 0)
(-0.3295780017359046 1.277006621834435 0)
(-0.3732874700650707 1.275371807886315 0)
(-0.4207234957820722 1.273154520487749 0)
(-0.4695788012172745 1.270285984562495 0)
(-0.5122308836305618 1.267121470514106 0)
(-0.5489529986510971 1.263758541609732 0)
(-0.5849816678676469 1.259798016795717 0)
(-0.6221317206799942 1.254944424587195 0)
(-0.6656160971279501 1.248169630158646 0)
(-0.7221863259934226 1.237437653507145 0)
(-0.7779183176696436 1.224637848873549 0)
(-0.8307468968388869 1.210294404153947 0)
(-0.88752602674362 1.192314603441551 0)
(-0.9466871412957342 1.170572277063891 0)
(-1.003337820028523 1.146701302811303 0)
(-1.05478097772804 1.122239935549632 0)
(-1.098677501065608 1.099088977730113 0)
(-1.139611048124798 1.075496164161525 0)
(-1.182791070580698 1.048364228480349 0)
(-1.232538960664197 1.013974646090813 0)
(-1.287072755125227 0.9720125145157671 0)
(-1.336614875735186 0.9295389148665002 0)
(-1.380098786101492 0.888345582582418 0)
(-1.419834721499497 0.8470282904378044 0)
(-1.455740399377817 0.8062048780476864 0)
(-1.487363736027334 0.7670537619224694 0)
(-1.520211734339968 0.7227262172304389 0)
(-1.556365081270753 0.6686927277371673 0)
(-1.590403961403577 0.6115416712724936 0)
(-1.619116295677025 0.5571998969077361 0)
(-1.644398582237289 0.5031856572238477 0)
(-1.668645873457779 0.4439192221147926 0)
(-1.691235743965802 0.3791060311741447 0)
(-1.709034692596003 0.3177691501797943 0)
(-1.722665564079156 0.260418646372551 0)
(-1.734078373555545 0.1994520584515621 0)
(-1.743410187335073 0.1289740241967035 0)
(-1.748811004690885 0.05627454305185266 0)
(-1.750031066938978 -0.0106207662472719 0)
(-1.748036944811656 -0.07129639542505184 0)
(-1.743466471775501 -0.1283157968432394 0)
(-1.736365936556138 -0.1845934514801447 0)
(-1.726619202605501 -0.2410160010088222 0)
(-1.713619189112088 -0.2997027787836383 0)
(-1.697433889126807 -0.3589736776551479 0)
(-1.679167720164524 -0.415083109049013 0)
(-1.657205742075176 -0.4729036704373429 0)
(-1.630045823978308 -0.5345978768853593 0)
(-1.600586463756103 -0.5929237623923008 0)
(-1.569975195605495 -0.6465745607377449 0)
(-1.53634341340354 -0.6992650803951622 0)
(-1.499331468540482 -0.7512807663633125 0)
(-1.460672065897238 -0.8002052180332307 0)
(-1.420416033708556 -0.8462976372753193 0)
(-1.378794807535908 -0.8895564160646544 0)
(-1.33528398427073 -0.9306717586152684 0)
(-1.289012369054913 -0.9703823745142447 0)
(-1.240373343785844 -1.008193782259455 0)
(-1.19060025917776 -1.043172800956258 0)
(-1.14161081689934 -1.074292981879877 0)
(-1.093160926138976 -1.1021282005905 0)
(-1.043528845912927 -1.127848910297985 0)
(-0.9923038507138091 -1.15164624879221 0)
(-0.9396819179031701 -1.173384887708118 0)
(-0.8861994930963566 -1.192847895129197 0)
(-0.8329513721032882 -1.209749228114119 0)
(-0.7807037502525457 -1.224069241136216 0)
(-0.7278198330735514 -1.236411786705223 0)
(-0.6747510844222939 -1.246754711591465 0)
(-0.6260955528673875 -1.254560055183503 0)
(-0.5808666344710122 -1.26049348620525 0)
(-0.5360651814470959 -1.265242123360159 0)
(-0.4909732910526272 -1.26903943417385 0)
(-0.445990437921683 -1.272024182359911 0)
(-0.4017512600573333 -1.274346926741414 0)
(-0.3582322730174063 -1.276169527482369 0)
(-0.3152502868826656 -1.27761414557476 0)
(-0.2732424127818625 -1.27875495460715 0)
(-0.2323991562009754 -1.279657927422831 0)
(-0.1923870497763964 -1.280382263076579 0)
(-0.1530102370995376 -1.280968282309994 0)
(-0.1141286636366841 -1.281445307123164 0)
(-0.0756280052441559 -1.28183539733166 0)
(-0.03742756290830652 -1.282155347716439 0)
(0.0005504186977222048 -1.282418361623991 0)
(0.03838564114748706 -1.282634906969419 0)
(0.07611548121456622 -1.282813127330567 0)
(0.1137736929705288 -1.282959608159718 0)
(0.1514308887349021 -1.283079798102105 0)
(0.1891826833637494 -1.283178111066953 0)
(0.2271342186848921 -1.283258050416389 0)
(0.2654029724460715 -1.283322367942906 0)
(0.3041550863210095 -1.28337322461205 0)
(0.3436470382421522 -1.283412262179657 0)
(0.3842595330631766 -1.283440592012334 0)
(0.4264629065407115 -1.283458709363547 0)
(0.4705126804271389 -1.283466405332875 0)
(0.4876001884037506 -1.283465736143122 0)
(0.5 -1.283464191054861 0)
(0.5 1.303143465150579 0)
(0.485430179150615 1.303144830436224 0)
(0.4658405341573031 1.303144908855855 0)
(0.4211182982101451 1.303136204661528 0)
(0.3792658824819508 1.303118037749386 0)
(0.3391419497751339 1.303090567415351 0)
(0.300103029790011 1.303053222645868 0)
(0.2617267133277417 1.30300484966884 0)
(0.2237332317246334 1.302943766990291 0)
(0.1859223251467079 1.302867725646304 0)
(0.1481231512316825 1.30277377186746 0)
(0.1101502059112047 1.302657976810083 0)
(0.07174136778520855 1.302514881721865 0)
(0.03249612610548173 1.302336502779774 0)
(-0.007570161390892432 1.302114141545202 0)
(-0.04802483152261274 1.30183958632218 0)
(-0.08859232069606274 1.301502564331421 0)
(-0.1290750760489876 1.301090644884056 0)
(-0.1693522110832882 1.300588678573108 0)
(-0.2094117945160404 1.299977407650057 0)
(-0.2493389400203463 1.299231603384391 0)
(-0.2893433534540651 1.298316489196632 0)
(-0.3300508078968454 1.297174194119102 0)
(-0.3724603963411742 1.295706785031629 0)
(-0.4183670447133731 1.293725909331762 0)
(-0.4688424279188162 1.290977258938733 0)
(-0.5131008634184037 1.287896427817204 0)
(-0.5502342022123797 1.284660153570114 0)
(-0.5867268752108655 1.280803696708352 0)
(-0.6242174059812458 1.276054391365008 0)
(-0.6673758530165845 1.269500728726296 0)
(-0.7242910499032891 1.258916560425292 0)
(-0.7825517868135429 1.245709814721907 0)
(-0.8369607094353143 1.231033253335829 0)
(-0.8940588447146434 1.213034959384939 0)
(-0.9529777069201774 1.191500863605758 0)
(-1.010111125633474 1.167576092567759 0)
(-1.064641797392673 1.141743749325475 0)
(-1.111766049866365 1.116856265338331 0)
(-1.154045192544356 1.092363260333547 0)
(-1.196861118468479 1.065336798403919 0)
(-1.245082311334436 1.031977309565715 0)
(-1.300511054149249 0.989371809818132 0)
(-1.352132560381559 0.9451142701411654 0)
(-1.396026854603605 0.9034837032266666 0)
(-1.435391287530426 0.8625673332420943 0)
(-1.472845760813803 0.820005805602275 0)
(-1.506294901619589 0.7784993533172341 0)
(-1.539464841623394 0.7335608804471755 0)
(-1.575572575364851 0.6794510612236599 0)
(-1.609947392584527 0.6216438933996498 0)
(-1.639197575269713 0.566203825807432 0)
(-1.665009853701449 0.5109440649550724 0)
(-1.68951996055789 0.4509014548269474 0)
(-1.712393491265709 0.3851509741833412 0)
(-1.730533738261788 0.3225019383127392 0)
(-1.744370917081632 0.2640966308623802 0)
(-1.755868446730522 0.2024932495762923 0)
(-1.765271025520809 0.1314286458097724 0)
(-1.770769524087649 0.05763235602980478 0)
(-1.772031791091858 -0.0103242884906878 0)
(-1.770023748479405 -0.07211267308620992 0)
(-1.76537207860671 -0.1303413051327711 0)
(-1.758101133949006 -0.1879848926093134 0)
(-1.748147725369494 -0.2455424297434929 0)
(-1.734958176314536 -0.3050436876833688 0)
(-1.718417228496146 -0.3655786699598385 0)
(-1.699617950724452 -0.4232299632371885 0)
(-1.67717696892196 -0.4821719321275142 0)
(-1.649703363265818 -0.5444754226994203 0)
(-1.619853916214069 -0.6035283080007345 0)
(-1.588529594831418 -0.6583890497040146 0)
(-1.554086237076527 -0.7122816588120914 0)
(-1.516462445878352 -0.7650802362192989 0)
(-1.477076648752014 -0.8148564796152666 0)
(-1.436389496180613 -0.8613943710023818 0)
(-1.394626397499018 -0.9047976946454045 0)
(-1.350329364981 -0.9466774208170166 0)
(-1.30282688519651 -0.9874421736289741 0)
(-1.253267006034255 -1.025944634919727 0)
(-1.20294992342649 -1.061287055948785 0)
(-1.153467317747891 -1.092719790989018 0)
(-1.1039113685513 -1.121187127710335 0)
(-1.052861861474175 -1.147608820652019 0)
(-1.00054357534834 -1.171852694301137 0)
(-0.947125694809529 -1.193847223172789 0)
(-0.8930434737110059 -1.213454730229985 0)
(-0.8392762286243861 -1.23044988469593 0)
(-0.7863545938302103 -1.244880625647705 0)
(-0.7324885969698549 -1.257358362632265 0)
(-0.6785920919052597 -1.267741893421881 0)
(-0.6293497717735934 -1.275507179301445 0)
(-0.5835589439700224 -1.2813687943848 0)
(-0.5382330995003572 -1.28601020813952 0)
(-0.4925080398501229 -1.289683750262309 0)
(-0.4469706682560464 -1.292529479731646 0)
(-0.4028043851064438 -1.294694638888001 0)
(-0.3595459019429997 -1.296380459211849 0)
(-0.3163673779414379 -1.297728087241436 0)
(-0.2741098179960307 -1.298791028500552 0)
(-0.2331765986220775 -1.299627654264444 0)
(-0.193107813313524 -1.300297621236133 0)
(-0.1536943199917512 -1.300839124413273 0)
(-0.1147962380635282 -1.301279588314789 0)
(-0.07629845750588936 -1.301639583785421 0)
(-0.03811337615869736 -1.301934780772313 0)
(-0.0001635697094977951 -1.302177411468902 0)
(0.03762710666009531 -1.302377146788198 0)
(0.0753000510657609 -1.302541540404141 0)
(0.1128907500067614 -1.302676680211367 0)
(0.1504683819005931 -1.30278758923839 0)
(0.1881267258367719 -1.302878336866783 0)
(0.2259632668957166 -1.302952144567286 0)
(0.2640966505721167 -1.303011562939697 0)
(0.3027115725435592 -1.303058612732414 0)
(0.3420880940709669 -1.303094817240631 0)
(0.3826709071477324 -1.303121210640985 0)
(0.4251185213540071 -1.303138242992061 0)
(0.4701694503687567 -1.303145595739582 0)
(0.4874393780200958 -1.303144935698014 0)
(0.5 -1.303143465114287 0)
(0.5 1.322824512018258 0)
(0.4848907513218785 1.322825798157727 0)
(0.4645508870559633 1.322825792896089 0)
(0.4196435771074998 1.322817659666087 0)
(0.3777628186811287 1.3228008608904 0)
(0.337763448937232 1.322775640755626 0)
(0.2988947563449139 1.322741483899217 0)
(0.2606951863644772 1.322697334020533 0)
(0.2228753571994741 1.322641661467139 0)
(0.1852359884954554 1.322572430050569 0)
(0.1476093621699896 1.322486969123009 0)
(0.109809447294281 1.322381714141813 0)
(0.07154873644748408 1.322251608930581 0)
(0.03226315659315175 1.32208858348505 0)
(-0.008021026780690856 1.321884307409901 0)
(-0.04869985763989201 1.321631861198629 0)
(-0.08947920257825048 1.321321823722259 0)
(-0.130142674828212 1.320942832746417 0)
(-0.1705429426495175 1.32048124990108 0)
(-0.2106471720005175 1.31991991584428 0)
(-0.2505033666946019 1.319236843644395 0)
(-0.2902428578927042 1.318402905535957 0)
(-0.330390912495448 1.317370422449382 0)
(-0.3717718761683786 1.316061281749381 0)
(-0.4159495900669533 1.314323092270856 0)
(-0.4671848541685299 1.311764409567419 0)
(-0.51346672554925 1.308775561829429 0)
(-0.5512282825524908 1.305668867421087 0)
(-0.5883428027040062 1.301916346690099 0)
(-0.6264365673068406 1.297247228755373 0)
(-0.6696426638632791 1.290852079307765 0)
(-0.7264706381306912 1.280493611348056 0)
(-0.7870978069087827 1.266930580976951 0)
(-0.8433731864742789 1.251849948495343 0)
(-0.9009304209116447 1.233780348566125 0)
(-0.959697216507404 1.21240399880431 0)
(-1.017216018416883 1.188451042784281 0)
(-1.073222716458333 1.162042808959337 0)
(-1.12397485962629 1.135270684038914 0)
(-1.168475625883565 1.109393409449838 0)
(-1.211709758084122 1.081961622373004 0)
(-1.258743194400292 1.049339031265597 0)
(-1.313391300452447 1.007369850857488 0)
(-1.367039029352507 0.9614345190561736 0)
(-1.412154672652483 0.918628668631826 0)
(-1.451517940984374 0.8777026329176768 0)
(-1.489768366339411 0.8342506946848839 0)
(-1.525321876472118 0.7900558199864517 0)
(-1.559188814800232 0.7439719334736291 0)
(-1.59492594122451 0.6902503319299347 0)
(-1.629600197325852 0.6318489736339489 0)
(-1.659460275944389 0.5751704027766198 0)
(-1.68576245290594 0.5187434059989001 0)
(-1.710609100295764 0.457726538903587 0)
(-1.733727200905208 0.3911249886886386 0)
(-1.752154413993027 0.327346209747677 0)
(-1.766235599893577 0.2677269514008768 0)
(-1.777832509209791 0.2053715666777642 0)
(-1.787282731132598 0.133849533593788 0)
(-1.79287369481591 0.05901212007298495 0)
(-1.794179555682517 -0.009940860716923359 0)
(-1.792161335478334 -0.07285643199935392 0)
(-1.787417629358929 -0.1324397813144768 0)
(-1.779976737449313 -0.1914294056840746 0)
(-1.769809219795892 -0.2501526413873048 0)
(-1.756387694817454 -0.3106290840509865 0)
(-1.739521174739053 -0.3722918377779104 0)
(-1.72020818022498 -0.4314194133625492 0)
(-1.697239801852768 -0.4916014090728208 0)
(-1.66944892120324 -0.5545090692655819 0)
(-1.639197413777615 -0.6143006877587265 0)
(-1.607161160294571 -0.6703584890947391 0)
(-1.571964391251931 -0.7253583642381942 0)
(-1.533664826790609 -0.7790272079536527 0)
(-1.493621621679027 -0.8295667870159036 0)
(-1.452679633105996 -0.8763612734631276 0)
(-1.410559312095668 -0.9201434245710722 0)
(-1.365286429553268 -0.9629577948969738 0)
(-1.31665589688327 -1.004676774108325 0)
(-1.266291773728325 -1.043777579898573 0)
(-1.215565917813506 -1.079395565865828 0)
(-1.165331162275898 -1.111308742566286 0)
(-1.114407055431127 -1.140545985714756 0)
(-1.062109611120604 -1.167565805838328 0)
(-1.008837446369685 -1.192185312337831 0)
(-0.9546216250558698 -1.214434269275234 0)
(-0.8999132449722441 -1.234193088583198 0)
(-0.8456039208121778 -1.25128535241532 0)
(-0.7920186827960897 -1.265819076754499 0)
(-0.7372086608118262 -1.278417658017005 0)
(-0.6824382958327246 -1.288843861728104 0)
(-0.6325874075011987 -1.296563594891081 0)
(-0.5862324286529149 -1.302342352853403 0)
(-0.5402775572886753 -1.306871576636346 0)
(-0.4939817093123448 -1.310397215887802 0)
(-0.4480415702612224 -1.313078262228106 0)
(-0.4036825438432127 -1.315087661527715 0)
(-0.3604093668141369 -1.316637513453767 0)
(-0.3172003099749088 -1.317874095668261 0)
(-0.2748667172584763 -1.318848813746085 0)
(-0.2338757442051177 -1.319614516851278 0)
(-0.1937606717263031 -1.320226982113667 0)
(-0.1543196301855807 -1.320721536841519 0)
(-0.1154190834723466 -1.321123468866575 0)
(-0.07693403075880303 -1.321451835974546 0)
(-0.03876901923491175 -1.3217210740672 0)
(-0.0008520545692697501 -1.321942337802635 0)
(0.03688824154632731 -1.322124453341464 0)
(0.07449892645948342 -1.322274355948894 0)
(0.1120131703543315 -1.322397595831067 0)
(0.1494996750814535 -1.322498758535599 0)
(0.1870529668170819 -1.322581560454553 0)
(0.2247613659606827 -1.322648925441634 0)
(0.2627470312362535 -1.32270319410257 0)
(0.3011991553408582 -1.322746219200313 0)
(0.3404158532078891 -1.322779403343347 0)
(0.3809158258758492 -1.322803713782166 0)
(0.423546102712254 -1.322819556288874 0)
(0.4695178724331719 -1.322826520195022 0)
(0.4871535926617033 -1.32282590100578 0)
(0.5 -1.322824511985025 0)
(0.5 1.34250707941204 0)
(0.4842440188991624 1.342508275368322 0)
(0.4631131544263931 1.342508194011363 0)
(0.4179224539802308 1.342500656601104 0)
(0.3760908854826435 1.342485329544213 0)
(0.3362735217806672 1.342462495456794 0)
(0.2976084319841729 1.342431684963375 0)
(0.2596023067883058 1.342391938602261 0)
(0.2219623938277625 1.342341880962342 0)
(0.1844935519930707 1.342279689847939 0)
(0.1470345195977615 1.342202981159279 0)
(0.1094049750539839 1.342108570932039 0)
(0.07131796186166041 1.34199191647553 0)
(0.03216586177273972 1.341845560947 0)
(-0.008189197218688868 1.341661157671552 0)
(-0.04907807617425602 1.341432398084918 0)
(-0.09004930033305011 1.341151400043946 0)
(-0.1308737324048476 1.340807908810442 0)
(-0.1713801994188621 1.340389821312743 0)
(-0.2115245580881726 1.339881991578733 0)
(-0.2513277264716339 1.339265390602052 0)
(-0.2908430841655631 1.338515997235972 0)
(-0.330481759286714 1.337595799807277 0)
(-0.371102461200283 1.336438085614984 0)
(-0.413966527749211 1.334921354385725 0)
(-0.4650379608155891 1.332611637442508 0)
(-0.5131109020373565 1.32976695825284 0)
(-0.5518396904948387 1.326790743459489 0)
(-0.5898269584254143 1.323136488393633 0)
(-0.6288037887281156 1.31852389630894 0)
(-0.6726581653817192 1.312189646522945 0)
(-0.7292236627814382 1.30206949483098 0)
(-0.7913843836779473 1.288342034590773 0)
(-0.8498908694284569 1.272772708731796 0)
(-0.9080482673952296 1.25458327998437 0)
(-0.966752237868012 1.233319716200175 0)
(-1.024587550758548 1.209354970978988 0)
(-1.081237090606228 1.182779108881925 0)
(-1.134947897326611 1.154529925675107 0)
(-1.182450049612917 1.126863004330361 0)
(-1.226937830403578 1.098500455123216 0)
(-1.273369544189995 1.066169818942254 0)
(-1.326170832532192 1.025635563107915 0)
(-1.38133418691077 0.9784976262326124 0)
(-1.428558721961776 0.9337039322652722 0)
(-1.468420682688025 0.8922083538649578 0)
(-1.50662902165921 0.8487959839633886 0)
(-1.544190768663794 0.8020533068887654 0)
(-1.579015841103167 0.7544839556827408 0)
(-1.61450904077274 0.700955222398056 0)
(-1.649502074433575 0.6419061127461144 0)
(-1.679931306302463 0.5840434131495384 0)
(-1.70666216454217 0.5265681080851865 0)
(-1.731908457338323 0.4644042934376852 0)
(-1.755252703468192 0.3969753512233273 0)
(-1.773898579149697 0.3322922584300202 0)
(-1.78824311619877 0.2713837717649779 0)
(-1.799971539804951 0.2080749998351837 0)
(-1.809451079395849 0.1361730195129026 0)
(-1.815120014131859 0.06047026652035806 0)
(-1.816473565352739 -0.009460871797504853 0)
(-1.814450473778584 -0.07349905828490751 0)
(-1.809605408477231 -0.1345816021622112 0)
(-1.801987376072676 -0.1949576308716304 0)
(-1.791592611416648 -0.2548983174712926 0)
(-1.777905478616065 -0.3164643839878842 0)
(-1.760749813810423 -0.3790966174179122 0)
(-1.740942134955847 -0.4396386394419172 0)
(-1.71738749823913 -0.5012060427732984 0)
(-1.68926490993101 -0.564733930074085 0)
(-1.658614860573435 -0.625242977854387 0)
(-1.625887656555749 -0.6824519118351041 0)
(-1.589967332133712 -0.7385094379312255 0)
(-1.550913182372421 -0.7931542002455821 0)
(-1.510331956665425 -0.8443051787247526 0)
(-1.469330332007505 -0.8911496036758321 0)
(-1.426624313726162 -0.9355621226524135 0)
(-1.380134039476325 -0.9795309599396086 0)
(-1.33046845258184 -1.022110551000585 0)
(-1.279501123547593 -1.061652395003349 0)
(-1.228346506567052 -1.097565860471815 0)
(-1.177067191809164 -1.130140920341054 0)
(-1.124738123398069 -1.160154789638068 0)
(-1.071372724159817 -1.187669975329172 0)
(-1.017173303535881 -1.212649157007663 0)
(-0.9621519386662331 -1.235152820108605 0)
(-0.9067886315311113 -1.255069869276763 0)
(-0.8519091718178055 -1.272263290314515 0)
(-0.7976945441004505 -1.286885519426157 0)
(-0.742199761182367 -1.299544896292908 0)
(-0.6865653327458243 -1.310014638757738 0)
(-0.6357672044171893 -1.317736563890168 0)
(-0.5886056511029348 -1.323446478527769 0)
(-0.5420266969642912 -1.327840793516437 0)
(-0.4953993263318456 -1.331178747577294 0)
(-0.4492335475390919 -1.333668462079026 0)
(-0.4044266600489578 -1.335521180177219 0)
(-0.3608341015459789 -1.33693553402972 0)
(-0.3177097284848682 -1.338049979031484 0)
(-0.2755021350676295 -1.338926636675585 0)
(-0.234492475019353 -1.339617063358373 0)
(-0.1943511732690474 -1.340168998367125 0)
(-0.1548954396978822 -1.340614347053823 0)
(-0.1160010617455796 -1.340976018998923 0)
(-0.07753502234210159 -1.341271392318735 0)
(-0.03939647213210935 -1.341513559923905 0)
(-0.001518837242394147 -1.341712551446543 0)
(0.03616697579638875 -1.341876319422147 0)
(0.07371266551156359 -1.342011135216318 0)
(0.1111486117324137 -1.342121985398117 0)
(0.1485395533772257 -1.342212989961084 0)
(0.1859774071600168 -1.342287494250273 0)
(0.223546561783109 -1.342348128510334 0)
(0.261367294130227 -1.342397004628174 0)
(0.2996275624752825 -1.342435797093189 0)
(0.338642908711465 -1.342465786274067 0)
(0.3789897808142376 -1.342487862729495 0)
(0.4217043774170533 -1.342502399651676 0)
(0.46851901940085 -1.342508927822135 0)
(0.4867132754480093 -1.342508377742094 0)
(0.5 -1.342507079382018 0)
(0.5 1.362190946017154 0)
(0.4834637070310393 1.362192041536983 0)
(0.4614341470584399 1.362191885142545 0)
(0.4159320691216435 1.362184986823781 0)
(0.3742442335340292 1.36217123612076 0)
(0.3346749948899886 1.362150919082447 0)
(0.2962499225570851 1.362123603486372 0)
(0.2584547837302289 1.36208842774983 0)
(0.2210004142115789 1.362044172963807 0)
(0.1837004496107071 1.361989233834777 0)
(0.1464042190668939 1.361921517768772 0)
(0.1089418097119814 1.361838232096536 0)
(0.07104318587690482 1.361735404933752 0)
(0.032159602671531 1.361606651272365 0)
(-0.008096506519131847 1.361443686416068 0)
(-0.04913526317423878 1.361240254495851 0)
(-0.09026878249392141 1.360990224501561 0)
(-0.131226342325017 1.360684645960962 0)
(-0.1718126473058668 1.360312994452285 0)
(-0.2119829168072334 1.359862080695799 0)
(-0.2517407828564061 1.359315624305246 0)
(-0.2910549606853025 1.358654336558787 0)
(-0.3302958461553973 1.357847350542648 0)
(-0.3704745610872611 1.356834281250443 0)
(-0.4125768220240105 1.355515980798257 0)
(-0.4627193507612687 1.353494798982031 0)
(-0.5118799043943122 1.350869868396605 0)
(-0.5519998155137715 1.348027940065557 0)
(-0.5912099329630452 1.344461483004615 0)
(-0.6313492369099918 1.339883922086845 0)
(-0.6762514505985734 1.333549056775442 0)
(-0.7327738016026633 1.323604320268377 0)
(-0.7958024749119256 1.309849120815014 0)
(-0.8563260697767766 1.293856351525054 0)
(-0.9152688843298978 1.275492914196606 0)
(-0.9740561373549309 1.254282761761678 0)
(-1.032180086484238 1.230308677283512 0)
(-1.08937690736971 1.20360619395811 0)
(-1.144566794113222 1.174698004451646 0)
(-1.19541784093773 1.145110461237095 0)
(-1.242120790215097 1.11523549586079 0)
(-1.288760814893532 1.08261551967824 0)
(-1.339732593715154 1.043451186192385 0)
(-1.394984295698656 0.9963324777417726 0)
(-1.444874384407757 0.9490702536322126 0)
(-1.485770642615614 0.9064406790610594 0)
(-1.523915200043542 0.863060595650834 0)
(-1.562732993441757 0.8147120116709952 0)
(-1.598718158345265 0.7654239635253235 0)
(-1.63437455477053 0.7114792278771295 0)
(-1.669782925635214 0.6515804870262979 0)
(-1.700653891316074 0.592733115496123 0)
(-1.72772739458954 0.5343734981291781 0)
(-1.753388270593464 0.4710111050218144 0)
(-1.776947381675962 0.402770232992102 0)
(-1.79578244993379 0.337275835440049 0)
(-1.81040288892828 0.2750185214826559 0)
(-1.822278951220674 0.2106399010491171 0)
(-1.831776563304172 0.1383870985380385 0)
(-1.837507958989493 0.06200198189731581 0)
(-1.838912946510056 -0.008893930571366086 0)
(-1.83688844689351 -0.07407563689865503 0)
(-1.83194524734658 -0.1366638749374803 0)
(-1.824145733973462 -0.1984798606147715 0)
(-1.813495628877363 -0.2597866913974571 0)
(-1.799511523126777 -0.3225459177770855 0)
(-1.782065858311996 -0.3861143542982179 0)
(-1.761776241760152 -0.448008074047107 0)
(-1.73763300027652 -0.5109521344632392 0)
(-1.709170362700958 -0.5751077660529108 0)
(-1.678105660956072 -0.6363545178666512 0)
(-1.644724394345973 -0.6946425524179005 0)
(-1.608089393693237 -0.7517419860214629 0)
(-1.568272831148227 -0.8073732546866209 0)
(-1.527303398851367 -0.8589557345978739 0)
(-1.486195984401613 -0.9059172487804407 0)
(-1.44265719308923 -0.9512155683335164 0)
(-1.394924657217243 -0.9963487776428785 0)
(-1.344421591879271 -1.039614528047976 0)
(-1.292942061673054 -1.079533742575522 0)
(-1.241154806452306 -1.115888935469277 0)
(-1.188587165270102 -1.149268904669825 0)
(-1.135000845264153 -1.179960361604493 0)
(-1.080663152208234 -1.20791505246601 0)
(-1.025539598461167 -1.233249043863271 0)
(-0.9696991936044541 -1.256009538582624 0)
(-0.9137291772018615 -1.276065185446914 0)
(-0.8584391788470436 -1.293312094330852 0)
(-0.8034903970151525 -1.308053778867006 0)
(-0.7471920690171954 -1.320798105208856 0)
(-0.690818104549372 -1.331283639645603 0)
(-0.6388862135476793 -1.339028007984435 0)
(-0.5906475702744038 -1.344683782288427 0)
(-0.5434538264990121 -1.348918517546901 0)
(-0.4965723578334412 -1.352038999468563 0)
(-0.4501573754555298 -1.354317274652918 0)
(-0.4049970006818437 -1.355993382068391 0)
(-0.3612032494562986 -1.357258984109194 0)
(-0.3181423551429888 -1.35824676166965 0)
(-0.2760355949528753 -1.359022112237706 0)
(-0.2350311707340182 -1.359633650352073 0)
(-0.1948822982682329 -1.360122353422033 0)
(-0.1554282236580255 -1.360516433902158 0)
(-0.1165453742092992 -1.360836325177 0)
(-0.07810095733254557 -1.361097502788044 0)
(-0.03999469943115094 -1.361311602072479 0)
(-0.002162664315200105 -1.361487507317749 0)
(0.03546403549006643 -1.361632269006742 0)
(0.07294225196817634 -1.361751460488572 0)
(0.1102984842926428 -1.361849478749049 0)
(0.1475898276383396 -1.361929953519667 0)
(0.1849000851765767 -1.361995839757567 0)
(0.2223168291163041 -1.362049480300626 0)
(0.2599604419148804 -1.362092750059369 0)
(0.298003305569994 -1.362127123511154 0)
(0.3367694185855296 -1.36215375215518 0)
(0.3768771451333909 -1.362173446612349 0)
(0.4195427657004236 -1.362186557576916 0)
(0.4671196562614381 -1.362192599068929 0)
(0.486086854023772 -1.362192143030388 0)
(0.5 -1.362190945990489 0)
(0.5 1.381875915611152 0)
(0.4824980303792437 1.381876899719342 0)
(0.4594079689644303 1.38187666743593 0)
(0.4136429598837847 1.38187046826872 0)
(0.3722208903558884 1.381858401042947 0)
(0.332974424773699 1.381840725248642 0)
(0.2948278667924679 1.381817041059604 0)
(0.2572611312469139 1.381786587664912 0)
(0.219997608682159 1.381748306509363 0)
(0.1828648524016841 1.381700812894526 0)
(0.1457257100745585 1.381642308247231 0)
(0.1084256613759377 1.381570399572762 0)
(0.07072448104572188 1.381481717916566 0)
(0.03218060336650916 1.381371087407718 0)
(-0.007790955482824992 1.381230816635898 0)
(-0.04884584593808396 1.381054413175362 0)
(-0.09010357450147341 1.380837087161599 0)
(-0.1311567439436153 1.380571611919803 0)
(-0.1717851434970648 1.380249078173586 0)
(-0.2119572862139198 1.379858201488469 0)
(-0.2516682891518673 1.379385312064783 0)
(-0.2907732288437956 1.378815823762107 0)
(-0.3296575174250801 1.378124701759614 0)
(-0.3697066699079078 1.377252402121009 0)
(-0.4116417054556596 1.376114969329169 0)
(-0.4607089009349926 1.374387419530842 0)
(-0.510057898526042 1.372054531573396 0)
(-0.5518097494712696 1.369368244422099 0)
(-0.5925754335660485 1.365884251258107 0)
(-0.6341413244628163 1.361322670735324 0)
(-0.680357717794287 1.354946877120519 0)
(-0.7370440245138676 1.345119356925504 0)
(-0.8006770060378244 1.331375261830072 0)
(-0.8628936090228165 1.315039235435197 0)
(-0.9224535848356374 1.296556122171614 0)
(-0.9814115263845138 1.275370081709315 0)
(-1.039916911133246 1.251346495942848 0)
(-1.09757336639531 1.224557001504328 0)
(-1.153513109083479 1.195396088238935 0)
(-1.207208555292769 1.164240929475591 0)
(-1.256869105657525 1.132429252747891 0)
(-1.304488315153028 1.09898904746483 0)
(-1.354261082770653 1.060665694940844 0)
(-1.408515609727067 1.014466437683973 0)
(-1.460620174408726 0.9652030194349553 0)
(-1.503242268497755 0.9207526648582424 0)
(-1.541726598000869 0.876922982215783 0)
(-1.58120432668292 0.8276986412169658 0)
(-1.618345064100548 0.7767213430618437 0)
(-1.654488616374923 0.7218738360369826 0)
(-1.69043329856006 0.6608853547372701 0)
(-1.721670425475741 0.601150558706287 0)
(-1.74897564876185 0.542116642650012 0)
(-1.775013508595027 0.477638026417394 0)
(-1.798786822314005 0.4085841015042157 0)
(-1.817816981804624 0.3422524523851769 0)
(-1.832720851909437 0.2785991363313227 0)
(-1.844749197692675 0.2130961699607804 0)
(-1.854259136645191 0.1404853137745542 0)
(-1.860036848536554 0.0636068585479314 0)
(-1.861496941328331 -0.008234789177203106 0)
(-1.859472398706669 -0.07462457487378317 0)
(-1.854437670782716 -0.1386744236613621 0)
(-1.84645636880642 -0.2019611086045029 0)
(-1.835523204763452 -0.2647888939536995 0)
(-1.821212729319353 -0.3288421279611918 0)
(-1.803437284287922 -0.3934481013639437 0)
(-1.782664993347016 -0.4566528209220315 0)
(-1.757990789502663 -0.5208023859899613 0)
(-1.729183548262362 -0.5855902089882549 0)
(-1.697677611721427 -0.6476191660562712 0)
(-1.663675215317355 -0.7069226904017506 0)
(-1.626326637364784 -0.7650606824489716 0)
(-1.585837845703888 -0.8215586366654721 0)
(-1.544604820537509 -0.8734349011035347 0)
(-1.503150027070678 -0.9208012247342223 0)
(-1.458585155485199 -0.9671749780439604 0)
(-1.409685262809597 -1.013386082235775 0)
(-1.358511011087073 -1.057191537482169 0)
(-1.30657431611429 -1.097450838990709 0)
(-1.253878662885361 -1.134439119722594 0)
(-1.199976043648473 -1.168640633410759 0)
(-1.145280038097473 -1.199915966161926 0)
(-1.089975470154114 -1.228303319624585 0)
(-1.03392714972434 -1.253988787439018 0)
(-0.977394295290499 -1.27695441092866 0)
(-0.9211133106078246 -1.297052823303026 0)
(-0.86518179655699 -1.31443641964491 0)
(-0.8090152459220951 -1.329421149567936 0)
(-0.7518260220534125 -1.342252033394604 0)
(-0.6949645451935732 -1.352691988945584 0)
(-0.641971225729367 -1.360436126502409 0)
(-0.5926222003407277 -1.366026806914703 0)
(-0.544713947206814 -1.370091420826531 0)
(-0.4974989589316466 -1.3729752359612 0)
(-0.4508155019299047 -1.375020007785738 0)
(-0.4053936885059964 -1.376500400396016 0)
(-0.3615141233766263 -1.377605319117851 0)
(-0.3185092163804962 -1.378461902607761 0)
(-0.2764829068889581 -1.379132950051021 0)
(-0.2354968403621039 -1.379662600745694 0)
(-0.1953572438852888 -1.380085716404844 0)
(-0.1559213282575706 -1.380426715450217 0)
(-0.1170555465806188 -1.380703477940506 0)
(-0.07863321661652009 -1.380929407372391 0)
(-0.04056485819844408 -1.381114558293412 0)
(-0.002784719041157761 -1.381266658864623 0)
(0.03478214366634209 -1.381391844326211 0)
(0.07219083695309765 -1.381494933706833 0)
(0.109462203595337 -1.381579716829066 0)
(0.1466485072934201 -1.381649329363744 0)
(0.1838257219471024 -1.381706325271025 0)
(0.2210816340462985 -1.38175274322105 0)
(0.2585309169782563 -1.381790208367691 0)
(0.2963284547173601 -1.381819993652866 0)
(0.3347929516967577 -1.381843110189031 0)
(0.3745634011324527 -1.381860283062504 0)
(0.4170135553115032 -1.381871846262608 0)
(0.4652248725018264 -1.381877338689573 0)
(0.4852208748419901 -1.381876999283724 0)
(0.5 -1.381875915587975 0)
(0.5 1.401561812317239 0)
(0.4812689501137271 1.401562672516797 0)
(0.4569035769002831 1.401562365803135 0)
(0.4110228862786773 1.401556942657054 0)
(0.3700244878286382 1.401546667557227 0)
(0.3311833904416768 1.401531748034239 0)
(0.2933538953085688 1.401511817079678 0)
(0.25603208367938 1.401486220648642 0)
(0.2189644308656937 1.401454065699941 0)
(0.1819968307629146 1.401414191243043 0)
(0.1450082136027971 1.40136509462874 0)
(0.1078637488255646 1.4013047869843 0)
(0.07035966371762742 1.401230505752146 0)
(0.03214294106872754 1.401138150626599 0)
(-0.007345433731022774 1.401021476866104 0)
(-0.04818196778090251 1.400873783473829 0)
(-0.0895197937045305 1.400690631449549 0)
(-0.1306195828254663 1.400467155051032 0)
(-0.1712392481241114 1.400196055665005 0)
(-0.2113799631848143 1.399867891934961 0)
(-0.2510392005469662 1.399471480582882 0)
(-0.2898875904508962 1.39899729706165 0)
(-0.328611645020776 1.398421523558176 0)
(-0.3687570574887004 1.397689506050491 0)
(-0.4109085904877495 1.396727666851985 0)
(-0.4589625270937855 1.395291253136385 0)
(-0.5079468135433062 1.393295168495553 0)
(-0.5514552791448032 1.390795567094937 0)
(-0.5939622565557604 1.387403733120013 0)
(-0.6372107099573368 1.382841133609929 0)
(-0.685023014138011 1.376381332673125 0)
(-0.7420904703798286 1.366609045195641 0)
(-0.805880063285801 1.352953475102127 0)
(-0.8692849382903687 1.336409970950672 0)
(-0.9297402293836605 1.31772683780966 0)
(-0.9891269118546079 1.296463374001654 0)
(-1.047786030176425 1.272474099698038 0)
(-1.105773640826881 1.245657003479479 0)
(-1.1624401794659 1.216261538776704 0)
(-1.217821916681121 1.184253278544792 0)
(-1.270578066664239 1.150489751310038 0)
(-1.320171965319142 1.115569145305834 0)
(-1.369653888131293 1.077361702311612 0)
(-1.422287188367523 1.03257671994758 0)
(-1.475775585062646 0.9821204951690454 0)
(-1.520923118458277 0.9350486015577835 0)
(-1.560073129722168 0.8903689516804164 0)
(-1.599603432084144 0.8410148221988317 0)
(-1.638002906383191 0.788222461171865 0)
(-1.674934318882612 0.7320029206503031 0)
(-1.711287816715327 0.6701143382025933 0)
(-1.742845054332748 0.6095679318204312 0)
(-1.770462456044525 0.5496660992254786 0)
(-1.796848879313829 0.4841091757254132 0)
(-1.820770325692441 0.414416873406122 0)
(-1.839999085286749 0.3472312040931698 0)
(-1.855197711828677 0.2821184771960803 0)
(-1.867384221420666 0.2154258761405413 0)
(-1.87689969970308 0.1424521900210632 0)
(-1.882706647901986 0.06527215129276044 0)
(-1.884224888226626 -0.007459968973525243 0)
(-1.882204266743672 -0.07509655222331887 0)
(-1.87708453211098 -0.1405881953627821 0)
(-1.868916138252495 -0.2054180223014285 0)
(-1.857667380026041 -0.2699411002375366 0)
(-1.843001305689281 -0.3353803353480661 0)
(-1.824867394729301 -0.4010829727309023 0)
(-1.80361632711206 -0.4655473929304546 0)
(-1.778449223594397 -0.5307826573422243 0)
(-1.749290886453995 -0.5962080752071071 0)
(-1.717340286027257 -0.6590176130410007 0)
(-1.682742948465979 -0.7192863608623119 0)
(-1.644672564562362 -0.7784740521142068 0)
(-1.603612856970956 -0.8357034841539164 0)
(-1.562257249309922 -0.8877166462329117 0)
(-1.520225958685574 -0.9357641139065412 0)
(-1.474390474967955 -0.983456976834591 0)
(-1.424441937295039 -1.030618545030796 0)
(-1.372776883393779 -1.074808200820109 0)
(-1.320270169107686 -1.115497460744658 0)
(-1.266461498637518 -1.153253495726002 0)
(-1.21132100528596 -1.188202832372015 0)
(-1.155570207261757 -1.220024096841025 0)
(-1.099305915834616 -1.248836308746702 0)
(-1.042513717453077 -1.274791608620587 0)
(-0.9856315138577879 -1.297837627856776 0)
(-0.9287192946816899 -1.318108158519439 0)
(-0.8714665667079836 -1.335830343024134 0)
(-0.8141179084931667 -1.35102422695153 0)
(-0.756479632557929 -1.363829520457595 0)
(-0.6990199242265646 -1.374238302278963 0)
(-0.645010561187098 -1.381964537699174 0)
(-0.5945244842334497 -1.387478132536932 0)
(-0.54580259913286 -1.391360221710543 0)
(-0.498167629647742 -1.393984853800943 0)
(-0.451197058436809 -1.39577179569711 0)
(-0.4056117771637541 -1.397038115989465 0)
(-0.3617728046990312 -1.397971633143659 0)
(-0.3188245111908309 -1.398692803869534 0)
(-0.2768531114793097 -1.399256980657392 0)
(-0.2358962723209639 -1.399702199843085 0)
(-0.1957833966248428 -1.40005770931777 0)
(-0.1563749389162472 -1.400344131991919 0)
(-0.1175313291244431 -1.400576595638694 0)
(-0.07913702798534941 -1.400766330531698 0)
(-0.04111246500488737 -1.400921774962449 0)
(-0.003384603745190811 -1.401049473548323 0)
(0.03412636037349796 -1.401154598764498 0)
(0.07146195914537017 -1.40124116470368 0)
(0.1086392950131095 -1.401312354091433 0)
(0.1457135645731294 -1.401370813360649 0)
(0.1827568601028196 -1.401418688386691 0)
(0.2198490217101114 -1.401457689443312 0)
(0.2570867528106663 -1.401489176039692 0)
(0.294610024263847 -1.401514223684654 0)
(0.3327204113287369 -1.401533694166162 0)
(0.3720459423995618 -1.401548216699485 0)
(0.4140667272630539 -1.401558107969413 0)
(0.4626808366431833 -1.401562972233646 0)
(0.4840278970802581 -1.401562768895738 0)
(0.5 -1.401561812297677 0)
(0.5 1.421248476555758 0)
(0.4796610480689373 1.421249198195924 0)
(0.4537506277131935 1.421248826348003 0)
(0.408044205868889 1.421244273319148 0)
(0.3676676351122101 1.421235897141711 0)
(0.3293183331664097 1.421223835844196 0)
(0.2918423288166582 1.421207762803931 0)
(0.2547807282528224 1.421187139459867 0)
(0.2179135467898522 1.421161243516016 0)
(0.1811085095156114 1.421129140296743 0)
(0.1442632900304693 1.421089625168635 0)
(0.1072660936114201 1.421041114454813 0)
(0.06995192284211953 1.420981439276072 0)
(0.03204872906844203 1.4209074788343 0)
(-0.006866062865463271 1.420814647075059 0)
(-0.04722750477033894 1.420696793982587 0)
(-0.08848511032085161 1.420549351304507 0)
(-0.1295678118346721 1.420369399004709 0)
(-0.170112733076172 1.420151570280241 0)
(-0.2101804204751952 1.419888191926975 0)
(-0.249792793777058 1.419570363855943 0)
(-0.288471508198775 1.419192237803212 0)
(-0.3272232207187363 1.418731471381845 0)
(-0.367610730917848 1.418141460328942 0)
(-0.4100749466694657 1.417360395187672 0)
(-0.4571939091740023 1.416214899994245 0)
(-0.5058530713878031 1.414571667068678 0)
(-0.5511064858372362 1.412299076745862 0)
(-0.5954097929381988 1.409019899398712 0)
(-0.6406039749527402 1.404438816084843 0)
(-0.6902664095799741 1.397854650937722 0)
(-0.7478865121157691 1.38808367295396 0)
(-0.8115971666883457 1.374541988950427 0)
(-0.8754157490161394 1.357992131961356 0)
(-0.9366199334785296 1.339174670743165 0)
(-0.9969728757323861 1.3176515748326 0)
(-1.056195478527974 1.293514561767952 0)
(-1.114219455078088 1.266787735986464 0)
(-1.171332967837728 1.237300947295546 0)
(-1.227836318682249 1.204792689389108 0)
(-1.28327611422777 1.16939858758251 0)
(-1.335491646956563 1.132592653750623 0)
(-1.385429480204719 1.093929906260964 0)
(-1.436827773890068 1.050187717919387 0)
(-1.490522110699047 0.9996423497060639 0)
(-1.538450214848009 0.9497234787321853 0)
(-1.578488399586828 0.9039541118859836 0)
(-1.618145725893963 0.8543780259609364 0)
(-1.657974915513156 0.799516487633751 0)
(-1.695833790198387 0.7416668193770284 0)
(-1.732126162765944 0.6796626573140415 0)
(-1.764063845935878 0.6182154211733549 0)
(-1.792238600562849 0.5569004712961786 0)
(-1.818963039397566 0.490236721695318 0)
(-1.842894452867025 0.4202770277133832 0)
(-1.862324378817667 0.35222627393782 0)
(-1.87783652287228 0.2855581048712387 0)
(-1.890189019543871 0.2175912811735624 0)
(-1.89969869530488 0.1442767939126413 0)
(-1.905516843064437 0.06699583149236039 0)
(-1.907096049743033 -0.006561088702180778 0)
(-1.905086379840567 -0.07543388362710267 0)
(-1.899890230033995 -0.1423551319119673 0)
(-1.891521545030935 -0.2088697490681036 0)
(-1.879918896727523 -0.275285827880114 0)
(-1.864870121644936 -0.3421848667476748 0)
(-1.846357557796771 -0.4090104004566686 0)
(-1.824635953346482 -0.4746725896995432 0)
(-1.798996184239244 -0.5409198711409633 0)
(-1.769482888053346 -0.606979501850437 0)
(-1.737108781227743 -0.6705204528333196 0)
(-1.701941037085245 -0.7317102738186053 0)
(-1.663210502033821 -0.7918585597209328 0)
(-1.621667506932217 -0.8497147005046312 0)
(-1.580080824970143 -0.9020159531211739 0)
(-1.537241969550058 -0.9510031874495436 0)
(-1.49007598285888 -1.000057832747261 0)
(-1.439342910358653 -1.047912091085538 0)
(-1.387196794535033 -1.092482228352236 0)
(-1.333936027205292 -1.133742056668438 0)
(-1.278983650675222 -1.17227773664063 0)
(-1.222693012613201 -1.207912165057808 0)
(-1.165864117412674 -1.240288254349491 0)
(-1.108858648702708 -1.269415043658042 0)
(-1.051723027706422 -1.295475475606744 0)
(-0.99413640758613 -1.318764855728184 0)
(-0.9358201685377079 -1.339473367242255 0)
(-0.8772805280752916 -1.357496422123348 0)
(-0.8192731084310139 -1.372746931982049 0)
(-0.7609941791300805 -1.385563675975476 0)
(-0.7029809530289914 -1.395924335032713 0)
(-0.6479981584290984 -1.403616200334163 0)
(-0.5963567530101443 -1.409040043965463 0)
(-0.5467230192883283 -1.412725653407061 0)
(-0.4985602268001771 -1.41506495854935 0)
(-0.4513376981482612 -1.416565400179014 0)
(-0.405681996935999 -1.417601130808797 0)
(-0.3619266205661565 -1.418355895570962 0)
(-0.3190616481232124 -1.418937442588033 0)
(-0.277154106240542 -1.419392044781953 0)
(-0.2362376674086701 -1.419750718128589 0)
(-0.1961647979195896 -1.42003698920784 0)
(-0.1567918461761484 -1.420267594711969 0)
(-0.1179788383658166 -1.420454757890026 0)
(-0.07961763759944626 -1.420607509097981 0)
(-0.04163480960399338 -1.420732639443216 0)
(-0.003955696174725084 -1.420835438633462 0)
(0.03349582208676562 -1.420920070134412 0)
(0.07075063973122976 -1.420989750509851 0)
(0.1078313066149294 -1.421047057821087 0)
(0.1447938817061502 -1.421094127331482 0)
(0.1816986615512439 -1.421132678930051 0)
(0.2186169407792241 -1.421164090428323 0)
(0.255630141348123 -1.421189455425668 0)
(0.2928596540352659 -1.421209644157945 0)
(0.3305712715006273 -1.421225356529132 0)
(0.3693360397157318 -1.42123711305705 0)
(0.4106567823040639 -1.421245208636178 0)
(0.459271609602035 -1.421249345628574 0)
(0.4823714724991464 -1.421249289581676 0)
(0.5 -1.421248476539928 0)
(0.5 1.440935760834347 0)
(0.4775015781481765 1.440936326692523 0)
(0.4497226321772922 1.440935915149714 0)
(0.4046954986353851 1.440932342088814 0)
(0.3651757378887128 1.440925963747091 0)
(0.3274013780492605 1.440916845361923 0)
(0.2903108823061367 1.440904715753701 0)
(0.2535219742815749 1.440889160988838 0)
(0.216858386463309 1.44086963453387 0)
(0.180213788066083 1.44084543180666 0)
(0.1435055682769471 1.440815647478785 0)
(0.1066461441519204 1.440779100237876 0)
(0.06950927816755732 1.440734194789417 0)
(0.03189593700061677 1.440678698492962 0)
(-0.006493214875184051 1.440609449333149 0)
(-0.04610880038569906 1.440521958961171 0)
(-0.08696191303381243 1.440411628621884 0)
(-0.1279510541542433 1.440276248034696 0)
(-0.1683364332373793 1.44011293083664 0)
(-0.2082823682743585 1.439915663079589 0)
(-0.2478674021615828 1.439677626011516 0)
(-0.2865575327272591 1.439395014907417 0)
(-0.3255381160368645 1.439049014459355 0)
(-0.3662600262463795 1.438603638935178 0)
(-0.4088772071543423 1.438013281163411 0)
(-0.4553443953912342 1.437154994301235 0)
(-0.503974134642875 1.435874809488265 0)
(-0.5507627169971484 1.433882308711874 0)
(-0.5969600299440053 1.430733608843774 0)
(-0.6443962458196444 1.426112325928164 0)
(-0.6961251924741569 1.419365835833985 0)
(-0.7543660033189142 1.409560208751755 0)
(-0.8176783968609066 1.39617873296143 0)
(-0.8816685937426507 1.379677380232309 0)
(-0.9431257866802163 1.360887511505278 0)
(-1.004266010042998 1.339195491401441 0)
(-1.064806053033494 1.314616523611413 0)
(-1.123352697259279 1.287734671191326 0)
(-1.180503209657396 1.258343873537761 0)
(-1.237799752333856 1.225523879767977 0)
(-1.295041848443538 1.189101629094324 0)
(-1.349881269303053 1.150478587729931 0)
(-1.401205663822135 1.110680050685626 0)
(-1.452267428974191 1.067182116029679 0)
(-1.505424513164187 1.017209751181656 0)
(-1.555356043405595 0.9652845208748835 0)
(-1.596786043842047 0.9179006610202711 0)
(-1.637097241198205 0.8674371631589225 0)
(-1.678279030892518 0.8105748976624197 0)
(-1.716908500281396 0.7513123659956581 0)
(-1.753101478612762 0.6892530407280871 0)
(-1.785446351435231 0.6268481636718515 0)
(-1.814274223206088 0.5638856251275579 0)
(-1.841284927557804 0.4962083219931512 0)
(-1.865179833458405 0.4260964760793687 0)
(-1.884813511806286 0.3571553139252434 0)
(-1.900641155861668 0.2888953975380419 0)
(-1.913164081313596 0.2195833746809076 0)
(-1.922656364832789 0.1459501425277375 0)
(-1.928465946815575 0.06879621363397917 0)
(-1.930109907546882 -0.005446760336884258 0)
(-1.928119739832314 -0.07560226059745739 0)
(-1.922843601046804 -0.1440781528669734 0)
(-1.914256327030386 -0.2124204199912001 0)
(-1.902280898343183 -0.2808032890284273 0)
(-1.886833566375916 -0.3491940375539778 0)
(-1.867915612107961 -0.4172004606798476 0)
(-1.845714241191151 -0.48405195146235 0)
(-1.819614113616181 -0.5512538481949254 0)
(-1.789764624778141 -0.6178920788788022 0)
(-1.756994982529228 -0.6821043740888055 0)
(-1.721283113340486 -0.7441710236958049 0)
(-1.682025921808931 -0.8050878307641401 0)
(-1.640056596243611 -0.8635188411840725 0)
(-1.597929681611192 -0.9165068886152056 0)
(-1.554107667243282 -0.9666159812121951 0)
(-1.50574839949355 -1.016870950528595 0)
(-1.454370204021661 -1.065282209660468 0)
(-1.401698092792099 -1.110272220049196 0)
(-1.3475467221976 -1.152202506603151 0)
(-1.291524932255451 -1.191457994631096 0)
(-1.234071459476874 -1.227780548520176 0)
(-1.176375392476627 -1.260592821690758 0)
(-1.119083627065208 -1.289822424583795 0)
(-1.061246904520774 -1.316173986687873 0)
(-1.002135857727791 -1.340029733280218 0)
(-0.9424235747328162 -1.361144604333077 0)
(-0.8831689046550861 -1.379278196833764 0)
(-0.8242788172535057 -1.394638785139888 0)
(-0.7653653149895869 -1.407455844086406 0)
(-0.7068420657307821 -1.417752222964099 0)
(-0.65093152744546 -1.425393721156452 0)
(-0.5981232907662717 -1.430715162353587 0)
(-0.5474790186420693 -1.434189273004962 0)
(-0.4986551789216502 -1.436211987791245 0)
(-0.4512621780914928 -1.437393525114446 0)
(-0.4056293369729462 -1.438184142829936 0)
(-0.3619357358711838 -1.438755075865079 0)
(-0.3191951529076331 -1.439193429745969 0)
(-0.2773917730764999 -1.439535998949738 0)
(-0.2365290534464583 -1.439806439074026 0)
(-0.1965060786644568 -1.440022205831256 0)
(-0.1571769229120931 -1.440196001764236 0)
(-0.1184002020976126 -1.440337071726507 0)
(-0.08007450527420203 -1.44045220864725 0)
(-0.04213158966106916 -1.440546525159831 0)
(-0.004499545524577871 -1.440624011860688 0)
(0.03288788512512657 -1.44068779725249 0)
(0.07005589648791094 -1.440740304818783 0)
(0.1070393239236697 -1.440783498472495 0)
(0.1438941451175788 -1.440818987468566 0)
(0.180659309883488 -1.440848052785439 0)
(0.2173931253136294 -1.440871733493376 0)
(0.2541686263611118 -1.440890859709766 0)
(0.2910868639800294 -1.44090609054452 0)
(0.3283607842269421 -1.440917954424108 0)
(0.3664591098577423 -1.440926851223163 0)
(0.4067675807671414 -1.440933036434876 0)
(0.4546928398990002 -1.440936324842845 0)
(0.4800340717983527 -1.44093640969982 0)
(0.5 -1.440935760822352 0)
(0.5 1.460623524284583 0)
(0.4745308309829114 1.460623915142784 0)
(0.4445174843593095 1.460623517958314 0)
(0.401000504361529 1.460621043417573 0)
(0.3625906085845784 1.460616745406024 0)
(0.3254606124117198 1.460610633609121 0)
(0.288779479270461 1.460602511780496 0)
(0.2522725941656234 1.460592099273015 0)
(0.2158147123355894 1.460579029272943 0)
(0.1793284380767462 1.460562830339619 0)
(0.1427517478419237 1.460542898103656 0)
(0.1060202747391432 1.460518449023569 0)
(0.06904486857322141 1.460488439325946 0)
(0.0316917686352553 1.460451443873811 0)
(-0.006231930745666768 1.460405512630379 0)
(-0.04501121402581008 1.460347993650305 0)
(-0.08508379387687778 1.460275297746685 0)
(-0.1257179340775963 1.460185377083105 0)
(-0.1658295888011102 1.460077107672786 0)
(-0.2055966756901316 1.459946420412037 0)
(-0.2451898503981639 1.459788491162532 0)
(-0.2841401249851448 1.459600521946871 0)
(-0.3235839616519681 1.45936923612149 0)
(-0.3647236251410499 1.459070838032436 0)
(-0.4073753262271307 1.458677128874218 0)
(-0.4533500730839323 1.458106137688218 0)
(-0.5021851914914499 1.457209984374788 0)
(-0.5503979292320135 1.455551419432721 0)
(-0.5986678935506734 1.452545812899351 0)
(-0.6487034018066482 1.447854128016823 0)
(-0.7026381020865056 1.440913207878545 0)
(-0.7614786376684326 1.431051613650119 0)
(-0.8241680585497402 1.41785535892903 0)
(-0.8878441600101666 1.401522474875895 0)
(-0.9497527191594719 1.382701165847557 0)
(-1.01101438708483 1.36109022758811 0)
(-1.072770659889239 1.336145788402589 0)
(-1.132745247814169 1.308707894175867 0)
(-1.190420881512035 1.279136163042608 0)
(-1.248061898597432 1.246234571537386 0)
(-1.306352302054617 1.209276871612472 0)
(-1.363469763110844 1.16913118008423 0)
(-1.416678387152837 1.127858934765351 0)
(-1.468123008423057 1.083993199256381 0)
(-1.520681200384677 1.03462543944756 0)
(-1.571740103173259 0.981621503676938 0)
(-1.615113735517552 0.9320313778288146 0)
(-1.656642670155485 0.8799462295372842 0)
(-1.69869707490601 0.8217126368587524 0)
(-1.737965080830707 0.7612512609913153 0)
(-1.774310841139205 0.6987076284265997 0)
(-1.807108181062421 0.6352268831181873 0)
(-1.836541601277847 0.570682844511351 0)
(-1.863758234329925 0.5021731379674282 0)
(-1.887640180547863 0.4318286559671576 0)
(-1.907485862554942 0.3619399814375279 0)
(-1.923615532863026 0.2921069723358535 0)
(-1.93631066356325 0.2213878940923188 0)
(-1.945773778773841 0.1474550012011914 0)
(-1.95155270623062 0.0706866617147606 0)
(-1.953265824729414 -0.004006520986631881 0)
(-1.951306581180484 -0.07554262014372314 0)
(-1.945934098697747 -0.145855145060063 0)
(-1.937101600467448 -0.2161912833890327 0)
(-1.924757447001019 -0.2864691032628905 0)
(-1.908906057340822 -0.3563466306802847 0)
(-1.889548499843629 -0.4256263880705591 0)
(-1.866837162011733 -0.4937209536049437 0)
(-1.840301808039454 -0.5617850249343285 0)
(-1.810147074222029 -0.6289211239755601 0)
(-1.776989908768155 -0.6937846587238541 0)
(-1.740772531332796 -0.7566621632071441 0)
(-1.701111956129691 -0.8181712487872326 0)
(-1.658791685781975 -0.8770997730566267 0)
(-1.61582215588895 -0.9311665405782893 0)
(-1.570774762216886 -0.9826539854465342 0)
(-1.521404787068753 -1.033898261070572 0)
(-1.469498722303156 -1.082750778512768 0)
(-1.416202693562061 -1.128241077844668 0)
(-1.361171314506025 -1.170827255293984 0)
(-1.304151281909805 -1.210749827738867 0)
(-1.245677772432229 -1.247674738892192 0)
(-1.187564497138448 -1.280689567352759 0)
(-1.129647647958918 -1.310220079420954 0)
(-1.070283280867991 -1.33723154746977 0)
(-1.00961007136025 -1.361638467847287 0)
(-0.9491255036048349 -1.382924279297479 0)
(-0.8889333814936567 -1.401232429368443 0)
(-0.829134575267676 -1.416699992689747 0)
(-0.7695813784237803 -1.429508767549942 0)
(-0.7105945258799281 -1.439724551851109 0)
(-0.653810310526629 -1.447299543492178 0)
(-0.5998147910284769 -1.452507756874082 0)
(-0.5480591240575396 -1.455754577107379 0)
(-0.4984596005440961 -1.4574205698987 0)
(-0.4509853774556602 -1.458248328937257 0)
(-0.4054475360359556 -1.458782141668088 0)
(-0.3618061164417132 -1.459165016678588 0)
(-0.3192130619656185 -1.459457923771296 0)
(-0.2775546479583166 -1.45968678921568 0)
(-0.2367788666931378 -1.459867658722411 0)
(-0.1968141300091243 -1.460011999322379 0)
(-0.1575331989105718 -1.460128261095019 0)
(-0.1187957704088354 -1.460222645105695 0)
(-0.08050752034442681 -1.460299684767711 0)
(-0.04260469291883941 -1.460362795711038 0)
(-0.005021528492656527 -1.460414645108647 0)
(0.03229999149407017 -1.460457321899766 0)
(0.06938523055516312 -1.460492450945753 0)
(0.1062732138117602 -1.460521353170152 0)
(0.1430150537838275 -1.460545104212158 0)
(0.1796363058909894 -1.460564555743178 0)
(0.2161831300916115 -1.460580403175818 0)
(0.2527172707207034 -1.460593204839094 0)
(0.2893106439089299 -1.460603401897842 0)
(0.3261110876938267 -1.460611347810511 0)
(0.3634573323007408 -1.460617315255402 0)
(0.4024290281880553 -1.46062149437522 0)
(0.4485243090665161 -1.460623797646443 0)
(0.4766720366329508 -1.460623983060487 0)
(0.5 -1.460623524276519 0)
(0.5 1.48031162594423 0)
(0.4703571638695244 1.48031182418217 0)
(0.4377244573980022 1.480311541281019 0)
(0.3970557284801117 1.48031027448401 0)
(0.359973673547238 1.48030811312997 0)
(0.3235289684363003 1.480305048231592 0)
(0.2872696951154516 1.480300976656586 0)
(0.2510504023776927 1.480295757036532 0)
(0.214800056552323 1.480289205145061 0)
(0.1784704906144362 1.480281084554426 0)
(0.1420205863409456 1.480271092927119 0)
(0.1054079922480107 1.48025884048772 0)
(0.06857746661786591 1.480243814254355 0)
(0.03145191451388405 1.480225328354789 0)
(-0.006072637012837317 1.480202472254868 0)
(-0.0441445997146311 1.480174057755978 0)
(-0.08308825430483512 1.480138460345135 0)
(-0.1228235598137454 1.480094229724797 0)
(-0.1624909604683931 1.480040710808894 0)
(-0.2020102268953712 1.479976127947179 0)
(-0.2416619706745157 1.479897793549084 0)
(-0.2811807130684971 1.479803827466963 0)
(-0.3213728153046605 1.479687626390825 0)
(-0.363033873823039 1.479537857289805 0)
(-0.4059067571843163 1.4793410730051 0)
(-0.451351541685427 1.479057897250041 0)
(-0.5000718723191317 1.478585855666081 0)
(-0.5497843438968262 1.477322634920319 0)
(-0.6006042544341573 1.474457444625402 0)
(-0.6536951604932121 1.469651255508764 0)
(-0.7098340328968812 1.462495838235186 0)
(-0.7691931748611182 1.452566268197938 0)
(-0.8310752150834829 1.439571799713349 0)
(-0.8939836099264482 1.423516208613983 0)
(-0.9561432937619411 1.404733233414986 0)
(-1.017954112043781 1.383055569724729 0)
(-1.08003907947157 1.358121318999027 0)
(-1.141416924880984 1.330182017091768 0)
(-1.200568362249211 1.299960049435322 0)
(-1.259123882523182 1.266623822559725 0)
(-1.318060510023476 1.229352781108075 0)
(-1.376394621239085 1.188447225645568 0)
(-1.431345236317891 1.145874580500745 0)
(-1.484013978521307 1.100961791855171 0)
(-1.536379287162552 1.051802249460869 0)
(-1.587743020281397 0.9985807356518268 0)
(-1.633509671686964 0.9463000201273462 0)
(-1.676824639753658 0.8918461465192082 0)
(-1.719254573645503 0.8328909412649237 0)
(-1.75901487052189 0.7714648721031185 0)
(-1.795720025014268 0.7080864140404424 0)
(-1.82903612944883 0.6433749614118024 0)
(-1.859068510866405 0.5772233669275214 0)
(-1.886391189277487 0.5081061634884309 0)
(-1.9102630616745 0.4375103756208489 0)
(-1.930335281380291 0.3666002808312089 0)
(-1.946758920236292 0.2951916113826926 0)
(-1.959632062599536 0.2229768940792032 0)
(-1.969052087970923 0.1487731603547842 0)
(-1.974772815930622 0.07274180062015134 0)
(-1.97656283560764 -0.002199317916554867 0)
(-1.974642440798309 -0.07532372746444058 0)
(-1.969154492832986 -0.1477520926534703 0)
(-1.960060862409505 -0.2201544815365908 0)
(-1.947353576086603 -0.292254127616019 0)
(-1.931083472637319 -0.3636553034149974 0)
(-1.911256530605649 -0.4342832197021604 0)
(-1.887998957754191 -0.5036918739388185 0)
(-1.861060249743398 -0.5725085784864918 0)
(-1.830633174653649 -0.640058825781561 0)
(-1.797093129928961 -0.7055608091476226 0)
(-1.760410455153452 -0.7691808300086117 0)
(-1.720463045979912 -0.8311161110871081 0)
(-1.677900420839254 -0.8904200643902533 0)
(-1.633772179826692 -0.9459773699699489 0)
(-1.587179807070862 -0.9991850566262314 0)
(-1.537044204626867 -1.051139630061999 0)
(-1.484714103760104 -1.100329998123984 0)
(-1.430712133055059 -1.146386848585817 0)
(-1.374878897105354 -1.189564842818605 0)
(-1.317066255496779 -1.230017434134857 0)
(-1.257981352947296 -1.267313128615483 0)
(-1.199068887181668 -1.300774289054415 0)
(-1.139730240883746 -1.3310034948379 0)
(-1.078783193069726 -1.358667915578473 0)
(-1.017193515335237 -1.383350707787083 0)
(-0.9557426637589554 -1.404872892875227 0)
(-0.8945724633613997 -1.423359488976011 0)
(-0.8338374637139215 -1.43893131543079 0)
(-0.7736239118156966 -1.451726389668528 0)
(-0.7142274349321704 -1.461844136848614 0)
(-0.6566385336762417 -1.469335677456782 0)
(-0.6014138359773327 -1.474422991175263 0)
(-0.5484437672867156 -1.477426622083896 0)
(-0.4979635243400066 -1.4786852896564 0)
(-0.4505142443381413 -1.47912079466115 0)
(-0.4051488622058068 -1.479389391736644 0)
(-0.3615585773314413 -1.479581366867707 0)
(-0.3191154859430608 -1.479727816054902 0)
(-0.2776316591540188 -1.479842210774603 0)
(-0.2369856767199099 -1.479932718168423 0)
(-0.197098343871957 -1.480005014195204 0)
(-0.1578681220771087 -1.480063265661997 0)
(-0.119170362323967 -1.480110565126011 0)
(-0.08091898033630117 -1.48014917757598 0)
(-0.04305364650276625 -1.480180811888975 0)
(-0.005520290029483193 -1.480206798762102 0)
(0.03173343533992436 -1.480228185792686 0)
(0.06874170730754289 -1.480245792728947 0)
(0.1055390295161778 -1.480260280226299 0)
(0.1421620048702831 -1.480272184423037 0)
(0.178634038672685 -1.480281933530596 0)
(0.2149925698933396 -1.480289876760784 0)
(0.2512826662471879 -1.480296294204375 0)
(0.2875451242336056 -1.480301406623511 0)
(0.3238585984819964 -1.480305390784632 0)
(0.3604065209499542 -1.48030838469893 0)
(0.3977645682700657 -1.480310490145906 0)
(0.4401758832256297 -1.480311678001206 0)
(0.4717439709167041 -1.48031186555784 0)
(0.5 -1.480311625940173 0)
(0.5 1.5 0)
(0.4643875824208143 1.5 0)
(0.4287605424638177 1.5 0)
(0.3931041033181762 1.5 0)
(0.3574031748170042 1.5 0)
(0.3216421863694829 1.5 0)
(0.2858049071350211 1.5 0)
(0.2498742481367894 1.5 0)
(0.2138320399606515 1.5 0)
(0.1776587781823529 1.5 0)
(0.1413333266239806 1.5 0)
(0.1048325657877392 1.5 0)
(0.06813096988957693 1.5 0)
(0.03120009000861846 1.5 0)
(-0.005992087781247974 1.5 0)
(-0.04348195244440838 1.5 0)
(-0.08131130681921017 1.5 0)
(-0.1195287242255571 1.5 0)
(-0.1581913581220808 1.5 0)
(-0.1973674152643446 1.5 0)
(-0.2371396382804828 1.5 0)
(-0.277610412298524 1.5 0)
(-0.3189096589346318 1.5 0)
(-0.361207893107782 1.5 0)
(-0.4047399475657872 1.5 0)
(-0.4498548544956572 1.5 0)
(-0.4971476408532162 1.5 0)
(-0.5486203363110526 1.499211787357829 0)
(-0.6029103496098891 1.496465630529177 0)
(-0.6594044473437756 1.491505993738296 0)
(-0.7177270907373374 1.484114153159289 0)
(-0.7774869276869756 1.474110204395096 0)
(-0.8383856601900037 1.461333313809027 0)
(-0.9000878109477504 1.445658912937374 0)
(-0.9622711849232818 1.42699169508351 0)
(-1.02471400346957 1.405231336164648 0)
(-1.087074166087326 1.380341919138017 0)
(-1.149085862390678 1.352289716920252 0)
(-1.210523649833347 1.321043538491414 0)
(-1.271103493982185 1.28662321666402 0)
(-1.330571083498354 1.249060296618871 0)
(-1.388674274256489 1.208411336035623 0)
(-1.445242593594834 1.164695816578602 0)
(-1.500008835811646 1.118026035324733 0)
(-1.552784818819854 1.068477431421193 0)
(-1.603356654223958 1.016171251173818 0)
(-1.6515699625136 0.9611901630198683 0)
(-1.697241623862767 0.9036661090650333 0)
(-1.740168171169475 0.8437907757925667 0)
(-1.780248893230761 0.7816410491402067 0)
(-1.817298427442086 0.7174431971430918 0)
(-1.851221477879517 0.6513067064594728 0)
(-1.881885941080904 0.583430509703658 0)
(-1.909187220144188 0.5139953975809338 0)
(-1.933035438613619 0.4431809425391158 0)
(-1.953357009176134 0.3711513395087037 0)
(-1.970070414377106 0.2981491533254225 0)
(-1.983132714982674 0.2243150436087596 0)
(-1.992493746565218 0.1498743287539922 0)
(-1.998121840868769 0.07503924975746877 0)
(-1.999999991909974 3.615713792301989e-05 0)
(-1.998123754017878 -0.07500093840475699 0)
(-1.992496781897456 -0.1498440811213383 0)
(-1.983136800277211 -0.2242880373328323 0)
(-1.970074675879604 -0.298128157949145 0)
(-1.953362295570849 -0.3711306297967282 0)
(-1.933040586498888 -0.4431643034062546 0)
(-1.909192010898547 -0.5139822616487245 0)
(-1.881890805712966 -0.5834189840786654 0)
(-1.851226123699814 -0.6512970657239752 0)
(-1.817302832017232 -0.717435110238388 0)
(-1.780253137760443 -0.7816340942536023 0)
(-1.740172260516174 -0.8437847678596841 0)
(-1.69724552760947 -0.9036609354162218 0)
(-1.651573695255821 -0.9611856918172061 0)
(-1.603360195501377 -1.01616740696437 0)
(-1.552788169282252 -1.068474129752884 0)
(-1.500012039245729 -1.118023170049677 0)
(-1.445245624757751 -1.16469335609418 0)
(-1.388677135855497 -1.208409232148606 0)
(-1.330573767570062 -1.249058511184759 0)
(-1.271105991962402 -1.28662171931044 0)
(-1.210525950526529 -1.321042301091083 0)
(-1.149087982559857 -1.352288699640273 0)
(-1.08707606427069 -1.380341111740473 0)
(-1.024715703624872 -1.405230701224076 0)
(-0.9622727032058479 -1.426991203510214 0)
(-0.9000891361924409 -1.445658545938133 0)
(-0.8383868021739642 -1.461333049253559 0)
(-0.7774879147872059 -1.474110018616302 0)
(-0.7177279504691059 -1.484114026953087 0)
(-0.6594052002104849 -1.491505913347281 0)
(-0.6029110100371492 -1.496465585028302 0)
(-0.5486209152807578 -1.499211768511202 0)
(-0.4971481482079947 -1.5 0)
(-0.4498553010177121 -1.5 0)
(-0.4047403414159266 -1.5 0)
(-0.3612082409255084 -1.5 0)
(-0.3189099662329559 -1.5 0)
(-0.2776106837667905 -1.5 0)
(-0.237139877962487 -1.5 0)
(-0.1973676266735748 -1.5 0)
(-0.158191544370455 -1.5 0)
(-0.1195288881167353 -1.5 0)
(-0.0813114508701084 -1.5 0)
(-0.0434820788876269 -1.5 0)
(-0.005992198594063291 -1.5 0)
(0.03119999306652847 -1.5 0)
(0.06813088525927544 -1.5 0)
(0.1048324921106196 -1.5 0)
(0.1413332627358685 -1.5 0)
(0.1776587230939002 -1.5 0)
(0.2138319928328188 -1.5 0)
(0.249874208261789 -1.5 0)
(0.2858048739247681 -1.5 0)
(0.321642159347421 -1.5 0)
(0.3574031536092007 -1.5 0)
(0.3931040876427409 -1.5 0)
(0.4287605321201064 -1.5 0)
(0.4643875772803048 -1.5 0)
(0.5 -1.5 0)
)
