cells
8880
points
18150
(
(0.5 0.5 0)
(0.466178 0.5 0)
(0.432347 0.5 0)
(0.398506 0.5 0)
(0.364653 0.5 0)
(0.33079 0.5 0)
(0.296915 0.5 0)
(0.263028 0.5 0)
(0.229126 0.5 0)
(0.195207 0.5 0)
(0.161267 0.5 0)
(0.127306 0.5 0)
(0.0933192 0.5 0)
(0.0593051 0.5 0)
(0.0252611 0.5 0)
(-0.0088148 0.5 0)
(-0.0429242 0.5 0)
(-0.0770676 0.5 0)
(-0.111244 0.5 0)
(-0.145451 0.5 0)
(-0.179684 0.5 0)
(-0.213932 0.5 0)
(-0.248182 0.5 0)
(-0.282414 0.5 0)
(-0.316596 0.5 0)
(-0.350678 0.5 0)
(-0.384583 0.5 0)
(-0.418184 0.5 0)
(-0.451257 0.5 0)
(-0.483383 0.5 0)
(-0.513493 0.499818 0)
(-0.541283 0.498293 0)
(-0.568006 0.495354 0)
(-0.593986 0.491087 0)
(-0.619372 0.485541 0)
(-0.644232 0.478745 0)
(-0.668589 0.470721 0)
(-0.692433 0.461486 0)
(-0.715737 0.451063 0)
(-0.738461 0.439473 0)
(-0.76056 0.426742 0)
(-0.781982 0.4129 0)
(-0.802676 0.397979 0)
(-0.822586 0.382018 0)
(-0.841665 0.365055 0)
(-0.859858 0.347134 0)
(-0.877119 0.328301 0)
(-0.893399 0.308606 0)
(-0.908656 0.288098 0)
(-0.922848 0.266832 0)
(-0.935937 0.244865 0)
(-0.947889 0.222251 0)
(-0.958669 0.199055 0)
(-0.96825 0.175334 0)
(-0.976607 0.15115 0)
(-0.983714 0.126572 0)
(-0.989556 0.10166 0)
(-0.994117 0.0764755 0)
(-0.997382 0.0510986 0)
(-0.999345 0.025587 0)
(-1 1.77636e-15 0)
(-0.999345 -0.0255862 0)
(-0.997382 -0.0510976 0)
(-0.994117 -0.0764744 0)
(-0.989556 -0.101659 0)
(-0.983714 -0.126571 0)
(-0.976607 -0.151149 0)
(-0.96825 -0.175334 0)
(-0.958669 -0.199054 0)
(-0.947889 -0.22225 0)
(-0.935938 -0.244864 0)
(-0.922849 -0.266831 0)
(-0.908656 -0.288097 0)
(-0.893399 -0.308605 0)
(-0.877119 -0.328301 0)
(-0.859858 -0.347134 0)
(-0.841665 -0.365055 0)
(-0.822587 -0.382018 0)
(-0.802676 -0.397979 0)
(-0.781982 -0.4129 0)
(-0.76056 -0.426741 0)
(-0.738461 -0.439473 0)
(-0.715737 -0.451063 0)
(-0.692433 -0.461486 0)
(-0.668589 -0.470721 0)
(-0.644232 -0.478745 0)
(-0.619372 -0.485541 0)
(-0.593986 -0.491087 0)
(-0.568006 -0.495354 0)
(-0.541283 -0.498293 0)
(-0.513493 -0.499818 0)
(-0.483383 -0.5 0)
(-0.451257 -0.5 0)
(-0.418184 -0.5 0)
(-0.384583 -0.5 0)
(-0.350678 -0.5 0)
(-0.316596 -0.5 0)
(-0.282414 -0.5 0)
(-0.248182 -0.5 0)
(-0.213932 -0.5 0)
(-0.179684 -0.5 0)
(-0.145451 -0.5 0)
(-0.111244 -0.5 0)
(-0.0770676 -0.5 0)
(-0.0429242 -0.5 0)
(-0.00881481 -0.5 0)
(0.0252611 -0.5 0)
(0.0593051 -0.5 0)
(0.0933192 -0.5 0)
(0.127306 -0.5 0)
(0.161267 -0.5 0)
(0.195207 -0.5 0)
(0.229126 -0.5 0)
(0.263028 -0.5 0)
(0.296915 -0.5 0)
(0.33079 -0.5 0)
(0.364653 -0.5 0)
(0.398506 -0.5 0)
(0.432347 -0.5 0)
(0.466178 -0.5 0)
(0.5 -0.5 0)
(0.5 0.500211 0)
(0.466177 0.500211 0)
(0.432346 0.500211 0)
(0.398504 0.500211 0)
(0.36465 0.500211 0)
(0.330787 0.500211 0)
(0.296912 0.500211 0)
(0.263024 0.500211 0)
(0.229121 0.500211 0)
(0.195201 0.500211 0)
(0.161261 0.50021 0)
(0.127298 0.50021 0)
(0.0933111 0.50021 0)
(0.0592961 0.50021 0)
(0.0252512 0.50021 0)
(-0.00882569 0.50021 0)
(-0.0429361 0.500209 0)
(-0.0770805 0.500209 0)
(-0.111258 0.500208 0)
(-0.145467 0.500208 0)
(-0.1797 0.500207 0)
(-0.21395 0.500206 0)
(-0.248201 0.500206 0)
(-0.282434 0.500204 0)
(-0.316617 0.500203 0)
(-0.3507 0.500201 0)
(-0.384606 0.500199 0)
(-0.418207 0.500196 0)
(-0.45128 0.500193 0)
(-0.483405 0.500188 0)
(-0.513518 0.499998 0)
(-0.541316 0.498467 0)
(-0.568047 0.495523 0)
(-0.594035 0.491253 0)
(-0.619428 0.485703 0)
(-0.644295 0.478904 0)
(-0.668658 0.470875 0)
(-0.692509 0.461637 0)
(-0.715819 0.451209 0)
(-0.73855 0.439615 0)
(-0.760656 0.426879 0)
(-0.782083 0.413033 0)
(-0.802783 0.398107 0)
(-0.822699 0.382141 0)
(-0.841783 0.365172 0)
(-0.859982 0.347246 0)
(-0.877248 0.328406 0)
(-0.893532 0.308705 0)
(-0.908794 0.28819 0)
(-0.922991 0.266917 0)
(-0.936084 0.244943 0)
(-0.948039 0.222322 0)
(-0.958822 0.199119 0)
(-0.968406 0.175391 0)
(-0.976765 0.151198 0)
(-0.983875 0.126613 0)
(-0.989719 0.101693 0)
(-0.994281 0.0765 0)
(-0.997547 0.051115 0)
(-0.999511 0.0255952 0)
(-1.00017 3.40897e-09 0)
(-0.999511 -0.0255944 0)
(-0.997547 -0.051114 0)
(-0.994281 -0.076499 0)
(-0.989719 -0.101692 0)
(-0.983876 -0.126612 0)
(-0.976766 -0.151197 0)
(-0.968406 -0.17539 0)
(-0.958823 -0.199118 0)
(-0.948039 -0.222321 0)
(-0.936084 -0.244942 0)
(-0.922991 -0.266917 0)
(-0.908795 -0.28819 0)
(-0.893533 -0.308704 0)
(-0.877248 -0.328406 0)
(-0.859982 -0.347246 0)
(-0.841784 -0.365172 0)
(-0.8227 -0.382141 0)
(-0.802783 -0.398107 0)
(-0.782084 -0.413032 0)
(-0.760656 -0.426879 0)
(-0.73855 -0.439615 0)
(-0.715819 -0.451209 0)
(-0.692509 -0.461637 0)
(-0.668658 -0.470875 0)
(-0.644295 -0.478904 0)
(-0.619428 -0.485703 0)
(-0.594035 -0.491253 0)
(-0.568047 -0.495523 0)
(-0.541316 -0.498467 0)
(-0.513518 -0.499998 0)
(-0.483405 -0.500188 0)
(-0.45128 -0.500193 0)
(-0.418207 -0.500196 0)
(-0.384607 -0.500199 0)
(-0.3507 -0.500201 0)
(-0.316617 -0.500203 0)
(-0.282434 -0.500204 0)
(-0.248201 -0.500206 0)
(-0.21395 -0.500206 0)
(-0.1797 -0.500207 0)
(-0.145467 -0.500208 0)
(-0.111258 -0.500208 0)
(-0.0770805 -0.500209 0)
(-0.0429361 -0.500209 0)
(-0.00882569 -0.50021 0)
(0.0252512 -0.50021 0)
(0.0592961 -0.50021 0)
(0.0933111 -0.50021 0)
(0.127298 -0.50021 0)
(0.161261 -0.50021 0)
(0.195201 -0.500211 0)
(0.229121 -0.500211 0)
(0.263024 -0.500211 0)
(0.296912 -0.500211 0)
(0.330787 -0.500211 0)
(0.36465 -0.500211 0)
(0.398504 -0.500211 0)
(0.432346 -0.500211 0)
(0.466177 -0.500211 0)
(0.5 -0.500211 0)
(0.5 0.500469 0)
(0.466176 0.500469 0)
(0.432344 0.500469 0)
(0.398501 0.500469 0)
(0.364647 0.500469 0)
(0.330783 0.500469 0)
(0.296907 0.500469 0)
(0.263018 0.500469 0)
(0.229115 0.500469 0)
(0.195194 0.500469 0)
(0.161253 0.500469 0)
(0.12729 0.500468 0)
(0.0933011 0.500468 0)
(0.059285 0.500468 0)
(0.025239 0.500467 0)
(-0.00883906 0.500467 0)
(-0.0429507 0.500466 0)
(-0.0770965 0.500465 0)
(-0.111276 0.500464 0)
(-0.145485 0.500463 0)
(-0.17972 0.500461 0)
(-0.213971 0.50046 0)
(-0.248224 0.500458 0)
(-0.282459 0.500455 0)
(-0.316643 0.500452 0)
(-0.350727 0.500448 0)
(-0.384635 0.500443 0)
(-0.418236 0.500438 0)
(-0.451309 0.50043 0)
(-0.483432 0.500418 0)
(-0.513548 0.500218 0)
(-0.541356 0.498681 0)
(-0.568097 0.495732 0)
(-0.594094 0.491457 0)
(-0.619496 0.485902 0)
(-0.644372 0.479098 0)
(-0.668743 0.471065 0)
(-0.692602 0.461822 0)
(-0.715921 0.451389 0)
(-0.73866 0.439789 0)
(-0.760772 0.427048 0)
(-0.782208 0.413196 0)
(-0.802914 0.398264 0)
(-0.822838 0.382291 0)
(-0.841929 0.365316 0)
(-0.860134 0.347382 0)
(-0.877406 0.328535 0)
(-0.893697 0.308826 0)
(-0.908964 0.288303 0)
(-0.923166 0.267022 0)
(-0.936264 0.245039 0)
(-0.948223 0.222409 0)
(-0.95901 0.199197 0)
(-0.968598 0.17546 0)
(-0.97696 0.151258 0)
(-0.984073 0.126663 0)
(-0.989919 0.101733 0)
(-0.994483 0.0765301 0)
(-0.99775 0.0511351 0)
(-0.999714 0.0256053 0)
(-1.00037 7.60816e-09 0)
(-0.999714 -0.0256045 0)
(-0.99775 -0.0511341 0)
(-0.994483 -0.0765291 0)
(-0.989919 -0.101732 0)
(-0.984073 -0.126662 0)
(-0.976961 -0.151257 0)
(-0.968598 -0.175459 0)
(-0.959011 -0.199196 0)
(-0.948224 -0.222409 0)
(-0.936264 -0.245039 0)
(-0.923166 -0.267022 0)
(-0.908964 -0.288303 0)
(-0.893697 -0.308826 0)
(-0.877406 -0.328535 0)
(-0.860134 -0.347382 0)
(-0.841929 -0.365315 0)
(-0.822838 -0.382291 0)
(-0.802915 -0.398264 0)
(-0.782208 -0.413196 0)
(-0.760773 -0.427048 0)
(-0.73866 -0.439789 0)
(-0.715921 -0.451389 0)
(-0.692602 -0.461822 0)
(-0.668743 -0.471065 0)
(-0.644372 -0.479098 0)
(-0.619496 -0.485902 0)
(-0.594094 -0.491457 0)
(-0.568097 -0.495732 0)
(-0.541356 -0.498681 0)
(-0.513548 -0.500218 0)
(-0.483432 -0.500418 0)
(-0.451309 -0.50043 0)
(-0.418236 -0.500438 0)
(-0.384635 -0.500443 0)
(-0.350727 -0.500448 0)
(-0.316643 -0.500452 0)
(-0.282459 -0.500455 0)
(-0.248224 -0.500458 0)
(-0.213971 -0.50046 0)
(-0.17972 -0.500461 0)
(-0.145485 -0.500463 0)
(-0.111276 -0.500464 0)
(-0.0770965 -0.500465 0)
(-0.0429507 -0.500466 0)
(-0.00883906 -0.500467 0)
(0.025239 -0.500467 0)
(0.059285 -0.500468 0)
(0.0933011 -0.500468 0)
(0.12729 -0.500468 0)
(0.161253 -0.500469 0)
(0.195194 -0.500469 0)
(0.229115 -0.500469 0)
(0.263018 -0.500469 0)
(0.296907 -0.500469 0)
(0.330783 -0.500469 0)
(0.364647 -0.500469 0)
(0.398501 -0.500469 0)
(0.432344 -0.500469 0)
(0.466176 -0.500469 0)
(0.5 -0.500469 0)
(0.5 0.500768 0)
(0.466175 0.500768 0)
(0.432343 0.500768 0)
(0.398499 0.500768 0)
(0.364644 0.500768 0)
(0.330779 0.500768 0)
(0.296902 0.500767 0)
(0.263012 0.500767 0)
(0.229108 0.500767 0)
(0.195186 0.500767 0)
(0.161244 0.500766 0)
(0.127279 0.500766 0)
(0.0932895 0.500765 0)
(0.0592723 0.500765 0)
(0.0252249 0.500764 0)
(-0.00885451 0.500763 0)
(-0.0429676 0.500762 0)
(-0.0771148 0.500761 0)
(-0.111296 0.500759 0)
(-0.145507 0.500757 0)
(-0.179743 0.500755 0)
(-0.213996 0.500752 0)
(-0.248251 0.500749 0)
(-0.282487 0.500744 0)
(-0.316673 0.500739 0)
(-0.350759 0.500733 0)
(-0.384667 0.500725 0)
(-0.418269 0.500716 0)
(-0.451342 0.500703 0)
(-0.483464 0.500684 0)
(-0.513583 0.500473 0)
(-0.541403 0.498928 0)
(-0.568155 0.495972 0)
(-0.594162 0.491692 0)
(-0.619575 0.486132 0)
(-0.64446 0.479322 0)
(-0.668842 0.471284 0)
(-0.69271 0.462035 0)
(-0.716038 0.451597 0)
(-0.738786 0.439991 0)
(-0.760907 0.427243 0)
(-0.782351 0.413384 0)
(-0.803066 0.398445 0)
(-0.822998 0.382465 0)
(-0.842097 0.365481 0)
(-0.860309 0.34754 0)
(-0.877589 0.328684 0)
(-0.893886 0.308966 0)
(-0.90916 0.288434 0)
(-0.923368 0.267143 0)
(-0.936471 0.24515 0)
(-0.948436 0.22251 0)
(-0.959228 0.199287 0)
(-0.968819 0.175539 0)
(-0.977185 0.151326 0)
(-0.984301 0.12672 0)
(-0.990149 0.101779 0)
(-0.994715 0.0765649 0)
(-0.997984 0.0511583 0)
(-0.999949 0.0256169 0)
(-1.00061 1.24293e-08 0)
(-0.999949 -0.025616 0)
(-0.997984 -0.0511573 0)
(-0.994715 -0.0765639 0)
(-0.99015 -0.101778 0)
(-0.984301 -0.126719 0)
(-0.977186 -0.151325 0)
(-0.96882 -0.175538 0)
(-0.959228 -0.199287 0)
(-0.948436 -0.22251 0)
(-0.936471 -0.24515 0)
(-0.923368 -0.267143 0)
(-0.90916 -0.288433 0)
(-0.893886 -0.308966 0)
(-0.877589 -0.328684 0)
(-0.860309 -0.34754 0)
(-0.842097 -0.365481 0)
(-0.822998 -0.382465 0)
(-0.803067 -0.398445 0)
(-0.782352 -0.413384 0)
(-0.760908 -0.427243 0)
(-0.738786 -0.439991 0)
(-0.716038 -0.451596 0)
(-0.69271 -0.462035 0)
(-0.668842 -0.471284 0)
(-0.64446 -0.479322 0)
(-0.619575 -0.486132 0)
(-0.594162 -0.491692 0)
(-0.568155 -0.495972 0)
(-0.541403 -0.498928 0)
(-0.513583 -0.500473 0)
(-0.483464 -0.500684 0)
(-0.451342 -0.500703 0)
(-0.418269 -0.500716 0)
(-0.384667 -0.500725 0)
(-0.350759 -0.500733 0)
(-0.316673 -0.500739 0)
(-0.282487 -0.500744 0)
(-0.248251 -0.500749 0)
(-0.213996 -0.500752 0)
(-0.179743 -0.500755 0)
(-0.145507 -0.500757 0)
(-0.111296 -0.500759 0)
(-0.0771148 -0.500761 0)
(-0.0429676 -0.500762 0)
(-0.00885451 -0.500763 0)
(0.0252249 -0.500764 0)
(0.0592723 -0.500765 0)
(0.0932895 -0.500765 0)
(0.127279 -0.500766 0)
(0.161244 -0.500766 0)
(0.195186 -0.500767 0)
(0.229108 -0.500767 0)
(0.263012 -0.500767 0)
(0.296902 -0.500767 0)
(0.330779 -0.500768 0)
(0.364644 -0.500768 0)
(0.398499 -0.500768 0)
(0.432343 -0.500768 0)
(0.466175 -0.500768 0)
(0.5 -0.500768 0)
(0.5 0.501124 0)
(0.466174 0.501124 0)
(0.432341 0.501124 0)
(0.398496 0.501124 0)
(0.36464 0.501124 0)
(0.330773 0.501124 0)
(0.296896 0.501123 0)
(0.263005 0.501123 0)
(0.229099 0.501123 0)
(0.195176 0.501122 0)
(0.161233 0.501122 0)
(0.127267 0.501121 0)
(0.0932758 0.50112 0)
(0.059257 0.501119 0)
(0.0252081 0.501118 0)
(-0.00887295 0.501117 0)
(-0.0429877 0.501115 0)
(-0.0771368 0.501113 0)
(-0.111319 0.501111 0)
(-0.145533 0.501108 0)
(-0.179771 0.501105 0)
(-0.214026 0.501101 0)
(-0.248283 0.501096 0)
(-0.282521 0.50109 0)
(-0.316709 0.501082 0)
(-0.350797 0.501073 0)
(-0.384706 0.501062 0)
(-0.418309 0.501048 0)
(-0.451381 0.501029 0)
(-0.483502 0.501002 0)
(-0.513625 0.500777 0)
(-0.541459 0.499222 0)
(-0.568224 0.496259 0)
(-0.594244 0.491972 0)
(-0.619669 0.486406 0)
(-0.644566 0.47959 0)
(-0.668959 0.471545 0)
(-0.692839 0.46229 0)
(-0.716178 0.451844 0)
(-0.738936 0.440231 0)
(-0.761068 0.427476 0)
(-0.782523 0.413608 0)
(-0.803248 0.398661 0)
(-0.823189 0.382672 0)
(-0.842297 0.365679 0)
(-0.860518 0.347728 0)
(-0.877806 0.328862 0)
(-0.894112 0.309133 0)
(-0.909394 0.28859 0)
(-0.923609 0.267288 0)
(-0.936719 0.245283 0)
(-0.94869 0.222631 0)
(-0.959487 0.199395 0)
(-0.969083 0.175634 0)
(-0.977454 0.151408 0)
(-0.984573 0.126789 0)
(-0.990425 0.101834 0)
(-0.994993 0.0766064 0)
(-0.998263 0.051186 0)
(-1.00023 0.0256307 0)
(-1.00089 1.81366e-08 0)
(-1.00023 -0.0256299 0)
(-0.998264 -0.051185 0)
(-0.994993 -0.0766054 0)
(-0.990425 -0.101833 0)
(-0.984573 -0.126788 0)
(-0.977454 -0.151407 0)
(-0.969084 -0.175633 0)
(-0.959487 -0.199394 0)
(-0.94869 -0.22263 0)
(-0.936719 -0.245282 0)
(-0.923609 -0.267287 0)
(-0.909394 -0.288589 0)
(-0.894112 -0.309133 0)
(-0.877807 -0.328862 0)
(-0.860519 -0.347728 0)
(-0.842297 -0.365679 0)
(-0.823189 -0.382672 0)
(-0.803248 -0.398661 0)
(-0.782523 -0.413608 0)
(-0.761069 -0.427476 0)
(-0.738936 -0.440231 0)
(-0.716178 -0.451844 0)
(-0.692839 -0.462289 0)
(-0.668959 -0.471545 0)
(-0.644566 -0.47959 0)
(-0.619669 -0.486406 0)
(-0.594244 -0.491972 0)
(-0.568224 -0.496259 0)
(-0.541459 -0.499222 0)
(-0.513625 -0.500777 0)
(-0.483502 -0.501002 0)
(-0.451381 -0.501029 0)
(-0.418309 -0.501048 0)
(-0.384706 -0.501062 0)
(-0.350797 -0.501073 0)
(-0.316709 -0.501082 0)
(-0.282521 -0.50109 0)
(-0.248283 -0.501096 0)
(-0.214026 -0.501101 0)
(-0.179771 -0.501105 0)
(-0.145533 -0.501108 0)
(-0.111319 -0.501111 0)
(-0.0771368 -0.501113 0)
(-0.0429877 -0.501115 0)
(-0.00887296 -0.501117 0)
(0.0252081 -0.501118 0)
(0.059257 -0.501119 0)
(0.0932758 -0.50112 0)
(0.127267 -0.501121 0)
(0.161233 -0.501122 0)
(0.195176 -0.501122 0)
(0.229099 -0.501123 0)
(0.263005 -0.501123 0)
(0.296896 -0.501123 0)
(0.330773 -0.501124 0)
(0.36464 -0.501124 0)
(0.398496 -0.501124 0)
(0.432341 -0.501124 0)
(0.466174 -0.501124 0)
(0.5 -0.501124 0)
(0.5 0.501556 0)
(0.466173 0.501556 0)
(0.432338 0.501556 0)
(0.398492 0.501556 0)
(0.364635 0.501556 0)
(0.330767 0.501555 0)
(0.296888 0.501555 0)
(0.262996 0.501555 0)
(0.229089 0.501554 0)
(0.195164 0.501554 0)
(0.161219 0.501553 0)
(0.127252 0.501552 0)
(0.093259 0.501551 0)
(0.0592385 0.50155 0)
(0.0251877 0.501548 0)
(-0.00889535 0.501546 0)
(-0.0430122 0.501544 0)
(-0.0771635 0.501541 0)
(-0.111348 0.501538 0)
(-0.145564 0.501534 0)
(-0.179805 0.50153 0)
(-0.214062 0.501524 0)
(-0.248322 0.501517 0)
(-0.282563 0.501508 0)
(-0.316753 0.501498 0)
(-0.350842 0.501486 0)
(-0.384754 0.50147 0)
(-0.418357 0.50145 0)
(-0.451429 0.501424 0)
(-0.483548 0.501387 0)
(-0.513676 0.501146 0)
(-0.541527 0.499579 0)
(-0.568308 0.496608 0)
(-0.594343 0.492312 0)
(-0.619783 0.486738 0)
(-0.644695 0.479915 0)
(-0.669102 0.471862 0)
(-0.692995 0.462598 0)
(-0.716347 0.452144 0)
(-0.739119 0.440523 0)
(-0.761264 0.427758 0)
(-0.782731 0.413881 0)
(-0.803468 0.398924 0)
(-0.823421 0.382924 0)
(-0.84254 0.365919 0)
(-0.860772 0.347956 0)
(-0.878071 0.329078 0)
(-0.894386 0.309336 0)
(-0.909677 0.288779 0)
(-0.923901 0.267463 0)
(-0.937019 0.245444 0)
(-0.948997 0.222777 0)
(-0.959802 0.199526 0)
(-0.969404 0.175749 0)
(-0.97778 0.151508 0)
(-0.984903 0.126872 0)
(-0.990759 0.101901 0)
(-0.99533 0.0766567 0)
(-0.998602 0.0512196 0)
(-1.00057 0.0256475 0)
(-1.00123 2.50067e-08 0)
(-1.00057 -0.0256467 0)
(-0.998602 -0.0512186 0)
(-0.99533 -0.0766557 0)
(-0.990759 -0.1019 0)
(-0.984904 -0.126871 0)
(-0.97778 -0.151507 0)
(-0.969404 -0.175748 0)
(-0.959802 -0.199525 0)
(-0.948998 -0.222776 0)
(-0.937019 -0.245443 0)
(-0.923901 -0.267463 0)
(-0.909677 -0.288779 0)
(-0.894387 -0.309335 0)
(-0.878071 -0.329077 0)
(-0.860773 -0.347956 0)
(-0.84254 -0.365919 0)
(-0.823421 -0.382923 0)
(-0.803468 -0.398923 0)
(-0.782731 -0.413881 0)
(-0.761264 -0.427758 0)
(-0.739119 -0.440522 0)
(-0.716347 -0.452144 0)
(-0.692995 -0.462598 0)
(-0.669102 -0.471862 0)
(-0.644695 -0.479915 0)
(-0.619783 -0.486738 0)
(-0.594343 -0.492312 0)
(-0.568308 -0.496608 0)
(-0.541527 -0.499579 0)
(-0.513676 -0.501146 0)
(-0.483548 -0.501387 0)
(-0.451429 -0.501424 0)
(-0.418357 -0.50145 0)
(-0.384754 -0.50147 0)
(-0.350842 -0.501486 0)
(-0.316753 -0.501498 0)
(-0.282563 -0.501508 0)
(-0.248322 -0.501517 0)
(-0.214062 -0.501524 0)
(-0.179805 -0.50153 0)
(-0.145564 -0.501534 0)
(-0.111348 -0.501538 0)
(-0.0771635 -0.501541 0)
(-0.0430122 -0.501544 0)
(-0.00889536 -0.501546 0)
(0.0251877 -0.501548 0)
(0.0592385 -0.50155 0)
(0.093259 -0.501551 0)
(0.127252 -0.501552 0)
(0.161219 -0.501553 0)
(0.195164 -0.501554 0)
(0.229089 -0.501554 0)
(0.262996 -0.501555 0)
(0.296888 -0.501555 0)
(0.330767 -0.501555 0)
(0.364635 -0.501556 0)
(0.398492 -0.501556 0)
(0.432338 -0.501556 0)
(0.466173 -0.501556 0)
(0.5 -0.501556 0)
(0.5 0.502083 0)
(0.466171 0.502083 0)
(0.432335 0.502083 0)
(0.398487 0.502083 0)
(0.364629 0.502082 0)
(0.330759 0.502082 0)
(0.296879 0.502082 0)
(0.262985 0.502081 0)
(0.229076 0.50208 0)
(0.195149 0.50208 0)
(0.161203 0.502079 0)
(0.127233 0.502077 0)
(0.0932386 0.502076 0)
(0.0592159 0.502074 0)
(0.0251628 0.502072 0)
(-0.00892269 0.50207 0)
(-0.0430421 0.502067 0)
(-0.077196 0.502063 0)
(-0.111384 0.502059 0)
(-0.145602 0.502054 0)
(-0.179846 0.502047 0)
(-0.214107 0.50204 0)
(-0.248369 0.50203 0)
(-0.282613 0.502019 0)
(-0.316806 0.502005 0)
(-0.350898 0.501989 0)
(-0.384812 0.501968 0)
(-0.418416 0.501941 0)
(-0.451488 0.501906 0)
(-0.483604 0.501856 0)
(-0.513739 0.501596 0)
(-0.541609 0.500015 0)
(-0.56841 0.497032 0)
(-0.594464 0.492727 0)
(-0.619922 0.487144 0)
(-0.644852 0.480311 0)
(-0.669276 0.472248 0)
(-0.693186 0.462975 0)
(-0.716554 0.452511 0)
(-0.739342 0.440878 0)
(-0.761502 0.428102 0)
(-0.782984 0.414213 0)
(-0.803736 0.399243 0)
(-0.823704 0.38323 0)
(-0.842837 0.366212 0)
(-0.861082 0.348234 0)
(-0.878393 0.329341 0)
(-0.894721 0.309583 0)
(-0.910023 0.28901 0)
(-0.924258 0.267677 0)
(-0.937386 0.24564 0)
(-0.949373 0.222955 0)
(-0.960185 0.199686 0)
(-0.969795 0.17589 0)
(-0.978177 0.151629 0)
(-0.985306 0.126973 0)
(-0.991166 0.101982 0)
(-0.995741 0.0767182 0)
(-0.999016 0.0512606 0)
(-1.00098 0.025668 0)
(-1.00164 3.33079e-08 0)
(-1.00098 -0.0256671 0)
(-0.999016 -0.0512596 0)
(-0.995741 -0.0767171 0)
(-0.991166 -0.101981 0)
(-0.985307 -0.126972 0)
(-0.978177 -0.151628 0)
(-0.969795 -0.175889 0)
(-0.960186 -0.199685 0)
(-0.949373 -0.222954 0)
(-0.937386 -0.245639 0)
(-0.924258 -0.267676 0)
(-0.910023 -0.28901 0)
(-0.894721 -0.309583 0)
(-0.878394 -0.32934 0)
(-0.861082 -0.348234 0)
(-0.842837 -0.366212 0)
(-0.823704 -0.38323 0)
(-0.803736 -0.399243 0)
(-0.782984 -0.414213 0)
(-0.761503 -0.428102 0)
(-0.739342 -0.440878 0)
(-0.716554 -0.452511 0)
(-0.693186 -0.462975 0)
(-0.669276 -0.472248 0)
(-0.644852 -0.480311 0)
(-0.619922 -0.487144 0)
(-0.594464 -0.492727 0)
(-0.56841 -0.497032 0)
(-0.541609 -0.500015 0)
(-0.513739 -0.501596 0)
(-0.483604 -0.501856 0)
(-0.451488 -0.501906 0)
(-0.418416 -0.501941 0)
(-0.384812 -0.501968 0)
(-0.350898 -0.501989 0)
(-0.316806 -0.502005 0)
(-0.282613 -0.502019 0)
(-0.248369 -0.50203 0)
(-0.214107 -0.50204 0)
(-0.179846 -0.502047 0)
(-0.145602 -0.502054 0)
(-0.111384 -0.502059 0)
(-0.077196 -0.502063 0)
(-0.0430421 -0.502067 0)
(-0.00892269 -0.50207 0)
(0.0251628 -0.502072 0)
(0.0592159 -0.502074 0)
(0.0932386 -0.502076 0)
(0.127233 -0.502077 0)
(0.161203 -0.502079 0)
(0.195149 -0.50208 0)
(0.229076 -0.50208 0)
(0.262985 -0.502081 0)
(0.296879 -0.502082 0)
(0.330759 -0.502082 0)
(0.364629 -0.502082 0)
(0.398487 -0.502083 0)
(0.432335 -0.502083 0)
(0.466171 -0.502083 0)
(0.5 -0.502083 0)
(0.5 0.502725 0)
(0.466169 0.502725 0)
(0.432331 0.502725 0)
(0.398482 0.502725 0)
(0.364621 0.502725 0)
(0.33075 0.502724 0)
(0.296867 0.502724 0)
(0.262972 0.502723 0)
(0.229061 0.502722 0)
(0.195132 0.502721 0)
(0.161183 0.50272 0)
(0.127211 0.502718 0)
(0.0932137 0.502716 0)
(0.0591883 0.502714 0)
(0.0251324 0.502712 0)
(-0.00895605 0.502708 0)
(-0.0430786 0.502704 0)
(-0.0772357 0.5027 0)
(-0.111427 0.502694 0)
(-0.145649 0.502687 0)
(-0.179897 0.502679 0)
(-0.214161 0.502669 0)
(-0.248427 0.502657 0)
(-0.282675 0.502642 0)
(-0.316871 0.502624 0)
(-0.350966 0.502602 0)
(-0.384882 0.502574 0)
(-0.418488 0.50254 0)
(-0.451559 0.502494 0)
(-0.483673 0.502429 0)
(-0.513815 0.502145 0)
(-0.541711 0.500547 0)
(-0.568535 0.497551 0)
(-0.594612 0.493233 0)
(-0.620092 0.487638 0)
(-0.645043 0.480794 0)
(-0.669488 0.47272 0)
(-0.693418 0.463434 0)
(-0.716807 0.452958 0)
(-0.739614 0.441312 0)
(-0.761793 0.428522 0)
(-0.783294 0.414619 0)
(-0.804064 0.399634 0)
(-0.824049 0.383604 0)
(-0.843199 0.366569 0)
(-0.86146 0.348574 0)
(-0.878787 0.329662 0)
(-0.895129 0.309885 0)
(-0.910445 0.289292 0)
(-0.924693 0.267938 0)
(-0.937833 0.245879 0)
(-0.949831 0.223172 0)
(-0.960653 0.19988 0)
(-0.970272 0.176061 0)
(-0.978662 0.151777 0)
(-0.985798 0.127097 0)
(-0.991663 0.102082 0)
(-0.996242 0.0767931 0)
(-0.99952 0.0513106 0)
(-1.00149 0.025693 0)
(-1.00215 4.3348e-08 0)
(-1.00149 -0.0256921 0)
(-0.99952 -0.0513096 0)
(-0.996242 -0.076792 0)
(-0.991663 -0.102081 0)
(-0.985798 -0.127096 0)
(-0.978662 -0.151776 0)
(-0.970272 -0.176061 0)
(-0.960654 -0.199879 0)
(-0.949831 -0.223172 0)
(-0.937833 -0.245879 0)
(-0.924693 -0.267937 0)
(-0.910446 -0.289291 0)
(-0.895129 -0.309884 0)
(-0.878787 -0.329661 0)
(-0.86146 -0.348574 0)
(-0.843199 -0.366569 0)
(-0.824049 -0.383604 0)
(-0.804064 -0.399634 0)
(-0.783294 -0.414619 0)
(-0.761793 -0.428522 0)
(-0.739614 -0.441312 0)
(-0.716807 -0.452958 0)
(-0.693418 -0.463434 0)
(-0.669488 -0.47272 0)
(-0.645043 -0.480794 0)
(-0.620092 -0.487638 0)
(-0.594612 -0.493233 0)
(-0.568535 -0.497551 0)
(-0.541711 -0.500547 0)
(-0.513815 -0.502145 0)
(-0.483673 -0.502429 0)
(-0.451559 -0.502494 0)
(-0.418488 -0.50254 0)
(-0.384882 -0.502574 0)
(-0.350966 -0.502602 0)
(-0.316871 -0.502624 0)
(-0.282675 -0.502642 0)
(-0.248427 -0.502657 0)
(-0.214161 -0.502669 0)
(-0.179897 -0.502679 0)
(-0.145649 -0.502687 0)
(-0.111427 -0.502694 0)
(-0.0772357 -0.5027 0)
(-0.0430786 -0.502704 0)
(-0.00895606 -0.502708 0)
(0.0251324 -0.502712 0)
(0.0591883 -0.502714 0)
(0.0932137 -0.502716 0)
(0.127211 -0.502718 0)
(0.161183 -0.50272 0)
(0.195132 -0.502721 0)
(0.229061 -0.502722 0)
(0.262972 -0.502723 0)
(0.296867 -0.502724 0)
(0.33075 -0.502724 0)
(0.364621 -0.502725 0)
(0.398482 -0.502725 0)
(0.432331 -0.502725 0)
(0.466169 -0.502725 0)
(0.5 -0.502725 0)
(0.5 0.503508 0)
(0.466167 0.503508 0)
(0.432327 0.503508 0)
(0.398475 0.503507 0)
(0.364612 0.503507 0)
(0.330739 0.503507 0)
(0.296854 0.503506 0)
(0.262955 0.503505 0)
(0.229042 0.503504 0)
(0.19511 0.503502 0)
(0.161159 0.503501 0)
(0.127184 0.503499 0)
(0.0931833 0.503496 0)
(0.0591547 0.503494 0)
(0.0250953 0.50349 0)
(-0.00899672 0.503486 0)
(-0.043123 0.503481 0)
(-0.0772841 0.503475 0)
(-0.111479 0.503467 0)
(-0.145706 0.503459 0)
(-0.179958 0.503448 0)
(-0.214227 0.503435 0)
(-0.248498 0.50342 0)
(-0.28275 0.503401 0)
(-0.31695 0.503377 0)
(-0.35105 0.503349 0)
(-0.384968 0.503313 0)
(-0.418576 0.503269 0)
(-0.451647 0.50321 0)
(-0.483758 0.503126 0)
(-0.513909 0.502813 0)
(-0.541834 0.501194 0)
(-0.568687 0.498182 0)
(-0.594792 0.49385 0)
(-0.620299 0.488241 0)
(-0.645276 0.481383 0)
(-0.669747 0.473294 0)
(-0.693702 0.463994 0)
(-0.717115 0.453502 0)
(-0.739945 0.441841 0)
(-0.762148 0.429034 0)
(-0.783671 0.415113 0)
(-0.804463 0.400109 0)
(-0.824469 0.38406 0)
(-0.843639 0.367005 0)
(-0.861921 0.348987 0)
(-0.879266 0.330053 0)
(-0.895627 0.310252 0)
(-0.91096 0.289635 0)
(-0.925223 0.268256 0)
(-0.938377 0.246171 0)
(-0.950389 0.223437 0)
(-0.961224 0.200117 0)
(-0.970853 0.17627 0)
(-0.979253 0.151957 0)
(-0.986397 0.127248 0)
(-0.992268 0.102203 0)
(-0.996853 0.0768844 0)
(-1.00013 0.0513716 0)
(-1.00211 0.0257234 0)
(-1.00277 5.54374e-08 0)
(-1.00211 -0.0257226 0)
(-1.00013 -0.0513706 0)
(-0.996853 -0.0768833 0)
(-0.992269 -0.102202 0)
(-0.986397 -0.127247 0)
(-0.979253 -0.151956 0)
(-0.970854 -0.17627 0)
(-0.961224 -0.200117 0)
(-0.95039 -0.223436 0)
(-0.938378 -0.246171 0)
(-0.925223 -0.268255 0)
(-0.91096 -0.289634 0)
(-0.895627 -0.310252 0)
(-0.879267 -0.330053 0)
(-0.861921 -0.348987 0)
(-0.84364 -0.367005 0)
(-0.824469 -0.38406 0)
(-0.804463 -0.400109 0)
(-0.783671 -0.415113 0)
(-0.762148 -0.429034 0)
(-0.739945 -0.441841 0)
(-0.717115 -0.453502 0)
(-0.693702 -0.463994 0)
(-0.669747 -0.473294 0)
(-0.645277 -0.481383 0)
(-0.620299 -0.488241 0)
(-0.594792 -0.49385 0)
(-0.568687 -0.498182 0)
(-0.541834 -0.501194 0)
(-0.513909 -0.502813 0)
(-0.483758 -0.503126 0)
(-0.451647 -0.50321 0)
(-0.418576 -0.503269 0)
(-0.384968 -0.503313 0)
(-0.35105 -0.503349 0)
(-0.31695 -0.503377 0)
(-0.28275 -0.503401 0)
(-0.248498 -0.50342 0)
(-0.214227 -0.503435 0)
(-0.179958 -0.503448 0)
(-0.145706 -0.503459 0)
(-0.111479 -0.503467 0)
(-0.0772842 -0.503475 0)
(-0.043123 -0.503481 0)
(-0.00899672 -0.503486 0)
(0.0250953 -0.50349 0)
(0.0591547 -0.503494 0)
(0.0931833 -0.503496 0)
(0.127184 -0.503499 0)
(0.161159 -0.503501 0)
(0.19511 -0.503502 0)
(0.229042 -0.503504 0)
(0.262955 -0.503505 0)
(0.296854 -0.503506 0)
(0.330739 -0.503507 0)
(0.364612 -0.503507 0)
(0.398475 -0.503507 0)
(0.432327 -0.503508 0)
(0.466167 -0.503508 0)
(0.5 -0.503508 0)
(0.5 0.504459 0)
(0.466164 0.504459 0)
(0.432321 0.504459 0)
(0.398467 0.504459 0)
(0.364601 0.504458 0)
(0.330725 0.504458 0)
(0.296837 0.504457 0)
(0.262936 0.504456 0)
(0.229019 0.504454 0)
(0.195084 0.504452 0)
(0.161129 0.50445 0)
(0.127151 0.504448 0)
(0.0931464 0.504445 0)
(0.0591137 0.504441 0)
(0.0250502 0.504437 0)
(-0.00904619 0.504431 0)
(-0.0431771 0.504425 0)
(-0.0773431 0.504417 0)
(-0.111543 0.504408 0)
(-0.145775 0.504397 0)
(-0.180032 0.504383 0)
(-0.214307 0.504367 0)
(-0.248583 0.504347 0)
(-0.282841 0.504323 0)
(-0.317047 0.504293 0)
(-0.351151 0.504257 0)
(-0.385073 0.504212 0)
(-0.418683 0.504155 0)
(-0.451753 0.504081 0)
(-0.483861 0.503974 0)
(-0.514024 0.503626 0)
(-0.541985 0.501982 0)
(-0.568873 0.49895 0)
(-0.595012 0.4946 0)
(-0.620552 0.488974 0)
(-0.64556 0.482099 0)
(-0.670062 0.473993 0)
(-0.694047 0.464675 0)
(-0.717489 0.454165 0)
(-0.740349 0.442484 0)
(-0.762579 0.429657 0)
(-0.78413 0.415714 0)
(-0.804948 0.400688 0)
(-0.82498 0.384615 0)
(-0.844176 0.367534 0)
(-0.862481 0.349491 0)
(-0.87985 0.330529 0)
(-0.896232 0.310699 0)
(-0.911585 0.290052 0)
(-0.925868 0.268642 0)
(-0.93904 0.246526 0)
(-0.951068 0.223759 0)
(-0.961918 0.200406 0)
(-0.971561 0.176525 0)
(-0.979971 0.152176 0)
(-0.987125 0.127432 0)
(-0.993005 0.10235 0)
(-0.997596 0.0769954 0)
(-1.00088 0.0514457 0)
(-1.00286 0.0257604 0)
(-1.00352 6.992e-08 0)
(-1.00286 -0.0257596 0)
(-1.00088 -0.0514447 0)
(-0.997596 -0.0769944 0)
(-0.993005 -0.102349 0)
(-0.987126 -0.127431 0)
(-0.979972 -0.152175 0)
(-0.971561 -0.176524 0)
(-0.961918 -0.200405 0)
(-0.951069 -0.223759 0)
(-0.939041 -0.246525 0)
(-0.925868 -0.268642 0)
(-0.911586 -0.290052 0)
(-0.896232 -0.310699 0)
(-0.87985 -0.330528 0)
(-0.862481 -0.349491 0)
(-0.844176 -0.367534 0)
(-0.824981 -0.384615 0)
(-0.804948 -0.400687 0)
(-0.78413 -0.415714 0)
(-0.762579 -0.429657 0)
(-0.740349 -0.442484 0)
(-0.717489 -0.454165 0)
(-0.694047 -0.464675 0)
(-0.670062 -0.473993 0)
(-0.645561 -0.482099 0)
(-0.620552 -0.488974 0)
(-0.595012 -0.4946 0)
(-0.568873 -0.49895 0)
(-0.541985 -0.501982 0)
(-0.514024 -0.503626 0)
(-0.483861 -0.503974 0)
(-0.451753 -0.504081 0)
(-0.418683 -0.504155 0)
(-0.385073 -0.504212 0)
(-0.351151 -0.504257 0)
(-0.317047 -0.504293 0)
(-0.282841 -0.504323 0)
(-0.248583 -0.504347 0)
(-0.214307 -0.504367 0)
(-0.180032 -0.504383 0)
(-0.145775 -0.504397 0)
(-0.111543 -0.504408 0)
(-0.0773431 -0.504417 0)
(-0.0431771 -0.504425 0)
(-0.0090462 -0.504431 0)
(0.0250502 -0.504437 0)
(0.0591137 -0.504441 0)
(0.0931464 -0.504445 0)
(0.127151 -0.504448 0)
(0.161129 -0.50445 0)
(0.195084 -0.504452 0)
(0.229019 -0.504454 0)
(0.262936 -0.504456 0)
(0.296837 -0.504457 0)
(0.330725 -0.504458 0)
(0.364601 -0.504458 0)
(0.398467 -0.504459 0)
(0.432321 -0.504459 0)
(0.466164 -0.504459 0)
(0.5 -0.504459 0)
(0.5 0.505614 0)
(0.466161 0.505614 0)
(0.432314 0.505614 0)
(0.398457 0.505613 0)
(0.364588 0.505613 0)
(0.330708 0.505612 0)
(0.296817 0.505611 0)
(0.262912 0.505609 0)
(0.228991 0.505608 0)
(0.195052 0.505605 0)
(0.161093 0.505603 0)
(0.12711 0.5056 0)
(0.0931015 0.505596 0)
(0.0590641 0.505591 0)
(0.0249955 0.505586 0)
(-0.00910626 0.505579 0)
(-0.0432428 0.505571 0)
(-0.0774146 0.505561 0)
(-0.111621 0.505549 0)
(-0.145859 0.505535 0)
(-0.180123 0.505518 0)
(-0.214404 0.505498 0)
(-0.248687 0.505473 0)
(-0.282952 0.505442 0)
(-0.317164 0.505405 0)
(-0.351274 0.505359 0)
(-0.385201 0.505303 0)
(-0.418813 0.505231 0)
(-0.451883 0.505138 0)
(-0.483987 0.505003 0)
(-0.514164 0.504613 0)
(-0.542169 0.502939 0)
(-0.569099 0.499883 0)
(-0.595279 0.495511 0)
(-0.620858 0.489865 0)
(-0.645905 0.482968 0)
(-0.670444 0.474842 0)
(-0.694466 0.465502 0)
(-0.717944 0.454969 0)
(-0.740838 0.443264 0)
(-0.763103 0.430413 0)
(-0.784687 0.416444 0)
(-0.805538 0.40139 0)
(-0.825601 0.385288 0)
(-0.844827 0.368177 0)
(-0.863162 0.350102 0)
(-0.880558 0.331106 0)
(-0.896966 0.311242 0)
(-0.912345 0.290559 0)
(-0.926651 0.269112 0)
(-0.939845 0.246957 0)
(-0.951893 0.22415 0)
(-0.96276 0.200756 0)
(-0.972419 0.176833 0)
(-0.980844 0.152443 0)
(-0.98801 0.127655 0)
(-0.9939 0.10253 0)
(-0.998498 0.0771303 0)
(-1.00179 0.0515358 0)
(-1.00377 0.0258054 0)
(-1.00443 8.71937e-08 0)
(-1.00377 -0.0258046 0)
(-1.00179 -0.0515347 0)
(-0.998498 -0.0771292 0)
(-0.9939 -0.102528 0)
(-0.98801 -0.127654 0)
(-0.980844 -0.152442 0)
(-0.97242 -0.176832 0)
(-0.962761 -0.200756 0)
(-0.951893 -0.22415 0)
(-0.939845 -0.246956 0)
(-0.926651 -0.269111 0)
(-0.912345 -0.290559 0)
(-0.896967 -0.311242 0)
(-0.880558 -0.331106 0)
(-0.863162 -0.350102 0)
(-0.844827 -0.368177 0)
(-0.825602 -0.385288 0)
(-0.805538 -0.40139 0)
(-0.784687 -0.416444 0)
(-0.763103 -0.430413 0)
(-0.740838 -0.443264 0)
(-0.717944 -0.454969 0)
(-0.694466 -0.465502 0)
(-0.670444 -0.474842 0)
(-0.645906 -0.482968 0)
(-0.620858 -0.489865 0)
(-0.595279 -0.495511 0)
(-0.569099 -0.499883 0)
(-0.542169 -0.502939 0)
(-0.514164 -0.504613 0)
(-0.483987 -0.505003 0)
(-0.451883 -0.505138 0)
(-0.418813 -0.505231 0)
(-0.385201 -0.505303 0)
(-0.351274 -0.505359 0)
(-0.317164 -0.505405 0)
(-0.282952 -0.505442 0)
(-0.248687 -0.505473 0)
(-0.214404 -0.505498 0)
(-0.180123 -0.505518 0)
(-0.145859 -0.505535 0)
(-0.111621 -0.505549 0)
(-0.0774146 -0.505561 0)
(-0.0432428 -0.505571 0)
(-0.00910627 -0.505579 0)
(0.0249955 -0.505586 0)
(0.0590641 -0.505591 0)
(0.0931015 -0.505596 0)
(0.12711 -0.5056 0)
(0.161093 -0.505603 0)
(0.195052 -0.505605 0)
(0.228991 -0.505608 0)
(0.262912 -0.505609 0)
(0.296817 -0.505611 0)
(0.330708 -0.505612 0)
(0.364588 -0.505613 0)
(0.398457 -0.505613 0)
(0.432314 -0.505614 0)
(0.466161 -0.505614 0)
(0.5 -0.505614 0)
(0.5 0.507012 0)
(0.466157 0.507012 0)
(0.432306 0.507012 0)
(0.398444 0.507011 0)
(0.364572 0.50701 0)
(0.330688 0.507009 0)
(0.296792 0.507008 0)
(0.262883 0.507006 0)
(0.228957 0.507004 0)
(0.195014 0.507001 0)
(0.16105 0.506998 0)
(0.127062 0.506994 0)
(0.0930472 0.506989 0)
(0.0590039 0.506983 0)
(0.0249292 0.506976 0)
(-0.00917903 0.506968 0)
(-0.0433223 0.506958 0)
(-0.0775012 0.506946 0)
(-0.111715 0.506931 0)
(-0.145961 0.506913 0)
(-0.180233 0.506892 0)
(-0.214522 0.506866 0)
(-0.248814 0.506835 0)
(-0.283086 0.506797 0)
(-0.317306 0.506751 0)
(-0.351423 0.506694 0)
(-0.385355 0.506623 0)
(-0.418971 0.506533 0)
(-0.452041 0.506416 0)
(-0.484141 0.506248 0)
(-0.514336 0.505809 0)
(-0.542392 0.504097 0)
(-0.569373 0.501013 0)
(-0.595602 0.496615 0)
(-0.62123 0.490943 0)
(-0.646324 0.484022 0)
(-0.670908 0.47587 0)
(-0.694974 0.466504 0)
(-0.718495 0.455944 0)
(-0.741432 0.44421 0)
(-0.763738 0.431329 0)
(-0.785362 0.417328 0)
(-0.806252 0.402241 0)
(-0.826354 0.386104 0)
(-0.845616 0.368956 0)
(-0.863986 0.350842 0)
(-0.881416 0.331806 0)
(-0.897857 0.3119 0)
(-0.913266 0.291173 0)
(-0.9276 0.269681 0)
(-0.94082 0.247479 0)
(-0.952892 0.224624 0)
(-0.963781 0.201181 0)
(-0.97346 0.177207 0)
(-0.981901 0.152765 0)
(-0.989082 0.127925 0)
(-0.994984 0.102746 0)
(-0.999591 0.0772937 0)
(-1.00289 0.0516448 0)
(-1.00487 0.0258599 0)
(-1.00553 1.07694e-07 0)
(-1.00487 -0.025859 0)
(-1.00289 -0.0516438 0)
(-0.999591 -0.0772926 0)
(-0.994984 -0.102745 0)
(-0.989082 -0.127924 0)
(-0.981902 -0.152764 0)
(-0.97346 -0.177206 0)
(-0.963782 -0.20118 0)
(-0.952893 -0.224624 0)
(-0.94082 -0.247478 0)
(-0.9276 -0.26968 0)
(-0.913266 -0.291173 0)
(-0.897857 -0.3119 0)
(-0.881416 -0.331806 0)
(-0.863986 -0.350842 0)
(-0.845616 -0.368956 0)
(-0.826354 -0.386104 0)
(-0.806252 -0.402241 0)
(-0.785362 -0.417328 0)
(-0.763738 -0.431329 0)
(-0.741432 -0.44421 0)
(-0.718495 -0.455944 0)
(-0.694974 -0.466504 0)
(-0.670908 -0.47587 0)
(-0.646324 -0.484022 0)
(-0.62123 -0.490943 0)
(-0.595602 -0.496615 0)
(-0.569373 -0.501013 0)
(-0.542392 -0.504097 0)
(-0.514336 -0.505809 0)
(-0.484141 -0.506248 0)
(-0.452041 -0.506416 0)
(-0.418971 -0.506533 0)
(-0.385355 -0.506623 0)
(-0.351423 -0.506694 0)
(-0.317306 -0.506751 0)
(-0.283086 -0.506797 0)
(-0.248814 -0.506835 0)
(-0.214522 -0.506866 0)
(-0.180233 -0.506892 0)
(-0.145961 -0.506913 0)
(-0.111715 -0.506931 0)
(-0.0775012 -0.506946 0)
(-0.0433223 -0.506958 0)
(-0.00917903 -0.506968 0)
(0.0249292 -0.506976 0)
(0.0590039 -0.506983 0)
(0.0930472 -0.506989 0)
(0.127062 -0.506994 0)
(0.16105 -0.506998 0)
(0.195014 -0.507001 0)
(0.228957 -0.507004 0)
(0.262883 -0.507006 0)
(0.296792 -0.507008 0)
(0.330688 -0.507009 0)
(0.364572 -0.50701 0)
(0.398444 -0.507011 0)
(0.432306 -0.507012 0)
(0.466157 -0.507012 0)
(0.5 -0.507012 0)
(0.5 0.508699 0)
(0.466152 0.508699 0)
(0.432296 0.508699 0)
(0.39843 0.508698 0)
(0.364552 0.508697 0)
(0.330663 0.508696 0)
(0.296762 0.508694 0)
(0.262847 0.508692 0)
(0.228917 0.508689 0)
(0.194967 0.508686 0)
(0.160997 0.508682 0)
(0.127003 0.508677 0)
(0.0929815 0.508671 0)
(0.0589312 0.508664 0)
(0.0248491 0.508655 0)
(-0.00926691 0.508645 0)
(-0.0434184 0.508632 0)
(-0.0776059 0.508617 0)
(-0.111829 0.508599 0)
(-0.146084 0.508577 0)
(-0.180365 0.508551 0)
(-0.214664 0.508519 0)
(-0.248966 0.50848 0)
(-0.283248 0.508433 0)
(-0.317478 0.508375 0)
(-0.351603 0.508304 0)
(-0.385542 0.508216 0)
(-0.419162 0.508105 0)
(-0.452232 0.50796 0)
(-0.484329 0.507752 0)
(-0.514545 0.507253 0)
(-0.542663 0.505497 0)
(-0.569705 0.502378 0)
(-0.595994 0.497948 0)
(-0.621679 0.492246 0)
(-0.64683 0.485295 0)
(-0.671468 0.477112 0)
(-0.695588 0.467715 0)
(-0.719161 0.457121 0)
(-0.742149 0.445353 0)
(-0.764505 0.432435 0)
(-0.786178 0.418397 0)
(-0.807115 0.403269 0)
(-0.827263 0.38709 0)
(-0.84657 0.369897 0)
(-0.864983 0.351737 0)
(-0.882453 0.332652 0)
(-0.898933 0.312695 0)
(-0.914378 0.291915 0)
(-0.928746 0.270368 0)
(-0.941998 0.24811 0)
(-0.9541 0.225197 0)
(-0.965015 0.201694 0)
(-0.974717 0.177659 0)
(-0.983179 0.153155 0)
(-0.990377 0.128251 0)
(-0.996293 0.103009 0)
(-1.00091 0.0774911 0)
(-1.00422 0.0517767 0)
(-1.00621 0.0259258 0)
(-1.00687 1.31871e-07 0)
(-1.00621 -0.0259249 0)
(-1.00422 -0.0517756 0)
(-1.00091 -0.07749 0)
(-0.996294 -0.103007 0)
(-0.990377 -0.12825 0)
(-0.983179 -0.153154 0)
(-0.974717 -0.177658 0)
(-0.965015 -0.201693 0)
(-0.9541 -0.225196 0)
(-0.941999 -0.248109 0)
(-0.928746 -0.270368 0)
(-0.914378 -0.291915 0)
(-0.898933 -0.312695 0)
(-0.882454 -0.332652 0)
(-0.864983 -0.351736 0)
(-0.84657 -0.369897 0)
(-0.827263 -0.38709 0)
(-0.807116 -0.403269 0)
(-0.786178 -0.418396 0)
(-0.764505 -0.432435 0)
(-0.742149 -0.445353 0)
(-0.719161 -0.457121 0)
(-0.695588 -0.467714 0)
(-0.671468 -0.477112 0)
(-0.64683 -0.485295 0)
(-0.621679 -0.492246 0)
(-0.595994 -0.497948 0)
(-0.569706 -0.502378 0)
(-0.542663 -0.505497 0)
(-0.514545 -0.507253 0)
(-0.484329 -0.507752 0)
(-0.452232 -0.50796 0)
(-0.419162 -0.508105 0)
(-0.385542 -0.508216 0)
(-0.351603 -0.508304 0)
(-0.317478 -0.508375 0)
(-0.283248 -0.508433 0)
(-0.248966 -0.50848 0)
(-0.214664 -0.508519 0)
(-0.180365 -0.508551 0)
(-0.146084 -0.508577 0)
(-0.111829 -0.508599 0)
(-0.0776059 -0.508617 0)
(-0.0434184 -0.508632 0)
(-0.00926692 -0.508645 0)
(0.0248491 -0.508655 0)
(0.0589312 -0.508664 0)
(0.0929815 -0.508671 0)
(0.127003 -0.508677 0)
(0.160997 -0.508682 0)
(0.194967 -0.508686 0)
(0.228917 -0.508689 0)
(0.262847 -0.508692 0)
(0.296762 -0.508694 0)
(0.330663 -0.508696 0)
(0.364552 -0.508697 0)
(0.39843 -0.508698 0)
(0.432296 -0.508699 0)
(0.466152 -0.508699 0)
(0.5 -0.508699 0)
(0.5 0.51073 0)
(0.466146 0.51073 0)
(0.432284 0.510729 0)
(0.398412 0.510729 0)
(0.364528 0.510727 0)
(0.330633 0.510726 0)
(0.296726 0.510724 0)
(0.262805 0.510721 0)
(0.228868 0.510718 0)
(0.194911 0.510713 0)
(0.160934 0.510708 0)
(0.126932 0.510702 0)
(0.0929025 0.510695 0)
(0.0588437 0.510686 0)
(0.0247527 0.510675 0)
(-0.00937271 0.510663 0)
(-0.043534 0.510647 0)
(-0.0777319 0.510629 0)
(-0.111965 0.510606 0)
(-0.146232 0.510579 0)
(-0.180525 0.510547 0)
(-0.214836 0.510507 0)
(-0.24915 0.510459 0)
(-0.283444 0.510401 0)
(-0.317685 0.51033 0)
(-0.35182 0.510242 0)
(-0.385768 0.510134 0)
(-0.419392 0.509996 0)
(-0.452463 0.509817 0)
(-0.484557 0.509561 0)
(-0.5148 0.508992 0)
(-0.542991 0.507183 0)
(-0.570107 0.504021 0)
(-0.596467 0.499554 0)
(-0.622222 0.493815 0)
(-0.647439 0.486828 0)
(-0.672144 0.478608 0)
(-0.696328 0.469172 0)
(-0.719964 0.458539 0)
(-0.743013 0.44673 0)
(-0.765429 0.433768 0)
(-0.787161 0.419683 0)
(-0.808155 0.404507 0)
(-0.828358 0.388277 0)
(-0.847719 0.371031 0)
(-0.866183 0.352814 0)
(-0.883703 0.333671 0)
(-0.900229 0.313653 0)
(-0.915718 0.292809 0)
(-0.930127 0.271196 0)
(-0.943418 0.24887 0)
(-0.955554 0.225887 0)
(-0.966501 0.202312 0)
(-0.976231 0.178204 0)
(-0.984718 0.153624 0)
(-0.991937 0.128644 0)
(-0.997871 0.103324 0)
(-1.0025 0.0777289 0)
(-1.00582 0.0519354 0)
(-1.00781 0.0260051 0)
(-1.00848 1.60173e-07 0)
(-1.00781 -0.0260042 0)
(-1.00582 -0.0519343 0)
(-1.0025 -0.0777277 0)
(-0.997871 -0.103323 0)
(-0.991938 -0.128643 0)
(-0.984718 -0.153623 0)
(-0.976231 -0.178203 0)
(-0.966501 -0.202311 0)
(-0.955554 -0.225886 0)
(-0.943418 -0.248869 0)
(-0.930128 -0.271195 0)
(-0.915718 -0.292809 0)
(-0.900229 -0.313652 0)
(-0.883703 -0.33367 0)
(-0.866183 -0.352814 0)
(-0.847719 -0.371031 0)
(-0.828359 -0.388277 0)
(-0.808155 -0.404507 0)
(-0.787161 -0.419683 0)
(-0.765429 -0.433768 0)
(-0.743013 -0.44673 0)
(-0.719964 -0.458539 0)
(-0.696328 -0.469172 0)
(-0.672144 -0.478608 0)
(-0.647439 -0.486828 0)
(-0.622222 -0.493815 0)
(-0.596467 -0.499554 0)
(-0.570107 -0.504021 0)
(-0.542991 -0.507183 0)
(-0.5148 -0.508992 0)
(-0.484557 -0.509561 0)
(-0.452463 -0.509817 0)
(-0.419392 -0.509996 0)
(-0.385768 -0.510134 0)
(-0.35182 -0.510242 0)
(-0.317685 -0.51033 0)
(-0.283444 -0.510401 0)
(-0.24915 -0.510459 0)
(-0.214836 -0.510507 0)
(-0.180525 -0.510547 0)
(-0.146232 -0.510579 0)
(-0.111965 -0.510606 0)
(-0.0777319 -0.510629 0)
(-0.043534 -0.510647 0)
(-0.00937271 -0.510663 0)
(0.0247527 -0.510675 0)
(0.0588437 -0.510686 0)
(0.0929025 -0.510695 0)
(0.126932 -0.510702 0)
(0.160934 -0.510708 0)
(0.194911 -0.510713 0)
(0.228868 -0.510718 0)
(0.262805 -0.510721 0)
(0.296726 -0.510724 0)
(0.330633 -0.510726 0)
(0.364528 -0.510727 0)
(0.398412 -0.510729 0)
(0.432284 -0.510729 0)
(0.466146 -0.51073 0)
(0.5 -0.51073 0)
(0.5 0.513163 0)
(0.466138 0.513163 0)
(0.43227 0.513163 0)
(0.398391 0.513162 0)
(0.3645 0.51316 0)
(0.330598 0.513158 0)
(0.296683 0.513156 0)
(0.262755 0.513152 0)
(0.228809 0.513148 0)
(0.194844 0.513143 0)
(0.160858 0.513137 0)
(0.126847 0.51313 0)
(0.0928078 0.513121 0)
(0.0587389 0.51311 0)
(0.0246371 0.513097 0)
(-0.00949954 0.513081 0)
(-0.0436727 0.513062 0)
(-0.0778829 0.513039 0)
(-0.112129 0.513012 0)
(-0.146409 0.512979 0)
(-0.180716 0.512938 0)
(-0.215042 0.51289 0)
(-0.24937 0.512831 0)
(-0.283678 0.51276 0)
(-0.317933 0.512672 0)
(-0.352081 0.512565 0)
(-0.386038 0.512431 0)
(-0.41967 0.512263 0)
(-0.452742 0.512043 0)
(-0.484833 0.511728 0)
(-0.51511 0.511077 0)
(-0.543387 0.509206 0)
(-0.57059 0.505994 0)
(-0.597036 0.501481 0)
(-0.622873 0.495698 0)
(-0.648172 0.488667 0)
(-0.672955 0.480403 0)
(-0.697216 0.470922 0)
(-0.720927 0.460241 0)
(-0.744051 0.448382 0)
(-0.766539 0.435368 0)
(-0.788341 0.421228 0)
(-0.809404 0.405993 0)
(-0.829673 0.389702 0)
(-0.849097 0.372391 0)
(-0.867623 0.354107 0)
(-0.885202 0.334893 0)
(-0.901784 0.314801 0)
(-0.917326 0.293882 0)
(-0.931785 0.272189 0)
(-0.945121 0.249781 0)
(-0.957299 0.226715 0)
(-0.968284 0.203053 0)
(-0.978048 0.178857 0)
(-0.986565 0.154188 0)
(-0.99381 0.129116 0)
(-0.999764 0.103703 0)
(-1.00441 0.0780142 0)
(-1.00774 0.0521259 0)
(-1.00974 0.0261003 0)
(-1.01041 1.93032e-07 0)
(-1.00974 -0.0260994 0)
(-1.00774 -0.0521249 0)
(-1.00441 -0.078013 0)
(-0.999764 -0.103702 0)
(-0.99381 -0.129115 0)
(-0.986565 -0.154187 0)
(-0.978049 -0.178856 0)
(-0.968285 -0.203053 0)
(-0.957299 -0.226714 0)
(-0.945121 -0.249781 0)
(-0.931785 -0.272189 0)
(-0.917326 -0.293881 0)
(-0.901784 -0.314801 0)
(-0.885202 -0.334893 0)
(-0.867623 -0.354107 0)
(-0.849098 -0.372391 0)
(-0.829673 -0.389702 0)
(-0.809404 -0.405993 0)
(-0.788341 -0.421228 0)
(-0.766539 -0.435368 0)
(-0.744051 -0.448382 0)
(-0.720928 -0.460241 0)
(-0.697216 -0.470922 0)
(-0.672955 -0.480403 0)
(-0.648172 -0.488667 0)
(-0.622873 -0.495698 0)
(-0.597036 -0.501481 0)
(-0.57059 -0.505994 0)
(-0.543388 -0.509206 0)
(-0.51511 -0.511077 0)
(-0.484833 -0.511728 0)
(-0.452742 -0.512043 0)
(-0.41967 -0.512263 0)
(-0.386038 -0.512431 0)
(-0.352081 -0.512565 0)
(-0.317933 -0.512672 0)
(-0.283678 -0.51276 0)
(-0.24937 -0.512831 0)
(-0.215042 -0.51289 0)
(-0.180716 -0.512938 0)
(-0.146409 -0.512979 0)
(-0.112129 -0.513012 0)
(-0.0778829 -0.513039 0)
(-0.0436727 -0.513062 0)
(-0.00949955 -0.513081 0)
(0.0246371 -0.513097 0)
(0.0587389 -0.51311 0)
(0.0928078 -0.513121 0)
(0.126847 -0.51313 0)
(0.160858 -0.513137 0)
(0.194844 -0.513143 0)
(0.228809 -0.513148 0)
(0.262755 -0.513152 0)
(0.296683 -0.513156 0)
(0.330598 -0.513158 0)
(0.3645 -0.51316 0)
(0.398391 -0.513162 0)
(0.43227 -0.513163 0)
(0.466138 -0.513163 0)
(0.5 -0.513163 0)
(0.5 0.516067 0)
(0.46613 0.516067 0)
(0.432253 0.516066 0)
(0.398365 0.516065 0)
(0.364466 0.516063 0)
(0.330556 0.516061 0)
(0.296632 0.516057 0)
(0.262694 0.516053 0)
(0.228739 0.516048 0)
(0.194764 0.516042 0)
(0.160767 0.516035 0)
(0.126745 0.516025 0)
(0.0926948 0.516014 0)
(0.0586137 0.516001 0)
(0.0244992 0.515985 0)
(-0.0096509 0.515966 0)
(-0.0438382 0.515943 0)
(-0.0780632 0.515915 0)
(-0.112325 0.515881 0)
(-0.146621 0.515841 0)
(-0.180945 0.515792 0)
(-0.215287 0.515733 0)
(-0.249633 0.515661 0)
(-0.283958 0.515573 0)
(-0.31823 0.515467 0)
(-0.352392 0.515335 0)
(-0.386363 0.515172 0)
(-0.420002 0.514966 0)
(-0.453077 0.514697 0)
(-0.485168 0.514314 0)
(-0.515485 0.513567 0)
(-0.543864 0.511622 0)
(-0.57117 0.50835 0)
(-0.597717 0.503783 0)
(-0.623653 0.497948 0)
(-0.649048 0.490864 0)
(-0.673925 0.482547 0)
(-0.698278 0.473012 0)
(-0.722079 0.462274 0)
(-0.74529 0.450355 0)
(-0.767865 0.437279 0)
(-0.789751 0.423073 0)
(-0.810895 0.407769 0)
(-0.831244 0.391404 0)
(-0.850745 0.374017 0)
(-0.869345 0.355652 0)
(-0.886994 0.336354 0)
(-0.903643 0.316174 0)
(-0.919248 0.295163 0)
(-0.933765 0.273376 0)
(-0.947156 0.250871 0)
(-0.959385 0.227704 0)
(-0.970415 0.203939 0)
(-0.98022 0.179637 0)
(-0.988772 0.154861 0)
(-0.996047 0.12968 0)
(-1.00203 0.104156 0)
(-1.00669 0.0783551 0)
(-1.01004 0.0523536 0)
(-1.01205 0.0262141 0)
(-1.01272 2.30847e-07 0)
(-1.01205 -0.0262132 0)
(-1.01004 -0.0523525 0)
(-1.00669 -0.0783539 0)
(-1.00203 -0.104155 0)
(-0.996047 -0.129678 0)
(-0.988772 -0.15486 0)
(-0.98022 -0.179636 0)
(-0.970416 -0.203938 0)
(-0.959385 -0.227703 0)
(-0.947157 -0.25087 0)
(-0.933766 -0.273376 0)
(-0.919248 -0.295163 0)
(-0.903643 -0.316174 0)
(-0.886994 -0.336353 0)
(-0.869345 -0.355651 0)
(-0.850745 -0.374017 0)
(-0.831244 -0.391404 0)
(-0.810896 -0.407769 0)
(-0.789751 -0.423072 0)
(-0.767865 -0.437279 0)
(-0.745291 -0.450355 0)
(-0.72208 -0.462274 0)
(-0.698278 -0.473012 0)
(-0.673925 -0.482547 0)
(-0.649048 -0.490864 0)
(-0.623653 -0.497948 0)
(-0.597717 -0.503783 0)
(-0.57117 -0.50835 0)
(-0.543864 -0.511622 0)
(-0.515485 -0.513567 0)
(-0.485168 -0.514314 0)
(-0.453077 -0.514697 0)
(-0.420002 -0.514966 0)
(-0.386363 -0.515172 0)
(-0.352393 -0.515335 0)
(-0.31823 -0.515467 0)
(-0.283959 -0.515573 0)
(-0.249633 -0.515661 0)
(-0.215287 -0.515733 0)
(-0.180945 -0.515792 0)
(-0.146621 -0.515841 0)
(-0.112325 -0.515881 0)
(-0.0780632 -0.515915 0)
(-0.0438382 -0.515943 0)
(-0.00965091 -0.515966 0)
(0.0244992 -0.515985 0)
(0.0586137 -0.516001 0)
(0.0926948 -0.516014 0)
(0.126745 -0.516025 0)
(0.160767 -0.516035 0)
(0.194764 -0.516042 0)
(0.228739 -0.516048 0)
(0.262694 -0.516053 0)
(0.296632 -0.516057 0)
(0.330556 -0.516061 0)
(0.364466 -0.516063 0)
(0.398365 -0.516065 0)
(0.432253 -0.516066 0)
(0.46613 -0.516067 0)
(0.5 -0.516067 0)
(0.5 0.519512 0)
(0.46612 0.519512 0)
(0.432233 0.519511 0)
(0.398335 0.51951 0)
(0.364426 0.519507 0)
(0.330505 0.519504 0)
(0.296571 0.519501 0)
(0.262622 0.519496 0)
(0.228656 0.519489 0)
(0.19467 0.519482 0)
(0.16066 0.519473 0)
(0.126625 0.519462 0)
(0.0925607 0.519448 0)
(0.0584652 0.519432 0)
(0.0243355 0.519413 0)
(-0.00983056 0.519389 0)
(-0.0440346 0.519361 0)
(-0.0782772 0.519327 0)
(-0.112558 0.519287 0)
(-0.146873 0.519237 0)
(-0.181216 0.519178 0)
(-0.215579 0.519106 0)
(-0.249945 0.519019 0)
(-0.284292 0.518912 0)
(-0.318582 0.518782 0)
(-0.352763 0.518623 0)
(-0.386748 0.518424 0)
(-0.420398 0.518173 0)
(-0.453478 0.517847 0)
(-0.485572 0.517383 0)
(-0.515939 0.516525 0)
(-0.544436 0.514493 0)
(-0.571863 0.51115 0)
(-0.598529 0.506519 0)
(-0.624582 0.500622 0)
(-0.650091 0.493476 0)
(-0.67508 0.485097 0)
(-0.699541 0.475496 0)
(-0.72345 0.464691 0)
(-0.746765 0.452701 0)
(-0.769442 0.43955 0)
(-0.791427 0.425266 0)
(-0.812669 0.409879 0)
(-0.833112 0.393427 0)
(-0.852704 0.375949 0)
(-0.871391 0.357488 0)
(-0.889124 0.33809 0)
(-0.905852 0.317806 0)
(-0.921532 0.296687 0)
(-0.93612 0.274788 0)
(-0.949576 0.252166 0)
(-0.961864 0.22888 0)
(-0.972949 0.204992 0)
(-0.982802 0.180565 0)
(-0.991396 0.155661 0)
(-0.998707 0.13035 0)
(-1.00472 0.104694 0)
(-1.00941 0.0787603 0)
(-1.01277 0.0526242 0)
(-1.01479 0.0263494 0)
(-1.01546 2.73954e-07 0)
(-1.01479 -0.0263484 0)
(-1.01277 -0.0526231 0)
(-1.00941 -0.0787591 0)
(-1.00472 -0.104693 0)
(-0.998707 -0.130348 0)
(-0.991397 -0.15566 0)
(-0.982802 -0.180564 0)
(-0.97295 -0.204992 0)
(-0.961865 -0.228879 0)
(-0.949577 -0.252165 0)
(-0.936121 -0.274787 0)
(-0.921533 -0.296686 0)
(-0.905853 -0.317806 0)
(-0.889124 -0.33809 0)
(-0.871392 -0.357488 0)
(-0.852705 -0.375949 0)
(-0.833113 -0.393427 0)
(-0.812669 -0.409879 0)
(-0.791428 -0.425266 0)
(-0.769442 -0.43955 0)
(-0.746765 -0.452701 0)
(-0.72345 -0.464691 0)
(-0.699542 -0.475496 0)
(-0.67508 -0.485097 0)
(-0.650091 -0.493476 0)
(-0.624582 -0.500622 0)
(-0.598529 -0.506519 0)
(-0.571863 -0.51115 0)
(-0.544436 -0.514493 0)
(-0.515939 -0.516525 0)
(-0.485572 -0.517383 0)
(-0.453478 -0.517847 0)
(-0.420398 -0.518173 0)
(-0.386749 -0.518424 0)
(-0.352763 -0.518623 0)
(-0.318582 -0.518782 0)
(-0.284292 -0.518912 0)
(-0.249945 -0.519019 0)
(-0.215579 -0.519106 0)
(-0.181216 -0.519178 0)
(-0.146873 -0.519237 0)
(-0.112558 -0.519287 0)
(-0.0782773 -0.519327 0)
(-0.0440346 -0.519361 0)
(-0.00983057 -0.519389 0)
(0.0243355 -0.519413 0)
(0.0584652 -0.519432 0)
(0.0925607 -0.519448 0)
(0.126625 -0.519462 0)
(0.16066 -0.519473 0)
(0.194669 -0.519482 0)
(0.228656 -0.519489 0)
(0.262622 -0.519496 0)
(0.296571 -0.519501 0)
(0.330505 -0.519504 0)
(0.364426 -0.519507 0)
(0.398335 -0.51951 0)
(0.432233 -0.519511 0)
(0.46612 -0.519512 0)
(0.5 -0.519512 0)
(0.5 0.523575 0)
(0.466108 0.523575 0)
(0.432209 0.523574 0)
(0.3983 0.523573 0)
(0.364379 0.52357 0)
(0.330446 0.523566 0)
(0.2965 0.523562 0)
(0.262538 0.523556 0)
(0.228558 0.523548 0)
(0.194558 0.523539 0)
(0.160533 0.523528 0)
(0.126483 0.523515 0)
(0.0924026 0.523499 0)
(0.05829 0.523479 0)
(0.0241424 0.523456 0)
(-0.0100425 0.523427 0)
(-0.0442664 0.523393 0)
(-0.0785298 0.523352 0)
(-0.112832 0.523303 0)
(-0.14717 0.523243 0)
(-0.181537 0.523172 0)
(-0.215924 0.523084 0)
(-0.250314 0.522979 0)
(-0.284685 0.52285 0)
(-0.318999 0.522693 0)
(-0.353202 0.5225 0)
(-0.387206 0.522259 0)
(-0.420869 0.521956 0)
(-0.453956 0.521561 0)
(-0.486058 0.521003 0)
(-0.516486 0.520019 0)
(-0.545118 0.517885 0)
(-0.572686 0.514459 0)
(-0.599492 0.509751 0)
(-0.625682 0.503781 0)
(-0.651325 0.496563 0)
(-0.676446 0.488109 0)
(-0.701036 0.478432 0)
(-0.72507 0.467548 0)
(-0.748509 0.455474 0)
(-0.771306 0.442235 0)
(-0.79341 0.427858 0)
(-0.814767 0.412374 0)
(-0.835321 0.395819 0)
(-0.855021 0.378233 0)
(-0.873811 0.359659 0)
(-0.891642 0.340142 0)
(-0.908465 0.319735 0)
(-0.924233 0.298487 0)
(-0.938904 0.276455 0)
(-0.952437 0.253697 0)
(-0.964795 0.230269 0)
(-0.975944 0.206237 0)
(-0.985854 0.181662 0)
(-0.994498 0.156607 0)
(-1.00185 0.131142 0)
(-1.0079 0.10533 0)
(-1.01261 0.0792393 0)
(-1.01599 0.0529441 0)
(-1.01802 0.0265094 0)
(-1.0187 3.22605e-07 0)
(-1.01802 -0.0265083 0)
(-1.01599 -0.0529429 0)
(-1.01261 -0.079238 0)
(-1.0079 -0.105329 0)
(-1.00185 -0.13114 0)
(-0.994498 -0.156606 0)
(-0.985854 -0.181661 0)
(-0.975945 -0.206236 0)
(-0.964796 -0.230269 0)
(-0.952437 -0.253696 0)
(-0.938905 -0.276455 0)
(-0.924234 -0.298487 0)
(-0.908465 -0.319734 0)
(-0.891643 -0.340142 0)
(-0.873811 -0.359658 0)
(-0.855021 -0.378232 0)
(-0.835321 -0.395819 0)
(-0.814767 -0.412374 0)
(-0.79341 -0.427858 0)
(-0.771307 -0.442235 0)
(-0.748509 -0.455474 0)
(-0.72507 -0.467548 0)
(-0.701036 -0.478432 0)
(-0.676446 -0.488109 0)
(-0.651325 -0.496563 0)
(-0.625682 -0.503781 0)
(-0.599492 -0.509751 0)
(-0.572686 -0.514459 0)
(-0.545118 -0.517885 0)
(-0.516486 -0.520019 0)
(-0.486058 -0.521003 0)
(-0.453956 -0.521561 0)
(-0.420869 -0.521956 0)
(-0.387206 -0.522259 0)
(-0.353202 -0.5225 0)
(-0.319 -0.522693 0)
(-0.284685 -0.52285 0)
(-0.250314 -0.522979 0)
(-0.215924 -0.523084 0)
(-0.181537 -0.523172 0)
(-0.14717 -0.523243 0)
(-0.112832 -0.523303 0)
(-0.0785298 -0.523352 0)
(-0.0442664 -0.523393 0)
(-0.0100425 -0.523427 0)
(0.0241424 -0.523456 0)
(0.05829 -0.523479 0)
(0.0924026 -0.523499 0)
(0.126483 -0.523515 0)
(0.160533 -0.523528 0)
(0.194558 -0.523539 0)
(0.228558 -0.523548 0)
(0.262538 -0.523556 0)
(0.2965 -0.523562 0)
(0.330446 -0.523566 0)
(0.364379 -0.52357 0)
(0.3983 -0.523573 0)
(0.432209 -0.523574 0)
(0.466108 -0.523575 0)
(0.5 -0.523575 0)
(0.5 0.528335 0)
(0.466094 0.528335 0)
(0.432181 0.528334 0)
(0.398258 0.528332 0)
(0.364324 0.528329 0)
(0.330377 0.528324 0)
(0.296416 0.528319 0)
(0.262439 0.528312 0)
(0.228443 0.528303 0)
(0.194426 0.528292 0)
(0.160385 0.528278 0)
(0.126316 0.528262 0)
(0.0922173 0.528243 0)
(0.0580848 0.528219 0)
(0.0239162 0.528191 0)
(-0.0102908 0.528157 0)
(-0.0445379 0.528116 0)
(-0.0788257 0.528067 0)
(-0.113153 0.528008 0)
(-0.147518 0.527936 0)
(-0.181913 0.527849 0)
(-0.216328 0.527745 0)
(-0.250747 0.527617 0)
(-0.285147 0.527463 0)
(-0.319489 0.527273 0)
(-0.353718 0.52704 0)
(-0.387744 0.526751 0)
(-0.421424 0.526386 0)
(-0.454522 0.525911 0)
(-0.486638 0.525244 0)
(-0.51714 0.524117 0)
(-0.545927 0.521866 0)
(-0.573659 0.518343 0)
(-0.600627 0.513546 0)
(-0.626977 0.507491 0)
(-0.652778 0.500187 0)
(-0.678052 0.491647 0)
(-0.702793 0.48188 0)
(-0.726975 0.470901 0)
(-0.750558 0.45873 0)
(-0.773497 0.445388 0)
(-0.795739 0.430901 0)
(-0.81723 0.415303 0)
(-0.837916 0.398627 0)
(-0.857741 0.380914 0)
(-0.876653 0.362207 0)
(-0.8946 0.342552 0)
(-0.911533 0.322 0)
(-0.927406 0.300602 0)
(-0.942174 0.278414 0)
(-0.955797 0.255494 0)
(-0.968238 0.231901 0)
(-0.979462 0.207699 0)
(-0.989438 0.18295 0)
(-0.998141 0.157717 0)
(-1.00554 0.132072 0)
(-1.01163 0.106077 0)
(-1.01638 0.0798016 0)
(-1.01978 0.0533197 0)
(-1.02183 0.0266972 0)
(-1.02251 3.76944e-07 0)
(-1.02183 -0.0266961 0)
(-1.01978 -0.0533185 0)
(-1.01638 -0.0798003 0)
(-1.01163 -0.106076 0)
(-1.00554 -0.13207 0)
(-0.998141 -0.157716 0)
(-0.989439 -0.182949 0)
(-0.979462 -0.207698 0)
(-0.968238 -0.2319 0)
(-0.955797 -0.255493 0)
(-0.942174 -0.278413 0)
(-0.927406 -0.300601 0)
(-0.911533 -0.321999 0)
(-0.894601 -0.342552 0)
(-0.876653 -0.362207 0)
(-0.857741 -0.380914 0)
(-0.837916 -0.398627 0)
(-0.817231 -0.415303 0)
(-0.795739 -0.430901 0)
(-0.773497 -0.445387 0)
(-0.750559 -0.45873 0)
(-0.726975 -0.470901 0)
(-0.702793 -0.48188 0)
(-0.678052 -0.491646 0)
(-0.652778 -0.500187 0)
(-0.626978 -0.507491 0)
(-0.600627 -0.513546 0)
(-0.573659 -0.518343 0)
(-0.545927 -0.521866 0)
(-0.51714 -0.524117 0)
(-0.486638 -0.525244 0)
(-0.454522 -0.525911 0)
(-0.421424 -0.526386 0)
(-0.387744 -0.526751 0)
(-0.353718 -0.52704 0)
(-0.319489 -0.527273 0)
(-0.285147 -0.527463 0)
(-0.250747 -0.527617 0)
(-0.216328 -0.527745 0)
(-0.181913 -0.527849 0)
(-0.147518 -0.527936 0)
(-0.113153 -0.528008 0)
(-0.0788257 -0.528067 0)
(-0.0445379 -0.528116 0)
(-0.0102908 -0.528157 0)
(0.0239162 -0.528191 0)
(0.0580848 -0.528219 0)
(0.0922173 -0.528243 0)
(0.126316 -0.528262 0)
(0.160385 -0.528278 0)
(0.194426 -0.528292 0)
(0.228443 -0.528303 0)
(0.262439 -0.528312 0)
(0.296416 -0.528319 0)
(0.330377 -0.528324 0)
(0.364324 -0.528329 0)
(0.398258 -0.528332 0)
(0.432181 -0.528334 0)
(0.466094 -0.528335 0)
(0.5 -0.528335 0)
(0.5 0.533868 0)
(0.466078 0.533868 0)
(0.432149 0.533867 0)
(0.39821 0.533864 0)
(0.364259 0.53386 0)
(0.330296 0.533855 0)
(0.296318 0.533848 0)
(0.262324 0.53384 0)
(0.22831 0.533829 0)
(0.194274 0.533816 0)
(0.160213 0.5338 0)
(0.126123 0.533781 0)
(0.092002 0.533758 0)
(0.0578464 0.53373 0)
(0.0236534 0.533696 0)
(-0.0105794 0.533655 0)
(-0.0448535 0.533606 0)
(-0.0791697 0.533547 0)
(-0.113527 0.533476 0)
(-0.147923 0.53339 0)
(-0.18235 0.533287 0)
(-0.216798 0.533161 0)
(-0.251252 0.533009 0)
(-0.285685 0.532824 0)
(-0.32006 0.532597 0)
(-0.35432 0.532318 0)
(-0.388373 0.531972 0)
(-0.422074 0.531535 0)
(-0.45519 0.530967 0)
(-0.487329 0.530175 0)
(-0.51792 0.528888 0)
(-0.546882 0.526504 0)
(-0.574801 0.522868 0)
(-0.601957 0.517969 0)
(-0.628492 0.511814 0)
(-0.654474 0.504411 0)
(-0.679927 0.495769 0)
(-0.704843 0.485898 0)
(-0.729197 0.474811 0)
(-0.752949 0.462525 0)
(-0.776052 0.449062 0)
(-0.798455 0.434449 0)
(-0.820103 0.418717 0)
(-0.840941 0.401901 0)
(-0.860914 0.38404 0)
(-0.879967 0.365178 0)
(-0.89805 0.345361 0)
(-0.915111 0.32464 0)
(-0.931104 0.303066 0)
(-0.945986 0.280697 0)
(-0.959714 0.257589 0)
(-0.972252 0.233804 0)
(-0.983563 0.209403 0)
(-0.993618 0.184451 0)
(-1.00239 0.159012 0)
(-1.00985 0.133156 0)
(-1.01598 0.106948 0)
(-1.02077 0.0804572 0)
(-1.0242 0.0537576 0)
(-1.02626 0.0269162 0)
(-1.02695 4.37013e-07 0)
(-1.02626 -0.026915 0)
(-1.0242 -0.0537563 0)
(-1.02077 -0.0804558 0)
(-1.01598 -0.106947 0)
(-1.00985 -0.133155 0)
(-1.00239 -0.159011 0)
(-0.993618 -0.18445 0)
(-0.983563 -0.209402 0)
(-0.972252 -0.233803 0)
(-0.959715 -0.257589 0)
(-0.945986 -0.280696 0)
(-0.931105 -0.303066 0)
(-0.915111 -0.324639 0)
(-0.89805 -0.345361 0)
(-0.879967 -0.365178 0)
(-0.860914 -0.38404 0)
(-0.840941 -0.401901 0)
(-0.820104 -0.418717 0)
(-0.798456 -0.434449 0)
(-0.776053 -0.449062 0)
(-0.752949 -0.462525 0)
(-0.729197 -0.47481 0)
(-0.704843 -0.485898 0)
(-0.679927 -0.495769 0)
(-0.654474 -0.504411 0)
(-0.628492 -0.511814 0)
(-0.601957 -0.517969 0)
(-0.574801 -0.522868 0)
(-0.546882 -0.526504 0)
(-0.51792 -0.528888 0)
(-0.487329 -0.530175 0)
(-0.45519 -0.530967 0)
(-0.422075 -0.531535 0)
(-0.388373 -0.531972 0)
(-0.35432 -0.532318 0)
(-0.32006 -0.532597 0)
(-0.285685 -0.532824 0)
(-0.251252 -0.533009 0)
(-0.216798 -0.533161 0)
(-0.18235 -0.533287 0)
(-0.147923 -0.53339 0)
(-0.113527 -0.533476 0)
(-0.0791697 -0.533547 0)
(-0.0448535 -0.533606 0)
(-0.0105794 -0.533655 0)
(0.0236534 -0.533696 0)
(0.0578464 -0.53373 0)
(0.092002 -0.533758 0)
(0.126123 -0.533781 0)
(0.160213 -0.5338 0)
(0.194274 -0.533816 0)
(0.22831 -0.533829 0)
(0.262324 -0.53384 0)
(0.296318 -0.533848 0)
(0.330296 -0.533855 0)
(0.364259 -0.53386 0)
(0.39821 -0.533864 0)
(0.432149 -0.533867 0)
(0.466078 -0.533868 0)
(0.5 -0.533868 0)
(0.5 0.540245 0)
(0.466059 0.540245 0)
(0.432112 0.540243 0)
(0.398155 0.54024 0)
(0.364186 0.540236 0)
(0.330203 0.54023 0)
(0.296206 0.540222 0)
(0.262191 0.540212 0)
(0.228157 0.540199 0)
(0.194099 0.540183 0)
(0.160014 0.540164 0)
(0.125901 0.540142 0)
(0.091754 0.540114 0)
(0.0575716 0.540081 0)
(0.0233505 0.54004 0)
(-0.0109119 0.539992 0)
(-0.0452173 0.539934 0)
(-0.0795663 0.539864 0)
(-0.113958 0.539779 0)
(-0.148389 0.539677 0)
(-0.182854 0.539554 0)
(-0.217341 0.539405 0)
(-0.251834 0.539223 0)
(-0.286307 0.539003 0)
(-0.320721 0.538733 0)
(-0.355017 0.538401 0)
(-0.389102 0.537989 0)
(-0.422832 0.537469 0)
(-0.455971 0.536794 0)
(-0.488145 0.53586 0)
(-0.518843 0.534397 0)
(-0.548 0.531863 0)
(-0.576131 0.528098 0)
(-0.603502 0.523081 0)
(-0.630249 0.516811 0)
(-0.656441 0.509294 0)
(-0.682099 0.500535 0)
(-0.707217 0.490544 0)
(-0.731769 0.47933 0)
(-0.755715 0.466913 0)
(-0.779009 0.453311 0)
(-0.801598 0.438552 0)
(-0.823428 0.422665 0)
(-0.844441 0.405686 0)
(-0.864584 0.387655 0)
(-0.883801 0.368613 0)
(-0.902039 0.348609 0)
(-0.919249 0.327693 0)
(-0.935383 0.305917 0)
(-0.950396 0.283337 0)
(-0.964245 0.260012 0)
(-0.976894 0.236003 0)
(-0.988307 0.211374 0)
(-0.998451 0.186187 0)
(-1.0073 0.160509 0)
(-1.01483 0.13441 0)
(-1.02102 0.107955 0)
(-1.02585 0.0812153 0)
(-1.02931 0.054264 0)
(-1.03139 0.0271695 0)
(-1.03208 5.02781e-07 0)
(-1.03139 -0.0271683 0)
(-1.02931 -0.0542626 0)
(-1.02585 -0.0812138 0)
(-1.02102 -0.107954 0)
(-1.01483 -0.134408 0)
(-1.0073 -0.160508 0)
(-0.998452 -0.186186 0)
(-0.988307 -0.211373 0)
(-0.976895 -0.236002 0)
(-0.964246 -0.260012 0)
(-0.950396 -0.283336 0)
(-0.935383 -0.305916 0)
(-0.91925 -0.327692 0)
(-0.90204 -0.348609 0)
(-0.883801 -0.368613 0)
(-0.864584 -0.387654 0)
(-0.844442 -0.405686 0)
(-0.823428 -0.422665 0)
(-0.801599 -0.438552 0)
(-0.779009 -0.453311 0)
(-0.755715 -0.466913 0)
(-0.731769 -0.47933 0)
(-0.707217 -0.490543 0)
(-0.682099 -0.500535 0)
(-0.656441 -0.509294 0)
(-0.630249 -0.516811 0)
(-0.603502 -0.52308 0)
(-0.576132 -0.528098 0)
(-0.548001 -0.531863 0)
(-0.518843 -0.534397 0)
(-0.488145 -0.53586 0)
(-0.455971 -0.536794 0)
(-0.422832 -0.537469 0)
(-0.389102 -0.537989 0)
(-0.355017 -0.538401 0)
(-0.320721 -0.538733 0)
(-0.286307 -0.539003 0)
(-0.251834 -0.539223 0)
(-0.217341 -0.539405 0)
(-0.182854 -0.539554 0)
(-0.14839 -0.539677 0)
(-0.113958 -0.539779 0)
(-0.0795663 -0.539864 0)
(-0.0452173 -0.539934 0)
(-0.0109119 -0.539992 0)
(0.0233505 -0.54004 0)
(0.0575716 -0.540081 0)
(0.091754 -0.540114 0)
(0.125901 -0.540142 0)
(0.160014 -0.540164 0)
(0.194099 -0.540183 0)
(0.228157 -0.540199 0)
(0.262191 -0.540212 0)
(0.296206 -0.540222 0)
(0.330203 -0.54023 0)
(0.364186 -0.540236 0)
(0.398155 -0.54024 0)
(0.432112 -0.540243 0)
(0.466059 -0.540245 0)
(0.5 -0.540245 0)
(0.5 0.547528 0)
(0.466038 0.547528 0)
(0.432069 0.547526 0)
(0.398091 0.547523 0)
(0.364101 0.547518 0)
(0.330097 0.54751 0)
(0.296078 0.547501 0)
(0.26204 0.547489 0)
(0.227981 0.547474 0)
(0.193898 0.547455 0)
(0.159788 0.547433 0)
(0.125647 0.547406 0)
(0.091471 0.547373 0)
(0.0572581 0.547334 0)
(0.0230047 0.547287 0)
(-0.0112916 0.547229 0)
(-0.0456327 0.547161 0)
(-0.0800193 0.547078 0)
(-0.114451 0.546978 0)
(-0.148923 0.546857 0)
(-0.183431 0.546711 0)
(-0.217962 0.546535 0)
(-0.2525 0.54632 0)
(-0.287019 0.546059 0)
(-0.321478 0.54574 0)
(-0.355817 0.545347 0)
(-0.389942 0.54486 0)
(-0.423707 0.544245 0)
(-0.456879 0.543449 0)
(-0.489102 0.542357 0)
(-0.519926 0.540701 0)
(-0.549301 0.538 0)
(-0.577671 0.53409 0)
(-0.605283 0.528938 0)
(-0.632271 0.522538 0)
(-0.658701 0.51489 0)
(-0.684593 0.505998 0)
(-0.709942 0.495868 0)
(-0.73472 0.484511 0)
(-0.758889 0.471942 0)
(-0.782401 0.458181 0)
(-0.805203 0.443254 0)
(-0.827241 0.427191 0)
(-0.848456 0.410026 0)
(-0.868793 0.391798 0)
(-0.888197 0.372552 0)
(-0.906615 0.352333 0)
(-0.923995 0.331193 0)
(-0.940289 0.309184 0)
(-0.955452 0.286363 0)
(-0.969441 0.26279 0)
(-0.982218 0.238525 0)
(-0.993746 0.213633 0)
(-1.00399 0.188177 0)
(-1.01293 0.162225 0)
(-1.02054 0.135847 0)
(-1.02679 0.10911 0)
(-1.03167 0.0820842 0)
(-1.03517 0.0548445 0)
(-1.03727 0.02746 0)
(-1.03797 5.7419e-07 0)
(-1.03727 -0.0274586 0)
(-1.03517 -0.054843 0)
(-1.03167 -0.0820827 0)
(-1.02679 -0.109108 0)
(-1.02054 -0.135845 0)
(-1.01293 -0.162224 0)
(-1.00399 -0.188176 0)
(-0.993747 -0.213632 0)
(-0.982218 -0.238524 0)
(-0.969442 -0.262789 0)
(-0.955452 -0.286363 0)
(-0.94029 -0.309183 0)
(-0.923995 -0.331192 0)
(-0.906615 -0.352332 0)
(-0.888197 -0.372551 0)
(-0.868793 -0.391798 0)
(-0.848456 -0.410026 0)
(-0.827241 -0.427191 0)
(-0.805204 -0.443254 0)
(-0.782402 -0.458181 0)
(-0.758889 -0.471942 0)
(-0.73472 -0.484511 0)
(-0.709942 -0.495868 0)
(-0.684593 -0.505998 0)
(-0.658701 -0.51489 0)
(-0.632272 -0.522538 0)
(-0.605283 -0.528938 0)
(-0.577671 -0.53409 0)
(-0.549301 -0.538 0)
(-0.519926 -0.540701 0)
(-0.489102 -0.542357 0)
(-0.456879 -0.543449 0)
(-0.423707 -0.544245 0)
(-0.389942 -0.54486 0)
(-0.355817 -0.545347 0)
(-0.321478 -0.54574 0)
(-0.287019 -0.546059 0)
(-0.2525 -0.54632 0)
(-0.217962 -0.546535 0)
(-0.183431 -0.546711 0)
(-0.148923 -0.546857 0)
(-0.114451 -0.546978 0)
(-0.0800194 -0.547078 0)
(-0.0456327 -0.547161 0)
(-0.0112916 -0.547229 0)
(0.0230047 -0.547287 0)
(0.057258 -0.547334 0)
(0.091471 -0.547373 0)
(0.125647 -0.547406 0)
(0.159788 -0.547433 0)
(0.193898 -0.547455 0)
(0.227981 -0.547474 0)
(0.26204 -0.547489 0)
(0.296078 -0.547501 0)
(0.330097 -0.54751 0)
(0.364101 -0.547518 0)
(0.398091 -0.547523 0)
(0.432069 -0.547526 0)
(0.466038 -0.547528 0)
(0.5 -0.547528 0)
(0.5 0.555766 0)
(0.466014 0.555766 0)
(0.432022 0.555764 0)
(0.39802 0.55576 0)
(0.364006 0.555754 0)
(0.329978 0.555745 0)
(0.295933 0.555734 0)
(0.261869 0.55572 0)
(0.227783 0.555702 0)
(0.193672 0.555681 0)
(0.159532 0.555655 0)
(0.125359 0.555623 0)
(0.0911512 0.555585 0)
(0.0569037 0.555538 0)
(0.0226139 0.555483 0)
(-0.0117208 0.555416 0)
(-0.0461024 0.555335 0)
(-0.0805317 0.555237 0)
(-0.115008 0.55512 0)
(-0.149527 0.554978 0)
(-0.184084 0.554807 0)
(-0.218666 0.5546 0)
(-0.253256 0.554348 0)
(-0.287827 0.554041 0)
(-0.322338 0.553666 0)
(-0.356728 0.553204 0)
(-0.3909 0.552631 0)
(-0.424709 0.55191 0)
(-0.457926 0.550977 0)
(-0.490216 0.549711 0)
(-0.521186 0.547848 0)
(-0.550801 0.544962 0)
(-0.579435 0.54089 0)
(-0.607318 0.535586 0)
(-0.634578 0.529039 0)
(-0.661275 0.521244 0)
(-0.687432 0.512201 0)
(-0.713042 0.501915 0)
(-0.738077 0.490395 0)
(-0.762498 0.477654 0)
(-0.786257 0.463713 0)
(-0.809301 0.448595 0)
(-0.831574 0.432331 0)
(-0.853018 0.414954 0)
(-0.873576 0.396505 0)
(-0.893193 0.377025 0)
(-0.911814 0.356562 0)
(-0.929387 0.335168 0)
(-0.945864 0.312895 0)
(-0.961197 0.289801 0)
(-0.975345 0.265945 0)
(-0.988266 0.24139 0)
(-0.999926 0.216199 0)
(-1.01029 0.190438 0)
(-1.01933 0.164175 0)
(-1.02703 0.13748 0)
(-1.03335 0.110421 0)
(-1.03829 0.0830713 0)
(-1.04182 0.0555039 0)
(-1.04395 0.0277899 0)
(-1.04466 6.51338e-07 0)
(-1.04395 -0.0277884 0)
(-1.04183 -0.0555023 0)
(-1.03829 -0.0830697 0)
(-1.03335 -0.11042 0)
(-1.02703 -0.137478 0)
(-1.01933 -0.164173 0)
(-1.01029 -0.190437 0)
(-0.999927 -0.216198 0)
(-0.988267 -0.241389 0)
(-0.975345 -0.265944 0)
(-0.961198 -0.2898 0)
(-0.945864 -0.312894 0)
(-0.929388 -0.335167 0)
(-0.911815 -0.356562 0)
(-0.893193 -0.377025 0)
(-0.873577 -0.396504 0)
(-0.853018 -0.414954 0)
(-0.831574 -0.432331 0)
(-0.809302 -0.448595 0)
(-0.786258 -0.463713 0)
(-0.762498 -0.477654 0)
(-0.738077 -0.490395 0)
(-0.713042 -0.501915 0)
(-0.687432 -0.512201 0)
(-0.661275 -0.521244 0)
(-0.634578 -0.529039 0)
(-0.607319 -0.535586 0)
(-0.579435 -0.54089 0)
(-0.550801 -0.544962 0)
(-0.521186 -0.547848 0)
(-0.490216 -0.549711 0)
(-0.457926 -0.550977 0)
(-0.424709 -0.55191 0)
(-0.390901 -0.552631 0)
(-0.356728 -0.553204 0)
(-0.322338 -0.553666 0)
(-0.287827 -0.554041 0)
(-0.253256 -0.554348 0)
(-0.218666 -0.5546 0)
(-0.184084 -0.554807 0)
(-0.149527 -0.554978 0)
(-0.115008 -0.55512 0)
(-0.0805317 -0.555237 0)
(-0.0461025 -0.555335 0)
(-0.0117209 -0.555416 0)
(0.0226139 -0.555483 0)
(0.0569037 -0.555538 0)
(0.0911511 -0.555585 0)
(0.125359 -0.555623 0)
(0.159532 -0.555655 0)
(0.193672 -0.555681 0)
(0.227783 -0.555702 0)
(0.261869 -0.55572 0)
(0.295933 -0.555734 0)
(0.329978 -0.555745 0)
(0.364006 -0.555754 0)
(0.39802 -0.55576 0)
(0.432022 -0.555764 0)
(0.466014 -0.555766 0)
(0.5 -0.555766 0)
(0.5 0.56499 0)
(0.465987 0.56499 0)
(0.431969 0.564987 0)
(0.397941 0.564983 0)
(0.3639 0.564975 0)
(0.329844 0.564965 0)
(0.295772 0.564952 0)
(0.261679 0.564936 0)
(0.227562 0.564916 0)
(0.193419 0.564891 0)
(0.159246 0.56486 0)
(0.125039 0.564823 0)
(0.0907935 0.564778 0)
(0.0565073 0.564725 0)
(0.0221767 0.56466 0)
(-0.0122011 0.564581 0)
(-0.0466281 0.564487 0)
(-0.0811053 0.564374 0)
(-0.115632 0.564237 0)
(-0.150204 0.564072 0)
(-0.184815 0.563872 0)
(-0.219455 0.56363 0)
(-0.254104 0.563336 0)
(-0.288735 0.562978 0)
(-0.323307 0.56254 0)
(-0.357755 0.562001 0)
(-0.391984 0.561333 0)
(-0.425847 0.560493 0)
(-0.459123 0.55941 0)
(-0.4915 0.557954 0)
(-0.52264 0.55587 0)
(-0.552516 0.552784 0)
(-0.581441 0.548532 0)
(-0.609623 0.54306 0)
(-0.637183 0.536349 0)
(-0.66418 0.528389 0)
(-0.690633 0.519177 0)
(-0.716535 0.508716 0)
(-0.741858 0.497012 0)
(-0.766562 0.484079 0)
(-0.790599 0.469935 0)
(-0.813915 0.454603 0)
(-0.836452 0.438113 0)
(-0.858153 0.420499 0)
(-0.87896 0.401799 0)
(-0.898816 0.382057 0)
(-0.917666 0.36132 0)
(-0.935456 0.33964 0)
(-0.952137 0.31707 0)
(-0.967663 0.293668 0)
(-0.981988 0.269495 0)
(-0.995073 0.244612 0)
(-1.00688 0.219085 0)
(-1.01738 0.192981 0)
(-1.02654 0.166368 0)
(-1.03433 0.139316 0)
(-1.04073 0.111897 0)
(-1.04573 0.0841816 0)
(-1.04932 0.0562457 0)
(-1.05147 0.0281612 0)
(-1.05219 7.34648e-07 0)
(-1.05147 -0.0281596 0)
(-1.04932 -0.056244 0)
(-1.04573 -0.0841799 0)
(-1.04073 -0.111895 0)
(-1.03433 -0.139315 0)
(-1.02654 -0.166366 0)
(-1.01738 -0.19298 0)
(-1.00688 -0.219084 0)
(-0.995074 -0.244611 0)
(-0.981989 -0.269494 0)
(-0.967663 -0.293668 0)
(-0.952138 -0.317069 0)
(-0.935456 -0.339639 0)
(-0.917666 -0.36132 0)
(-0.898816 -0.382057 0)
(-0.87896 -0.401799 0)
(-0.858153 -0.420499 0)
(-0.836452 -0.438113 0)
(-0.813915 -0.454603 0)
(-0.790599 -0.469935 0)
(-0.766562 -0.484079 0)
(-0.741858 -0.497012 0)
(-0.716535 -0.508716 0)
(-0.690633 -0.519177 0)
(-0.66418 -0.528389 0)
(-0.637183 -0.536349 0)
(-0.609623 -0.54306 0)
(-0.581441 -0.548532 0)
(-0.552516 -0.552784 0)
(-0.52264 -0.55587 0)
(-0.4915 -0.557954 0)
(-0.459124 -0.55941 0)
(-0.425847 -0.560493 0)
(-0.391984 -0.561333 0)
(-0.357755 -0.562001 0)
(-0.323307 -0.56254 0)
(-0.288735 -0.562978 0)
(-0.254104 -0.563336 0)
(-0.219455 -0.56363 0)
(-0.184816 -0.563872 0)
(-0.150204 -0.564072 0)
(-0.115632 -0.564237 0)
(-0.0811053 -0.564374 0)
(-0.0466281 -0.564487 0)
(-0.0122011 -0.564581 0)
(0.0221767 -0.56466 0)
(0.0565073 -0.564725 0)
(0.0907935 -0.564778 0)
(0.125038 -0.564823 0)
(0.159246 -0.56486 0)
(0.193419 -0.564891 0)
(0.227562 -0.564916 0)
(0.261679 -0.564936 0)
(0.295771 -0.564952 0)
(0.329844 -0.564965 0)
(0.3639 -0.564975 0)
(0.397941 -0.564983 0)
(0.431969 -0.564987 0)
(0.465987 -0.56499 0)
(0.5 -0.56499 0)
(0.5 0.575212 0)
(0.465958 0.575211 0)
(0.43191 0.575209 0)
(0.397853 0.575203 0)
(0.363782 0.575195 0)
(0.329697 0.575183 0)
(0.295593 0.575168 0)
(0.261467 0.575149 0)
(0.227318 0.575126 0)
(0.19314 0.575097 0)
(0.158929 0.575062 0)
(0.124683 0.575019 0)
(0.0903978 0.574967 0)
(0.0560687 0.574905 0)
(0.0216929 0.57483 0)
(-0.0127327 0.574739 0)
(-0.0472102 0.57463 0)
(-0.0817406 0.574499 0)
(-0.116323 0.57434 0)
(-0.150954 0.574149 0)
(-0.185627 0.573917 0)
(-0.220331 0.573637 0)
(-0.255047 0.573296 0)
(-0.289746 0.572881 0)
(-0.324386 0.572374 0)
(-0.358902 0.57175 0)
(-0.393198 0.570977 0)
(-0.427128 0.570006 0)
(-0.460481 0.568759 0)
(-0.492966 0.567099 0)
(-0.524299 0.564785 0)
(-0.554457 0.561483 0)
(-0.583698 0.557036 0)
(-0.612209 0.551379 0)
(-0.6401 0.544486 0)
(-0.667427 0.536343 0)
(-0.694207 0.526945 0)
(-0.720433 0.516289 0)
(-0.746076 0.504382 0)
(-0.771094 0.491235 0)
(-0.79544 0.476865 0)
(-0.819058 0.461295 0)
(-0.84189 0.444554 0)
(-0.863877 0.426675 0)
(-0.884961 0.407696 0)
(-0.905083 0.387663 0)
(-0.924187 0.36662 0)
(-0.942219 0.344622 0)
(-0.959129 0.321721 0)
(-0.974868 0.297977 0)
(-0.989391 0.273449 0)
(-1.00266 0.248202 0)
(-1.01463 0.222301 0)
(-1.02527 0.195814 0)
(-1.03456 0.168811 0)
(-1.04246 0.141362 0)
(-1.04896 0.113541 0)
(-1.05403 0.0854185 0)
(-1.05766 0.0570721 0)
(-1.05985 0.0285748 0)
(-1.06057 8.26125e-07 0)
(-1.05985 -0.0285731 0)
(-1.05766 -0.0570703 0)
(-1.05403 -0.0854167 0)
(-1.04896 -0.113539 0)
(-1.04246 -0.141361 0)
(-1.03456 -0.168809 0)
(-1.02528 -0.195813 0)
(-1.01463 -0.2223 0)
(-1.00266 -0.248201 0)
(-0.989392 -0.273448 0)
(-0.974868 -0.297976 0)
(-0.959129 -0.32172 0)
(-0.94222 -0.344621 0)
(-0.924187 -0.36662 0)
(-0.905083 -0.387662 0)
(-0.884961 -0.407696 0)
(-0.863877 -0.426674 0)
(-0.84189 -0.444554 0)
(-0.819058 -0.461295 0)
(-0.79544 -0.476865 0)
(-0.771095 -0.491235 0)
(-0.746076 -0.504382 0)
(-0.720433 -0.516289 0)
(-0.694208 -0.526945 0)
(-0.667427 -0.536343 0)
(-0.6401 -0.544486 0)
(-0.612209 -0.551379 0)
(-0.583698 -0.557035 0)
(-0.554457 -0.561483 0)
(-0.524299 -0.564785 0)
(-0.492967 -0.567099 0)
(-0.460481 -0.568759 0)
(-0.427129 -0.570006 0)
(-0.393198 -0.570977 0)
(-0.358902 -0.57175 0)
(-0.324386 -0.572374 0)
(-0.289746 -0.572881 0)
(-0.255047 -0.573296 0)
(-0.220331 -0.573637 0)
(-0.185628 -0.573917 0)
(-0.150954 -0.574149 0)
(-0.116323 -0.57434 0)
(-0.0817406 -0.574499 0)
(-0.0472103 -0.57463 0)
(-0.0127328 -0.574739 0)
(0.0216929 -0.57483 0)
(0.0560687 -0.574905 0)
(0.0903978 -0.574967 0)
(0.124683 -0.575019 0)
(0.158929 -0.575062 0)
(0.19314 -0.575097 0)
(0.227318 -0.575126 0)
(0.261467 -0.575149 0)
(0.295593 -0.575168 0)
(0.329697 -0.575183 0)
(0.363782 -0.575195 0)
(0.397853 -0.575203 0)
(0.43191 -0.575209 0)
(0.465958 -0.575211 0)
(0.5 -0.575212 0)
(0.5 0.586423 0)
(0.465926 0.586422 0)
(0.431846 0.586419 0)
(0.397757 0.586413 0)
(0.363654 0.586403 0)
(0.329535 0.58639 0)
(0.295397 0.586373 0)
(0.261237 0.586351 0)
(0.22705 0.586324 0)
(0.192834 0.586291 0)
(0.158583 0.58625 0)
(0.124295 0.586201 0)
(0.0899647 0.586142 0)
(0.0555886 0.58607 0)
(0.0211631 0.585984 0)
(-0.013315 0.58588 0)
(-0.047848 0.585755 0)
(-0.082437 0.585604 0)
(-0.117081 0.585422 0)
(-0.151778 0.585202 0)
(-0.186519 0.584936 0)
(-0.221294 0.584614 0)
(-0.256084 0.584222 0)
(-0.290859 0.583745 0)
(-0.325576 0.583162 0)
(-0.360171 0.582445 0)
(-0.394545 0.581557 0)
(-0.428558 0.580443 0)
(-0.462004 0.57902 0)
(-0.494624 0.577146 0)
(-0.526172 0.57459 0)
(-0.556633 0.571061 0)
(-0.586215 0.566403 0)
(-0.615081 0.560546 0)
(-0.643332 0.553455 0)
(-0.67102 0.545113 0)
(-0.69816 0.535509 0)
(-0.724741 0.52464 0)
(-0.750734 0.512509 0)
(-0.776099 0.499127 0)
(-0.800785 0.484509 0)
(-0.824735 0.468676 0)
(-0.847892 0.451658 0)
(-0.870194 0.433487 0)
(-0.891583 0.414201 0)
(-0.911999 0.393845 0)
(-0.931383 0.372467 0)
(-0.949682 0.350117 0)
(-0.966844 0.326851 0)
(-0.982818 0.302729 0)
(-0.99756 0.277811 0)
(-1.01103 0.252162 0)
(-1.02318 0.225848 0)
(-1.03399 0.19894 0)
(-1.04342 0.171506 0)
(-1.05144 0.143619 0)
(-1.05803 0.115354 0)
(-1.06318 0.0867829 0)
(-1.06687 0.0579837 0)
(-1.06909 0.0290312 0)
(-1.06983 9.2717e-07 0)
(-1.06909 -0.0290292 0)
(-1.06687 -0.0579817 0)
(-1.06318 -0.0867809 0)
(-1.05803 -0.115352 0)
(-1.05144 -0.143618 0)
(-1.04342 -0.171504 0)
(-1.03399 -0.198938 0)
(-1.02318 -0.225847 0)
(-1.01103 -0.25216 0)
(-0.997561 -0.27781 0)
(-0.982819 -0.302728 0)
(-0.966844 -0.32685 0)
(-0.949683 -0.350116 0)
(-0.931384 -0.372466 0)
(-0.911999 -0.393845 0)
(-0.891584 -0.414201 0)
(-0.870195 -0.433486 0)
(-0.847892 -0.451657 0)
(-0.824735 -0.468676 0)
(-0.800785 -0.484508 0)
(-0.776099 -0.499127 0)
(-0.750735 -0.512509 0)
(-0.724741 -0.52464 0)
(-0.69816 -0.535509 0)
(-0.67102 -0.545113 0)
(-0.643332 -0.553455 0)
(-0.615081 -0.560545 0)
(-0.586215 -0.566403 0)
(-0.556633 -0.571061 0)
(-0.526172 -0.57459 0)
(-0.494624 -0.577146 0)
(-0.462005 -0.57902 0)
(-0.428558 -0.580443 0)
(-0.394546 -0.581557 0)
(-0.360171 -0.582445 0)
(-0.325576 -0.583162 0)
(-0.290859 -0.583745 0)
(-0.256084 -0.584222 0)
(-0.221294 -0.584614 0)
(-0.186519 -0.584936 0)
(-0.151778 -0.585202 0)
(-0.117081 -0.585422 0)
(-0.082437 -0.585604 0)
(-0.0478481 -0.585755 0)
(-0.0133151 -0.58588 0)
(0.021163 -0.585984 0)
(0.0555886 -0.58607 0)
(0.0899646 -0.586142 0)
(0.124295 -0.586201 0)
(0.158583 -0.58625 0)
(0.192834 -0.586291 0)
(0.22705 -0.586324 0)
(0.261237 -0.586351 0)
(0.295397 -0.586373 0)
(0.329535 -0.58639 0)
(0.363654 -0.586403 0)
(0.397757 -0.586413 0)
(0.431846 -0.586419 0)
(0.465926 -0.586422 0)
(0.5 -0.586423 0)
(0.5 0.598595 0)
(0.465891 0.598594 0)
(0.431777 0.598591 0)
(0.397653 0.598584 0)
(0.363515 0.598573 0)
(0.32936 0.598558 0)
(0.295185 0.598538 0)
(0.260987 0.598513 0)
(0.22676 0.598483 0)
(0.192502 0.598445 0)
(0.158208 0.598399 0)
(0.123874 0.598343 0)
(0.0894956 0.598275 0)
(0.0550685 0.598194 0)
(0.020589 0.598095 0)
(-0.0139462 0.597977 0)
(-0.0485396 0.597834 0)
(-0.0831924 0.597662 0)
(-0.117904 0.597455 0)
(-0.152672 0.597204 0)
(-0.187488 0.5969 0)
(-0.222342 0.596532 0)
(-0.257213 0.596086 0)
(-0.292073 0.595541 0)
(-0.326878 0.594876 0)
(-0.361561 0.594059 0)
(-0.396028 0.593047 0)
(-0.430138 0.591781 0)
(-0.463699 0.590171 0)
(-0.496477 0.588073 0)
(-0.528265 0.58527 0)
(-0.559049 0.581503 0)
(-0.588994 0.576621 0)
(-0.618241 0.570548 0)
(-0.646881 0.563244 0)
(-0.674959 0.554686 0)
(-0.702488 0.544859 0)
(-0.729455 0.533759 0)
(-0.755831 0.521385 0)
(-0.781573 0.507746 0)
(-0.806629 0.492857 0)
(-0.830942 0.476738 0)
(-0.854453 0.459417 0)
(-0.8771 0.440928 0)
(-0.898822 0.421307 0)
(-0.919558 0.4006 0)
(-0.939249 0.378853 0)
(-0.957839 0.35612 0)
(-0.975275 0.332456 0)
(-0.991507 0.30792 0)
(-1.00649 0.282576 0)
(-1.02017 0.256487 0)
(-1.03253 0.229724 0)
(-1.04351 0.202354 0)
(-1.05309 0.17445 0)
(-1.06125 0.146085 0)
(-1.06795 0.117334 0)
(-1.07319 0.0882734 0)
(-1.07693 0.0589796 0)
(-1.07919 0.0295297 0)
(-1.07994 1.03512e-06 0)
(-1.07919 -0.0295276 0)
(-1.07694 -0.0589774 0)
(-1.07319 -0.0882713 0)
(-1.06795 -0.117332 0)
(-1.06125 -0.146083 0)
(-1.05309 -0.174448 0)
(-1.04351 -0.202352 0)
(-1.03253 -0.229722 0)
(-1.02017 -0.256486 0)
(-1.00649 -0.282574 0)
(-0.991508 -0.307919 0)
(-0.975276 -0.332455 0)
(-0.95784 -0.356119 0)
(-0.939249 -0.378852 0)
(-0.919558 -0.400599 0)
(-0.898822 -0.421307 0)
(-0.877101 -0.440927 0)
(-0.854454 -0.459417 0)
(-0.830943 -0.476738 0)
(-0.806629 -0.492857 0)
(-0.781573 -0.507746 0)
(-0.755832 -0.521385 0)
(-0.729456 -0.533759 0)
(-0.702488 -0.544859 0)
(-0.674959 -0.554686 0)
(-0.646881 -0.563244 0)
(-0.618241 -0.570548 0)
(-0.588994 -0.576621 0)
(-0.559049 -0.581502 0)
(-0.528266 -0.585269 0)
(-0.496477 -0.588073 0)
(-0.4637 -0.590171 0)
(-0.430138 -0.591781 0)
(-0.396028 -0.593047 0)
(-0.361561 -0.594059 0)
(-0.326878 -0.594876 0)
(-0.292073 -0.595541 0)
(-0.257213 -0.596086 0)
(-0.222342 -0.596532 0)
(-0.187488 -0.5969 0)
(-0.152672 -0.597204 0)
(-0.117904 -0.597455 0)
(-0.0831924 -0.597662 0)
(-0.0485396 -0.597834 0)
(-0.0139462 -0.597977 0)
(0.020589 -0.598095 0)
(0.0550685 -0.598194 0)
(0.0894956 -0.598275 0)
(0.123874 -0.598343 0)
(0.158208 -0.598399 0)
(0.192502 -0.598445 0)
(0.22676 -0.598483 0)
(0.260987 -0.598513 0)
(0.295185 -0.598538 0)
(0.32936 -0.598558 0)
(0.363515 -0.598573 0)
(0.397653 -0.598584 0)
(0.431777 -0.598591 0)
(0.465891 -0.598594 0)
(0.5 -0.598595 0)
(0.5 0.611682 0)
(0.465854 0.611682 0)
(0.431703 0.611678 0)
(0.397542 0.61167 0)
(0.363366 0.611657 0)
(0.329173 0.611641 0)
(0.294959 0.611618 0)
(0.260719 0.61159 0)
(0.22645 0.611556 0)
(0.192147 0.611513 0)
(0.157807 0.611461 0)
(0.123423 0.611398 0)
(0.0889928 0.611321 0)
(0.0545108 0.611229 0)
(0.0199733 0.611118 0)
(-0.0146233 0.610984 0)
(-0.0492818 0.610823 0)
(-0.0840036 0.610628 0)
(-0.118788 0.610393 0)
(-0.153633 0.61011 0)
(-0.188531 0.609766 0)
(-0.22347 0.60935 0)
(-0.258431 0.608844 0)
(-0.293385 0.608228 0)
(-0.328287 0.607475 0)
(-0.363071 0.60655 0)
(-0.397643 0.605407 0)
(-0.431868 0.603981 0)
(-0.465567 0.602175 0)
(-0.498529 0.599847 0)
(-0.53058 0.596791 0)
(-0.561705 0.592777 0)
(-0.592034 0.587661 0)
(-0.621687 0.58136 0)
(-0.650741 0.573829 0)
(-0.679237 0.565039 0)
(-0.707184 0.554974 0)
(-0.734568 0.543624 0)
(-0.761356 0.530988 0)
(-0.787504 0.517072 0)
(-0.81296 0.50189 0)
(-0.837666 0.485462 0)
(-0.86156 0.467815 0)
(-0.884579 0.44898 0)
(-0.906661 0.428998 0)
(-0.927743 0.40791 0)
(-0.947766 0.385765 0)
(-0.966671 0.362617 0)
(-0.984405 0.338521 0)
(-1.00091 0.313539 0)
(-1.01615 0.287733 0)
(-1.03008 0.261169 0)
(-1.04264 0.233918 0)
(-1.05382 0.206049 0)
(-1.06357 0.177636 0)
(-1.07187 0.148754 0)
(-1.07869 0.119478 0)
(-1.08402 0.0898866 0)
(-1.08783 0.0600575 0)
(-1.09012 0.0300694 0)
(-1.09089 1.14677e-06 0)
(-1.09012 -0.0300671 0)
(-1.08783 -0.0600552 0)
(-1.08402 -0.0898843 0)
(-1.07869 -0.119476 0)
(-1.07187 -0.148752 0)
(-1.06357 -0.177634 0)
(-1.05382 -0.206047 0)
(-1.04264 -0.233916 0)
(-1.03008 -0.261168 0)
(-1.01615 -0.287731 0)
(-1.00092 -0.313538 0)
(-0.984406 -0.33852 0)
(-0.966672 -0.362616 0)
(-0.947766 -0.385764 0)
(-0.927744 -0.407909 0)
(-0.906661 -0.428997 0)
(-0.88458 -0.44898 0)
(-0.86156 -0.467814 0)
(-0.837666 -0.485462 0)
(-0.81296 -0.50189 0)
(-0.787504 -0.517072 0)
(-0.761356 -0.530987 0)
(-0.734568 -0.543623 0)
(-0.707185 -0.554974 0)
(-0.679238 -0.565039 0)
(-0.650741 -0.573829 0)
(-0.621687 -0.58136 0)
(-0.592034 -0.587661 0)
(-0.561705 -0.592777 0)
(-0.53058 -0.596791 0)
(-0.498529 -0.599847 0)
(-0.465567 -0.602175 0)
(-0.431868 -0.603981 0)
(-0.397643 -0.605407 0)
(-0.363071 -0.60655 0)
(-0.328287 -0.607475 0)
(-0.293385 -0.608228 0)
(-0.258431 -0.608844 0)
(-0.22347 -0.60935 0)
(-0.188531 -0.609766 0)
(-0.153633 -0.61011 0)
(-0.118788 -0.610393 0)
(-0.0840036 -0.610628 0)
(-0.0492818 -0.610823 0)
(-0.0146233 -0.610984 0)
(0.0199733 -0.611118 0)
(0.0545108 -0.611229 0)
(0.0889927 -0.611321 0)
(0.123423 -0.611398 0)
(0.157807 -0.611461 0)
(0.192147 -0.611513 0)
(0.22645 -0.611556 0)
(0.260719 -0.61159 0)
(0.294959 -0.611618 0)
(0.329173 -0.611641 0)
(0.363366 -0.611657 0)
(0.397542 -0.61167 0)
(0.431703 -0.611678 0)
(0.465854 -0.611682 0)
(0.5 -0.611682 0)
(0.5 0.625625 0)
(0.465815 0.625625 0)
(0.431625 0.62562 0)
(0.397424 0.625611 0)
(0.363209 0.625598 0)
(0.328975 0.625579 0)
(0.294718 0.625554 0)
(0.260435 0.625523 0)
(0.226121 0.625484 0)
(0.191771 0.625436 0)
(0.15738 0.625377 0)
(0.122945 0.625307 0)
(0.088459 0.625221 0)
(0.0539187 0.625118 0)
(0.0193194 0.624993 0)
(-0.0153427 0.624843 0)
(-0.0500708 0.624662 0)
(-0.0848664 0.624443 0)
(-0.119729 0.62418 0)
(-0.154657 0.623861 0)
(-0.189643 0.623475 0)
(-0.224675 0.623008 0)
(-0.259734 0.62244 0)
(-0.29479 0.621748 0)
(-0.329799 0.620902 0)
(-0.364696 0.619865 0)
(-0.399388 0.618585 0)
(-0.433747 0.616991 0)
(-0.467606 0.614984 0)
(-0.500777 0.612421 0)
(-0.533113 0.609109 0)
(-0.564597 0.604844 0)
(-0.59533 0.599483 0)
(-0.625409 0.592943 0)
(-0.654903 0.585172 0)
(-0.683843 0.576137 0)
(-0.712235 0.565817 0)
(-0.740062 0.554201 0)
(-0.767291 0.541286 0)
(-0.793874 0.527074 0)
(-0.819759 0.51158 0)
(-0.844885 0.49482 0)
(-0.869189 0.476823 0)
(-0.892608 0.457619 0)
(-0.915075 0.437248 0)
(-0.936529 0.415752 0)
(-0.956908 0.393181 0)
(-0.976151 0.369587 0)
(-0.994203 0.345029 0)
(-1.01101 0.319567 0)
(-1.02653 0.293266 0)
(-1.0407 0.266193 0)
(-1.0535 0.238418 0)
(-1.06488 0.210014 0)
(-1.07481 0.181055 0)
(-1.08326 0.151617 0)
(-1.09021 0.121779 0)
(-1.09564 0.0916175 0)
(-1.09952 0.061214 0)
(-1.10186 0.0306484 0)
(-1.10264 1.26281e-06 0)
(-1.10186 -0.0306459 0)
(-1.09952 -0.0612115 0)
(-1.09564 -0.091615 0)
(-1.09021 -0.121776 0)
(-1.08326 -0.151615 0)
(-1.07481 -0.181053 0)
(-1.06488 -0.210012 0)
(-1.0535 -0.238416 0)
(-1.04071 -0.266191 0)
(-1.02653 -0.293264 0)
(-1.01101 -0.319566 0)
(-0.994204 -0.345028 0)
(-0.976152 -0.369586 0)
(-0.956908 -0.39318 0)
(-0.93653 -0.415751 0)
(-0.915076 -0.437247 0)
(-0.892608 -0.457619 0)
(-0.86919 -0.476823 0)
(-0.844885 -0.49482 0)
(-0.819759 -0.511579 0)
(-0.793875 -0.527074 0)
(-0.767291 -0.541285 0)
(-0.740063 -0.554201 0)
(-0.712236 -0.565817 0)
(-0.683843 -0.576137 0)
(-0.654903 -0.585172 0)
(-0.62541 -0.592943 0)
(-0.59533 -0.599483 0)
(-0.564597 -0.604844 0)
(-0.533113 -0.609109 0)
(-0.500777 -0.612421 0)
(-0.467606 -0.614984 0)
(-0.433747 -0.616991 0)
(-0.399388 -0.618585 0)
(-0.364696 -0.619865 0)
(-0.329799 -0.620902 0)
(-0.29479 -0.621748 0)
(-0.259734 -0.62244 0)
(-0.224675 -0.623008 0)
(-0.189643 -0.623475 0)
(-0.154657 -0.623861 0)
(-0.11973 -0.62418 0)
(-0.0848664 -0.624443 0)
(-0.0500708 -0.624662 0)
(-0.0153428 -0.624843 0)
(0.0193194 -0.624993 0)
(0.0539187 -0.625118 0)
(0.088459 -0.625221 0)
(0.122945 -0.625307 0)
(0.15738 -0.625377 0)
(0.191771 -0.625436 0)
(0.226121 -0.625484 0)
(0.260435 -0.625523 0)
(0.294718 -0.625554 0)
(0.328975 -0.625579 0)
(0.363209 -0.625598 0)
(0.397424 -0.625611 0)
(0.431625 -0.62562 0)
(0.465815 -0.625625 0)
(0.5 -0.625625 0)
(0.5 0.640354 0)
(0.465774 0.640354 0)
(0.431543 0.640349 0)
(0.397301 0.640339 0)
(0.363043 0.640324 0)
(0.328767 0.640302 0)
(0.294466 0.640275 0)
(0.260137 0.64024 0)
(0.225775 0.640197 0)
(0.191375 0.640144 0)
(0.156932 0.640079 0)
(0.122441 0.64 0)
(0.0878976 0.639905 0)
(0.0532958 0.63979 0)
(0.0186312 0.639651 0)
(-0.0161003 0.639484 0)
(-0.0509019 0.639282 0)
(-0.0857759 0.639039 0)
(-0.120722 0.638745 0)
(-0.155738 0.63839 0)
(-0.190818 0.637961 0)
(-0.22595 0.637439 0)
(-0.261114 0.636806 0)
(-0.296282 0.636035 0)
(-0.331408 0.635094 0)
(-0.366431 0.633939 0)
(-0.401259 0.632516 0)
(-0.43577 0.63075 0)
(-0.469811 0.628538 0)
(-0.503215 0.625739 0)
(-0.535857 0.622171 0)
(-0.567718 0.61765 0)
(-0.598871 0.612038 0)
(-0.629398 0.605249 0)
(-0.659352 0.597227 0)
(-0.68876 0.587935 0)
(-0.717623 0.577348 0)
(-0.74592 0.565451 0)
(-0.773615 0.552239 0)
(-0.80066 0.537714 0)
(-0.827 0.521888 0)
(-0.852572 0.504777 0)
(-0.877313 0.486408 0)
(-0.901156 0.466811 0)
(-0.924034 0.446027 0)
(-0.945883 0.424097 0)
(-0.96664 0.401072 0)
(-0.986243 0.377005 0)
(-1.00463 0.351954 0)
(-1.02176 0.325982 0)
(-1.03757 0.299154 0)
(-1.05202 0.271539 0)
(-1.06506 0.243207 0)
(-1.07666 0.214233 0)
(-1.08678 0.184693 0)
(-1.0954 0.154665 0)
(-1.10248 0.124227 0)
(-1.10801 0.0934594 0)
(-1.11197 0.0624448 0)
(-1.11435 0.0312647 0)
(-1.11515 1.38807e-06 0)
(-1.11435 -0.0312619 0)
(-1.11197 -0.062442 0)
(-1.10801 -0.0934567 0)
(-1.10248 -0.124224 0)
(-1.0954 -0.154662 0)
(-1.08678 -0.184691 0)
(-1.07666 -0.214231 0)
(-1.06506 -0.243205 0)
(-1.05202 -0.271537 0)
(-1.03757 -0.299152 0)
(-1.02176 -0.325981 0)
(-1.00464 -0.351953 0)
(-0.986244 -0.377004 0)
(-0.966641 -0.401071 0)
(-0.945884 -0.424096 0)
(-0.924035 -0.446026 0)
(-0.901156 -0.466811 0)
(-0.877314 -0.486407 0)
(-0.852573 -0.504777 0)
(-0.827 -0.521887 0)
(-0.80066 -0.537714 0)
(-0.773615 -0.552239 0)
(-0.74592 -0.565451 0)
(-0.717623 -0.577348 0)
(-0.688761 -0.587935 0)
(-0.659353 -0.597227 0)
(-0.629398 -0.605249 0)
(-0.598872 -0.612038 0)
(-0.567718 -0.61765 0)
(-0.535857 -0.622171 0)
(-0.503215 -0.625739 0)
(-0.469811 -0.628538 0)
(-0.43577 -0.63075 0)
(-0.401259 -0.632516 0)
(-0.366431 -0.633939 0)
(-0.331409 -0.635094 0)
(-0.296282 -0.636035 0)
(-0.261114 -0.636806 0)
(-0.22595 -0.637439 0)
(-0.190818 -0.637961 0)
(-0.155738 -0.63839 0)
(-0.120722 -0.638745 0)
(-0.0857759 -0.639039 0)
(-0.050902 -0.639282 0)
(-0.0161003 -0.639484 0)
(0.0186312 -0.639651 0)
(0.0532957 -0.63979 0)
(0.0878976 -0.639905 0)
(0.122441 -0.64 0)
(0.156932 -0.640079 0)
(0.191375 -0.640144 0)
(0.225775 -0.640197 0)
(0.260137 -0.64024 0)
(0.294466 -0.640275 0)
(0.328767 -0.640302 0)
(0.363043 -0.640324 0)
(0.397301 -0.640339 0)
(0.431543 -0.640349 0)
(0.465774 -0.640354 0)
(0.5 -0.640354 0)
(0.5 0.655794 0)
(0.465731 0.655793 0)
(0.431457 0.655788 0)
(0.397172 0.655777 0)
(0.362871 0.65576 0)
(0.32855 0.655736 0)
(0.294203 0.655706 0)
(0.259826 0.655668 0)
(0.225414 0.65562 0)
(0.190962 0.655561 0)
(0.156465 0.655489 0)
(0.121917 0.655402 0)
(0.0873121 0.655297 0)
(0.0526458 0.65517 0)
(0.0179128 0.655017 0)
(-0.0168913 0.654833 0)
(-0.0517703 0.65461 0)
(-0.0867266 0.654341 0)
(-0.121761 0.654016 0)
(-0.156871 0.653624 0)
(-0.19205 0.653148 0)
(-0.227288 0.652572 0)
(-0.262565 0.651872 0)
(-0.297853 0.651019 0)
(-0.333109 0.649979 0)
(-0.368269 0.648704 0)
(-0.403248 0.647135 0)
(-0.43793 0.645194 0)
(-0.472176 0.642775 0)
(-0.505836 0.639739 0)
(-0.538803 0.635918 0)
(-0.571056 0.631138 0)
(-0.602647 0.625271 0)
(-0.633638 0.618226 0)
(-0.664073 0.609945 0)
(-0.693971 0.600384 0)
(-0.723327 0.589518 0)
(-0.752117 0.577327 0)
(-0.780303 0.563803 0)
(-0.807835 0.548949 0)
(-0.834654 0.532773 0)
(-0.860698 0.515292 0)
(-0.885899 0.49653 0)
(-0.910189 0.47652 0)
(-0.933502 0.455299 0)
(-0.955768 0.432911 0)
(-0.976924 0.409407 0)
(-0.996907 0.38484 0)
(-1.01566 0.359269 0)
(-1.03312 0.332758 0)
(-1.04924 0.305374 0)
(-1.06397 0.277185 0)
(-1.07727 0.248266 0)
(-1.0891 0.21869 0)
(-1.09943 0.188536 0)
(-1.10821 0.157884 0)
(-1.11544 0.126812 0)
(-1.12108 0.0954051 0)
(-1.12512 0.0637449 0)
(-1.12755 0.0319157 0)
(-1.12836 1.52409e-06 0)
(-1.12755 -0.0319126 0)
(-1.12512 -0.0637419 0)
(-1.12108 -0.0954021 0)
(-1.11544 -0.12681 0)
(-1.10822 -0.157881 0)
(-1.09943 -0.188534 0)
(-1.0891 -0.218688 0)
(-1.07728 -0.248264 0)
(-1.06397 -0.277183 0)
(-1.04924 -0.305372 0)
(-1.03312 -0.332757 0)
(-1.01566 -0.359268 0)
(-0.996907 -0.384839 0)
(-0.976925 -0.409406 0)
(-0.955769 -0.43291 0)
(-0.933502 -0.455298 0)
(-0.91019 -0.476519 0)
(-0.885899 -0.496529 0)
(-0.860698 -0.515291 0)
(-0.834654 -0.532772 0)
(-0.807835 -0.548949 0)
(-0.780303 -0.563803 0)
(-0.752117 -0.577326 0)
(-0.723327 -0.589517 0)
(-0.693971 -0.600384 0)
(-0.664073 -0.609944 0)
(-0.633638 -0.618226 0)
(-0.602647 -0.625271 0)
(-0.571056 -0.631138 0)
(-0.538803 -0.635918 0)
(-0.505836 -0.639739 0)
(-0.472176 -0.642775 0)
(-0.437931 -0.645194 0)
(-0.403248 -0.647135 0)
(-0.368269 -0.648704 0)
(-0.333109 -0.649979 0)
(-0.297853 -0.651019 0)
(-0.262565 -0.651872 0)
(-0.227288 -0.652572 0)
(-0.19205 -0.653148 0)
(-0.156871 -0.653624 0)
(-0.121761 -0.654016 0)
(-0.0867267 -0.654341 0)
(-0.0517704 -0.65461 0)
(-0.0168913 -0.654833 0)
(0.0179128 -0.655017 0)
(0.0526458 -0.65517 0)
(0.0873121 -0.655297 0)
(0.121917 -0.655402 0)
(0.156465 -0.655489 0)
(0.190962 -0.655561 0)
(0.225414 -0.65562 0)
(0.259826 -0.655668 0)
(0.294203 -0.655706 0)
(0.32855 -0.655736 0)
(0.362871 -0.65576 0)
(0.397172 -0.655777 0)
(0.431457 -0.655788 0)
(0.465731 -0.655793 0)
(0.5 -0.655794 0)
(0.5 0.671866 0)
(0.465687 0.671865 0)
(0.431369 0.671859 0)
(0.397039 0.671847 0)
(0.362693 0.671828 0)
(0.328325 0.671803 0)
(0.293931 0.67177 0)
(0.259505 0.671728 0)
(0.225042 0.671675 0)
(0.190536 0.671611 0)
(0.155982 0.671532 0)
(0.121374 0.671437 0)
(0.0867061 0.671322 0)
(0.0519729 0.671183 0)
(0.0171688 0.671015 0)
(-0.017711 0.670812 0)
(-0.0526707 0.670568 0)
(-0.0877132 0.670273 0)
(-0.122839 0.669917 0)
(-0.158048 0.669486 0)
(-0.193332 0.668964 0)
(-0.228683 0.668331 0)
(-0.26408 0.667563 0)
(-0.299497 0.666627 0)
(-0.334892 0.665486 0)
(-0.370203 0.664089 0)
(-0.405348 0.662373 0)
(-0.440221 0.660255 0)
(-0.474691 0.65763 0)
(-0.508629 0.65436 0)
(-0.54194 0.650286 0)
(-0.574599 0.645249 0)
(-0.606641 0.639123 0)
(-0.638113 0.631818 0)
(-0.669047 0.623269 0)
(-0.699453 0.613432 0)
(-0.729323 0.602275 0)
(-0.758629 0.589778 0)
(-0.787328 0.575931 0)
(-0.815369 0.560732 0)
(-0.842691 0.54419 0)
(-0.869228 0.526321 0)
(-0.894912 0.507149 0)
(-0.919672 0.486705 0)
(-0.943439 0.465027 0)
(-0.966143 0.442159 0)
(-0.987718 0.418152 0)
(-1.0081 0.39306 0)
(-1.02723 0.366945 0)
(-1.04504 0.339868 0)
(-1.06149 0.3119 0)
(-1.07652 0.28311 0)
(-1.09009 0.253574 0)
(-1.10216 0.223367 0)
(-1.1127 0.192569 0)
(-1.12167 0.161261 0)
(-1.12904 0.129526 0)
(-1.1348 0.0974466 0)
(-1.13892 0.0651091 0)
(-1.1414 0.0325988 0)
(-1.14223 1.66719e-06 0)
(-1.1414 -0.0325954 0)
(-1.13892 -0.0651059 0)
(-1.1348 -0.0974434 0)
(-1.12904 -0.129523 0)
(-1.12167 -0.161258 0)
(-1.1127 -0.192566 0)
(-1.10217 -0.223364 0)
(-1.09009 -0.253571 0)
(-1.07652 -0.283108 0)
(-1.06149 -0.311898 0)
(-1.04504 -0.339867 0)
(-1.02723 -0.366943 0)
(-1.0081 -0.393059 0)
(-0.987719 -0.418151 0)
(-0.966144 -0.442158 0)
(-0.94344 -0.465026 0)
(-0.919673 -0.486704 0)
(-0.894912 -0.507149 0)
(-0.869229 -0.526321 0)
(-0.842691 -0.54419 0)
(-0.815369 -0.560732 0)
(-0.787328 -0.575931 0)
(-0.758629 -0.589778 0)
(-0.729324 -0.602275 0)
(-0.699454 -0.613432 0)
(-0.669047 -0.623269 0)
(-0.638113 -0.631818 0)
(-0.606641 -0.639123 0)
(-0.574599 -0.645249 0)
(-0.54194 -0.650286 0)
(-0.508629 -0.65436 0)
(-0.474691 -0.65763 0)
(-0.440221 -0.660255 0)
(-0.405348 -0.662372 0)
(-0.370203 -0.664089 0)
(-0.334892 -0.665486 0)
(-0.299498 -0.666627 0)
(-0.26408 -0.667563 0)
(-0.228683 -0.668331 0)
(-0.193332 -0.668964 0)
(-0.158048 -0.669486 0)
(-0.122839 -0.669917 0)
(-0.0877132 -0.670273 0)
(-0.0526708 -0.670568 0)
(-0.017711 -0.670812 0)
(0.0171688 -0.671015 0)
(0.0519728 -0.671183 0)
(0.086706 -0.671322 0)
(0.121374 -0.671437 0)
(0.155982 -0.671532 0)
(0.190536 -0.671611 0)
(0.225042 -0.671675 0)
(0.259505 -0.671728 0)
(0.293931 -0.67177 0)
(0.328325 -0.671803 0)
(0.362693 -0.671828 0)
(0.397039 -0.671847 0)
(0.431369 -0.671859 0)
(0.465687 -0.671865 0)
(0.5 -0.671866 0)
(0.5 0.688494 0)
(0.465642 0.688493 0)
(0.431279 0.688487 0)
(0.396903 0.688473 0)
(0.36251 0.688453 0)
(0.328095 0.688426 0)
(0.293652 0.688389 0)
(0.259175 0.688344 0)
(0.224659 0.688287 0)
(0.190098 0.688217 0)
(0.155485 0.688131 0)
(0.120816 0.688028 0)
(0.0860832 0.687902 0)
(0.051281 0.687751 0)
(0.0164035 0.687568 0)
(-0.0185546 0.687347 0)
(-0.053598 0.687081 0)
(-0.0887299 0.68676 0)
(-0.123952 0.686372 0)
(-0.159263 0.685902 0)
(-0.194658 0.685334 0)
(-0.230127 0.684644 0)
(-0.265652 0.683806 0)
(-0.301206 0.682787 0)
(-0.33675 0.681543 0)
(-0.372224 0.680023 0)
(-0.407551 0.67816 0)
(-0.442631 0.675867 0)
(-0.477347 0.673037 0)
(-0.511583 0.669537 0)
(-0.545253 0.665216 0)
(-0.578332 0.659923 0)
(-0.610838 0.653538 0)
(-0.642805 0.645968 0)
(-0.674254 0.637146 0)
(-0.705187 0.627025 0)
(-0.735589 0.615569 0)
(-0.765429 0.602756 0)
(-0.794663 0.588573 0)
(-0.823233 0.573017 0)
(-0.851078 0.556096 0)
(-0.87813 0.537823 0)
(-0.904317 0.518223 0)
(-0.929567 0.497327 0)
(-0.953808 0.475173 0)
(-0.976969 0.451804 0)
(-0.998981 0.427273 0)
(-1.01978 0.401635 0)
(-1.0393 0.37495 0)
(-1.05748 0.347285 0)
(-1.07426 0.318707 0)
(-1.08961 0.28929 0)
(-1.10347 0.25911 0)
(-1.11579 0.228245 0)
(-1.12655 0.196775 0)
(-1.1357 0.164784 0)
(-1.14323 0.132356 0)
(-1.14911 0.0995762 0)
(-1.15332 0.0665321 0)
(-1.15585 0.0333113 0)
(-1.1567 1.81593e-06 0)
(-1.15586 -0.0333077 0)
(-1.15332 -0.0665286 0)
(-1.14911 -0.0995727 0)
(-1.14323 -0.132353 0)
(-1.1357 -0.164781 0)
(-1.12655 -0.196772 0)
(-1.11579 -0.228242 0)
(-1.10347 -0.259108 0)
(-1.08961 -0.289288 0)
(-1.07427 -0.318705 0)
(-1.05748 -0.347283 0)
(-1.0393 -0.374949 0)
(-1.01978 -0.401634 0)
(-0.998982 -0.427272 0)
(-0.97697 -0.451803 0)
(-0.953809 -0.475172 0)
(-0.929568 -0.497326 0)
(-0.904318 -0.518223 0)
(-0.87813 -0.537823 0)
(-0.851079 -0.556095 0)
(-0.823234 -0.573017 0)
(-0.794663 -0.588573 0)
(-0.76543 -0.602756 0)
(-0.73559 -0.615569 0)
(-0.705187 -0.627025 0)
(-0.674254 -0.637146 0)
(-0.642806 -0.645967 0)
(-0.610839 -0.653537 0)
(-0.578332 -0.659923 0)
(-0.545254 -0.665216 0)
(-0.511583 -0.669537 0)
(-0.477347 -0.673037 0)
(-0.442631 -0.675867 0)
(-0.407551 -0.67816 0)
(-0.372224 -0.680023 0)
(-0.33675 -0.681543 0)
(-0.301207 -0.682787 0)
(-0.265652 -0.683806 0)
(-0.230127 -0.684644 0)
(-0.194658 -0.685334 0)
(-0.159263 -0.685902 0)
(-0.123952 -0.686372 0)
(-0.0887299 -0.68676 0)
(-0.053598 -0.687081 0)
(-0.0185547 -0.687347 0)
(0.0164035 -0.687568 0)
(0.0512809 -0.687751 0)
(0.0860831 -0.687902 0)
(0.120816 -0.688028 0)
(0.155485 -0.688131 0)
(0.190098 -0.688217 0)
(0.224659 -0.688287 0)
(0.259175 -0.688344 0)
(0.293652 -0.688389 0)
(0.328095 -0.688426 0)
(0.36251 -0.688453 0)
(0.396903 -0.688473 0)
(0.431279 -0.688487 0)
(0.465642 -0.688493 0)
(0.5 -0.688494 0)
(0.5 0.705605 0)
(0.465596 0.705605 0)
(0.431186 0.705598 0)
(0.396764 0.705583 0)
(0.362324 0.705562 0)
(0.32786 0.705532 0)
(0.293367 0.705493 0)
(0.258838 0.705443 0)
(0.224268 0.705382 0)
(0.18965 0.705306 0)
(0.154979 0.705214 0)
(0.120246 0.705102 0)
(0.0854469 0.704966 0)
(0.0505739 0.704803 0)
(0.0156211 0.704605 0)
(-0.0194176 0.704366 0)
(-0.0545471 0.704079 0)
(-0.0897713 0.703731 0)
(-0.125093 0.703311 0)
(-0.16051 0.702803 0)
(-0.19602 0.702187 0)
(-0.231613 0.70144 0)
(-0.267272 0.700534 0)
(-0.302973 0.69943 0)
(-0.338675 0.698085 0)
(-0.374324 0.696443 0)
(-0.409848 0.694433 0)
(-0.445152 0.691967 0)
(-0.480132 0.688937 0)
(-0.514683 0.685212 0)
(-0.548729 0.680647 0)
(-0.58224 0.675102 0)
(-0.615223 0.668458 0)
(-0.647697 0.660621 0)
(-0.679674 0.651524 0)
(-0.711149 0.641113 0)
(-0.742101 0.629351 0)
(-0.772494 0.616213 0)
(-0.802279 0.601683 0)
(-0.831398 0.585759 0)
(-0.859785 0.568445 0)
(-0.88737 0.549755 0)
(-0.914079 0.529712 0)
(-0.939837 0.508348 0)
(-0.96457 0.4857 0)
(-0.988205 0.461812 0)
(-1.01067 0.436738 0)
(-1.0319 0.410532 0)
(-1.05182 0.383258 0)
(-1.07038 0.35498 0)
(-1.08753 0.325771 0)
(-1.1032 0.295704 0)
(-1.11735 0.264856 0)
(-1.12993 0.233307 0)
(-1.14092 0.20114 0)
(-1.15027 0.16844 0)
(-1.15796 0.135293 0)
(-1.16397 0.101786 0)
(-1.16827 0.0680088 0)
(-1.17085 0.0340507 0)
(-1.17172 1.97188e-06 0)
(-1.17085 -0.0340468 0)
(-1.16827 -0.068005 0)
(-1.16397 -0.101782 0)
(-1.15796 -0.135289 0)
(-1.15027 -0.168437 0)
(-1.14092 -0.201137 0)
(-1.12993 -0.233304 0)
(-1.11735 -0.264853 0)
(-1.1032 -0.295701 0)
(-1.08753 -0.325769 0)
(-1.07039 -0.354978 0)
(-1.05182 -0.383256 0)
(-1.0319 -0.410531 0)
(-1.01067 -0.436737 0)
(-0.988206 -0.461811 0)
(-0.964571 -0.485699 0)
(-0.939838 -0.508347 0)
(-0.91408 -0.529712 0)
(-0.887371 -0.549755 0)
(-0.859786 -0.568444 0)
(-0.831399 -0.585759 0)
(-0.80228 -0.601683 0)
(-0.772494 -0.616212 0)
(-0.742101 -0.629351 0)
(-0.711149 -0.641113 0)
(-0.679674 -0.651524 0)
(-0.647698 -0.660621 0)
(-0.615223 -0.668458 0)
(-0.58224 -0.675102 0)
(-0.54873 -0.680647 0)
(-0.514684 -0.685212 0)
(-0.480132 -0.688937 0)
(-0.445152 -0.691967 0)
(-0.409848 -0.694433 0)
(-0.374324 -0.696443 0)
(-0.338675 -0.698085 0)
(-0.302973 -0.69943 0)
(-0.267273 -0.700533 0)
(-0.231613 -0.70144 0)
(-0.19602 -0.702187 0)
(-0.16051 -0.702803 0)
(-0.125093 -0.703311 0)
(-0.0897714 -0.703731 0)
(-0.0545471 -0.704079 0)
(-0.0194176 -0.704366 0)
(0.015621 -0.704605 0)
(0.0505739 -0.704803 0)
(0.0854469 -0.704966 0)
(0.120246 -0.705102 0)
(0.154979 -0.705214 0)
(0.18965 -0.705306 0)
(0.224268 -0.705382 0)
(0.258838 -0.705443 0)
(0.293367 -0.705493 0)
(0.32786 -0.705532 0)
(0.362324 -0.705562 0)
(0.396764 -0.705583 0)
(0.431186 -0.705598 0)
(0.465596 -0.705605 0)
(0.5 -0.705605 0)
(0.5 0.723133 0)
(0.46555 0.723133 0)
(0.431093 0.723125 0)
(0.396624 0.72311 0)
(0.362135 0.723086 0)
(0.327622 0.723054 0)
(0.293078 0.723012 0)
(0.258497 0.722959 0)
(0.223872 0.722893 0)
(0.189196 0.722812 0)
(0.154464 0.722713 0)
(0.119668 0.722593 0)
(0.0848006 0.722447 0)
(0.0498554 0.722271 0)
(0.0148255 0.722059 0)
(-0.0202955 0.721803 0)
(-0.0555133 0.721493 0)
(-0.0908324 0.72112 0)
(-0.126256 0.720668 0)
(-0.161784 0.720121 0)
(-0.197413 0.719459 0)
(-0.233135 0.718656 0)
(-0.268935 0.717681 0)
(-0.304788 0.716495 0)
(-0.340659 0.71505 0)
(-0.376495 0.713287 0)
(-0.412228 0.711133 0)
(-0.447774 0.708498 0)
(-0.483035 0.705272 0)
(-0.517918 0.701328 0)
(-0.552353 0.696527 0)
(-0.586307 0.690733 0)
(-0.619777 0.683832 0)
(-0.65277 0.675728 0)
(-0.685289 0.666352 0)
(-0.71732 0.655646 0)
(-0.748836 0.643573 0)
(-0.779798 0.630102 0)
(-0.810152 0.615218 0)
(-0.839836 0.598915 0)
(-0.868783 0.581197 0)
(-0.896918 0.562077 0)
(-0.924166 0.541578 0)
(-0.950449 0.519731 0)
(-0.97569 0.496573 0)
(-0.999814 0.47215 0)
(-1.02275 0.446514 0)
(-1.04442 0.419723 0)
(-1.06477 0.391839 0)
(-1.08372 0.36293 0)
(-1.10123 0.333068 0)
(-1.11723 0.302329 0)
(-1.13169 0.270791 0)
(-1.14454 0.238536 0)
(-1.15577 0.20565 0)
(-1.16532 0.172217 0)
(-1.17318 0.138327 0)
(-1.17931 0.104069 0)
(-1.18371 0.0695343 0)
(-1.18635 0.0348146 0)
(-1.18723 2.13641e-06 0)
(-1.18635 -0.0348103 0)
(-1.18371 -0.0695301 0)
(-1.17931 -0.104065 0)
(-1.17318 -0.138323 0)
(-1.16532 -0.172213 0)
(-1.15577 -0.205646 0)
(-1.14455 -0.238533 0)
(-1.13169 -0.270788 0)
(-1.11723 -0.302326 0)
(-1.10123 -0.333066 0)
(-1.08372 -0.362928 0)
(-1.06477 -0.391837 0)
(-1.04442 -0.419721 0)
(-1.02275 -0.446513 0)
(-0.999815 -0.472149 0)
(-0.975691 -0.496572 0)
(-0.950449 -0.51973 0)
(-0.924167 -0.541578 0)
(-0.896919 -0.562077 0)
(-0.868784 -0.581197 0)
(-0.839837 -0.598915 0)
(-0.810152 -0.615218 0)
(-0.779798 -0.630102 0)
(-0.748837 -0.643572 0)
(-0.71732 -0.655646 0)
(-0.685289 -0.666351 0)
(-0.652771 -0.675728 0)
(-0.619777 -0.683832 0)
(-0.586307 -0.690733 0)
(-0.552353 -0.696527 0)
(-0.517918 -0.701328 0)
(-0.483035 -0.705272 0)
(-0.447774 -0.708498 0)
(-0.412229 -0.711133 0)
(-0.376495 -0.713287 0)
(-0.340659 -0.71505 0)
(-0.304788 -0.716495 0)
(-0.268935 -0.717681 0)
(-0.233135 -0.718656 0)
(-0.197413 -0.719459 0)
(-0.161784 -0.720121 0)
(-0.126256 -0.720668 0)
(-0.0908325 -0.72112 0)
(-0.0555133 -0.721493 0)
(-0.0202955 -0.721803 0)
(0.0148255 -0.722059 0)
(0.0498554 -0.722271 0)
(0.0848005 -0.722447 0)
(0.119668 -0.722593 0)
(0.154464 -0.722713 0)
(0.189196 -0.722812 0)
(0.223872 -0.722893 0)
(0.258497 -0.722959 0)
(0.293078 -0.723012 0)
(0.327622 -0.723054 0)
(0.362135 -0.723086 0)
(0.396624 -0.72311 0)
(0.431093 -0.723125 0)
(0.46555 -0.723133 0)
(0.5 -0.723133 0)
(0.5 0.741016 0)
(0.465503 0.741016 0)
(0.430999 0.741007 0)
(0.396482 0.740991 0)
(0.361945 0.740966 0)
(0.327382 0.740932 0)
(0.292787 0.740887 0)
(0.258152 0.740831 0)
(0.223472 0.74076 0)
(0.188738 0.740674 0)
(0.153944 0.740568 0)
(0.119083 0.74044 0)
(0.0841472 0.740284 0)
(0.0491288 0.740097 0)
(0.0140206 0.73987 0)
(-0.0211842 0.739596 0)
(-0.0564921 0.739266 0)
(-0.0919083 0.738867 0)
(-0.127436 0.738384 0)
(-0.163078 0.7378 0)
(-0.19883 0.737092 0)
(-0.234686 0.736234 0)
(-0.270632 0.735192 0)
(-0.306646 0.733924 0)
(-0.342694 0.732381 0)
(-0.378728 0.7305 0)
(-0.414684 0.728206 0)
(-0.450485 0.725406 0)
(-0.486043 0.72199 0)
(-0.521273 0.717834 0)
(-0.55611 0.712803 0)
(-0.590518 0.706767 0)
(-0.624485 0.699611 0)
(-0.658008 0.691241 0)
(-0.691079 0.681584 0)
(-0.723678 0.670582 0)
(-0.755773 0.658192 0)
(-0.787318 0.644383 0)
(-0.818256 0.629137 0)
(-0.848522 0.612446 0)
(-0.878043 0.594314 0)
(-0.906744 0.574754 0)
(-0.934546 0.553786 0)
(-0.961369 0.531442 0)
(-0.987133 0.507761 0)
(-1.01176 0.482787 0)
(-1.03518 0.456574 0)
(-1.05731 0.42918 0)
(-1.07809 0.400669 0)
(-1.09745 0.371111 0)
(-1.11533 0.340577 0)
(-1.13168 0.309146 0)
(-1.14645 0.276899 0)
(-1.15958 0.243918 0)
(-1.17105 0.21029 0)
(-1.18081 0.176104 0)
(-1.18884 0.141449 0)
(-1.19511 0.106418 0)
(-1.1996 0.0711041 0)
(-1.2023 0.0356007 0)
(-1.2032 2.30988e-06 0)
(-1.2023 -0.0355961 0)
(-1.1996 -0.0710996 0)
(-1.19511 -0.106414 0)
(-1.18884 -0.141445 0)
(-1.18081 -0.1761 0)
(-1.17105 -0.210286 0)
(-1.15958 -0.243914 0)
(-1.14645 -0.276896 0)
(-1.13168 -0.309144 0)
(-1.11533 -0.340575 0)
(-1.09745 -0.371109 0)
(-1.07809 -0.400668 0)
(-1.05731 -0.429179 0)
(-1.03518 -0.456573 0)
(-1.01176 -0.482786 0)
(-0.987134 -0.50776 0)
(-0.96137 -0.531441 0)
(-0.934547 -0.553785 0)
(-0.906745 -0.574753 0)
(-0.878044 -0.594314 0)
(-0.848522 -0.612446 0)
(-0.818257 -0.629136 0)
(-0.787319 -0.644382 0)
(-0.755774 -0.658191 0)
(-0.723679 -0.670582 0)
(-0.691079 -0.681584 0)
(-0.658008 -0.691241 0)
(-0.624485 -0.699611 0)
(-0.590518 -0.706767 0)
(-0.55611 -0.712803 0)
(-0.521274 -0.717834 0)
(-0.486043 -0.72199 0)
(-0.450485 -0.725406 0)
(-0.414684 -0.728206 0)
(-0.378728 -0.7305 0)
(-0.342694 -0.732381 0)
(-0.306646 -0.733924 0)
(-0.270632 -0.735192 0)
(-0.234686 -0.736234 0)
(-0.19883 -0.737092 0)
(-0.163078 -0.7378 0)
(-0.127436 -0.738384 0)
(-0.0919084 -0.738867 0)
(-0.0564922 -0.739266 0)
(-0.0211843 -0.739596 0)
(0.0140206 -0.73987 0)
(0.0491288 -0.740097 0)
(0.0841472 -0.740284 0)
(0.119083 -0.74044 0)
(0.153944 -0.740568 0)
(0.188738 -0.740674 0)
(0.223472 -0.74076 0)
(0.258152 -0.740831 0)
(0.292787 -0.740887 0)
(0.327382 -0.740932 0)
(0.361945 -0.740966 0)
(0.396482 -0.740991 0)
(0.430999 -0.741007 0)
(0.465503 -0.741016 0)
(0.5 -0.741016 0)
(0.5 0.7592 0)
(0.465456 0.7592 0)
(0.430904 0.759191 0)
(0.396339 0.759174 0)
(0.361754 0.759148 0)
(0.327141 0.759111 0)
(0.292494 0.759064 0)
(0.257806 0.759004 0)
(0.223069 0.758929 0)
(0.188277 0.758837 0)
(0.153422 0.758725 0)
(0.118495 0.758589 0)
(0.0834897 0.758424 0)
(0.0483972 0.758225 0)
(0.0132098 0.757984 0)
(-0.0220801 0.757694 0)
(-0.0574796 0.757343 0)
(-0.0929946 0.756919 0)
(-0.12863 0.756406 0)
(-0.164387 0.755786 0)
(-0.200266 0.755034 0)
(-0.23626 0.754122 0)
(-0.272358 0.753014 0)
(-0.308539 0.751668 0)
(-0.344773 0.750029 0)
(-0.381015 0.748034 0)
(-0.417206 0.745604 0)
(-0.453276 0.742645 0)
(-0.489145 0.739047 0)
(-0.524736 0.734687 0)
(-0.559986 0.729433 0)
(-0.594858 0.72316 0)
(-0.629331 0.715753 0)
(-0.663393 0.707119 0)
(-0.697028 0.697181 0)
(-0.730207 0.68588 0)
(-0.762893 0.673169 0)
(-0.795034 0.659017 0)
(-0.826569 0.643402 0)
(-0.85743 0.626317 0)
(-0.887541 0.607762 0)
(-0.916822 0.587751 0)
(-0.945193 0.566304 0)
(-0.972569 0.543452 0)
(-0.99887 0.519234 0)
(-1.02401 0.493696 0)
(-1.04793 0.466891 0)
(-1.07053 0.43888 0)
(-1.09175 0.409726 0)
(-1.11153 0.379501 0)
(-1.12979 0.348279 0)
(-1.1465 0.316139 0)
(-1.16158 0.283163 0)
(-1.17501 0.249437 0)
(-1.18672 0.215049 0)
(-1.1967 0.18009 0)
(-1.2049 0.144651 0)
(-1.21131 0.108828 0)
(-1.2159 0.0727143 0)
(-1.21866 0.0364069 0)
(-1.21958 2.49218e-06 0)
(-1.21866 -0.036402 0)
(-1.2159 -0.0727094 0)
(-1.21131 -0.108823 0)
(-1.2049 -0.144647 0)
(-1.1967 -0.180086 0)
(-1.18672 -0.215045 0)
(-1.17501 -0.249434 0)
(-1.16159 -0.28316 0)
(-1.1465 -0.316136 0)
(-1.1298 -0.348276 0)
(-1.11153 -0.379499 0)
(-1.09175 -0.409724 0)
(-1.07053 -0.438878 0)
(-1.04793 -0.46689 0)
(-1.02402 -0.493695 0)
(-0.998871 -0.519233 0)
(-0.97257 -0.543451 0)
(-0.945194 -0.566303 0)
(-0.916823 -0.58775 0)
(-0.887542 -0.607762 0)
(-0.857431 -0.626316 0)
(-0.82657 -0.643402 0)
(-0.795034 -0.659016 0)
(-0.762893 -0.673169 0)
(-0.730208 -0.68588 0)
(-0.697028 -0.697181 0)
(-0.663394 -0.707119 0)
(-0.629332 -0.715753 0)
(-0.594858 -0.723159 0)
(-0.559987 -0.729433 0)
(-0.524736 -0.734687 0)
(-0.489146 -0.739047 0)
(-0.453277 -0.742645 0)
(-0.417206 -0.745604 0)
(-0.381015 -0.748034 0)
(-0.344773 -0.750029 0)
(-0.30854 -0.751668 0)
(-0.272358 -0.753014 0)
(-0.23626 -0.754122 0)
(-0.200266 -0.755034 0)
(-0.164387 -0.755786 0)
(-0.12863 -0.756406 0)
(-0.0929947 -0.756919 0)
(-0.0574796 -0.757343 0)
(-0.0220802 -0.757694 0)
(0.0132097 -0.757984 0)
(0.0483971 -0.758225 0)
(0.0834896 -0.758424 0)
(0.118495 -0.758589 0)
(0.153422 -0.758725 0)
(0.188277 -0.758837 0)
(0.223069 -0.758929 0)
(0.257806 -0.759004 0)
(0.292494 -0.759064 0)
(0.327141 -0.759111 0)
(0.361754 -0.759148 0)
(0.396339 -0.759174 0)
(0.430904 -0.759191 0)
(0.465456 -0.7592 0)
(0.5 -0.7592 0)
(0.5 0.777638 0)
(0.465409 0.777638 0)
(0.43081 0.777628 0)
(0.396197 0.77761 0)
(0.361562 0.777582 0)
(0.326899 0.777544 0)
(0.292201 0.777494 0)
(0.257459 0.777431 0)
(0.222666 0.777352 0)
(0.187815 0.777255 0)
(0.152898 0.777137 0)
(0.117906 0.776993 0)
(0.0828304 0.776819 0)
(0.0476633 0.776609 0)
(0.012396 0.776355 0)
(-0.0229798 0.776048 0)
(-0.0584719 0.775678 0)
(-0.0940872 0.77523 0)
(-0.129831 0.774688 0)
(-0.165707 0.774033 0)
(-0.201715 0.773238 0)
(-0.237852 0.772275 0)
(-0.274107 0.771104 0)
(-0.310462 0.769682 0)
(-0.346888 0.767952 0)
(-0.383348 0.765847 0)
(-0.419785 0.763287 0)
(-0.456137 0.760175 0)
(-0.49233 0.756402 0)
(-0.528294 0.751845 0)
(-0.563969 0.746377 0)
(-0.599313 0.739872 0)
(-0.634301 0.73222 0)
(-0.668911 0.723324 0)
(-0.703119 0.713106 0)
(-0.736889 0.701505 0)
(-0.770176 0.688471 0)
(-0.802926 0.673971 0)
(-0.835072 0.657983 0)
(-0.866541 0.640496 0)
(-0.897254 0.621511 0)
(-0.927129 0.60104 0)
(-0.956081 0.579104 0)
(-0.984024 0.555733 0)
(-1.01087 0.530967 0)
(-1.03655 0.504852 0)
(-1.06096 0.477443 0)
(-1.08405 0.4488 0)
(-1.10572 0.418989 0)
(-1.12592 0.388082 0)
(-1.14459 0.356156 0)
(-1.16165 0.32329 0)
(-1.17707 0.28957 0)
(-1.19078 0.255082 0)
(-1.20276 0.219917 0)
(-1.21295 0.184167 0)
(-1.22133 0.147927 0)
(-1.22788 0.111292 0)
(-1.23257 0.0743611 0)
(-1.23539 0.0372316 0)
(-1.23633 2.68324e-06 0)
(-1.23539 -0.0372263 0)
(-1.23257 -0.0743559 0)
(-1.22788 -0.111287 0)
(-1.22133 -0.147922 0)
(-1.21295 -0.184163 0)
(-1.20276 -0.219913 0)
(-1.19078 -0.255079 0)
(-1.17707 -0.289567 0)
(-1.16165 -0.323287 0)
(-1.14459 -0.356153 0)
(-1.12593 -0.38808 0)
(-1.10572 -0.418987 0)
(-1.08405 -0.448798 0)
(-1.06096 -0.477441 0)
(-1.03655 -0.504851 0)
(-1.01087 -0.530966 0)
(-0.984025 -0.555732 0)
(-0.956082 -0.579103 0)
(-0.92713 -0.601039 0)
(-0.897255 -0.62151 0)
(-0.866541 -0.640495 0)
(-0.835072 -0.657982 0)
(-0.802926 -0.673971 0)
(-0.770177 -0.688471 0)
(-0.736889 -0.701504 0)
(-0.703119 -0.713106 0)
(-0.668912 -0.723324 0)
(-0.634302 -0.73222 0)
(-0.599313 -0.739872 0)
(-0.563969 -0.746377 0)
(-0.528294 -0.751845 0)
(-0.492331 -0.756402 0)
(-0.456137 -0.760175 0)
(-0.419786 -0.763287 0)
(-0.383348 -0.765847 0)
(-0.346889 -0.767952 0)
(-0.310462 -0.769682 0)
(-0.274107 -0.771104 0)
(-0.237852 -0.772275 0)
(-0.201716 -0.773238 0)
(-0.165707 -0.774033 0)
(-0.129831 -0.774688 0)
(-0.0940873 -0.77523 0)
(-0.058472 -0.775678 0)
(-0.0229799 -0.776048 0)
(0.0123959 -0.776355 0)
(0.0476633 -0.776609 0)
(0.0828304 -0.776819 0)
(0.117906 -0.776993 0)
(0.152898 -0.777137 0)
(0.187815 -0.777255 0)
(0.222666 -0.777352 0)
(0.257459 -0.777431 0)
(0.292201 -0.777494 0)
(0.326899 -0.777544 0)
(0.361562 -0.777582 0)
(0.396197 -0.77761 0)
(0.43081 -0.777628 0)
(0.465409 -0.777638 0)
(0.5 -0.777638 0)
(0.5 0.796288 0)
(0.465362 0.796288 0)
(0.430716 0.796278 0)
(0.396055 0.796259 0)
(0.361372 0.79623 0)
(0.326659 0.79619 0)
(0.291908 0.796137 0)
(0.257113 0.796071 0)
(0.222264 0.795988 0)
(0.187355 0.795887 0)
(0.152375 0.795763 0)
(0.117317 0.795612 0)
(0.0821718 0.795429 0)
(0.0469298 0.795209 0)
(0.0115821 0.794942 0)
(-0.0238802 0.79462 0)
(-0.0594658 0.794231 0)
(-0.0951825 0.79376 0)
(-0.131037 0.793191 0)
(-0.167033 0.792502 0)
(-0.203174 0.791667 0)
(-0.239456 0.790654 0)
(-0.275872 0.789424 0)
(-0.312406 0.787929 0)
(-0.349034 0.786112 0)
(-0.385719 0.783902 0)
(-0.422413 0.781218 0)
(-0.459058 0.777961 0)
(-0.495587 0.774021 0)
(-0.531935 0.769276 0)
(-0.568044 0.763601 0)
(-0.60387 0.756872 0)
(-0.639381 0.748978 0)
(-0.674548 0.739824 0)
(-0.709337 0.729327 0)
(-0.743708 0.717425 0)
(-0.777608 0.704067 0)
(-0.810977 0.689217 0)
(-0.843745 0.67285 0)
(-0.875834 0.654955 0)
(-0.907162 0.635534 0)
(-0.937642 0.614595 0)
(-0.967188 0.592161 0)
(-0.995709 0.568262 0)
(-1.02312 0.542937 0)
(-1.04933 0.516234 0)
(-1.07427 0.488209 0)
(-1.09784 0.458921 0)
(-1.11998 0.42844 0)
(-1.14062 0.396838 0)
(-1.15968 0.364193 0)
(-1.17712 0.330588 0)
(-1.19287 0.296108 0)
(-1.20688 0.260842 0)
(-1.21911 0.224884 0)
(-1.22953 0.188327 0)
(-1.2381 0.151269 0)
(-1.24479 0.113807 0)
(-1.24958 0.0760415 0)
(-1.25246 0.038073 0)
(-1.25343 2.88309e-06 0)
(-1.25246 -0.0380673 0)
(-1.24958 -0.0760359 0)
(-1.24479 -0.113802 0)
(-1.2381 -0.151264 0)
(-1.22953 -0.188323 0)
(-1.21911 -0.22488 0)
(-1.20688 -0.260838 0)
(-1.19287 -0.296104 0)
(-1.17712 -0.330585 0)
(-1.15968 -0.36419 0)
(-1.14062 -0.396836 0)
(-1.11998 -0.428438 0)
(-1.09784 -0.458919 0)
(-1.07427 -0.488207 0)
(-1.04933 -0.516233 0)
(-1.02312 -0.542936 0)
(-0.99571 -0.568261 0)
(-0.967189 -0.59216 0)
(-0.937643 -0.614594 0)
(-0.907163 -0.635533 0)
(-0.875835 -0.654955 0)
(-0.843746 -0.672849 0)
(-0.810978 -0.689216 0)
(-0.777609 -0.704067 0)
(-0.743708 -0.717425 0)
(-0.709338 -0.729327 0)
(-0.674549 -0.739823 0)
(-0.639382 -0.748978 0)
(-0.603871 -0.756872 0)
(-0.568044 -0.763601 0)
(-0.531935 -0.769276 0)
(-0.495588 -0.77402 0)
(-0.459059 -0.777961 0)
(-0.422414 -0.781218 0)
(-0.385719 -0.783902 0)
(-0.349034 -0.786112 0)
(-0.312406 -0.787929 0)
(-0.275872 -0.789424 0)
(-0.239456 -0.790654 0)
(-0.203174 -0.791667 0)
(-0.167033 -0.792502 0)
(-0.131037 -0.793191 0)
(-0.0951825 -0.79376 0)
(-0.0594659 -0.794231 0)
(-0.0238803 -0.79462 0)
(0.0115821 -0.794942 0)
(0.0469297 -0.795209 0)
(0.0821717 -0.795429 0)
(0.117317 -0.795612 0)
(0.152375 -0.795763 0)
(0.187355 -0.795887 0)
(0.222264 -0.795988 0)
(0.257113 -0.796071 0)
(0.291908 -0.796137 0)
(0.326659 -0.79619 0)
(0.361372 -0.79623 0)
(0.396055 -0.796259 0)
(0.430716 -0.796278 0)
(0.465362 -0.796288 0)
(0.5 -0.796288 0)
(0.5 0.815116 0)
(0.465315 0.815115 0)
(0.430622 0.815105 0)
(0.395914 0.815085 0)
(0.361182 0.815055 0)
(0.326419 0.815013 0)
(0.291618 0.814958 0)
(0.256769 0.814889 0)
(0.221865 0.814803 0)
(0.186896 0.814697 0)
(0.151855 0.814567 0)
(0.116731 0.81441 0)
(0.0815157 0.814219 0)
(0.0461988 0.813989 0)
(0.0107707 0.81371 0)
(-0.0247785 0.813373 0)
(-0.0604581 0.812967 0)
(-0.096277 0.812475 0)
(-0.132243 0.81188 0)
(-0.168362 0.81116 0)
(-0.204637 0.810287 0)
(-0.241068 0.809227 0)
(-0.277649 0.80794 0)
(-0.314368 0.806377 0)
(-0.351202 0.804477 0)
(-0.388122 0.802169 0)
(-0.425082 0.799366 0)
(-0.46203 0.795972 0)
(-0.498906 0.791873 0)
(-0.535648 0.786949 0)
(-0.572201 0.781075 0)
(-0.608517 0.77413 0)
(-0.64456 0.766001 0)
(-0.680291 0.756591 0)
(-0.71567 0.745818 0)
(-0.750651 0.733616 0)
(-0.785173 0.719932 0)
(-0.819173 0.704728 0)
(-0.852573 0.687979 0)
(-0.885293 0.669672 0)
(-0.917247 0.649807 0)
(-0.948345 0.628394 0)
(-0.978494 0.605454 0)
(-1.0076 0.581018 0)
(-1.03559 0.555125 0)
(-1.06235 0.527824 0)
(-1.08781 0.499171 0)
(-1.11188 0.469228 0)
(-1.1345 0.438064 0)
(-1.15557 0.405754 0)
(-1.17505 0.372378 0)
(-1.19286 0.338019 0)
(-1.20895 0.302765 0)
(-1.22327 0.266708 0)
(-1.23577 0.229942 0)
(-1.24641 0.192564 0)
(-1.25517 0.154672 0)
(-1.26201 0.116368 0)
(-1.2669 0.0777528 0)
(-1.26985 0.03893 0)
(-1.27083 3.09172e-06 0)
(-1.26985 -0.0389238 0)
(-1.2669 -0.0777468 0)
(-1.26201 -0.116362 0)
(-1.25517 -0.154667 0)
(-1.24642 -0.192559 0)
(-1.23577 -0.229938 0)
(-1.22327 -0.266704 0)
(-1.20895 -0.302761 0)
(-1.19286 -0.338016 0)
(-1.17505 -0.372375 0)
(-1.15558 -0.405752 0)
(-1.1345 -0.438062 0)
(-1.11189 -0.469226 0)
(-1.08781 -0.499169 0)
(-1.06235 -0.527823 0)
(-1.03559 -0.555124 0)
(-1.00761 -0.581017 0)
(-0.978496 -0.605453 0)
(-0.948346 -0.628393 0)
(-0.917248 -0.649807 0)
(-0.885294 -0.669672 0)
(-0.852574 -0.687978 0)
(-0.819173 -0.704727 0)
(-0.785174 -0.719931 0)
(-0.750651 -0.733615 0)
(-0.715671 -0.745818 0)
(-0.680291 -0.75659 0)
(-0.64456 -0.766 0)
(-0.608518 -0.77413 0)
(-0.572201 -0.781075 0)
(-0.535649 -0.786949 0)
(-0.498907 -0.791873 0)
(-0.462031 -0.795972 0)
(-0.425082 -0.799366 0)
(-0.388122 -0.802169 0)
(-0.351203 -0.804477 0)
(-0.314368 -0.806377 0)
(-0.277649 -0.80794 0)
(-0.241068 -0.809227 0)
(-0.204637 -0.810287 0)
(-0.168362 -0.81116 0)
(-0.132243 -0.81188 0)
(-0.0962771 -0.812475 0)
(-0.0604582 -0.812967 0)
(-0.0247786 -0.813373 0)
(0.0107706 -0.81371 0)
(0.0461988 -0.813989 0)
(0.0815157 -0.814219 0)
(0.116731 -0.81441 0)
(0.151855 -0.814567 0)
(0.186896 -0.814697 0)
(0.221865 -0.814803 0)
(0.256769 -0.814889 0)
(0.291618 -0.814958 0)
(0.326419 -0.815013 0)
(0.361182 -0.815055 0)
(0.395914 -0.815085 0)
(0.430622 -0.815105 0)
(0.465315 -0.815115 0)
(0.5 -0.815116 0)
(0.5 0.834091 0)
(0.465269 0.83409 0)
(0.430529 0.83408 0)
(0.395774 0.834059 0)
(0.360994 0.834028 0)
(0.326182 0.833984 0)
(0.291329 0.833928 0)
(0.256428 0.833856 0)
(0.221468 0.833766 0)
(0.186441 0.833656 0)
(0.151338 0.833521 0)
(0.116149 0.833358 0)
(0.0808641 0.833159 0)
(0.0454725 0.83292 0)
(0.00996388 0.83263 0)
(-0.0256722 0.83228 0)
(-0.0614462 0.831857 0)
(-0.0973679 0.831346 0)
(-0.133446 0.830727 0)
(-0.169689 0.829977 0)
(-0.2061 0.829068 0)
(-0.242683 0.827966 0)
(-0.279433 0.826626 0)
(-0.31634 0.824999 0)
(-0.353388 0.823022 0)
(-0.390549 0.820621 0)
(-0.427784 0.817708 0)
(-0.465045 0.814183 0)
(-0.502278 0.809935 0)
(-0.539424 0.804841 0)
(-0.576428 0.798777 0)
(-0.613243 0.791621 0)
(-0.649824 0.783262 0)
(-0.686128 0.773601 0)
(-0.722106 0.762554 0)
(-0.757705 0.750053 0)
(-0.79286 0.736042 0)
(-0.827499 0.720483 0)
(-0.861542 0.703349 0)
(-0.894904 0.684626 0)
(-0.927495 0.664312 0)
(-0.959219 0.642419 0)
(-0.989984 0.618965 0)
(-1.01969 0.593984 0)
(-1.04826 0.567514 0)
(-1.07558 0.539606 0)
(-1.10157 0.510315 0)
(-1.12616 0.479706 0)
(-1.14925 0.447848 0)
(-1.17078 0.414819 0)
(-1.19067 0.380699 0)
(-1.20887 0.345574 0)
(-1.2253 0.309534 0)
(-1.23993 0.272672 0)
(-1.2527 0.235085 0)
(-1.26358 0.196871 0)
(-1.27252 0.158132 0)
(-1.27951 0.118971 0)
(-1.28451 0.0794925 0)
(-1.28752 0.0398011 0)
(-1.28853 3.30899e-06 0)
(-1.28752 -0.0397946 0)
(-1.28451 -0.0794861 0)
(-1.27951 -0.118965 0)
(-1.27252 -0.158126 0)
(-1.26358 -0.196866 0)
(-1.2527 -0.23508 0)
(-1.23993 -0.272667 0)
(-1.22531 -0.30953 0)
(-1.20887 -0.34557 0)
(-1.19067 -0.380696 0)
(-1.17078 -0.414816 0)
(-1.14925 -0.447846 0)
(-1.12616 -0.479703 0)
(-1.10158 -0.510313 0)
(-1.07558 -0.539604 0)
(-1.04826 -0.567513 0)
(-1.0197 -0.593983 0)
(-0.989985 -0.618964 0)
(-0.959221 -0.642418 0)
(-0.927496 -0.664312 0)
(-0.894905 -0.684625 0)
(-0.861543 -0.703348 0)
(-0.8275 -0.720483 0)
(-0.79286 -0.736042 0)
(-0.757705 -0.750052 0)
(-0.722107 -0.762554 0)
(-0.686128 -0.773601 0)
(-0.649825 -0.783262 0)
(-0.613244 -0.791621 0)
(-0.576429 -0.798777 0)
(-0.539424 -0.804841 0)
(-0.502278 -0.809935 0)
(-0.465045 -0.814183 0)
(-0.427784 -0.817708 0)
(-0.390549 -0.820621 0)
(-0.353388 -0.823022 0)
(-0.316341 -0.824999 0)
(-0.279433 -0.826626 0)
(-0.242683 -0.827966 0)
(-0.2061 -0.829068 0)
(-0.169689 -0.829977 0)
(-0.133446 -0.830727 0)
(-0.0973679 -0.831346 0)
(-0.0614462 -0.831857 0)
(-0.0256723 -0.83228 0)
(0.00996382 -0.83263 0)
(0.0454724 -0.83292 0)
(0.0808641 -0.833159 0)
(0.116149 -0.833358 0)
(0.151338 -0.833521 0)
(0.186441 -0.833656 0)
(0.221468 -0.833766 0)
(0.256428 -0.833856 0)
(0.291329 -0.833928 0)
(0.326182 -0.833984 0)
(0.360994 -0.834028 0)
(0.395774 -0.834059 0)
(0.430529 -0.83408 0)
(0.465269 -0.83409 0)
(0.5 -0.834091 0)
(0.5 0.853189 0)
(0.465223 0.853188 0)
(0.430437 0.853177 0)
(0.395635 0.853156 0)
(0.360808 0.853123 0)
(0.325947 0.853078 0)
(0.291044 0.85302 0)
(0.25609 0.852945 0)
(0.221076 0.852853 0)
(0.185991 0.852739 0)
(0.150827 0.852599 0)
(0.115573 0.85243 0)
(0.0802186 0.852225 0)
(0.0447526 0.851977 0)
(0.00916379 0.851678 0)
(-0.0265591 0.851315 0)
(-0.0624274 0.850878 0)
(-0.0984522 0.850348 0)
(-0.134644 0.849707 0)
(-0.171011 0.848931 0)
(-0.20756 0.847989 0)
(-0.244296 0.846846 0)
(-0.281218 0.845458 0)
(-0.318319 0.843772 0)
(-0.355586 0.841723 0)
(-0.392994 0.839236 0)
(-0.430511 0.83622 0)
(-0.468094 0.832574 0)
(-0.505692 0.828185 0)
(-0.543251 0.822929 0)
(-0.580717 0.816683 0)
(-0.618037 0.809326 0)
(-0.655165 0.800743 0)
(-0.692048 0.790835 0)
(-0.728634 0.779517 0)
(-0.764859 0.766717 0)
(-0.800655 0.75238 0)
(-0.835944 0.736465 0)
(-0.87064 0.718942 0)
(-0.904654 0.699799 0)
(-0.937891 0.679032 0)
(-0.970253 0.656652 0)
(-1.00164 0.632679 0)
(-1.03196 0.607145 0)
(-1.06111 0.58009 0)
(-1.089 0.551565 0)
(-1.11554 0.521627 0)
(-1.14065 0.490342 0)
(-1.16423 0.457781 0)
(-1.18621 0.424021 0)
(-1.20653 0.389146 0)
(-1.22511 0.353243 0)
(-1.2419 0.316405 0)
(-1.25684 0.278726 0)
(-1.26989 0.240305 0)
(-1.281 0.201244 0)
(-1.29014 0.161645 0)
(-1.29727 0.121614 0)
(-1.30239 0.0812587 0)
(-1.30546 0.0406856 0)
(-1.30649 3.53476e-06 0)
(-1.30546 -0.0406786 0)
(-1.30239 -0.0812519 0)
(-1.29727 -0.121608 0)
(-1.29014 -0.161639 0)
(-1.281 -0.201238 0)
(-1.26989 -0.2403 0)
(-1.25684 -0.278721 0)
(-1.2419 -0.316401 0)
(-1.22511 -0.35324 0)
(-1.20653 -0.389143 0)
(-1.18621 -0.424018 0)
(-1.16423 -0.457778 0)
(-1.14065 -0.49034 0)
(-1.11555 -0.521626 0)
(-1.08901 -0.551564 0)
(-1.06111 -0.580089 0)
(-1.03196 -0.607143 0)
(-1.00164 -0.632678 0)
(-0.970254 -0.656651 0)
(-0.937892 -0.679031 0)
(-0.904655 -0.699798 0)
(-0.870641 -0.718942 0)
(-0.835945 -0.736464 0)
(-0.800656 -0.75238 0)
(-0.76486 -0.766717 0)
(-0.728634 -0.779517 0)
(-0.692049 -0.790835 0)
(-0.655165 -0.800743 0)
(-0.618038 -0.809325 0)
(-0.580717 -0.816683 0)
(-0.543252 -0.822929 0)
(-0.505693 -0.828185 0)
(-0.468095 -0.832574 0)
(-0.430512 -0.83622 0)
(-0.392994 -0.839236 0)
(-0.355586 -0.841723 0)
(-0.318319 -0.843772 0)
(-0.281218 -0.845458 0)
(-0.244296 -0.846846 0)
(-0.20756 -0.847989 0)
(-0.171011 -0.848931 0)
(-0.134644 -0.849707 0)
(-0.0984523 -0.850348 0)
(-0.0624275 -0.850878 0)
(-0.0265592 -0.851315 0)
(0.00916373 -0.851678 0)
(0.0447525 -0.851977 0)
(0.0802186 -0.852225 0)
(0.115573 -0.85243 0)
(0.150827 -0.852599 0)
(0.185991 -0.852739 0)
(0.221075 -0.852853 0)
(0.25609 -0.852945 0)
(0.291044 -0.85302 0)
(0.325947 -0.853078 0)
(0.360808 -0.853123 0)
(0.395635 -0.853156 0)
(0.430437 -0.853177 0)
(0.465223 -0.853188 0)
(0.5 -0.853189 0)
(0.5 0.872388 0)
(0.465178 0.872387 0)
(0.430347 0.872376 0)
(0.395499 0.872354 0)
(0.360625 0.87232 0)
(0.325716 0.872274 0)
(0.290763 0.872214 0)
(0.255757 0.872137 0)
(0.220688 0.872042 0)
(0.185547 0.871924 0)
(0.150322 0.871781 0)
(0.115004 0.871607 0)
(0.0795807 0.871396 0)
(0.0440408 0.87114 0)
(0.00837225 0.870832 0)
(-0.0274371 0.870458 0)
(-0.0633996 0.870007 0)
(-0.0995275 0.869461 0)
(-0.135832 0.868801 0)
(-0.172325 0.868 0)
(-0.209014 0.867029 0)
(-0.245905 0.86585 0)
(-0.283001 0.864418 0)
(-0.320299 0.862677 0)
(-0.357789 0.860563 0)
(-0.395451 0.857996 0)
(-0.433258 0.854885 0)
(-0.47117 0.851127 0)
(-0.509142 0.846605 0)
(-0.547122 0.841198 0)
(-0.585057 0.834779 0)
(-0.622891 0.827226 0)
(-0.660572 0.818425 0)
(-0.698043 0.808276 0)
(-0.735244 0.796689 0)
(-0.772105 0.783593 0)
(-0.80855 0.76893 0)
(-0.844497 0.752656 0)
(-0.879856 0.734743 0)
(-0.914531 0.715176 0)
(-0.948424 0.693952 0)
(-0.981433 0.67108 0)
(-1.01346 0.646581 0)
(-1.04439 0.620488 0)
(-1.07414 0.592841 0)
(-1.10261 0.563691 0)
(-1.12971 0.533098 0)
(-1.15533 0.501127 0)
(-1.17941 0.467852 0)
(-1.20186 0.433352 0)
(-1.2226 0.397712 0)
(-1.24158 0.361021 0)
(-1.25873 0.323372 0)
(-1.27399 0.284865 0)
(-1.28731 0.245599 0)
(-1.29866 0.205678 0)
(-1.30799 0.165207 0)
(-1.31528 0.124295 0)
(-1.32051 0.0830496 0)
(-1.32365 0.0415824 0)
(-1.3247 3.769e-06 0)
(-1.32365 -0.0415749 0)
(-1.32051 -0.0830424 0)
(-1.31529 -0.124288 0)
(-1.308 -0.1652 0)
(-1.29866 -0.205671 0)
(-1.28732 -0.245593 0)
(-1.27399 -0.28486 0)
(-1.25873 -0.323368 0)
(-1.24158 -0.361016 0)
(-1.22261 -0.397708 0)
(-1.20186 -0.433349 0)
(-1.17941 -0.467849 0)
(-1.15533 -0.501125 0)
(-1.12971 -0.533096 0)
(-1.10261 -0.56369 0)
(-1.07415 -0.592839 0)
(-1.0444 -0.620486 0)
(-1.01346 -0.64658 0)
(-0.981434 -0.671079 0)
(-0.948425 -0.693951 0)
(-0.914532 -0.715176 0)
(-0.879857 -0.734743 0)
(-0.844498 -0.752656 0)
(-0.808551 -0.768929 0)
(-0.772105 -0.783593 0)
(-0.735244 -0.796689 0)
(-0.698044 -0.808275 0)
(-0.660573 -0.818425 0)
(-0.622891 -0.827226 0)
(-0.585057 -0.834779 0)
(-0.547123 -0.841198 0)
(-0.509143 -0.846605 0)
(-0.471171 -0.851127 0)
(-0.433258 -0.854885 0)
(-0.395451 -0.857996 0)
(-0.357789 -0.860563 0)
(-0.3203 -0.862677 0)
(-0.283002 -0.864418 0)
(-0.245905 -0.86585 0)
(-0.209014 -0.867029 0)
(-0.172325 -0.868 0)
(-0.135832 -0.868801 0)
(-0.0995276 -0.869461 0)
(-0.0633997 -0.870007 0)
(-0.0274372 -0.870458 0)
(0.00837218 -0.870832 0)
(0.0440407 -0.87114 0)
(0.0795807 -0.871396 0)
(0.115004 -0.871607 0)
(0.150322 -0.871781 0)
(0.185547 -0.871924 0)
(0.220688 -0.872042 0)
(0.255757 -0.872137 0)
(0.290763 -0.872214 0)
(0.325716 -0.872274 0)
(0.360625 -0.87232 0)
(0.395499 -0.872354 0)
(0.430347 -0.872376 0)
(0.465178 -0.872387 0)
(0.5 -0.872388 0)
(0.5 0.891671 0)
(0.465133 0.89167 0)
(0.430258 0.891659 0)
(0.395365 0.891636 0)
(0.360444 0.891602 0)
(0.325488 0.891554 0)
(0.290486 0.891492 0)
(0.255429 0.891414 0)
(0.220307 0.891316 0)
(0.185109 0.891196 0)
(0.149825 0.891049 0)
(0.114443 0.89087 0)
(0.0789517 0.890654 0)
(0.0433386 0.890392 0)
(0.00759092 0.890075 0)
(-0.0283044 0.889692 0)
(-0.0643607 0.889229 0)
(-0.100591 0.888669 0)
(-0.13701 0.88799 0)
(-0.173628 0.887168 0)
(-0.210457 0.886171 0)
(-0.247505 0.884959 0)
(-0.284778 0.883488 0)
(-0.322276 0.881699 0)
(-0.359993 0.879525 0)
(-0.397914 0.876886 0)
(-0.436017 0.873689 0)
(-0.474266 0.869826 0)
(-0.51262 0.865182 0)
(-0.551029 0.859631 0)
(-0.589439 0.853048 0)
(-0.627795 0.845308 0)
(-0.666037 0.836296 0)
(-0.704104 0.825909 0)
(-0.741927 0.814057 0)
(-0.779432 0.800666 0)
(-0.816536 0.785677 0)
(-0.853151 0.769045 0)
(-0.889181 0.75074 0)
(-0.924526 0.730746 0)
(-0.959084 0.70906 0)
(-0.992749 0.685691 0)
(-1.02542 0.660661 0)
(-1.05698 0.634002 0)
(-1.08734 0.605756 0)
(-1.11639 0.575974 0)
(-1.14404 0.544717 0)
(-1.1702 0.512052 0)
(-1.19478 0.478054 0)
(-1.2177 0.442804 0)
(-1.23888 0.406389 0)
(-1.25826 0.368899 0)
(-1.27577 0.330431 0)
(-1.29135 0.291084 0)
(-1.30496 0.250961 0)
(-1.31655 0.210169 0)
(-1.32608 0.168815 0)
(-1.33353 0.12701 0)
(-1.33886 0.0848639 0)
(-1.34207 0.0424909 0)
(-1.34314 4.01186e-06 0)
(-1.34207 -0.042483 0)
(-1.33886 -0.0848562 0)
(-1.33353 -0.127002 0)
(-1.32608 -0.168808 0)
(-1.31655 -0.210163 0)
(-1.30496 -0.250956 0)
(-1.29136 -0.291079 0)
(-1.27577 -0.330426 0)
(-1.25826 -0.368895 0)
(-1.23889 -0.406385 0)
(-1.2177 -0.442801 0)
(-1.19478 -0.478051 0)
(-1.1702 -0.51205 0)
(-1.14405 -0.544715 0)
(-1.11639 -0.575972 0)
(-1.08734 -0.605754 0)
(-1.05698 -0.634001 0)
(-1.02542 -0.66066 0)
(-0.99275 -0.68569 0)
(-0.959085 -0.709059 0)
(-0.924527 -0.730745 0)
(-0.889182 -0.75074 0)
(-0.853152 -0.769045 0)
(-0.816537 -0.785677 0)
(-0.779433 -0.800666 0)
(-0.741928 -0.814057 0)
(-0.704105 -0.825909 0)
(-0.666038 -0.836296 0)
(-0.627796 -0.845308 0)
(-0.58944 -0.853048 0)
(-0.551029 -0.859631 0)
(-0.51262 -0.865182 0)
(-0.474266 -0.869826 0)
(-0.436017 -0.873689 0)
(-0.397915 -0.876886 0)
(-0.359993 -0.879525 0)
(-0.322276 -0.881699 0)
(-0.284778 -0.883488 0)
(-0.247505 -0.884959 0)
(-0.210457 -0.886171 0)
(-0.173628 -0.887168 0)
(-0.13701 -0.88799 0)
(-0.100591 -0.888669 0)
(-0.0643608 -0.889229 0)
(-0.0283044 -0.889692 0)
(0.00759086 -0.890075 0)
(0.0433385 -0.890392 0)
(0.0789516 -0.890654 0)
(0.114443 -0.89087 0)
(0.149825 -0.891049 0)
(0.185109 -0.891196 0)
(0.220307 -0.891316 0)
(0.255429 -0.891414 0)
(0.290486 -0.891492 0)
(0.325488 -0.891554 0)
(0.360444 -0.891602 0)
(0.395365 -0.891636 0)
(0.430258 -0.891659 0)
(0.465133 -0.89167 0)
(0.5 -0.891671 0)
(0.5 0.911023 0)
(0.46509 0.911022 0)
(0.430171 0.91101 0)
(0.395233 0.910987 0)
(0.360267 0.910952 0)
(0.325264 0.910904 0)
(0.290214 0.910841 0)
(0.255107 0.910761 0)
(0.219932 0.910661 0)
(0.184679 0.910538 0)
(0.149336 0.910388 0)
(0.113891 0.910206 0)
(0.0783328 0.909985 0)
(0.0426473 0.909717 0)
(0.00682135 0.909393 0)
(-0.0291591 0.909002 0)
(-0.0653086 0.908529 0)
(-0.101642 0.907956 0)
(-0.138173 0.907263 0)
(-0.174917 0.906422 0)
(-0.211887 0.905401 0)
(-0.249093 0.904162 0)
(-0.286545 0.902655 0)
(-0.324245 0.900824 0)
(-0.362193 0.898598 0)
(-0.400378 0.895894 0)
(-0.438782 0.892618 0)
(-0.477374 0.888661 0)
(-0.516117 0.883903 0)
(-0.554963 0.878218 0)
(-0.593858 0.871479 0)
(-0.632742 0.863559 0)
(-0.671553 0.854343 0)
(-0.710223 0.843723 0)
(-0.748677 0.83161 0)
(-0.786834 0.817926 0)
(-0.824605 0.802612 0)
(-0.861896 0.78562 0)
(-0.898606 0.766921 0)
(-0.934631 0.746498 0)
(-0.969863 0.724346 0)
(-1.00419 0.700477 0)
(-1.03751 0.67491 0)
(-1.06971 0.647679 0)
(-1.10068 0.618827 0)
(-1.13033 0.588406 0)
(-1.15855 0.556477 0)
(-1.18525 0.52311 0)
(-1.21034 0.488381 0)
(-1.23373 0.452372 0)
(-1.25536 0.415171 0)
(-1.27514 0.376873 0)
(-1.29302 0.337575 0)
(-1.30893 0.297379 0)
(-1.32282 0.25639 0)
(-1.33465 0.214716 0)
(-1.34439 0.172468 0)
(-1.35199 0.129758 0)
(-1.35744 0.0867004 0)
(-1.36071 0.0434105 0)
(-1.3618 4.26377e-06 0)
(-1.36071 -0.0434021 0)
(-1.35744 -0.0866922 0)
(-1.35199 -0.12975 0)
(-1.34439 -0.17246 0)
(-1.33465 -0.214709 0)
(-1.32282 -0.256383 0)
(-1.30893 -0.297373 0)
(-1.29302 -0.33757 0)
(-1.27514 -0.376869 0)
(-1.25536 -0.415167 0)
(-1.23373 -0.452368 0)
(-1.21034 -0.488378 0)
(-1.18525 -0.523107 0)
(-1.15855 -0.556475 0)
(-1.13033 -0.588404 0)
(-1.10069 -0.618825 0)
(-1.06971 -0.647677 0)
(-1.03751 -0.674909 0)
(-1.00419 -0.700476 0)
(-0.969864 -0.724346 0)
(-0.934632 -0.746497 0)
(-0.898607 -0.766921 0)
(-0.861897 -0.78562 0)
(-0.824606 -0.802611 0)
(-0.786834 -0.817926 0)
(-0.748678 -0.831609 0)
(-0.710224 -0.843723 0)
(-0.671554 -0.854342 0)
(-0.632743 -0.863559 0)
(-0.593858 -0.871479 0)
(-0.554964 -0.878218 0)
(-0.516118 -0.883903 0)
(-0.477375 -0.888661 0)
(-0.438782 -0.892618 0)
(-0.400378 -0.895894 0)
(-0.362193 -0.898598 0)
(-0.324246 -0.900824 0)
(-0.286545 -0.902655 0)
(-0.249093 -0.904162 0)
(-0.211887 -0.905401 0)
(-0.174917 -0.906422 0)
(-0.138173 -0.907263 0)
(-0.101642 -0.907956 0)
(-0.0653087 -0.908529 0)
(-0.0291592 -0.909002 0)
(0.00682128 -0.909393 0)
(0.0426472 -0.909717 0)
(0.0783327 -0.909985 0)
(0.113891 -0.910206 0)
(0.149336 -0.910388 0)
(0.184679 -0.910538 0)
(0.219932 -0.910661 0)
(0.255107 -0.910761 0)
(0.290214 -0.910841 0)
(0.325264 -0.910904 0)
(0.360267 -0.910952 0)
(0.395233 -0.910987 0)
(0.430171 -0.91101 0)
(0.46509 -0.911022 0)
(0.5 -0.911023 0)
(0.5 0.930432 0)
(0.465047 0.930431 0)
(0.430085 0.930419 0)
(0.395104 0.930396 0)
(0.360094 0.93036 0)
(0.325045 0.930311 0)
(0.289948 0.930247 0)
(0.254791 0.930166 0)
(0.219565 0.930064 0)
(0.184257 0.929939 0)
(0.148856 0.929787 0)
(0.11335 0.929601 0)
(0.0777251 0.929376 0)
(0.0419682 0.929104 0)
(0.00606493 0.928775 0)
(-0.0299999 0.928377 0)
(-0.0662417 0.927895 0)
(-0.102677 0.927312 0)
(-0.139321 0.926606 0)
(-0.17619 0.925749 0)
(-0.213301 0.924709 0)
(-0.250666 0.923446 0)
(-0.288297 0.92191 0)
(-0.326202 0.920042 0)
(-0.364384 0.91777 0)
(-0.402837 0.91501 0)
(-0.441547 0.911663 0)
(-0.480489 0.90762 0)
(-0.519628 0.902758 0)
(-0.558918 0.896949 0)
(-0.598304 0.890063 0)
(-0.637725 0.881971 0)
(-0.677113 0.872556 0)
(-0.716393 0.861709 0)
(-0.755486 0.849337 0)
(-0.794303 0.835363 0)
(-0.832749 0.819724 0)
(-0.870725 0.802373 0)
(-0.908124 0.783279 0)
(-0.944837 0.762423 0)
(-0.980752 0.739803 0)
(-1.01576 0.715428 0)
(-1.04973 0.689319 0)
(-1.08258 0.661511 0)
(-1.11417 0.632046 0)
(-1.14442 0.600979 0)
(-1.17322 0.568371 0)
(-1.20046 0.534294 0)
(-1.22606 0.498825 0)
(-1.24994 0.462049 0)
(-1.27201 0.424055 0)
(-1.29221 0.384939 0)
(-1.31045 0.344802 0)
(-1.32669 0.303746 0)
(-1.34088 0.26188 0)
(-1.35296 0.219315 0)
(-1.36289 0.176162 0)
(-1.37066 0.132538 0)
(-1.37622 0.0885579 0)
(-1.37956 0.0443407 0)
(-1.38068 4.52555e-06 0)
(-1.37956 -0.0443318 0)
(-1.37622 -0.0885492 0)
(-1.37066 -0.132529 0)
(-1.3629 -0.176154 0)
(-1.35296 -0.219307 0)
(-1.34088 -0.261874 0)
(-1.3267 -0.30374 0)
(-1.31045 -0.344796 0)
(-1.29221 -0.384935 0)
(-1.27202 -0.424051 0)
(-1.24994 -0.462045 0)
(-1.22607 -0.498822 0)
(-1.20046 -0.534292 0)
(-1.17322 -0.568369 0)
(-1.14442 -0.600977 0)
(-1.11418 -0.632044 0)
(-1.08258 -0.661509 0)
(-1.04974 -0.689318 0)
(-1.01576 -0.715427 0)
(-0.980754 -0.739802 0)
(-0.944839 -0.762422 0)
(-0.908126 -0.783278 0)
(-0.870726 -0.802373 0)
(-0.83275 -0.819724 0)
(-0.794304 -0.835363 0)
(-0.755487 -0.849337 0)
(-0.716394 -0.861708 0)
(-0.677113 -0.872555 0)
(-0.637725 -0.881971 0)
(-0.598304 -0.890063 0)
(-0.558918 -0.896949 0)
(-0.519629 -0.902758 0)
(-0.48049 -0.90762 0)
(-0.441547 -0.911663 0)
(-0.402837 -0.91501 0)
(-0.364384 -0.91777 0)
(-0.326203 -0.920042 0)
(-0.288297 -0.92191 0)
(-0.250666 -0.923446 0)
(-0.213301 -0.924709 0)
(-0.176191 -0.925749 0)
(-0.139321 -0.926606 0)
(-0.102677 -0.927312 0)
(-0.0662418 -0.927895 0)
(-0.03 -0.928377 0)
(0.00606485 -0.928775 0)
(0.0419682 -0.929104 0)
(0.077725 -0.929376 0)
(0.11335 -0.929601 0)
(0.148856 -0.929787 0)
(0.184257 -0.929939 0)
(0.219565 -0.930064 0)
(0.254791 -0.930166 0)
(0.289948 -0.930247 0)
(0.325045 -0.930311 0)
(0.360094 -0.93036 0)
(0.395104 -0.930396 0)
(0.430085 -0.930419 0)
(0.465047 -0.930431 0)
(0.5 -0.930432 0)
(0.5 0.949889 0)
(0.465006 0.949888 0)
(0.430001 0.949876 0)
(0.394978 0.949852 0)
(0.359924 0.949816 0)
(0.324831 0.949766 0)
(0.289687 0.949701 0)
(0.254482 0.949619 0)
(0.219205 0.949516 0)
(0.183844 0.949389 0)
(0.148386 0.949235 0)
(0.112819 0.949047 0)
(0.0771296 0.948819 0)
(0.0413025 0.948543 0)
(0.00532296 0.94821 0)
(-0.0308251 0.947806 0)
(-0.0671583 0.947318 0)
(-0.103694 0.946727 0)
(-0.14045 0.94601 0)
(-0.177445 0.945141 0)
(-0.214696 0.944086 0)
(-0.25222 0.942803 0)
(-0.290032 0.941243 0)
(-0.328143 0.939344 0)
(-0.366562 0.937033 0)
(-0.405286 0.934224 0)
(-0.444307 0.930817 0)
(-0.483604 0.926697 0)
(-0.523146 0.921741 0)
(-0.562887 0.915816 0)
(-0.602772 0.908791 0)
(-0.642736 0.900535 0)
(-0.682709 0.890927 0)
(-0.722608 0.879858 0)
(-0.762348 0.867232 0)
(-0.801833 0.852969 0)
(-0.840964 0.837007 0)
(-0.879634 0.819296 0)
(-0.91773 0.799804 0)
(-0.95514 0.778514 0)
(-0.991746 0.755422 0)
(-1.02743 0.730538 0)
(-1.06208 0.703883 0)
(-1.09557 0.675491 0)
(-1.1278 0.645408 0)
(-1.15866 0.613688 0)
(-1.18803 0.580395 0)
(-1.21583 0.5456 0)
(-1.24195 0.509384 0)
(-1.26632 0.471831 0)
(-1.28884 0.433035 0)
(-1.30945 0.393093 0)
(-1.32807 0.352107 0)
(-1.34465 0.310183 0)
(-1.35913 0.267431 0)
(-1.37146 0.223964 0)
(-1.3816 0.179897 0)
(-1.38952 0.135348 0)
(-1.3952 0.0904357 0)
(-1.39861 0.0452811 0)
(-1.39975 4.80071e-06 0)
(-1.39861 -0.0452716 0)
(-1.3952 -0.0904265 0)
(-1.38952 -0.135339 0)
(-1.3816 -0.179889 0)
(-1.37146 -0.223956 0)
(-1.35913 -0.267424 0)
(-1.34465 -0.310177 0)
(-1.32808 -0.352101 0)
(-1.30945 -0.393088 0)
(-1.28885 -0.433031 0)
(-1.26632 -0.471828 0)
(-1.24196 -0.50938 0)
(-1.21583 -0.545597 0)
(-1.18803 -0.580392 0)
(-1.15866 -0.613686 0)
(-1.1278 -0.645406 0)
(-1.09557 -0.67549 0)
(-1.06208 -0.703881 0)
(-1.02743 -0.730536 0)
(-0.991748 -0.755421 0)
(-0.955142 -0.778514 0)
(-0.917732 -0.799804 0)
(-0.879635 -0.819295 0)
(-0.840965 -0.837006 0)
(-0.801834 -0.852969 0)
(-0.762349 -0.867231 0)
(-0.722609 -0.879858 0)
(-0.682709 -0.890927 0)
(-0.642737 -0.900535 0)
(-0.602772 -0.908791 0)
(-0.562887 -0.915816 0)
(-0.523146 -0.921741 0)
(-0.483605 -0.926697 0)
(-0.444307 -0.930817 0)
(-0.405286 -0.934224 0)
(-0.366562 -0.937033 0)
(-0.328144 -0.939344 0)
(-0.290032 -0.941243 0)
(-0.25222 -0.942803 0)
(-0.214696 -0.944086 0)
(-0.177445 -0.945141 0)
(-0.14045 -0.94601 0)
(-0.103694 -0.946727 0)
(-0.0671584 -0.947318 0)
(-0.0308252 -0.947806 0)
(0.00532288 -0.94821 0)
(0.0413025 -0.948543 0)
(0.0771295 -0.948819 0)
(0.112819 -0.949047 0)
(0.148386 -0.949235 0)
(0.183844 -0.949389 0)
(0.219205 -0.949516 0)
(0.254482 -0.949619 0)
(0.289687 -0.949701 0)
(0.324831 -0.949766 0)
(0.359924 -0.949816 0)
(0.394978 -0.949852 0)
(0.430001 -0.949876 0)
(0.465006 -0.949888 0)
(0.5 -0.949889 0)
(0.5 0.969384 0)
(0.464965 0.969383 0)
(0.42992 0.969371 0)
(0.394854 0.969347 0)
(0.359758 0.969311 0)
(0.324621 0.969261 0)
(0.289432 0.969195 0)
(0.25418 0.969112 0)
(0.218854 0.969008 0)
(0.18344 0.96888 0)
(0.147927 0.968725 0)
(0.112301 0.968535 0)
(0.0765473 0.968305 0)
(0.0406512 0.968027 0)
(0.00459666 0.96769 0)
(-0.0316334 0.967282 0)
(-0.0680568 0.966789 0)
(-0.104692 0.966192 0)
(-0.141559 0.965468 0)
(-0.178678 0.96459 0)
(-0.216069 0.963523 0)
(-0.253752 0.962225 0)
(-0.291745 0.960645 0)
(-0.330064 0.958722 0)
(-0.368721 0.95638 0)
(-0.40772 0.953531 0)
(-0.447056 0.950071 0)
(-0.486714 0.945884 0)
(-0.526664 0.940843 0)
(-0.566863 0.934813 0)
(-0.607254 0.927658 0)
(-0.647771 0.919245 0)
(-0.688336 0.909451 0)
(-0.728862 0.898164 0)
(-0.769257 0.885287 0)
(-0.80942 0.870738 0)
(-0.849243 0.854453 0)
(-0.888615 0.836382 0)
(-0.927418 0.816493 0)
(-0.965534 0.794766 0)
(-1.00284 0.771199 0)
(-1.03921 0.745801 0)
(-1.07454 0.718595 0)
(-1.10869 0.689615 0)
(-1.14156 0.658908 0)
(-1.17303 0.626529 0)
(-1.20299 0.592543 0)
(-1.23135 0.557023 0)
(-1.258 0.520052 0)
(-1.28286 0.481715 0)
(-1.30584 0.442109 0)
(-1.32687 0.401332 0)
(-1.34587 0.359488 0)
(-1.36279 0.316686 0)
(-1.37756 0.273039 0)
(-1.39014 0.228661 0)
(-1.40049 0.18367 0)
(-1.40858 0.138187 0)
(-1.41437 0.0923332 0)
(-1.41786 0.0462312 0)
(-1.41902 5.09879e-06 0)
(-1.41786 -0.0462211 0)
(-1.41437 -0.0923233 0)
(-1.40858 -0.138178 0)
(-1.40049 -0.183662 0)
(-1.39014 -0.228653 0)
(-1.37756 -0.273032 0)
(-1.36279 -0.31668 0)
(-1.34587 -0.359482 0)
(-1.32687 -0.401327 0)
(-1.30584 -0.442105 0)
(-1.28286 -0.481712 0)
(-1.258 -0.520048 0)
(-1.23135 -0.55702 0)
(-1.20299 -0.59254 0)
(-1.17303 -0.626527 0)
(-1.14156 -0.658906 0)
(-1.10869 -0.689614 0)
(-1.07454 -0.718593 0)
(-1.03922 -0.7458 0)
(-1.00284 -0.771198 0)
(-0.965535 -0.794765 0)
(-0.92742 -0.816492 0)
(-0.888616 -0.836382 0)
(-0.849245 -0.854453 0)
(-0.809421 -0.870738 0)
(-0.769258 -0.885287 0)
(-0.728863 -0.898164 0)
(-0.688336 -0.909451 0)
(-0.647772 -0.919245 0)
(-0.607255 -0.927658 0)
(-0.566863 -0.934813 0)
(-0.526664 -0.940843 0)
(-0.486714 -0.945884 0)
(-0.447056 -0.950071 0)
(-0.40772 -0.953531 0)
(-0.368721 -0.95638 0)
(-0.330065 -0.958722 0)
(-0.291745 -0.960645 0)
(-0.253752 -0.962225 0)
(-0.21607 -0.963523 0)
(-0.178679 -0.96459 0)
(-0.14156 -0.965468 0)
(-0.104692 -0.966192 0)
(-0.0680569 -0.966789 0)
(-0.0316335 -0.967282 0)
(0.00459659 -0.96769 0)
(0.0406512 -0.968027 0)
(0.0765473 -0.968305 0)
(0.112301 -0.968535 0)
(0.147927 -0.968725 0)
(0.18344 -0.96888 0)
(0.218854 -0.969008 0)
(0.25418 -0.969112 0)
(0.289432 -0.969195 0)
(0.324621 -0.969261 0)
(0.359758 -0.969311 0)
(0.394854 -0.969347 0)
(0.42992 -0.969371 0)
(0.464965 -0.969383 0)
(0.5 -0.969384 0)
(0.5 0.988911 0)
(0.464925 0.988911 0)
(0.42984 0.988899 0)
(0.394734 0.988875 0)
(0.359597 0.988838 0)
(0.324417 0.988788 0)
(0.289184 0.988722 0)
(0.253886 0.988638 0)
(0.218511 0.988534 0)
(0.183047 0.988406 0)
(0.147479 0.988249 0)
(0.111795 0.988058 0)
(0.0759791 0.987827 0)
(0.0400154 0.987547 0)
(0.00388718 0.987209 0)
(-0.0324235 0.986799 0)
(-0.0689357 0.986303 0)
(-0.10567 0.985702 0)
(-0.142647 0.984973 0)
(-0.179889 0.984089 0)
(-0.217419 0.983014 0)
(-0.25526 0.981706 0)
(-0.293434 0.980113 0)
(-0.331961 0.978171 0)
(-0.370858 0.975805 0)
(-0.410134 0.972924 0)
(-0.449789 0.969421 0)
(-0.489812 0.965177 0)
(-0.530177 0.960061 0)
(-0.570841 0.953934 0)
(-0.611746 0.946658 0)
(-0.652823 0.938096 0)
(-0.693988 0.928122 0)
(-0.73515 0.916623 0)
(-0.776209 0.903498 0)
(-0.817058 0.888666 0)
(-0.857583 0.872059 0)
(-0.897665 0.853628 0)
(-0.937183 0.833339 0)
(-0.976013 0.811173 0)
(-1.01403 0.787128 0)
(-1.0511 0.761213 0)
(-1.08711 0.733451 0)
(-1.12193 0.703878 0)
(-1.15544 0.672542 0)
(-1.18753 0.639497 0)
(-1.21809 0.604812 0)
(-1.24701 0.568561 0)
(-1.2742 0.530826 0)
(-1.29956 0.491698 0)
(-1.323 0.451273 0)
(-1.34445 0.409653 0)
(-1.36384 0.366943 0)
(-1.3811 0.323255 0)
(-1.39617 0.278703 0)
(-1.40901 0.233406 0)
(-1.41957 0.187482 0)
(-1.42782 0.141055 0)
(-1.43373 0.0942497 0)
(-1.43728 0.047191 0)
(-1.43847 5.4298e-06 0)
(-1.43728 -0.0471802 0)
(-1.43373 -0.0942392 0)
(-1.42782 -0.141045 0)
(-1.41957 -0.187473 0)
(-1.40901 -0.233397 0)
(-1.39617 -0.278696 0)
(-1.3811 -0.323248 0)
(-1.36384 -0.366937 0)
(-1.34445 -0.409648 0)
(-1.323 -0.451269 0)
(-1.29956 -0.491694 0)
(-1.2742 -0.530822 0)
(-1.24702 -0.568557 0)
(-1.21809 -0.604809 0)
(-1.18753 -0.639495 0)
(-1.15544 -0.67254 0)
(-1.12193 -0.703877 0)
(-1.08711 -0.73345 0)
(-1.0511 -0.761212 0)
(-1.01403 -0.787127 0)
(-0.976014 -0.811172 0)
(-0.937185 -0.833338 0)
(-0.897666 -0.853627 0)
(-0.857584 -0.872058 0)
(-0.817059 -0.888665 0)
(-0.77621 -0.903498 0)
(-0.735151 -0.916622 0)
(-0.693989 -0.928122 0)
(-0.652824 -0.938096 0)
(-0.611747 -0.946658 0)
(-0.570841 -0.953934 0)
(-0.530178 -0.960061 0)
(-0.489813 -0.965177 0)
(-0.449789 -0.969421 0)
(-0.410134 -0.972924 0)
(-0.370858 -0.975805 0)
(-0.331962 -0.978171 0)
(-0.293434 -0.980113 0)
(-0.25526 -0.981706 0)
(-0.217419 -0.983014 0)
(-0.179889 -0.984089 0)
(-0.142647 -0.984973 0)
(-0.10567 -0.985702 0)
(-0.0689358 -0.986303 0)
(-0.0324236 -0.986799 0)
(0.00388709 -0.987209 0)
(0.0400153 -0.987547 0)
(0.075979 -0.987827 0)
(0.111795 -0.988058 0)
(0.147479 -0.988249 0)
(0.183047 -0.988406 0)
(0.218511 -0.988534 0)
(0.253886 -0.988638 0)
(0.289184 -0.988722 0)
(0.324417 -0.988788 0)
(0.359597 -0.988838 0)
(0.394734 -0.988875 0)
(0.42984 -0.988899 0)
(0.464925 -0.988911 0)
(0.5 -0.988911 0)
(0.5 1.00847 0)
(0.464887 1.00846 0)
(0.429763 1.00845 0)
(0.394618 1.00843 0)
(0.35944 1.00839 0)
(0.324219 1.00834 0)
(0.288943 1.00828 0)
(0.253601 1.00819 0)
(0.218178 1.00809 0)
(0.182664 1.00796 0)
(0.147044 1.0078 0)
(0.111303 1.00761 0)
(0.0754257 1.00738 0)
(0.0393959 1.0071 0)
(0.00319557 1.00676 0)
(-0.0331941 1.00635 0)
(-0.0697936 1.00585 0)
(-0.106624 1.00525 0)
(-0.14371 1.00452 0)
(-0.181074 1.00363 0)
(-0.218742 1.00255 0)
(-0.256741 1.00124 0)
(-0.295095 0.999639 0)
(-0.333831 0.997687 0)
(-0.372968 0.995304 0)
(-0.412523 0.992399 0)
(-0.452501 0.988862 0)
(-0.492894 0.984571 0)
(-0.533679 0.979389 0)
(-0.574815 0.973176 0)
(-0.616242 0.965787 0)
(-0.657887 0.957084 0)
(-0.699661 0.946936 0)
(-0.741467 0.935229 0)
(-0.783199 0.921861 0)
(-0.824742 0.906747 0)
(-0.865977 0.889819 0)
(-0.906779 0.871028 0)
(-0.947021 0.850338 0)
(-0.986573 0.827732 0)
(-1.0253 0.803206 0)
(-1.06308 0.77677 0)
(-1.09978 0.748448 0)
(-1.13528 0.718277 0)
(-1.16945 0.686305 0)
(-1.20216 0.652589 0)
(-1.23333 0.617198 0)
(-1.26282 0.580208 0)
(-1.29054 0.541704 0)
(-1.31641 0.501777 0)
(-1.34032 0.460526 0)
(-1.3622 0.418054 0)
(-1.38197 0.37447 0)
(-1.39957 0.329887 0)
(-1.41495 0.284422 0)
(-1.42804 0.238196 0)
(-1.43882 0.19133 0)
(-1.44723 0.143951 0)
(-1.45326 0.0961846 0)
(-1.45689 0.04816 0)
(-1.4581 5.79227e-06 0)
(-1.45689 -0.0481485 0)
(-1.45327 -0.0961735 0)
(-1.44724 -0.14394 0)
(-1.43882 -0.19132 0)
(-1.42805 -0.238187 0)
(-1.41495 -0.284414 0)
(-1.39958 -0.32988 0)
(-1.38197 -0.374464 0)
(-1.3622 -0.418049 0)
(-1.34032 -0.460521 0)
(-1.31641 -0.501773 0)
(-1.29055 -0.5417 0)
(-1.26282 -0.580205 0)
(-1.23333 -0.617196 0)
(-1.20217 -0.652587 0)
(-1.16945 -0.686303 0)
(-1.13528 -0.718276 0)
(-1.09979 -0.748447 0)
(-1.06309 -0.776768 0)
(-1.02531 -0.803204 0)
(-0.986575 -0.827731 0)
(-0.947023 -0.850337 0)
(-0.906781 -0.871027 0)
(-0.865978 -0.889819 0)
(-0.824743 -0.906746 0)
(-0.7832 -0.92186 0)
(-0.741468 -0.935229 0)
(-0.699662 -0.946936 0)
(-0.657887 -0.957083 0)
(-0.616243 -0.965787 0)
(-0.574816 -0.973176 0)
(-0.53368 -0.979389 0)
(-0.492894 -0.984571 0)
(-0.452501 -0.988862 0)
(-0.412523 -0.992399 0)
(-0.372969 -0.995304 0)
(-0.333831 -0.997687 0)
(-0.295096 -0.999639 0)
(-0.256741 -1.00124 0)
(-0.218742 -1.00255 0)
(-0.181074 -1.00363 0)
(-0.14371 -1.00452 0)
(-0.106625 -1.00525 0)
(-0.0697937 -1.00585 0)
(-0.0331942 -1.00635 0)
(0.00319548 -1.00676 0)
(0.0393958 -1.0071 0)
(0.0754256 -1.00738 0)
(0.111303 -1.00761 0)
(0.147044 -1.0078 0)
(0.182664 -1.00796 0)
(0.218178 -1.00809 0)
(0.2536 -1.00819 0)
(0.288943 -1.00828 0)
(0.324219 -1.00834 0)
(0.35944 -1.00839 0)
(0.394618 -1.00843 0)
(0.429763 -1.00845 0)
(0.464887 -1.00846 0)
(0.5 -1.00847 0)
(0.5 1.02804 0)
(0.46485 1.02804 0)
(0.429688 1.02803 0)
(0.394505 1.028 0)
(0.359288 1.02797 0)
(0.324027 1.02792 0)
(0.288709 1.02785 0)
(0.253323 1.02777 0)
(0.217855 1.02766 0)
(0.182293 1.02754 0)
(0.146621 1.02738 0)
(0.110825 1.02719 0)
(0.074888 1.02696 0)
(0.0387936 1.02668 0)
(0.00252285 1.02634 0)
(-0.0339442 1.02593 0)
(-0.0706292 1.02543 0)
(-0.107555 1.02483 0)
(-0.144747 1.0241 0)
(-0.182231 1.02322 0)
(-0.220036 1.02214 0)
(-0.258191 1.02082 0)
(-0.296725 1.01922 0)
(-0.335669 1.01726 0)
(-0.375048 1.01487 0)
(-0.414883 1.01195 0)
(-0.455186 1.00839 0)
(-0.495954 1.00406 0)
(-0.537165 0.998826 0)
(-0.57878 0.992535 0)
(-0.620737 0.985042 0)
(-0.662957 0.976205 0)
(-0.70535 0.965891 0)
(-0.747809 0.953981 0)
(-0.790222 0.940372 0)
(-0.832469 0.924978 0)
(-0.874423 0.907731 0)
(-0.915954 0.888579 0)
(-0.956929 0.867488 0)
(-0.997211 0.844439 0)
(-1.03667 0.819428 0)
(-1.07516 0.792468 0)
(-1.11256 0.763583 0)
(-1.14874 0.732809 0)
(-1.18357 0.700196 0)
(-1.21692 0.665803 0)
(-1.24869 0.6297 0)
(-1.27876 0.591964 0)
(-1.30703 0.552683 0)
(-1.3334 0.51195 0)
(-1.35778 0.469865 0)
(-1.3801 0.426534 0)
(-1.40026 0.382067 0)
(-1.41822 0.336581 0)
(-1.4339 0.290195 0)
(-1.44725 0.24303 0)
(-1.45824 0.195214 0)
(-1.46682 0.146873 0)
(-1.47297 0.0981376 0)
(-1.47667 0.049138 0)
(-1.47791 6.17311e-06 0)
(-1.47667 -0.0491258 0)
(-1.47298 -0.098126 0)
(-1.46683 -0.146862 0)
(-1.45824 -0.195204 0)
(-1.44725 -0.243021 0)
(-1.4339 -0.290186 0)
(-1.41822 -0.336574 0)
(-1.40026 -0.382061 0)
(-1.3801 -0.426528 0)
(-1.35779 -0.46986 0)
(-1.3334 -0.511946 0)
(-1.30703 -0.55268 0)
(-1.27876 -0.591961 0)
(-1.24869 -0.629697 0)
(-1.21692 -0.665801 0)
(-1.18357 -0.700194 0)
(-1.14874 -0.732807 0)
(-1.11256 -0.763581 0)
(-1.07516 -0.792467 0)
(-1.03667 -0.819427 0)
(-0.997213 -0.844438 0)
(-0.95693 -0.867487 0)
(-0.915956 -0.888578 0)
(-0.874424 -0.90773 0)
(-0.83247 -0.924978 0)
(-0.790223 -0.940371 0)
(-0.74781 -0.95398 0)
(-0.70535 -0.96589 0)
(-0.662958 -0.976205 0)
(-0.620737 -0.985042 0)
(-0.57878 -0.992535 0)
(-0.537166 -0.998826 0)
(-0.495954 -1.00406 0)
(-0.455186 -1.00839 0)
(-0.414883 -1.01195 0)
(-0.375048 -1.01487 0)
(-0.335669 -1.01726 0)
(-0.296726 -1.01922 0)
(-0.258191 -1.02082 0)
(-0.220036 -1.02214 0)
(-0.182231 -1.02322 0)
(-0.144747 -1.0241 0)
(-0.107555 -1.02483 0)
(-0.0706293 -1.02543 0)
(-0.0339443 -1.02593 0)
(0.00252277 -1.02634 0)
(0.0387935 -1.02668 0)
(0.0748879 -1.02696 0)
(0.110825 -1.02719 0)
(0.146621 -1.02738 0)
(0.182293 -1.02754 0)
(0.217855 -1.02766 0)
(0.253323 -1.02777 0)
(0.288709 -1.02785 0)
(0.324027 -1.02792 0)
(0.359288 -1.02797 0)
(0.394505 -1.028 0)
(0.429688 -1.02803 0)
(0.46485 -1.02804 0)
(0.5 -1.02804 0)
(0.5 1.04764 0)
(0.464813 1.04764 0)
(0.429616 1.04762 0)
(0.394395 1.0476 0)
(0.359141 1.04756 0)
(0.323841 1.04751 0)
(0.288483 1.04745 0)
(0.253055 1.04736 0)
(0.217542 1.04726 0)
(0.181933 1.04713 0)
(0.146211 1.04698 0)
(0.110361 1.04679 0)
(0.0743666 1.04656 0)
(0.0382094 1.04628 0)
(0.00186999 1.04595 0)
(-0.0346726 1.04554 0)
(-0.0714411 1.04504 0)
(-0.10846 1.04445 0)
(-0.145757 1.04372 0)
(-0.183359 1.04284 0)
(-0.221299 1.04176 0)
(-0.259608 1.04045 0)
(-0.298321 1.03885 0)
(-0.337472 1.0369 0)
(-0.377092 1.03451 0)
(-0.417209 1.03158 0)
(-0.45784 1.02801 0)
(-0.498986 1.02365 0)
(-0.54063 1.01837 0)
(-0.58273 1.01201 0)
(-0.625225 1.00442 0)
(-0.66803 0.995457 0)
(-0.711049 0.984982 0)
(-0.754171 0.972874 0)
(-0.797276 0.959028 0)
(-0.840235 0.943357 0)
(-0.882918 0.925792 0)
(-0.925186 0.906279 0)
(-0.966902 0.884785 0)
(-1.00792 0.861291 0)
(-1.04811 0.835794 0)
(-1.08733 0.808306 0)
(-1.12544 0.778852 0)
(-1.16231 0.747471 0)
(-1.1978 0.714211 0)
(-1.2318 0.679136 0)
(-1.26418 0.642314 0)
(-1.29483 0.603827 0)
(-1.32365 0.563762 0)
(-1.35054 0.522215 0)
(-1.3754 0.479288 0)
(-1.39815 0.43509 0)
(-1.41871 0.389733 0)
(-1.43702 0.343336 0)
(-1.45301 0.296019 0)
(-1.46663 0.247909 0)
(-1.47783 0.199133 0)
(-1.48658 0.149822 0)
(-1.49285 0.100108 0)
(-1.49663 0.050125 0)
(-1.49789 6.55935e-06 0)
(-1.49663 -0.0501121 0)
(-1.49286 -0.100096 0)
(-1.48658 -0.149811 0)
(-1.47783 -0.199123 0)
(-1.46663 -0.247899 0)
(-1.45301 -0.296011 0)
(-1.43702 -0.343328 0)
(-1.41871 -0.389726 0)
(-1.39815 -0.435084 0)
(-1.3754 -0.479283 0)
(-1.35054 -0.522211 0)
(-1.32366 -0.563758 0)
(-1.29484 -0.603824 0)
(-1.26418 -0.642311 0)
(-1.2318 -0.679133 0)
(-1.1978 -0.714209 0)
(-1.16231 -0.747469 0)
(-1.12544 -0.77885 0)
(-1.08733 -0.808304 0)
(-1.04812 -0.835793 0)
(-1.00793 -0.86129 0)
(-0.966903 -0.884784 0)
(-0.925188 -0.906278 0)
(-0.882919 -0.925791 0)
(-0.840236 -0.943357 0)
(-0.797277 -0.959028 0)
(-0.754172 -0.972874 0)
(-0.71105 -0.984982 0)
(-0.668031 -0.995457 0)
(-0.625225 -1.00442 0)
(-0.582731 -1.01201 0)
(-0.54063 -1.01837 0)
(-0.498987 -1.02365 0)
(-0.45784 -1.02801 0)
(-0.41721 -1.03158 0)
(-0.377093 -1.03451 0)
(-0.337472 -1.0369 0)
(-0.298321 -1.03885 0)
(-0.259608 -1.04045 0)
(-0.221299 -1.04176 0)
(-0.183359 -1.04284 0)
(-0.145757 -1.04372 0)
(-0.10846 -1.04445 0)
(-0.0714412 -1.04504 0)
(-0.0346727 -1.04554 0)
(0.00186991 -1.04595 0)
(0.0382093 -1.04628 0)
(0.0743666 -1.04656 0)
(0.110361 -1.04679 0)
(0.146211 -1.04698 0)
(0.181933 -1.04713 0)
(0.217542 -1.04726 0)
(0.253054 -1.04736 0)
(0.288483 -1.04745 0)
(0.323841 -1.04751 0)
(0.359141 -1.04756 0)
(0.394395 -1.0476 0)
(0.429616 -1.04762 0)
(0.464813 -1.04764 0)
(0.5 -1.04764 0)
(0.5 1.06725 0)
(0.464779 1.06724 0)
(0.429546 1.06723 0)
(0.39429 1.06721 0)
(0.358999 1.06717 0)
(0.323661 1.06712 0)
(0.288264 1.06706 0)
(0.252795 1.06698 0)
(0.21724 1.06688 0)
(0.181585 1.06675 0)
(0.145815 1.0666 0)
(0.109913 1.06641 0)
(0.0738623 1.06618 0)
(0.0376441 1.06591 0)
(0.00123791 1.06557 0)
(-0.0353782 1.06517 0)
(-0.0722283 1.06468 0)
(-0.109338 1.06409 0)
(-0.146737 1.06337 0)
(-0.184456 1.06249 0)
(-0.222528 1.06143 0)
(-0.26099 1.06013 0)
(-0.299879 1.05854 0)
(-0.339236 1.05659 0)
(-0.379098 1.05421 0)
(-0.419497 1.05128 0)
(-0.460458 1.0477 0)
(-0.501986 1.04333 0)
(-0.544068 1.03801 0)
(-0.586661 1.0316 0)
(-0.629701 1.02392 0)
(-0.673101 1.01484 0)
(-0.716757 1.00421 0)
(-0.76055 0.991908 0)
(-0.804355 0.977829 0)
(-0.848037 0.961882 0)
(-0.891457 0.943999 0)
(-0.934473 0.924125 0)
(-0.976939 0.902227 0)
(-1.01871 0.878286 0)
(-1.05964 0.8523 0)
(-1.09959 0.82428 0)
(-1.13841 0.794254 0)
(-1.17597 0.76226 0)
(-1.21214 0.72835 0)
(-1.24679 0.692586 0)
(-1.27979 0.65504 0)
(-1.31104 0.615794 0)
(-1.34041 0.574939 0)
(-1.36782 0.532571 0)
(-1.39316 0.488795 0)
(-1.41635 0.443722 0)
(-1.43731 0.397467 0)
(-1.45597 0.35015 0)
(-1.47228 0.301895 0)
(-1.48616 0.252831 0)
(-1.49758 0.203087 0)
(-1.50651 0.152797 0)
(-1.5129 0.102096 0)
(-1.51675 0.0511206 0)
(-1.51803 6.9461e-06 0)
(-1.51675 -0.051107 0)
(-1.5129 -0.102084 0)
(-1.50651 -0.152785 0)
(-1.49759 -0.203076 0)
(-1.48616 -0.252821 0)
(-1.47228 -0.301886 0)
(-1.45598 -0.350142 0)
(-1.43731 -0.39746 0)
(-1.41635 -0.443716 0)
(-1.39316 -0.48879 0)
(-1.36782 -0.532566 0)
(-1.34041 -0.574935 0)
(-1.31104 -0.615791 0)
(-1.2798 -0.655037 0)
(-1.24679 -0.692583 0)
(-1.21215 -0.728348 0)
(-1.17598 -0.762258 0)
(-1.13841 -0.794252 0)
(-1.09959 -0.824279 0)
(-1.05964 -0.852299 0)
(-1.01871 -0.878285 0)
(-0.97694 -0.902227 0)
(-0.934474 -0.924125 0)
(-0.891459 -0.943998 0)
(-0.848039 -0.961882 0)
(-0.804356 -0.977828 0)
(-0.760551 -0.991908 0)
(-0.716757 -1.00421 0)
(-0.673102 -1.01484 0)
(-0.629702 -1.02392 0)
(-0.586662 -1.0316 0)
(-0.544068 -1.03801 0)
(-0.501987 -1.04333 0)
(-0.460458 -1.0477 0)
(-0.419497 -1.05128 0)
(-0.379098 -1.05421 0)
(-0.339236 -1.05659 0)
(-0.29988 -1.05854 0)
(-0.26099 -1.06013 0)
(-0.222528 -1.06143 0)
(-0.184456 -1.06249 0)
(-0.146737 -1.06337 0)
(-0.109339 -1.06409 0)
(-0.0722284 -1.06468 0)
(-0.0353783 -1.06517 0)
(0.00123782 -1.06557 0)
(0.037644 -1.06591 0)
(0.0738623 -1.06618 0)
(0.109913 -1.06641 0)
(0.145815 -1.0666 0)
(0.181585 -1.06675 0)
(0.21724 -1.06688 0)
(0.252795 -1.06698 0)
(0.288264 -1.06706 0)
(0.323661 -1.06712 0)
(0.358999 -1.06717 0)
(0.39429 -1.06721 0)
(0.429546 -1.06723 0)
(0.464779 -1.06724 0)
(0.5 -1.06725 0)
(0.5 1.08687 0)
(0.464745 1.08687 0)
(0.429478 1.08686 0)
(0.394188 1.08683 0)
(0.358862 1.0868 0)
(0.323488 1.08675 0)
(0.288054 1.08668 0)
(0.252545 1.0866 0)
(0.216949 1.0865 0)
(0.18125 1.08638 0)
(0.145433 1.08623 0)
(0.109481 1.08604 0)
(0.0733758 1.08582 0)
(0.0370985 1.08555 0)
(0.000627556 1.08522 0)
(-0.03606 1.08482 0)
(-0.0729893 1.08434 0)
(-0.110188 1.08375 0)
(-0.147687 1.08304 0)
(-0.185519 1.08218 0)
(-0.223721 1.08112 0)
(-0.262333 1.07984 0)
(-0.301397 1.07826 0)
(-0.340958 1.07633 0)
(-0.38106 1.07397 0)
(-0.421742 1.07106 0)
(-0.463034 1.06748 0)
(-0.504949 1.0631 0)
(-0.547474 1.05776 0)
(-0.590568 1.0513 0)
(-0.634163 1.04354 0)
(-0.678167 1.03435 0)
(-0.722468 1.02357 0)
(-0.766944 1.01108 0)
(-0.811459 0.996771 0)
(-0.855874 0.980551 0)
(-0.900041 0.96235 0)
(-0.943812 0.942116 0)
(-0.987037 0.919812 0)
(-1.02957 0.895422 0)
(-1.07125 0.868943 0)
(-1.11193 0.840389 0)
(-1.15148 0.809786 0)
(-1.18975 0.777175 0)
(-1.2266 0.742608 0)
(-1.2619 0.70615 0)
(-1.29553 0.667873 0)
(-1.32737 0.627863 0)
(-1.3573 0.58621 0)
(-1.38523 0.543015 0)
(-1.41106 0.498383 0)
(-1.4347 0.452427 0)
(-1.45606 0.405266 0)
(-1.47509 0.357022 0)
(-1.4917 0.307821 0)
(-1.50585 0.257794 0)
(-1.5175 0.207074 0)
(-1.52659 0.155798 0)
(-1.53311 0.104101 0)
(-1.53703 0.0521246 0)
(-1.53834 7.33224e-06 0)
(-1.53703 -0.0521103 0)
(-1.53311 -0.104088 0)
(-1.5266 -0.155785 0)
(-1.5175 -0.207063 0)
(-1.50586 -0.257784 0)
(-1.4917 -0.307812 0)
(-1.47509 -0.357013 0)
(-1.45607 -0.405259 0)
(-1.4347 -0.452421 0)
(-1.41106 -0.498377 0)
(-1.38524 -0.54301 0)
(-1.35731 -0.586206 0)
(-1.32737 -0.627859 0)
(-1.29553 -0.66787 0)
(-1.2619 -0.706147 0)
(-1.2266 -0.742606 0)
(-1.18975 -0.777173 0)
(-1.15148 -0.809784 0)
(-1.11194 -0.840387 0)
(-1.07125 -0.868942 0)
(-1.02957 -0.895421 0)
(-0.987039 -0.919812 0)
(-0.943814 -0.942115 0)
(-0.900042 -0.96235 0)
(-0.855875 -0.98055 0)
(-0.81146 -0.99677 0)
(-0.766945 -1.01108 0)
(-0.722469 -1.02357 0)
(-0.678167 -1.03435 0)
(-0.634164 -1.04354 0)
(-0.590569 -1.0513 0)
(-0.547475 -1.05776 0)
(-0.50495 -1.0631 0)
(-0.463035 -1.06748 0)
(-0.421742 -1.07106 0)
(-0.38106 -1.07397 0)
(-0.340959 -1.07633 0)
(-0.301398 -1.07826 0)
(-0.262334 -1.07984 0)
(-0.223722 -1.08112 0)
(-0.185519 -1.08218 0)
(-0.147687 -1.08304 0)
(-0.110188 -1.08375 0)
(-0.0729894 -1.08434 0)
(-0.0360601 -1.08482 0)
(0.000627463 -1.08522 0)
(0.0370984 -1.08555 0)
(0.0733758 -1.08582 0)
(0.109481 -1.08604 0)
(0.145433 -1.08623 0)
(0.18125 -1.08638 0)
(0.216949 -1.0865 0)
(0.252545 -1.0866 0)
(0.288054 -1.08668 0)
(0.323488 -1.08675 0)
(0.358862 -1.0868 0)
(0.394188 -1.08683 0)
(0.429478 -1.08686 0)
(0.464745 -1.08687 0)
(0.5 -1.08687 0)
(0.5 1.1065 0)
(0.464713 1.1065 0)
(0.429414 1.10649 0)
(0.39409 1.10647 0)
(0.358731 1.10643 0)
(0.323322 1.10638 0)
(0.287851 1.10632 0)
(0.252305 1.10624 0)
(0.216669 1.10614 0)
(0.180928 1.10602 0)
(0.145066 1.10587 0)
(0.109065 1.10569 0)
(0.0729077 1.10547 0)
(0.0365732 1.1052 0)
(3.9724e-05 1.10488 0)
(-0.0367169 1.10449 0)
(-0.0737232 1.10402 0)
(-0.111008 1.10344 0)
(-0.148604 1.10274 0)
(-0.186547 1.10189 0)
(-0.224877 1.10086 0)
(-0.263636 1.09959 0)
(-0.302872 1.09804 0)
(-0.342635 1.09613 0)
(-0.382975 1.09378 0)
(-0.423939 1.0909 0)
(-0.465565 1.08734 0)
(-0.50787 1.08296 0)
(-0.550844 1.07761 0)
(-0.594447 1.07111 0)
(-0.638605 1.06329 0)
(-0.683222 1.05399 0)
(-0.72818 1.04307 0)
(-0.773348 1.03039 0)
(-0.818584 1.01585 0)
(-0.86374 0.999362 0)
(-0.908664 0.980845 0)
(-0.953201 0.960249 0)
(-0.997195 0.937539 0)
(-1.04049 0.912698 0)
(-1.08293 0.885724 0)
(-1.12436 0.856631 0)
(-1.16464 0.825447 0)
(-1.20362 0.792214 0)
(-1.24116 0.756986 0)
(-1.27712 0.719827 0)
(-1.31138 0.680815 0)
(-1.34382 0.640033 0)
(-1.37433 0.597576 0)
(-1.40279 0.553546 0)
(-1.4291 0.508051 0)
(-1.45319 0.461205 0)
(-1.47496 0.413131 0)
(-1.49435 0.363951 0)
(-1.51128 0.313796 0)
(-1.5257 0.262799 0)
(-1.53757 0.211095 0)
(-1.54684 0.158823 0)
(-1.55348 0.106123 0)
(-1.55748 0.053137 0)
(-1.55881 7.72791e-06 0)
(-1.55748 -0.0531219 0)
(-1.55349 -0.106109 0)
(-1.54684 -0.15881 0)
(-1.53757 -0.211083 0)
(-1.52571 -0.262788 0)
(-1.51128 -0.313787 0)
(-1.49435 -0.363943 0)
(-1.47497 -0.413123 0)
(-1.45319 -0.461199 0)
(-1.42911 -0.508045 0)
(-1.40279 -0.553541 0)
(-1.37433 -0.597572 0)
(-1.34383 -0.640029 0)
(-1.31139 -0.680812 0)
(-1.27712 -0.719825 0)
(-1.24116 -0.756983 0)
(-1.20362 -0.792212 0)
(-1.16464 -0.825445 0)
(-1.12436 -0.856629 0)
(-1.08293 -0.885723 0)
(-1.04049 -0.912697 0)
(-0.997196 -0.937538 0)
(-0.953203 -0.960248 0)
(-0.908666 -0.980845 0)
(-0.863741 -0.999362 0)
(-0.818585 -1.01585 0)
(-0.773349 -1.03039 0)
(-0.728181 -1.04306 0)
(-0.683223 -1.05399 0)
(-0.638606 -1.06329 0)
(-0.594447 -1.07111 0)
(-0.550845 -1.07761 0)
(-0.50787 -1.08296 0)
(-0.465565 -1.08734 0)
(-0.42394 -1.0909 0)
(-0.382975 -1.09378 0)
(-0.342635 -1.09613 0)
(-0.302872 -1.09804 0)
(-0.263636 -1.09959 0)
(-0.224877 -1.10086 0)
(-0.186548 -1.10189 0)
(-0.148605 -1.10274 0)
(-0.111008 -1.10344 0)
(-0.0737233 -1.10402 0)
(-0.036717 -1.10449 0)
(3.96288e-05 -1.10488 0)
(0.0365732 -1.1052 0)
(0.0729076 -1.10547 0)
(0.109065 -1.10569 0)
(0.145065 -1.10587 0)
(0.180928 -1.10602 0)
(0.216669 -1.10614 0)
(0.252305 -1.10624 0)
(0.287851 -1.10632 0)
(0.323322 -1.10638 0)
(0.358731 -1.10643 0)
(0.39409 -1.10647 0)
(0.429414 -1.10649 0)
(0.464713 -1.1065 0)
(0.5 -1.1065 0)
(0.5 1.12614 0)
(0.464682 1.12614 0)
(0.429352 1.12613 0)
(0.393997 1.12611 0)
(0.358605 1.12607 0)
(0.323163 1.12603 0)
(0.287657 1.12597 0)
(0.252075 1.12589 0)
(0.2164 1.12579 0)
(0.180619 1.12567 0)
(0.144713 1.12553 0)
(0.108666 1.12535 0)
(0.0724585 1.12514 0)
(0.0360691 1.12487 0)
(-0.00052477 1.12456 0)
(-0.0373482 1.12418 0)
(-0.0744288 1.12371 0)
(-0.111797 1.12315 0)
(-0.149488 1.12247 0)
(-0.187539 1.12163 0)
(-0.225992 1.12062 0)
(-0.264895 1.11937 0)
(-0.3043 1.11785 0)
(-0.344262 1.11597 0)
(-0.384839 1.11366 0)
(-0.426085 1.1108 0)
(-0.468045 1.10727 0)
(-0.510743 1.10291 0)
(-0.554173 1.09756 0)
(-0.598292 1.09103 0)
(-0.643023 1.08315 0)
(-0.688264 1.07375 0)
(-0.733889 1.06269 0)
(-0.779759 1.04984 0)
(-0.825726 1.03508 0)
(-0.871635 1.01832 0)
(-0.917326 0.999482 0)
(-0.962638 0.978525 0)
(-1.00741 0.955407 0)
(-1.05148 0.930112 0)
(-1.09468 0.90264 0)
(-1.13687 0.873004 0)
(-1.17789 0.841236 0)
(-1.21759 0.807376 0)
(-1.25582 0.771481 0)
(-1.29245 0.733617 0)
(-1.32736 0.693862 0)
(-1.3604 0.652303 0)
(-1.39148 0.609036 0)
(-1.42047 0.564164 0)
(-1.44729 0.517798 0)
(-1.47183 0.470056 0)
(-1.49401 0.42106 0)
(-1.51376 0.370938 0)
(-1.53101 0.319821 0)
(-1.54571 0.267845 0)
(-1.5578 0.215149 0)
(-1.56725 0.161873 0)
(-1.57401 0.108161 0)
(-1.57809 0.0541578 0)
(-1.57944 8.14701e-06 0)
(-1.57809 -0.0541418 0)
(-1.57402 -0.108146 0)
(-1.56725 -0.161859 0)
(-1.5578 -0.215136 0)
(-1.54571 -0.267834 0)
(-1.53102 -0.319811 0)
(-1.51376 -0.370929 0)
(-1.49401 -0.421052 0)
(-1.47183 -0.470049 0)
(-1.44729 -0.517792 0)
(-1.42048 -0.564159 0)
(-1.39148 -0.609031 0)
(-1.36041 -0.652299 0)
(-1.32736 -0.693859 0)
(-1.29246 -0.733615 0)
(-1.25582 -0.771479 0)
(-1.21759 -0.807374 0)
(-1.17789 -0.841234 0)
(-1.13688 -0.873003 0)
(-1.09469 -0.902638 0)
(-1.05148 -0.930111 0)
(-1.00741 -0.955406 0)
(-0.962639 -0.978524 0)
(-0.917327 -0.999482 0)
(-0.871636 -1.01831 0)
(-0.825727 -1.03508 0)
(-0.77976 -1.04984 0)
(-0.733889 -1.06269 0)
(-0.688264 -1.07375 0)
(-0.643024 -1.08315 0)
(-0.598292 -1.09103 0)
(-0.554174 -1.09756 0)
(-0.510744 -1.10291 0)
(-0.468045 -1.10727 0)
(-0.426085 -1.1108 0)
(-0.384839 -1.11366 0)
(-0.344262 -1.11597 0)
(-0.3043 -1.11785 0)
(-0.264896 -1.11937 0)
(-0.225992 -1.12062 0)
(-0.187539 -1.12163 0)
(-0.149488 -1.12247 0)
(-0.111797 -1.12315 0)
(-0.0744289 -1.12371 0)
(-0.0373483 -1.12418 0)
(-0.000524867 -1.12456 0)
(0.036069 -1.12487 0)
(0.0724585 -1.12514 0)
(0.108666 -1.12535 0)
(0.144713 -1.12553 0)
(0.180619 -1.12567 0)
(0.2164 -1.12579 0)
(0.252075 -1.12589 0)
(0.287657 -1.12597 0)
(0.323163 -1.12603 0)
(0.358605 -1.12607 0)
(0.393997 -1.12611 0)
(0.429352 -1.12613 0)
(0.464682 -1.12614 0)
(0.5 -1.12614 0)
(0.5 1.14579 0)
(0.464652 1.14579 0)
(0.429292 1.14578 0)
(0.393907 1.14576 0)
(0.358484 1.14572 0)
(0.32301 1.14568 0)
(0.287472 1.14562 0)
(0.251855 1.14554 0)
(0.216144 1.14545 0)
(0.180324 1.14533 0)
(0.144377 1.14519 0)
(0.108285 1.14502 0)
(0.0720289 1.14481 0)
(0.0355867 1.14456 0)
(-0.00106515 1.14425 0)
(-0.0379528 1.14388 0)
(-0.075105 1.14343 0)
(-0.112554 1.14288 0)
(-0.150336 1.14221 0)
(-0.188491 1.1414 0)
(-0.227065 1.14041 0)
(-0.266109 1.13919 0)
(-0.305679 1.1377 0)
(-0.345836 1.13587 0)
(-0.386647 1.13359 0)
(-0.428173 1.13078 0)
(-0.470469 1.12729 0)
(-0.513564 1.12295 0)
(-0.557456 1.11761 0)
(-0.602099 1.11106 0)
(-0.647413 1.10313 0)
(-0.693288 1.09364 0)
(-0.739591 1.08245 0)
(-0.786175 1.06942 0)
(-0.832884 1.05444 0)
(-0.879556 1.03741 0)
(-0.926023 1.01826 0)
(-0.97212 0.996941 0)
(-1.01768 0.973414 0)
(-1.06253 0.947664 0)
(-1.10651 0.91969 0)
(-1.14947 0.889509 0)
(-1.19123 0.857151 0)
(-1.23165 0.82266 0)
(-1.27059 0.786094 0)
(-1.3079 0.747519 0)
(-1.34344 0.707016 0)
(-1.3771 0.664673 0)
(-1.40876 0.620588 0)
(-1.43829 0.574868 0)
(-1.4656 0.527625 0)
(-1.4906 0.478978 0)
(-1.5132 0.429053 0)
(-1.53332 0.377981 0)
(-1.55089 0.325894 0)
(-1.56586 0.272932 0)
(-1.57818 0.219235 0)
(-1.58781 0.164948 0)
(-1.5947 0.110216 0)
(-1.59885 0.0551867 0)
(-1.60023 8.59731e-06 0)
(-1.59885 -0.0551699 0)
(-1.5947 -0.1102 0)
(-1.58781 -0.164933 0)
(-1.57818 -0.219222 0)
(-1.56587 -0.27292 0)
(-1.5509 -0.325884 0)
(-1.53332 -0.377972 0)
(-1.5132 -0.429045 0)
(-1.4906 -0.478971 0)
(-1.46561 -0.527618 0)
(-1.43829 -0.574862 0)
(-1.40876 -0.620584 0)
(-1.37711 -0.664669 0)
(-1.34345 -0.707012 0)
(-1.3079 -0.747516 0)
(-1.27059 -0.786091 0)
(-1.23165 -0.822658 0)
(-1.19123 -0.857149 0)
(-1.14947 -0.889507 0)
(-1.10652 -0.919689 0)
(-1.06253 -0.947662 0)
(-1.01768 -0.973413 0)
(-0.972122 -0.99694 0)
(-0.926025 -1.01826 0)
(-0.879557 -1.03741 0)
(-0.832885 -1.05444 0)
(-0.786176 -1.06942 0)
(-0.739592 -1.08245 0)
(-0.693289 -1.09364 0)
(-0.647414 -1.10313 0)
(-0.602099 -1.11106 0)
(-0.557456 -1.11761 0)
(-0.513565 -1.12295 0)
(-0.470469 -1.12729 0)
(-0.428174 -1.13078 0)
(-0.386647 -1.13359 0)
(-0.345837 -1.13587 0)
(-0.305679 -1.1377 0)
(-0.266109 -1.13919 0)
(-0.227065 -1.14041 0)
(-0.188491 -1.1414 0)
(-0.150336 -1.14221 0)
(-0.112554 -1.14288 0)
(-0.0751051 -1.14343 0)
(-0.0379529 -1.14388 0)
(-0.00106525 -1.14425 0)
(0.0355866 -1.14456 0)
(0.0720289 -1.14481 0)
(0.108285 -1.14502 0)
(0.144377 -1.14519 0)
(0.180324 -1.14533 0)
(0.216144 -1.14545 0)
(0.251855 -1.14554 0)
(0.287472 -1.14562 0)
(0.32301 -1.14568 0)
(0.358484 -1.14572 0)
(0.393907 -1.14576 0)
(0.429292 -1.14578 0)
(0.464652 -1.14579 0)
(0.5 -1.14579 0)
(0.5 1.16545 0)
(0.464624 1.16545 0)
(0.429236 1.16543 0)
(0.393822 1.16541 0)
(0.35837 1.16538 0)
(0.322866 1.16534 0)
(0.287296 1.16528 0)
(0.251646 1.16521 0)
(0.2159 1.16512 0)
(0.180043 1.165 0)
(0.144056 1.16487 0)
(0.107922 1.1647 0)
(0.0716194 1.1645 0)
(0.0351267 1.16425 0)
(-0.00158067 1.16395 0)
(-0.0385298 1.16359 0)
(-0.0757508 1.16316 0)
(-0.113277 1.16263 0)
(-0.151147 1.16198 0)
(-0.189403 1.16119 0)
(-0.228094 1.16023 0)
(-0.267274 1.15905 0)
(-0.307005 1.1576 0)
(-0.347354 1.1558 0)
(-0.388395 1.15358 0)
(-0.4302 1.15082 0)
(-0.472831 1.14738 0)
(-0.516327 1.14308 0)
(-0.560687 1.13776 0)
(-0.605864 1.1312 0)
(-0.651771 1.12323 0)
(-0.698291 1.11366 0)
(-0.745284 1.10234 0)
(-0.792593 1.08914 0)
(-0.840055 1.07394 0)
(-0.8875 1.05664 0)
(-0.934755 1.03718 0)
(-0.981646 1.0155 0)
(-1.028 0.99156 0)
(-1.07365 0.965352 0)
(-1.11841 0.936874 0)
(-1.16214 0.906144 0)
(-1.20465 0.873193 0)
(-1.24581 0.838066 0)
(-1.28546 0.800822 0)
(-1.32345 0.761531 0)
(-1.35965 0.720274 0)
(-1.39392 0.677141 0)
(-1.42616 0.632232 0)
(-1.45624 0.585657 0)
(-1.48405 0.537529 0)
(-1.50951 0.487971 0)
(-1.53253 0.43711 0)
(-1.55302 0.38508 0)
(-1.57092 0.332016 0)
(-1.58617 0.278059 0)
(-1.59872 0.223354 0)
(-1.60852 0.168047 0)
(-1.61554 0.112287 0)
(-1.61977 0.0562238 0)
(-1.62118 9.08269e-06 0)
(-1.61977 -0.0562061 0)
(-1.61555 -0.11227 0)
(-1.60852 -0.168032 0)
(-1.59872 -0.22334 0)
(-1.58617 -0.278047 0)
(-1.57093 -0.332005 0)
(-1.55303 -0.38507 0)
(-1.53253 -0.437102 0)
(-1.50952 -0.487964 0)
(-1.48406 -0.537523 0)
(-1.45624 -0.585651 0)
(-1.42616 -0.632228 0)
(-1.39393 -0.677137 0)
(-1.35965 -0.72027 0)
(-1.32345 -0.761528 0)
(-1.28546 -0.80082 0)
(-1.24581 -0.838064 0)
(-1.20466 -0.873191 0)
(-1.16214 -0.906142 0)
(-1.11841 -0.936873 0)
(-1.07365 -0.965351 0)
(-1.028 -0.991559 0)
(-0.981648 -1.0155 0)
(-0.934756 -1.03718 0)
(-0.887501 -1.05664 0)
(-0.840056 -1.07394 0)
(-0.792594 -1.08914 0)
(-0.745285 -1.10234 0)
(-0.698292 -1.11366 0)
(-0.651772 -1.12323 0)
(-0.605864 -1.1312 0)
(-0.560687 -1.13776 0)
(-0.516328 -1.14308 0)
(-0.472832 -1.14738 0)
(-0.430201 -1.15082 0)
(-0.388396 -1.15358 0)
(-0.347355 -1.1558 0)
(-0.307005 -1.1576 0)
(-0.267274 -1.15905 0)
(-0.228094 -1.16023 0)
(-0.189403 -1.16119 0)
(-0.151147 -1.16198 0)
(-0.113277 -1.16263 0)
(-0.075751 -1.16316 0)
(-0.03853 -1.16359 0)
(-0.00158077 -1.16395 0)
(0.0351267 -1.16425 0)
(0.0716194 -1.1645 0)
(0.107922 -1.1647 0)
(0.144056 -1.16487 0)
(0.180042 -1.165 0)
(0.2159 -1.16512 0)
(0.251645 -1.16521 0)
(0.287296 -1.16528 0)
(0.322866 -1.16534 0)
(0.35837 -1.16538 0)
(0.393822 -1.16541 0)
(0.429236 -1.16543 0)
(0.464624 -1.16545 0)
(0.5 -1.16545 0)
(0.5 1.18511 0)
(0.464598 1.18511 0)
(0.429183 1.1851 0)
(0.393741 1.18508 0)
(0.358261 1.18504 0)
(0.322728 1.185 0)
(0.287128 1.18495 0)
(0.251447 1.18488 0)
(0.215668 1.18479 0)
(0.179776 1.18468 0)
(0.143752 1.18455 0)
(0.107577 1.18439 0)
(0.0712305 1.18419 0)
(0.0346898 1.18396 0)
(-0.00207063 1.18367 0)
(-0.0390786 1.18332 0)
(-0.0763653 1.1829 0)
(-0.113966 1.18239 0)
(-0.15192 1.18176 0)
(-0.190273 1.181 0)
(-0.229076 1.18007 0)
(-0.268388 1.17893 0)
(-0.308275 1.17753 0)
(-0.348812 1.17579 0)
(-0.39008 1.17362 0)
(-0.432161 1.17092 0)
(-0.475128 1.16754 0)
(-0.519028 1.1633 0)
(-0.563862 1.15801 0)
(-0.609582 1.15145 0)
(-0.656094 1.14345 0)
(-0.703271 1.13381 0)
(-0.750964 1.12237 0)
(-0.79901 1.109 0)
(-0.847236 1.09358 0)
(-0.895466 1.07602 0)
(-0.943518 1.05624 0)
(-0.991214 1.03419 0)
(-1.03837 1.00984 0)
(-1.08482 0.983176 0)
(-1.13038 0.954191 0)
(-1.17488 0.922908 0)
(-1.21817 0.889359 0)
(-1.26006 0.853592 0)
(-1.30042 0.815666 0)
(-1.3391 0.775653 0)
(-1.37596 0.733635 0)
(-1.41086 0.689706 0)
(-1.44368 0.643968 0)
(-1.47431 0.59653 0)
(-1.50264 0.547511 0)
(-1.52856 0.497034 0)
(-1.552 0.44523 0)
(-1.57287 0.392234 0)
(-1.5911 0.338185 0)
(-1.60663 0.283226 0)
(-1.6194 0.227505 0)
(-1.62939 0.17117 0)
(-1.63654 0.114374 0)
(-1.64084 0.057269 0)
(-1.64228 9.60536e-06 0)
(-1.64084 -0.0572503 0)
(-1.63654 -0.114356 0)
(-1.62939 -0.171154 0)
(-1.61941 -0.227491 0)
(-1.60663 -0.283214 0)
(-1.5911 -0.338174 0)
(-1.57287 -0.392224 0)
(-1.552 -0.445222 0)
(-1.52857 -0.497027 0)
(-1.50264 -0.547504 0)
(-1.47432 -0.596525 0)
(-1.44369 -0.643963 0)
(-1.41086 -0.689702 0)
(-1.37596 -0.733632 0)
(-1.33911 -0.77565 0)
(-1.30043 -0.815663 0)
(-1.26007 -0.85359 0)
(-1.21817 -0.889357 0)
(-1.17489 -0.922906 0)
(-1.13038 -0.95419 0)
(-1.08482 -0.983175 0)
(-1.03838 -1.00984 0)
(-0.991216 -1.03419 0)
(-0.94352 -1.05624 0)
(-0.895467 -1.07602 0)
(-0.847238 -1.09358 0)
(-0.799011 -1.109 0)
(-0.750965 -1.12237 0)
(-0.703272 -1.1338 0)
(-0.656094 -1.14345 0)
(-0.609583 -1.15145 0)
(-0.563863 -1.15801 0)
(-0.519028 -1.1633 0)
(-0.475128 -1.16754 0)
(-0.432161 -1.17092 0)
(-0.39008 -1.17362 0)
(-0.348812 -1.17579 0)
(-0.308275 -1.17753 0)
(-0.268388 -1.17893 0)
(-0.229076 -1.18007 0)
(-0.190273 -1.181 0)
(-0.15192 -1.18176 0)
(-0.113966 -1.18239 0)
(-0.0763654 -1.1829 0)
(-0.0390787 -1.18332 0)
(-0.00207073 -1.18367 0)
(0.0346897 -1.18396 0)
(0.0712305 -1.18419 0)
(0.107577 -1.18439 0)
(0.143752 -1.18455 0)
(0.179776 -1.18468 0)
(0.215668 -1.18479 0)
(0.251447 -1.18488 0)
(0.287128 -1.18495 0)
(0.322728 -1.185 0)
(0.358261 -1.18504 0)
(0.393741 -1.18508 0)
(0.429183 -1.1851 0)
(0.464598 -1.18511 0)
(0.5 -1.18511 0)
(0.5 1.20477 0)
(0.464573 1.20477 0)
(0.429132 1.20476 0)
(0.393665 1.20474 0)
(0.358159 1.20471 0)
(0.322599 1.20467 0)
(0.28697 1.20462 0)
(0.251259 1.20455 0)
(0.215449 1.20447 0)
(0.179524 1.20436 0)
(0.143464 1.20424 0)
(0.107251 1.20408 0)
(0.0708628 1.2039 0)
(0.0342763 1.20367 0)
(-0.00253434 1.20339 0)
(-0.0395982 1.20306 0)
(-0.0769475 1.20266 0)
(-0.114619 1.20217 0)
(-0.152654 1.20157 0)
(-0.191099 1.20084 0)
(-0.23001 1.19994 0)
(-0.269449 1.19885 0)
(-0.309487 1.19749 0)
(-0.350207 1.19581 0)
(-0.391696 1.19372 0)
(-0.43405 1.19109 0)
(-0.477353 1.18778 0)
(-0.52166 1.18361 0)
(-0.566977 1.17836 0)
(-0.613249 1.17182 0)
(-0.660377 1.16379 0)
(-0.708223 1.15408 0)
(-0.75663 1.14253 0)
(-0.805425 1.12899 0)
(-0.854427 1.11336 0)
(-0.903452 1.09554 0)
(-0.952312 1.07544 0)
(-1.00082 1.05303 0)
(-1.0488 1.02827 0)
(-1.09606 1.00114 0)
(-1.14242 0.97164 0)
(-1.18771 0.9398 0)
(-1.23176 0.90565 0)
(-1.27441 0.869238 0)
(-1.31549 0.830624 0)
(-1.35487 0.789884 0)
(-1.39239 0.7471 0)
(-1.42792 0.702369 0)
(-1.46133 0.655794 0)
(-1.49251 0.607487 0)
(-1.52135 0.55757 0)
(-1.54775 0.506167 0)
(-1.57161 0.453412 0)
(-1.59286 0.399443 0)
(-1.61142 0.344401 0)
(-1.62723 0.288433 0)
(-1.64024 0.231688 0)
(-1.6504 0.174317 0)
(-1.65769 0.116477 0)
(-1.66207 0.0583222 0)
(-1.66353 1.01677e-05 0)
(-1.66207 -0.0583025 0)
(-1.65769 -0.116459 0)
(-1.65041 -0.174301 0)
(-1.64024 -0.231673 0)
(-1.62723 -0.28842 0)
(-1.61142 -0.34439 0)
(-1.59286 -0.399433 0)
(-1.57162 -0.453404 0)
(-1.54775 -0.50616 0)
(-1.52136 -0.557563 0)
(-1.49252 -0.607482 0)
(-1.46134 -0.655789 0)
(-1.42792 -0.702365 0)
(-1.39239 -0.747097 0)
(-1.35487 -0.789881 0)
(-1.31549 -0.830622 0)
(-1.27441 -0.869235 0)
(-1.23176 -0.905648 0)
(-1.18771 -0.939799 0)
(-1.14242 -0.971639 0)
(-1.09606 -1.00113 0)
(-1.0488 -1.02827 0)
(-1.00082 -1.05303 0)
(-0.952314 -1.07544 0)
(-0.903453 -1.09554 0)
(-0.854428 -1.11336 0)
(-0.805426 -1.12899 0)
(-0.756631 -1.14253 0)
(-0.708224 -1.15408 0)
(-0.660377 -1.16379 0)
(-0.61325 -1.17182 0)
(-0.566977 -1.17836 0)
(-0.521661 -1.18361 0)
(-0.477353 -1.18778 0)
(-0.434051 -1.19109 0)
(-0.391697 -1.19372 0)
(-0.350207 -1.19581 0)
(-0.309488 -1.19749 0)
(-0.269449 -1.19885 0)
(-0.230011 -1.19994 0)
(-0.1911 -1.20084 0)
(-0.152654 -1.20157 0)
(-0.114619 -1.20217 0)
(-0.0769476 -1.20266 0)
(-0.0395983 -1.20306 0)
(-0.00253445 -1.20339 0)
(0.0342763 -1.20367 0)
(0.0708627 -1.2039 0)
(0.107251 -1.20408 0)
(0.143464 -1.20424 0)
(0.179524 -1.20436 0)
(0.215449 -1.20447 0)
(0.251259 -1.20455 0)
(0.28697 -1.20462 0)
(0.322599 -1.20467 0)
(0.358159 -1.20471 0)
(0.393665 -1.20474 0)
(0.429132 -1.20476 0)
(0.464573 -1.20477 0)
(0.5 -1.20477 0)
(0.5 1.22444 0)
(0.464549 1.22444 0)
(0.429085 1.22443 0)
(0.393594 1.22441 0)
(0.358062 1.22438 0)
(0.322477 1.22435 0)
(0.286822 1.22429 0)
(0.251083 1.22423 0)
(0.215244 1.22415 0)
(0.179287 1.22405 0)
(0.143193 1.22393 0)
(0.106944 1.22378 0)
(0.0705165 1.22361 0)
(0.033887 1.22339 0)
(-0.00297117 1.22313 0)
(-0.0400879 1.22281 0)
(-0.0774965 1.22243 0)
(-0.115235 1.22196 0)
(-0.153346 1.22139 0)
(-0.19188 1.22069 0)
(-0.230894 1.21984 0)
(-0.270455 1.21879 0)
(-0.310638 1.21749 0)
(-0.351534 1.21588 0)
(-0.393241 1.21386 0)
(-0.435863 1.21132 0)
(-0.4795 1.2081 0)
(-0.524219 1.204 0)
(-0.570025 1.19881 0)
(-0.616861 1.19229 0)
(-0.664616 1.18425 0)
(-0.713145 1.17448 0)
(-0.762278 1.16282 0)
(-0.811834 1.14912 0)
(-0.861624 1.13328 0)
(-0.911456 1.11519 0)
(-0.961136 1.09478 0)
(-1.01047 1.07201 0)
(-1.05927 1.04683 0)
(-1.10735 1.01923 0)
(-1.15452 0.989221 0)
(-1.20061 0.956821 0)
(-1.24544 0.922065 0)
(-1.28884 0.885003 0)
(-1.33066 0.845697 0)
(-1.37073 0.804224 0)
(-1.40892 0.760668 0)
(-1.44509 0.715128 0)
(-1.4791 0.66771 0)
(-1.51084 0.618528 0)
(-1.5402 0.567705 0)
(-1.56707 0.51537 0)
(-1.59136 0.461657 0)
(-1.61299 0.406707 0)
(-1.63189 0.350665 0)
(-1.64798 0.293679 0)
(-1.66122 0.235902 0)
(-1.67157 0.177488 0)
(-1.67899 0.118596 0)
(-1.68344 0.0593834 0)
(-1.68493 1.07733e-05 0)
(-1.68345 -0.0593626 0)
(-1.67899 -0.118577 0)
(-1.67157 -0.177471 0)
(-1.66123 -0.235887 0)
(-1.64798 -0.293666 0)
(-1.63189 -0.350653 0)
(-1.61299 -0.406697 0)
(-1.59137 -0.461648 0)
(-1.56707 -0.515362 0)
(-1.5402 -0.567698 0)
(-1.51085 -0.618522 0)
(-1.47911 -0.667705 0)
(-1.44509 -0.715124 0)
(-1.40893 -0.760665 0)
(-1.37074 -0.80422 0)
(-1.33066 -0.845694 0)
(-1.28884 -0.885 0)
(-1.24544 -0.922063 0)
(-1.20061 -0.95682 0)
(-1.15453 -0.98922 0)
(-1.10735 -1.01923 0)
(-1.05927 -1.04683 0)
(-1.01047 -1.07201 0)
(-0.961137 -1.09478 0)
(-0.911457 -1.11519 0)
(-0.861625 -1.13328 0)
(-0.811835 -1.14912 0)
(-0.762279 -1.16282 0)
(-0.713146 -1.17448 0)
(-0.664617 -1.18425 0)
(-0.616862 -1.19229 0)
(-0.570026 -1.19881 0)
(-0.524219 -1.204 0)
(-0.479501 -1.2081 0)
(-0.435864 -1.21132 0)
(-0.393241 -1.21386 0)
(-0.351534 -1.21588 0)
(-0.310639 -1.21749 0)
(-0.270455 -1.21879 0)
(-0.230895 -1.21984 0)
(-0.19188 -1.22069 0)
(-0.153346 -1.22139 0)
(-0.115235 -1.22196 0)
(-0.0774966 -1.22243 0)
(-0.040088 -1.22281 0)
(-0.00297128 -1.22313 0)
(0.033887 -1.22339 0)
(0.0705165 -1.22361 0)
(0.106944 -1.22378 0)
(0.143193 -1.22393 0)
(0.179286 -1.22405 0)
(0.215244 -1.22415 0)
(0.251083 -1.22423 0)
(0.286822 -1.22429 0)
(0.322477 -1.22435 0)
(0.358062 -1.22438 0)
(0.393594 -1.22441 0)
(0.429085 -1.22443 0)
(0.464549 -1.22444 0)
(0.5 -1.22444 0)
(0.5 1.24411 0)
(0.464527 1.24411 0)
(0.42904 1.2441 0)
(0.393527 1.24409 0)
(0.357972 1.24406 0)
(0.322363 1.24402 0)
(0.286683 1.24397 0)
(0.250918 1.24391 0)
(0.215051 1.24384 0)
(0.179065 1.24375 0)
(0.14294 1.24363 0)
(0.106657 1.24349 0)
(0.0701923 1.24332 0)
(0.0335224 1.24312 0)
(-0.00338051 1.24287 0)
(-0.0405469 1.24257 0)
(-0.0780114 1.24221 0)
(-0.115813 1.24176 0)
(-0.153997 1.24122 0)
(-0.192614 1.24056 0)
(-0.231726 1.23975 0)
(-0.271403 1.23875 0)
(-0.311726 1.23752 0)
(-0.352791 1.23598 0)
(-0.394708 1.23405 0)
(-0.437595 1.23161 0)
(-0.481565 1.22848 0)
(-0.526698 1.22448 0)
(-0.573002 1.21936 0)
(-0.620413 1.21288 0)
(-0.66881 1.20483 0)
(-0.718034 1.19501 0)
(-0.767906 1.18324 0)
(-0.818236 1.16939 0)
(-0.868826 1.15334 0)
(-0.919476 1.13499 0)
(-0.969986 1.11427 0)
(-1.02016 1.09112 0)
(-1.06979 1.06552 0)
(-1.1187 1.03746 0)
(-1.16669 1.00693 0)
(-1.21359 0.97397 0)
(-1.2592 0.938603 0)
(-1.30337 0.900886 0)
(-1.34592 0.860883 0)
(-1.3867 0.818671 0)
(-1.42557 0.774338 0)
(-1.46238 0.727983 0)
(-1.49699 0.679716 0)
(-1.5293 0.629652 0)
(-1.55918 0.577916 0)
(-1.58652 0.524641 0)
(-1.61125 0.469963 0)
(-1.63326 0.414025 0)
(-1.65249 0.356975 0)
(-1.66888 0.298965 0)
(-1.68236 0.240148 0)
(-1.69289 0.180683 0)
(-1.70043 0.12073 0)
(-1.70497 0.0604524 0)
(-1.70649 1.14277e-05 0)
(-1.70497 -0.0604305 0)
(-1.70044 -0.12071 0)
(-1.69289 -0.180665 0)
(-1.68236 -0.240132 0)
(-1.66888 -0.298951 0)
(-1.6525 -0.356963 0)
(-1.63327 -0.414015 0)
(-1.61125 -0.469954 0)
(-1.58653 -0.524633 0)
(-1.55918 -0.57791 0)
(-1.5293 -0.629646 0)
(-1.497 -0.679711 0)
(-1.46238 -0.727979 0)
(-1.42557 -0.774335 0)
(-1.3867 -0.818668 0)
(-1.34592 -0.86088 0)
(-1.30337 -0.900884 0)
(-1.2592 -0.938601 0)
(-1.21359 -0.973968 0)
(-1.1667 -1.00693 0)
(-1.1187 -1.03746 0)
(-1.0698 -1.06552 0)
(-1.02016 -1.09112 0)
(-0.969988 -1.11427 0)
(-0.919477 -1.13499 0)
(-0.868827 -1.15334 0)
(-0.818237 -1.16939 0)
(-0.767907 -1.18324 0)
(-0.718034 -1.19501 0)
(-0.66881 -1.20483 0)
(-0.620414 -1.21288 0)
(-0.573003 -1.21936 0)
(-0.526698 -1.22448 0)
(-0.481565 -1.22848 0)
(-0.437595 -1.23161 0)
(-0.394708 -1.23405 0)
(-0.352791 -1.23598 0)
(-0.311726 -1.23752 0)
(-0.271403 -1.23875 0)
(-0.231726 -1.23975 0)
(-0.192615 -1.24056 0)
(-0.153997 -1.24122 0)
(-0.115813 -1.24176 0)
(-0.0780115 -1.24221 0)
(-0.0405471 -1.24257 0)
(-0.00338061 -1.24287 0)
(0.0335223 -1.24312 0)
(0.0701923 -1.24332 0)
(0.106657 -1.24349 0)
(0.14294 -1.24363 0)
(0.179065 -1.24375 0)
(0.215051 -1.24384 0)
(0.250918 -1.24391 0)
(0.286683 -1.24397 0)
(0.322363 -1.24402 0)
(0.357972 -1.24406 0)
(0.393527 -1.24409 0)
(0.42904 -1.2441 0)
(0.464527 -1.24411 0)
(0.5 -1.24411 0)
(0.5 1.26379 0)
(0.464506 1.26379 0)
(0.428999 1.26378 0)
(0.393465 1.26376 0)
(0.357888 1.26374 0)
(0.322257 1.2637 0)
(0.286554 1.26366 0)
(0.250765 1.2636 0)
(0.214872 1.26353 0)
(0.178858 1.26344 0)
(0.142704 1.26334 0)
(0.106389 1.26321 0)
(0.0698906 1.26305 0)
(0.0331829 1.26285 0)
(-0.00376178 1.26262 0)
(-0.0409747 1.26234 0)
(-0.0784914 1.262 0)
(-0.116352 1.26158 0)
(-0.154604 1.26107 0)
(-0.1933 1.26045 0)
(-0.232504 1.25969 0)
(-0.27229 1.25875 0)
(-0.312746 1.25758 0)
(-0.353974 1.25613 0)
(-0.396094 1.25429 0)
(-0.439239 1.25195 0)
(-0.48354 1.24895 0)
(-0.529092 1.24505 0)
(-0.575904 1.24002 0)
(-0.623902 1.23359 0)
(-0.672953 1.22554 0)
(-0.722886 1.21567 0)
(-0.773512 1.2038 0)
(-0.824629 1.1898 0)
(-0.876031 1.17354 0)
(-0.927512 1.15492 0)
(-0.978863 1.13389 0)
(-1.02988 1.11038 0)
(-1.08036 1.08436 0)
(-1.13011 1.05582 0)
(-1.17893 1.02478 0)
(-1.22663 0.991246 0)
(-1.27304 0.955265 0)
(-1.31798 0.916888 0)
(-1.36128 0.876183 0)
(-1.40277 0.833227 0)
(-1.44232 0.78811 0)
(-1.47978 0.740934 0)
(-1.515 0.691811 0)
(-1.54788 0.640858 0)
(-1.57828 0.588203 0)
(-1.60611 0.533981 0)
(-1.63127 0.47833 0)
(-1.65367 0.421398 0)
(-1.67324 0.363333 0)
(-1.68992 0.304289 0)
(-1.70363 0.244425 0)
(-1.71435 0.183901 0)
(-1.72203 0.122881 0)
(-1.72665 0.0615293 0)
(-1.72819 1.21387e-05 0)
(-1.72665 -0.0615062 0)
(-1.72203 -0.12286 0)
(-1.71435 -0.183883 0)
(-1.70364 -0.244409 0)
(-1.68992 -0.304275 0)
(-1.67325 -0.36332 0)
(-1.65368 -0.421387 0)
(-1.63127 -0.478321 0)
(-1.60611 -0.533973 0)
(-1.57828 -0.588196 0)
(-1.54788 -0.640852 0)
(-1.51501 -0.691805 0)
(-1.47978 -0.74093 0)
(-1.44233 -0.788106 0)
(-1.40278 -0.833223 0)
(-1.36128 -0.87618 0)
(-1.31798 -0.916886 0)
(-1.27304 -0.955263 0)
(-1.22664 -0.991244 0)
(-1.17893 -1.02478 0)
(-1.13011 -1.05582 0)
(-1.08036 -1.08436 0)
(-1.02988 -1.11037 0)
(-0.978865 -1.13389 0)
(-0.927513 -1.15492 0)
(-0.876033 -1.17354 0)
(-0.82463 -1.1898 0)
(-0.773513 -1.2038 0)
(-0.722887 -1.21567 0)
(-0.672954 -1.22554 0)
(-0.623903 -1.23359 0)
(-0.575904 -1.24002 0)
(-0.529092 -1.24505 0)
(-0.48354 -1.24895 0)
(-0.439239 -1.25195 0)
(-0.396094 -1.25429 0)
(-0.353974 -1.25613 0)
(-0.312746 -1.25758 0)
(-0.272291 -1.25875 0)
(-0.232505 -1.25969 0)
(-0.193301 -1.26045 0)
(-0.154604 -1.26107 0)
(-0.116353 -1.26158 0)
(-0.0784916 -1.262 0)
(-0.0409748 -1.26234 0)
(-0.00376189 -1.26262 0)
(0.0331828 -1.26285 0)
(0.0698905 -1.26305 0)
(0.106389 -1.26321 0)
(0.142704 -1.26334 0)
(0.178858 -1.26344 0)
(0.214872 -1.26353 0)
(0.250764 -1.2636 0)
(0.286554 -1.26366 0)
(0.322257 -1.2637 0)
(0.357888 -1.26374 0)
(0.393465 -1.26376 0)
(0.428999 -1.26378 0)
(0.464506 -1.26379 0)
(0.5 -1.26379 0)
(0.5 1.28346 0)
(0.464487 1.28346 0)
(0.428961 1.28346 0)
(0.393407 1.28344 0)
(0.357811 1.28342 0)
(0.322159 1.28339 0)
(0.286435 1.28334 0)
(0.250623 1.28329 0)
(0.214706 1.28322 0)
(0.178668 1.28314 0)
(0.142487 1.28304 0)
(0.106142 1.28292 0)
(0.0696116 1.28278 0)
(0.0328689 1.2826 0)
(-0.00411445 1.28238 0)
(-0.0413706 1.28212 0)
(-0.0789359 1.2818 0)
(-0.116852 1.28141 0)
(-0.155167 1.28094 0)
(-0.193937 1.28036 0)
(-0.233227 1.27964 0)
(-0.273116 1.27876 0)
(-0.313696 1.27767 0)
(-0.355079 1.27631 0)
(-0.397394 1.27458 0)
(-0.44079 1.27236 0)
(-0.48542 1.26948 0)
(-0.531394 1.26571 0)
(-0.578724 1.26078 0)
(-0.627323 1.25441 0)
(-0.677043 1.24637 0)
(-0.7277 1.23646 0)
(-0.779093 1.2245 0)
(-0.831011 1.21034 0)
(-0.883238 1.19388 0)
(-0.935561 1.175 0)
(-0.987765 1.15365 0)
(-1.03964 1.12977 0)
(-1.09098 1.10333 0)
(-1.14157 1.07432 0)
(-1.19123 1.04275 0)
(-1.23976 1.00865 0)
(-1.28697 0.972049 0)
(-1.33268 0.933008 0)
(-1.37673 0.891595 0)
(-1.41895 0.847889 0)
(-1.45918 0.801983 0)
(-1.49729 0.75398 0)
(-1.53313 0.703994 0)
(-1.56658 0.652146 0)
(-1.59751 0.598566 0)
(-1.62583 0.543389 0)
(-1.65143 0.486759 0)
(-1.67422 0.428824 0)
(-1.69414 0.369736 0)
(-1.7111 0.309652 0)
(-1.72506 0.248734 0)
(-1.73596 0.187143 0)
(-1.74377 0.125047 0)
(-1.74847 0.062614 0)
(-1.75004 1.29167e-05 0)
(-1.74848 -0.0625896 0)
(-1.74378 -0.125025 0)
(-1.73596 -0.187124 0)
(-1.72506 -0.248717 0)
(-1.7111 -0.309637 0)
(-1.69414 -0.369723 0)
(-1.67423 -0.428813 0)
(-1.65143 -0.486749 0)
(-1.62583 -0.543381 0)
(-1.59752 -0.598559 0)
(-1.56658 -0.65214 0)
(-1.53314 -0.703989 0)
(-1.49729 -0.753976 0)
(-1.45919 -0.801979 0)
(-1.41895 -0.847886 0)
(-1.37673 -0.891592 0)
(-1.33268 -0.933006 0)
(-1.28697 -0.972047 0)
(-1.23976 -1.00865 0)
(-1.19123 -1.04275 0)
(-1.14158 -1.07432 0)
(-1.09098 -1.10333 0)
(-1.03964 -1.12977 0)
(-0.987767 -1.15365 0)
(-0.935563 -1.175 0)
(-0.88324 -1.19388 0)
(-0.831012 -1.21034 0)
(-0.779094 -1.2245 0)
(-0.727701 -1.23646 0)
(-0.677044 -1.24637 0)
(-0.627324 -1.25441 0)
(-0.578725 -1.26077 0)
(-0.531395 -1.26571 0)
(-0.48542 -1.26948 0)
(-0.440791 -1.27236 0)
(-0.397394 -1.27458 0)
(-0.355079 -1.27631 0)
(-0.313697 -1.27767 0)
(-0.273116 -1.27876 0)
(-0.233227 -1.27964 0)
(-0.193937 -1.28036 0)
(-0.155167 -1.28094 0)
(-0.116852 -1.28141 0)
(-0.078936 -1.2818 0)
(-0.0413707 -1.28212 0)
(-0.00411456 -1.28238 0)
(0.0328688 -1.2826 0)
(0.0696116 -1.28278 0)
(0.106142 -1.28292 0)
(0.142486 -1.28304 0)
(0.178667 -1.28314 0)
(0.214706 -1.28322 0)
(0.250623 -1.28329 0)
(0.286435 -1.28334 0)
(0.322159 -1.28339 0)
(0.357811 -1.28342 0)
(0.393407 -1.28344 0)
(0.428961 -1.28346 0)
(0.464487 -1.28346 0)
(0.5 -1.28346 0)
(0.5 1.30314 0)
(0.46447 1.30314 0)
(0.428926 1.30314 0)
(0.393354 1.30312 0)
(0.35774 1.3031 0)
(0.322069 1.30307 0)
(0.286325 1.30303 0)
(0.250493 1.30298 0)
(0.214555 1.30292 0)
(0.178493 1.30285 0)
(0.142287 1.30276 0)
(0.105916 1.30264 0)
(0.0693559 1.30251 0)
(0.032581 1.30234 0)
(-0.00443803 1.30214 0)
(-0.0417339 1.3019 0)
(-0.079344 1.30161 0)
(-0.117311 1.30125 0)
(-0.155685 1.30081 0)
(-0.194522 1.30027 0)
(-0.233893 1.29962 0)
(-0.273878 1.2988 0)
(-0.314575 1.29779 0)
(-0.356103 1.29652 0)
(-0.398604 1.29491 0)
(-0.442244 1.29282 0)
(-0.487197 1.29009 0)
(-0.533599 1.28646 0)
(-0.581458 1.28164 0)
(-0.630672 1.27534 0)
(-0.681076 1.26733 0)
(-0.732473 1.25738 0)
(-0.784648 1.24533 0)
(-0.83738 1.23103 0)
(-0.890446 1.21436 0)
(-0.943623 1.19522 0)
(-0.996691 1.17355 0)
(-1.04943 1.1493 0)
(-1.10164 1.12244 0)
(-1.15309 1.09295 0)
(-1.20359 1.06086 0)
(-1.25295 1.02618 0)
(-1.30097 0.988956 0)
(-1.34747 0.949246 0)
(-1.39227 0.907119 0)
(-1.43522 0.862659 0)
(-1.47615 0.815957 0)
(-1.51492 0.767121 0)
(-1.55138 0.716266 0)
(-1.5854 0.663516 0)
(-1.61687 0.609003 0)
(-1.64568 0.552865 0)
(-1.67172 0.495248 0)
(-1.69491 0.436303 0)
(-1.71517 0.376185 0)
(-1.73242 0.315054 0)
(-1.74662 0.253073 0)
(-1.75772 0.190408 0)
(-1.76567 0.127228 0)
(-1.77045 0.0637064 0)
(-1.77204 1.37756e-05 0)
(-1.77045 -0.0636808 0)
(-1.76567 -0.127205 0)
(-1.75772 -0.190388 0)
(-1.74663 -0.253055 0)
(-1.73243 -0.315039 0)
(-1.71517 -0.376172 0)
(-1.69491 -0.436292 0)
(-1.67173 -0.495239 0)
(-1.64568 -0.552857 0)
(-1.61688 -0.608996 0)
(-1.58541 -0.66351 0)
(-1.55138 -0.716261 0)
(-1.51492 -0.767117 0)
(-1.47616 -0.815954 0)
(-1.43522 -0.862655 0)
(-1.39228 -0.907116 0)
(-1.34747 -0.949243 0)
(-1.30097 -0.988954 0)
(-1.25295 -1.02618 0)
(-1.2036 -1.06086 0)
(-1.15309 -1.09295 0)
(-1.10164 -1.12244 0)
(-1.04943 -1.1493 0)
(-0.996693 -1.17355 0)
(-0.943625 -1.19522 0)
(-0.890447 -1.21436 0)
(-0.837382 -1.23103 0)
(-0.784649 -1.24533 0)
(-0.732474 -1.25738 0)
(-0.681077 -1.26733 0)
(-0.630673 -1.27534 0)
(-0.581458 -1.28164 0)
(-0.5336 -1.28646 0)
(-0.487198 -1.29009 0)
(-0.442244 -1.29282 0)
(-0.398604 -1.29491 0)
(-0.356103 -1.29652 0)
(-0.314575 -1.29779 0)
(-0.273878 -1.2988 0)
(-0.233893 -1.29962 0)
(-0.194523 -1.30027 0)
(-0.155685 -1.30081 0)
(-0.117311 -1.30125 0)
(-0.0793441 -1.30161 0)
(-0.041734 -1.3019 0)
(-0.00443814 -1.30214 0)
(0.0325809 -1.30234 0)
(0.0693558 -1.30251 0)
(0.105916 -1.30264 0)
(0.142287 -1.30276 0)
(0.178493 -1.30285 0)
(0.214555 -1.30292 0)
(0.250493 -1.30298 0)
(0.286325 -1.30303 0)
(0.322069 -1.30307 0)
(0.35774 -1.3031 0)
(0.393354 -1.30312 0)
(0.428926 -1.30314 0)
(0.46447 -1.30314 0)
(0.5 -1.30314 0)
(0.5 1.32282 0)
(0.464454 1.32282 0)
(0.428895 1.32282 0)
(0.393307 1.3228 0)
(0.357676 1.32279 0)
(0.321988 1.32276 0)
(0.286226 1.32272 0)
(0.250375 1.32268 0)
(0.214417 1.32262 0)
(0.178334 1.32255 0)
(0.142106 1.32247 0)
(0.10571 1.32237 0)
(0.0691236 1.32225 0)
(0.0323194 1.3221 0)
(-0.00473204 1.32191 0)
(-0.0420642 1.32169 0)
(-0.0797151 1.32142 0)
(-0.117729 1.3211 0)
(-0.156156 1.3207 0)
(-0.195056 1.32021 0)
(-0.2345 1.31961 0)
(-0.274573 1.31886 0)
(-0.315379 1.31794 0)
(-0.357042 1.31677 0)
(-0.399718 1.31528 0)
(-0.443592 1.31334 0)
(-0.488865 1.31077 0)
(-0.5357 1.3073 0)
(-0.5841 1.30261 0)
(-0.633945 1.2964 0)
(-0.68505 1.28841 0)
(-0.737203 1.27843 0)
(-0.790175 1.2663 0)
(-0.843735 1.25185 0)
(-0.897652 1.23498 0)
(-0.951697 1.21558 0)
(-1.00564 1.1936 0)
(-1.05926 1.16897 0)
(-1.11234 1.14168 0)
(-1.16466 1.11172 0)
(-1.21602 1.07909 0)
(-1.26621 1.04384 0)
(-1.31505 1.00598 0)
(-1.36234 0.9656 0)
(-1.40791 0.922756 0)
(-1.4516 0.877535 0)
(-1.49323 0.830032 0)
(-1.53266 0.780356 0)
(-1.56974 0.728627 0)
(-1.60435 0.674967 0)
(-1.63636 0.619515 0)
(-1.66566 0.562409 0)
(-1.69215 0.503798 0)
(-1.71573 0.443836 0)
(-1.73634 0.382681 0)
(-1.75389 0.320494 0)
(-1.76833 0.257443 0)
(-1.77962 0.193696 0)
(-1.7877 0.129425 0)
(-1.79257 0.0648066 0)
(-1.79419 1.47336e-05 0)
(-1.79257 -0.0647795 0)
(-1.78771 -0.129401 0)
(-1.77962 -0.193675 0)
(-1.76834 -0.257425 0)
(-1.7539 -0.320478 0)
(-1.73634 -0.382667 0)
(-1.71574 -0.443825 0)
(-1.69215 -0.503788 0)
(-1.66566 -0.562401 0)
(-1.63636 -0.619508 0)
(-1.60435 -0.674961 0)
(-1.56974 -0.728621 0)
(-1.53266 -0.780352 0)
(-1.49323 -0.830028 0)
(-1.4516 -0.877531 0)
(-1.40792 -0.922753 0)
(-1.36235 -0.965598 0)
(-1.31505 -1.00598 0)
(-1.26622 -1.04383 0)
(-1.21602 -1.07909 0)
(-1.16466 -1.11172 0)
(-1.11234 -1.14168 0)
(-1.05926 -1.16897 0)
(-1.00564 -1.19359 0)
(-0.951698 -1.21558 0)
(-0.897653 -1.23498 0)
(-0.843737 -1.25185 0)
(-0.790176 -1.2663 0)
(-0.737203 -1.27843 0)
(-0.685051 -1.28841 0)
(-0.633946 -1.2964 0)
(-0.584101 -1.30261 0)
(-0.5357 -1.3073 0)
(-0.488865 -1.31077 0)
(-0.443592 -1.31334 0)
(-0.399719 -1.31528 0)
(-0.357042 -1.31677 0)
(-0.315379 -1.31794 0)
(-0.274574 -1.31886 0)
(-0.2345 -1.31961 0)
(-0.195056 -1.32021 0)
(-0.156156 -1.3207 0)
(-0.117729 -1.3211 0)
(-0.0797153 -1.32142 0)
(-0.0420643 -1.32169 0)
(-0.00473215 -1.32191 0)
(0.0323193 -1.3221 0)
(0.0691235 -1.32225 0)
(0.10571 -1.32237 0)
(0.142106 -1.32247 0)
(0.178334 -1.32255 0)
(0.214417 -1.32262 0)
(0.250375 -1.32268 0)
(0.286226 -1.32272 0)
(0.321988 -1.32276 0)
(0.357676 -1.32279 0)
(0.393307 -1.3228 0)
(0.428895 -1.32282 0)
(0.464454 -1.32282 0)
(0.5 -1.32282 0)
(0.5 1.34251 0)
(0.46444 1.34251 0)
(0.428866 1.3425 0)
(0.393264 1.34249 0)
(0.357618 1.34247 0)
(0.321915 1.34245 0)
(0.286137 1.34242 0)
(0.25027 1.34238 0)
(0.214294 1.34233 0)
(0.178192 1.34226 0)
(0.141943 1.34219 0)
(0.105526 1.3421 0)
(0.0689151 1.34199 0)
(0.0320846 1.34185 0)
(-0.00499607 1.34169 0)
(-0.0423609 1.34149 0)
(-0.0800487 1.34125 0)
(-0.118104 1.34095 0)
(-0.15658 1.34059 0)
(-0.195536 1.34015 0)
(-0.235047 1.33961 0)
(-0.275201 1.33894 0)
(-0.316105 1.3381 0)
(-0.357894 1.33704 0)
(-0.400733 1.33569 0)
(-0.444829 1.33391 0)
(-0.490414 1.33153 0)
(-0.537689 1.32824 0)
(-0.586645 1.32369 0)
(-0.637138 1.31757 0)
(-0.688962 1.30962 0)
(-0.741886 1.29962 0)
(-0.795671 1.2874 0)
(-0.850075 1.27281 0)
(-0.904856 1.25574 0)
(-0.95978 1.23608 0)
(-1.01461 1.21378 0)
(-1.06912 1.18878 0)
(-1.12308 1.16106 0)
(-1.17628 1.13062 0)
(-1.22851 1.09746 0)
(-1.27955 1.06162 0)
(-1.32921 1.02313 0)
(-1.3773 0.982072 0)
(-1.42365 0.938504 0)
(-1.46807 0.892517 0)
(-1.51041 0.844207 0)
(-1.55051 0.793686 0)
(-1.58822 0.741075 0)
(-1.62342 0.6865 0)
(-1.65597 0.630101 0)
(-1.68577 0.57202 0)
(-1.71271 0.512408 0)
(-1.73669 0.451422 0)
(-1.75765 0.389222 0)
(-1.7755 0.325972 0)
(-1.79019 0.261844 0)
(-1.80166 0.197007 0)
(-1.80989 0.131637 0)
(-1.81483 0.0659143 0)
(-1.81648 1.58143e-05 0)
(-1.81483 -0.0658858 0)
(-1.80989 -0.131613 0)
(-1.80167 -0.196985 0)
(-1.79019 -0.261825 0)
(-1.7755 -0.325956 0)
(-1.75765 -0.389208 0)
(-1.7367 -0.45141 0)
(-1.71271 -0.512398 0)
(-1.68577 -0.572012 0)
(-1.65597 -0.630094 0)
(-1.62342 -0.686494 0)
(-1.58822 -0.741069 0)
(-1.55051 -0.793681 0)
(-1.51041 -0.844203 0)
(-1.46807 -0.892513 0)
(-1.42365 -0.938501 0)
(-1.37731 -0.98207 0)
(-1.32921 -1.02313 0)
(-1.27955 -1.06162 0)
(-1.22851 -1.09746 0)
(-1.17629 -1.13062 0)
(-1.12309 -1.16106 0)
(-1.06912 -1.18878 0)
(-1.01461 -1.21378 0)
(-0.959782 -1.23608 0)
(-0.904857 -1.25574 0)
(-0.850076 -1.27281 0)
(-0.795672 -1.2874 0)
(-0.741887 -1.29962 0)
(-0.688963 -1.30962 0)
(-0.637139 -1.31757 0)
(-0.586646 -1.32369 0)
(-0.537689 -1.32824 0)
(-0.490415 -1.33153 0)
(-0.444829 -1.33391 0)
(-0.400734 -1.33569 0)
(-0.357894 -1.33704 0)
(-0.316105 -1.3381 0)
(-0.275201 -1.33894 0)
(-0.235048 -1.33961 0)
(-0.195537 -1.34015 0)
(-0.15658 -1.34059 0)
(-0.118104 -1.34095 0)
(-0.0800488 -1.34125 0)
(-0.042361 -1.34149 0)
(-0.00499618 -1.34169 0)
(0.0320845 -1.34185 0)
(0.0689151 -1.34199 0)
(0.105526 -1.3421 0)
(0.141943 -1.34219 0)
(0.178192 -1.34226 0)
(0.214294 -1.34233 0)
(0.25027 -1.34238 0)
(0.286137 -1.34242 0)
(0.321915 -1.34245 0)
(0.357618 -1.34247 0)
(0.393264 -1.34249 0)
(0.428866 -1.3425 0)
(0.46444 -1.34251 0)
(0.5 -1.34251 0)
(0.5 1.36219 0)
(0.464428 1.36219 0)
(0.428841 1.36219 0)
(0.393226 1.36218 0)
(0.357568 1.36216 0)
(0.32185 1.36214 0)
(0.286059 1.36211 0)
(0.250176 1.36208 0)
(0.214185 1.36203 0)
(0.178066 1.36198 0)
(0.1418 1.36191 0)
(0.105363 1.36183 0)
(0.0687308 1.36173 0)
(0.0318768 1.36161 0)
(-0.00522973 1.36147 0)
(-0.0426236 1.36129 0)
(-0.0803441 1.36108 0)
(-0.118437 1.36082 0)
(-0.156956 1.3605 0)
(-0.195963 1.36011 0)
(-0.235533 1.35963 0)
(-0.275759 1.35903 0)
(-0.316752 1.35829 0)
(-0.358654 1.35735 0)
(-0.401644 1.35614 0)
(-0.445948 1.35454 0)
(-0.491837 1.35235 0)
(-0.539559 1.34926 0)
(-0.589088 1.34488 0)
(-0.640248 1.33886 0)
(-0.692809 1.33096 0)
(-0.746522 1.32095 0)
(-0.801136 1.30865 0)
(-0.856397 1.29392 0)
(-0.912056 1.27664 0)
(-0.967873 1.25673 0)
(-1.0236 1.2341 0)
(-1.07901 1.20873 0)
(-1.13387 1.18058 0)
(-1.18796 1.14965 0)
(-1.24106 1.11596 0)
(-1.29295 1.07953 0)
(-1.34345 1.04041 0)
(-1.39235 0.998661 0)
(-1.43947 0.954364 0)
(-1.48464 0.907605 0)
(-1.52769 0.858483 0)
(-1.56847 0.807109 0)
(-1.60682 0.75361 0)
(-1.6426 0.698113 0)
(-1.67571 0.640762 0)
(-1.706 0.581699 0)
(-1.7334 0.521079 0)
(-1.75779 0.459061 0)
(-1.7791 0.395809 0)
(-1.79725 0.331489 0)
(-1.81218 0.266276 0)
(-1.82385 0.200341 0)
(-1.83221 0.133865 0)
(-1.83724 0.0670296 0)
(-1.83892 1.70491e-05 0)
(-1.83724 -0.0669996 0)
(-1.83222 -0.133839 0)
(-1.82385 -0.200319 0)
(-1.81219 -0.266256 0)
(-1.79725 -0.331472 0)
(-1.7791 -0.395795 0)
(-1.75779 -0.459049 0)
(-1.7334 -0.521068 0)
(-1.70601 -0.58169 0)
(-1.67571 -0.640754 0)
(-1.64261 -0.698107 0)
(-1.60682 -0.753604 0)
(-1.56847 -0.807104 0)
(-1.52769 -0.858479 0)
(-1.48464 -0.907602 0)
(-1.43947 -0.954361 0)
(-1.39235 -0.998658 0)
(-1.34345 -1.0404 0)
(-1.29295 -1.07953 0)
(-1.24106 -1.11596 0)
(-1.18796 -1.14965 0)
(-1.13387 -1.18058 0)
(-1.07901 -1.20873 0)
(-1.0236 -1.2341 0)
(-0.967874 -1.25673 0)
(-0.912058 -1.27664 0)
(-0.856398 -1.29392 0)
(-0.801137 -1.30865 0)
(-0.746523 -1.32095 0)
(-0.69281 -1.33096 0)
(-0.640248 -1.33886 0)
(-0.589088 -1.34488 0)
(-0.539559 -1.34926 0)
(-0.491838 -1.35235 0)
(-0.445948 -1.35454 0)
(-0.401644 -1.35614 0)
(-0.358655 -1.35735 0)
(-0.316753 -1.35829 0)
(-0.275759 -1.35903 0)
(-0.235534 -1.35963 0)
(-0.195963 -1.36011 0)
(-0.156956 -1.3605 0)
(-0.118437 -1.36082 0)
(-0.0803443 -1.36108 0)
(-0.0426237 -1.36129 0)
(-0.00522985 -1.36147 0)
(0.0318767 -1.36161 0)
(0.0687307 -1.36173 0)
(0.105363 -1.36183 0)
(0.1418 -1.36191 0)
(0.178066 -1.36198 0)
(0.214185 -1.36203 0)
(0.250176 -1.36208 0)
(0.286059 -1.36211 0)
(0.32185 -1.36214 0)
(0.357568 -1.36216 0)
(0.393226 -1.36218 0)
(0.428841 -1.36219 0)
(0.464428 -1.36219 0)
(0.5 -1.36219 0)
(0.5 1.38188 0)
(0.464417 1.38188 0)
(0.42882 1.38187 0)
(0.393193 1.38186 0)
(0.357523 1.38185 0)
(0.321795 1.38183 0)
(0.285991 1.38181 0)
(0.250095 1.38178 0)
(0.214091 1.38174 0)
(0.177957 1.38169 0)
(0.141675 1.38163 0)
(0.105221 1.38156 0)
(0.0685707 1.38148 0)
(0.0316965 1.38137 0)
(-0.0054327 1.38125 0)
(-0.0428518 1.3811 0)
(-0.0806009 1.38091 0)
(-0.118726 1.38069 0)
(-0.157283 1.38041 0)
(-0.196334 1.38008 0)
(-0.235957 1.37966 0)
(-0.276246 1.37914 0)
(-0.317318 1.3785 0)
(-0.359321 1.37768 0)
(-0.402446 1.37662 0)
(-0.446941 1.37521 0)
(-0.493123 1.37324 0)
(-0.541302 1.37038 0)
(-0.591423 1.36618 0)
(-0.64327 1.36028 0)
(-0.696588 1.35243 0)
(-0.751108 1.34241 0)
(-0.806567 1.33003 0)
(-0.862701 1.31516 0)
(-0.919252 1.29769 0)
(-0.975974 1.27751 0)
(-1.03262 1.25457 0)
(-1.08893 1.22882 0)
(-1.1447 1.20024 0)
(-1.19969 1.16882 0)
(-1.25367 1.13458 0)
(-1.30642 1.09756 0)
(-1.35776 1.0578 0)
(-1.40748 1.01537 0)
(-1.45539 0.970334 0)
(-1.50131 0.922799 0)
(-1.54508 0.872858 0)
(-1.58654 0.820625 0)
(-1.62553 0.766233 0)
(-1.66191 0.709807 0)
(-1.69557 0.651496 0)
(-1.72637 0.591444 0)
(-1.75422 0.529809 0)
(-1.77902 0.466753 0)
(-1.80068 0.402441 0)
(-1.81913 0.337043 0)
(-1.83432 0.270738 0)
(-1.84618 0.203698 0)
(-1.85468 0.136107 0)
(-1.8598 0.0681524 0)
(-1.8615 1.84799e-05 0)
(-1.8598 -0.0681208 0)
(-1.85469 -0.136081 0)
(-1.84619 -0.203675 0)
(-1.83432 -0.270718 0)
(-1.81914 -0.337026 0)
(-1.80068 -0.402426 0)
(-1.77902 -0.46674 0)
(-1.75422 -0.529798 0)
(-1.72637 -0.591435 0)
(-1.69557 -0.651489 0)
(-1.66192 -0.709801 0)
(-1.62553 -0.766227 0)
(-1.58654 -0.820621 0)
(-1.54508 -0.872854 0)
(-1.50131 -0.922796 0)
(-1.45539 -0.970331 0)
(-1.40748 -1.01536 0)
(-1.35776 -1.0578 0)
(-1.30643 -1.09756 0)
(-1.25367 -1.13458 0)
(-1.19969 -1.16882 0)
(-1.1447 -1.20024 0)
(-1.08894 -1.22882 0)
(-1.03262 -1.25457 0)
(-0.975976 -1.27751 0)
(-0.919253 -1.29769 0)
(-0.862702 -1.31516 0)
(-0.806568 -1.33003 0)
(-0.751109 -1.34241 0)
(-0.696588 -1.35243 0)
(-0.643271 -1.36028 0)
(-0.591424 -1.36618 0)
(-0.541303 -1.37038 0)
(-0.493124 -1.37324 0)
(-0.446942 -1.37521 0)
(-0.402446 -1.37662 0)
(-0.359321 -1.37768 0)
(-0.317318 -1.3785 0)
(-0.276246 -1.37914 0)
(-0.235957 -1.37966 0)
(-0.196334 -1.38008 0)
(-0.157283 -1.38041 0)
(-0.118727 -1.38069 0)
(-0.0806011 -1.38091 0)
(-0.0428519 -1.3811 0)
(-0.00543281 -1.38125 0)
(0.0316964 -1.38137 0)
(0.0685706 -1.38148 0)
(0.105221 -1.38156 0)
(0.141675 -1.38163 0)
(0.177957 -1.38169 0)
(0.214091 -1.38174 0)
(0.250095 -1.38178 0)
(0.285991 -1.38181 0)
(0.321795 -1.38183 0)
(0.357523 -1.38185 0)
(0.393193 -1.38186 0)
(0.42882 -1.38187 0)
(0.464417 -1.38188 0)
(0.5 -1.38188 0)
(0.5 1.40156 0)
(0.464408 1.40156 0)
(0.428801 1.40156 0)
(0.393166 1.40155 0)
(0.357486 1.40154 0)
(0.321747 1.40152 0)
(0.285933 1.4015 0)
(0.250027 1.40148 0)
(0.214011 1.40145 0)
(0.177865 1.40141 0)
(0.141569 1.40136 0)
(0.105101 1.4013 0)
(0.0684352 1.40123 0)
(0.0315437 1.40114 0)
(-0.00560466 1.40104 0)
(-0.0430452 1.40091 0)
(-0.0808187 1.40075 0)
(-0.118972 1.40056 0)
(-0.15756 1.40033 0)
(-0.196649 1.40005 0)
(-0.236317 1.3997 0)
(-0.276661 1.39927 0)
(-0.3178 1.39872 0)
(-0.359891 1.39803 0)
(-0.403134 1.39713 0)
(-0.447803 1.39592 0)
(-0.494262 1.39421 0)
(-0.54291 1.39159 0)
(-0.593646 1.38759 0)
(-0.646202 1.38183 0)
(-0.700297 1.37404 0)
(-0.755642 1.36401 0)
(-0.811963 1.35156 0)
(-0.868986 1.33655 0)
(-0.926442 1.31888 0)
(-0.984082 1.29844 0)
(-1.04165 1.27518 0)
(-1.09889 1.24905 0)
(-1.15557 1.22003 0)
(-1.21147 1.18812 0)
(-1.26634 1.15334 0)
(-1.31996 1.11572 0)
(-1.37215 1.07531 0)
(-1.42269 1.03219 0)
(-1.4714 0.986416 0)
(-1.51808 0.938099 0)
(-1.56257 0.887332 0)
(-1.60472 0.834235 0)
(-1.64435 0.778943 0)
(-1.68134 0.721581 0)
(-1.71555 0.662304 0)
(-1.74686 0.601256 0)
(-1.77517 0.538598 0)
(-1.80038 0.474496 0)
(-1.8224 0.409118 0)
(-1.84116 0.342635 0)
(-1.8566 0.27523 0)
(-1.86866 0.207077 0)
(-1.8773 0.138365 0)
(-1.8825 0.0692826 0)
(-1.88423 2.01624e-05 0)
(-1.8825 -0.0692494 0)
(-1.8773 -0.138337 0)
(-1.86866 -0.207054 0)
(-1.8566 -0.27521 0)
(-1.84117 -0.342617 0)
(-1.82241 -0.409103 0)
(-1.80039 -0.474484 0)
(-1.77518 -0.538587 0)
(-1.74687 -0.601247 0)
(-1.71555 -0.662297 0)
(-1.68134 -0.721575 0)
(-1.64435 -0.778937 0)
(-1.60472 -0.83423 0)
(-1.56258 -0.887328 0)
(-1.51808 -0.938095 0)
(-1.4714 -0.986413 0)
(-1.4227 -1.03218 0)
(-1.37216 -1.07531 0)
(-1.31997 -1.11572 0)
(-1.26634 -1.15334 0)
(-1.21147 -1.18812 0)
(-1.15558 -1.22003 0)
(-1.09889 -1.24905 0)
(-1.04165 -1.27518 0)
(-0.984084 -1.29844 0)
(-0.926443 -1.31888 0)
(-0.868987 -1.33655 0)
(-0.811964 -1.35156 0)
(-0.755643 -1.36401 0)
(-0.700297 -1.37404 0)
(-0.646203 -1.38183 0)
(-0.593646 -1.38759 0)
(-0.542911 -1.39159 0)
(-0.494262 -1.39421 0)
(-0.447803 -1.39592 0)
(-0.403134 -1.39713 0)
(-0.359891 -1.39803 0)
(-0.317801 -1.39872 0)
(-0.276661 -1.39927 0)
(-0.236317 -1.3997 0)
(-0.196649 -1.40005 0)
(-0.157561 -1.40033 0)
(-0.118972 -1.40056 0)
(-0.0808188 -1.40075 0)
(-0.0430454 -1.40091 0)
(-0.00560477 -1.40104 0)
(0.0315436 -1.40114 0)
(0.0684351 -1.40123 0)
(0.105101 -1.4013 0)
(0.141569 -1.40136 0)
(0.177865 -1.40141 0)
(0.214011 -1.40145 0)
(0.250027 -1.40148 0)
(0.285933 -1.4015 0)
(0.321747 -1.40152 0)
(0.357486 -1.40154 0)
(0.393166 -1.40155 0)
(0.428801 -1.40156 0)
(0.464408 -1.40156 0)
(0.5 -1.40156 0)
(0.5 1.42125 0)
(0.4644 1.42125 0)
(0.428786 1.42125 0)
(0.393143 1.42124 0)
(0.357456 1.42123 0)
(0.321709 1.42122 0)
(0.285886 1.4212 0)
(0.249971 1.42118 0)
(0.213945 1.42116 0)
(0.17779 1.42112 0)
(0.141483 1.42108 0)
(0.105003 1.42104 0)
(0.0683244 1.42098 0)
(0.0314187 1.42091 0)
(-0.00574536 1.42083 0)
(-0.0432036 1.42072 0)
(-0.0809971 1.4206 0)
(-0.119173 1.42045 0)
(-0.157788 1.42026 0)
(-0.196908 1.42003 0)
(-0.236613 1.41975 0)
(-0.277001 1.4194 0)
(-0.318197 1.41896 0)
(-0.360361 1.4184 0)
(-0.403704 1.41767 0)
(-0.448523 1.41668 0)
(-0.495238 1.41524 0)
(-0.544375 1.41291 0)
(-0.59575 1.40912 0)
(-0.64904 1.4035 0)
(-0.703933 1.39578 0)
(-0.760123 1.38574 0)
(-0.817324 1.37323 0)
(-0.87525 1.35809 0)
(-0.933625 1.34021 0)
(-0.992198 1.31951 0)
(-1.0507 1.29593 0)
(-1.10887 1.26942 0)
(-1.16649 1.23996 0)
(-1.22329 1.20755 0)
(-1.27907 1.17223 0)
(-1.33357 1.13401 0)
(-1.38662 1.09295 0)
(-1.43799 1.04912 0)
(-1.48749 1.00261 0)
(-1.53494 0.953503 0)
(-1.58017 0.901906 0)
(-1.62301 0.847937 0)
(-1.66329 0.791739 0)
(-1.70089 0.733435 0)
(-1.73566 0.673186 0)
(-1.76748 0.611134 0)
(-1.79626 0.547447 0)
(-1.82188 0.482292 0)
(-1.84426 0.415841 0)
(-1.86333 0.348264 0)
(-1.87901 0.279753 0)
(-1.89127 0.21048 0)
(-1.90005 0.140637 0)
(-1.90534 0.07042 0)
(-1.9071 2.2172e-05 0)
(-1.90534 -0.0703853 0)
(-1.90006 -0.140609 0)
(-1.89127 -0.210456 0)
(-1.87902 -0.279733 0)
(-1.86333 -0.348246 0)
(-1.84426 -0.415826 0)
(-1.82188 -0.48228 0)
(-1.79626 -0.547436 0)
(-1.76749 -0.611125 0)
(-1.73566 -0.673178 0)
(-1.70089 -0.733428 0)
(-1.66329 -0.791733 0)
(-1.62301 -0.847932 0)
(-1.58017 -0.901902 0)
(-1.53495 -0.9535 0)
(-1.4875 -1.00261 0)
(-1.43799 -1.04912 0)
(-1.38662 -1.09295 0)
(-1.33358 -1.13401 0)
(-1.27907 -1.17222 0)
(-1.2233 -1.20755 0)
(-1.16649 -1.23996 0)
(-1.10887 -1.26942 0)
(-1.0507 -1.29593 0)
(-0.992199 -1.31951 0)
(-0.933627 -1.34021 0)
(-0.875251 -1.35809 0)
(-0.817325 -1.37323 0)
(-0.760124 -1.38574 0)
(-0.703934 -1.39578 0)
(-0.649041 -1.4035 0)
(-0.595751 -1.40912 0)
(-0.544376 -1.41291 0)
(-0.495239 -1.41524 0)
(-0.448524 -1.41668 0)
(-0.403705 -1.41767 0)
(-0.360361 -1.4184 0)
(-0.318198 -1.41896 0)
(-0.277002 -1.4194 0)
(-0.236613 -1.41975 0)
(-0.196908 -1.42003 0)
(-0.157788 -1.42026 0)
(-0.119173 -1.42045 0)
(-0.0809972 -1.4206 0)
(-0.0432037 -1.42072 0)
(-0.00574548 -1.42083 0)
(0.0314186 -1.42091 0)
(0.0683243 -1.42098 0)
(0.105003 -1.42104 0)
(0.141483 -1.42108 0)
(0.17779 -1.42112 0)
(0.213945 -1.42116 0)
(0.249971 -1.42118 0)
(0.285886 -1.4212 0)
(0.321709 -1.42122 0)
(0.357456 -1.42123 0)
(0.393143 -1.42124 0)
(0.428786 -1.42125 0)
(0.4644 -1.42125 0)
(0.5 -1.42125 0)
(0.5 1.44094 0)
(0.464395 1.44094 0)
(0.428775 1.44093 0)
(0.393126 1.44093 0)
(0.357432 1.44092 0)
(0.321679 1.44091 0)
(0.28585 1.4409 0)
(0.249928 1.44088 0)
(0.213895 1.44087 0)
(0.177731 1.44084 0)
(0.141416 1.44081 0)
(0.104927 1.44078 0)
(0.0682385 1.44073 0)
(0.0313218 1.44068 0)
(-0.0058546 1.44062 0)
(-0.0433266 1.44054 0)
(-0.0811357 1.44045 0)
(-0.11933 1.44033 0)
(-0.157965 1.44019 0)
(-0.197109 1.44002 0)
(-0.236843 1.43981 0)
(-0.277267 1.43954 0)
(-0.318508 1.43921 0)
(-0.360729 1.43879 0)
(-0.404153 1.43823 0)
(-0.449096 1.43747 0)
(-0.496038 1.43633 0)
(-0.545687 1.43432 0)
(-0.597733 1.43077 0)
(-0.651782 1.4253 0)
(-0.707496 1.41765 0)
(-0.764549 1.40762 0)
(-0.822647 1.39504 0)
(-0.881493 1.37976 0)
(-0.940801 1.36169 0)
(-1.00032 1.34073 0)
(-1.05977 1.31682 0)
(-1.11888 1.28993 0)
(-1.17744 1.26003 0)
(-1.23517 1.22712 0)
(-1.29185 1.19124 0)
(-1.34725 1.15242 0)
(-1.40116 1.11071 0)
(-1.45337 1.06618 0)
(-1.50368 1.01891 0)
(-1.5519 0.969013 0)
(-1.59787 0.916579 0)
(-1.6414 0.861732 0)
(-1.68234 0.804622 0)
(-1.72055 0.745368 0)
(-1.75588 0.684141 0)
(-1.78823 0.621079 0)
(-1.81747 0.556355 0)
(-1.84351 0.490141 0)
(-1.86625 0.422609 0)
(-1.88563 0.353931 0)
(-1.90157 0.284307 0)
(-1.91403 0.213905 0)
(-1.92295 0.142924 0)
(-1.92832 0.0715646 0)
(-1.93011 2.46105e-05 0)
(-1.92832 -0.0715285 0)
(-1.92296 -0.142895 0)
(-1.91403 -0.21388 0)
(-1.90157 -0.284286 0)
(-1.88563 -0.353912 0)
(-1.86626 -0.422593 0)
(-1.84351 -0.490128 0)
(-1.81748 -0.556344 0)
(-1.78823 -0.621069 0)
(-1.75589 -0.684133 0)
(-1.72055 -0.745362 0)
(-1.68234 -0.804616 0)
(-1.64141 -0.861727 0)
(-1.59787 -0.916575 0)
(-1.55191 -0.969009 0)
(-1.50369 -1.01891 0)
(-1.45338 -1.06617 0)
(-1.40117 -1.1107 0)
(-1.34725 -1.15242 0)
(-1.29186 -1.19124 0)
(-1.23518 -1.22712 0)
(-1.17744 -1.26002 0)
(-1.11889 -1.28992 0)
(-1.05977 -1.31682 0)
(-1.00032 -1.34073 0)
(-0.940802 -1.36169 0)
(-0.881494 -1.37976 0)
(-0.822648 -1.39504 0)
(-0.76455 -1.40762 0)
(-0.707497 -1.41765 0)
(-0.651783 -1.4253 0)
(-0.597734 -1.43077 0)
(-0.545688 -1.43432 0)
(-0.496038 -1.43633 0)
(-0.449096 -1.43747 0)
(-0.404154 -1.43823 0)
(-0.36073 -1.43879 0)
(-0.318508 -1.43921 0)
(-0.277268 -1.43954 0)
(-0.236844 -1.43981 0)
(-0.19711 -1.44002 0)
(-0.157965 -1.44019 0)
(-0.11933 -1.44033 0)
(-0.0811358 -1.44045 0)
(-0.0433268 -1.44054 0)
(-0.00585472 -1.44062 0)
(0.0313217 -1.44068 0)
(0.0682384 -1.44073 0)
(0.104927 -1.44078 0)
(0.141416 -1.44081 0)
(0.177731 -1.44084 0)
(0.213895 -1.44087 0)
(0.249928 -1.44088 0)
(0.28585 -1.4409 0)
(0.321679 -1.44091 0)
(0.357432 -1.44092 0)
(0.393126 -1.44093 0)
(0.428775 -1.44093 0)
(0.464395 -1.44094 0)
(0.5 -1.44094 0)
(0.5 1.46062 0)
(0.464391 1.46062 0)
(0.428767 1.46062 0)
(0.393113 1.46062 0)
(0.357416 1.46061 0)
(0.321658 1.46061 0)
(0.285824 1.4606 0)
(0.249897 1.46059 0)
(0.213859 1.46058 0)
(0.17769 1.46056 0)
(0.141369 1.46054 0)
(0.104874 1.46052 0)
(0.0681776 1.46049 0)
(0.0312529 1.46045 0)
(-0.00593221 1.46041 0)
(-0.0434141 1.46036 0)
(-0.0812344 1.4603 0)
(-0.119441 1.46022 0)
(-0.158092 1.46012 0)
(-0.197253 1.46001 0)
(-0.237008 1.45987 0)
(-0.277458 1.45969 0)
(-0.318731 1.45947 0)
(-0.360994 1.45918 0)
(-0.404477 1.45881 0)
(-0.449513 1.4583 0)
(-0.49664 1.4575 0)
(-0.546838 1.45584 0)
(-0.599589 1.45254 0)
(-0.654425 1.44723 0)
(-0.710984 1.43967 0)
(-0.768919 1.42964 0)
(-0.827932 1.41699 0)
(-0.887714 1.40158 0)
(-0.947967 1.38331 0)
(-1.00845 1.36208 0)
(-1.06885 1.33785 0)
(-1.12892 1.31057 0)
(-1.18843 1.28023 0)
(-1.2471 1.24682 0)
(-1.3047 1.21038 0)
(-1.36099 1.17096 0)
(-1.41578 1.12858 0)
(-1.46884 1.08334 0)
(-1.51996 1.03532 0)
(-1.56896 0.984628 0)
(-1.61567 0.931351 0)
(-1.65991 0.875619 0)
(-1.7015 0.817592 0)
(-1.74033 0.757381 0)
(-1.77623 0.695168 0)
(-1.8091 0.631089 0)
(-1.83881 0.565322 0)
(-1.86527 0.498041 0)
(-1.88838 0.429421 0)
(-1.90807 0.359634 0)
(-1.92427 0.28889 0)
(-1.93692 0.217352 0)
(-1.94599 0.145226 0)
(-1.95145 0.0727162 0)
(-1.95327 2.76166e-05 0)
(-1.95145 -0.0726789 0)
(-1.946 -0.145197 0)
(-1.93693 -0.217327 0)
(-1.92427 -0.288869 0)
(-1.90807 -0.359615 0)
(-1.88838 -0.429405 0)
(-1.86527 -0.498028 0)
(-1.83882 -0.56531 0)
(-1.80911 -0.63108 0)
(-1.77624 -0.69516 0)
(-1.74034 -0.757374 0)
(-1.70151 -0.817586 0)
(-1.65991 -0.875614 0)
(-1.61567 -0.931346 0)
(-1.56896 -0.984624 0)
(-1.51996 -1.03532 0)
(-1.46884 -1.08334 0)
(-1.41578 -1.12858 0)
(-1.361 -1.17096 0)
(-1.3047 -1.21038 0)
(-1.2471 -1.24682 0)
(-1.18843 -1.28023 0)
(-1.12893 -1.31057 0)
(-1.06885 -1.33785 0)
(-1.00845 -1.36208 0)
(-0.947969 -1.38331 0)
(-0.887715 -1.40158 0)
(-0.827933 -1.41699 0)
(-0.76892 -1.42964 0)
(-0.710985 -1.43967 0)
(-0.654426 -1.44723 0)
(-0.59959 -1.45254 0)
(-0.546838 -1.45584 0)
(-0.496641 -1.4575 0)
(-0.449513 -1.4583 0)
(-0.404477 -1.45881 0)
(-0.360994 -1.45918 0)
(-0.318731 -1.45947 0)
(-0.277458 -1.45969 0)
(-0.237009 -1.45987 0)
(-0.197254 -1.46001 0)
(-0.158092 -1.46012 0)
(-0.119442 -1.46022 0)
(-0.0812345 -1.4603 0)
(-0.0434143 -1.46036 0)
(-0.00593232 -1.46041 0)
(0.0312528 -1.46045 0)
(0.0681775 -1.46049 0)
(0.104873 -1.46052 0)
(0.141369 -1.46054 0)
(0.17769 -1.46056 0)
(0.213859 -1.46058 0)
(0.249897 -1.46059 0)
(0.285824 -1.4606 0)
(0.321658 -1.46061 0)
(0.357416 -1.46061 0)
(0.393113 -1.46062 0)
(0.428767 -1.46062 0)
(0.464391 -1.46062 0)
(0.5 -1.46062 0)
(0.5 1.48031 0)
(0.464388 1.48031 0)
(0.428762 1.48031 0)
(0.393106 1.48031 0)
(0.357406 1.48031 0)
(0.321646 1.4803 0)
(0.285809 1.4803 0)
(0.249879 1.48029 0)
(0.213838 1.48029 0)
(0.177666 1.48028 0)
(0.141341 1.48027 0)
(0.104842 1.48026 0)
(0.0681417 1.48024 0)
(0.0312124 1.48023 0)
(-0.00597806 1.4802 0)
(-0.0434659 1.48018 0)
(-0.081293 1.48015 0)
(-0.119508 1.48011 0)
(-0.158167 1.48006 0)
(-0.197339 1.48 0)
(-0.237107 1.47993 0)
(-0.277572 1.47984 0)
(-0.318865 1.47973 0)
(-0.361154 1.47959 0)
(-0.404673 1.4794 0)
(-0.449768 1.47914 0)
(-0.497021 1.47872 0)
(-0.547818 1.47747 0)
(-0.601316 1.47444 0)
(-0.656966 1.4693 0)
(-0.714394 1.46182 0)
(-0.773232 1.4518 0)
(-0.833179 1.43909 0)
(-0.893912 1.42355 0)
(-0.955125 1.40508 0)
(-1.01658 1.38359 0)
(-1.07795 1.35903 0)
(-1.13899 1.33136 0)
(-1.19946 1.30057 0)
(-1.25908 1.26666 0)
(-1.31761 1.22966 0)
(-1.3748 1.18962 0)
(-1.43047 1.14658 0)
(-1.48438 1.10063 0)
(-1.53633 1.05185 0)
(-1.58611 1.00035 0)
(-1.63357 0.946221 0)
(-1.67852 0.889597 0)
(-1.72078 0.830648 0)
(-1.76023 0.769472 0)
(-1.79671 0.706269 0)
(-1.8301 0.641165 0)
(-1.86029 0.574347 0)
(-1.88716 0.505992 0)
(-1.91064 0.436279 0)
(-1.93064 0.365375 0)
(-1.9471 0.293504 0)
(-1.95996 0.220823 0)
(-1.96917 0.147543 0)
(-1.97471 0.0738745 0)
(-1.97656 3.13793e-05 0)
(-1.97472 -0.0738364 0)
(-1.96918 -0.147513 0)
(-1.95996 -0.220796 0)
(-1.9471 -0.293483 0)
(-1.93065 -0.365355 0)
(-1.91065 -0.436262 0)
(-1.88717 -0.505979 0)
(-1.86029 -0.574335 0)
(-1.8301 -0.641156 0)
(-1.79671 -0.706261 0)
(-1.76024 -0.769465 0)
(-1.72078 -0.830642 0)
(-1.67852 -0.889592 0)
(-1.63357 -0.946217 0)
(-1.58611 -1.00034 0)
(-1.53633 -1.05184 0)
(-1.48438 -1.10062 0)
(-1.43048 -1.14658 0)
(-1.3748 -1.18962 0)
(-1.31761 -1.22966 0)
(-1.25908 -1.26665 0)
(-1.19946 -1.30057 0)
(-1.13899 -1.33136 0)
(-1.07796 -1.35902 0)
(-1.01658 -1.38358 0)
(-0.955126 -1.40508 0)
(-0.893913 -1.42355 0)
(-0.83318 -1.43909 0)
(-0.773233 -1.4518 0)
(-0.714395 -1.46182 0)
(-0.656967 -1.4693 0)
(-0.601317 -1.47444 0)
(-0.547818 -1.47747 0)
(-0.497022 -1.47872 0)
(-0.449768 -1.47914 0)
(-0.404674 -1.4794 0)
(-0.361154 -1.47959 0)
(-0.318865 -1.47973 0)
(-0.277573 -1.47984 0)
(-0.237107 -1.47993 0)
(-0.19734 -1.48 0)
(-0.158167 -1.48006 0)
(-0.119508 -1.48011 0)
(-0.0812931 -1.48015 0)
(-0.0434661 -1.48018 0)
(-0.00597818 -1.4802 0)
(0.0312123 -1.48023 0)
(0.0681416 -1.48024 0)
(0.104842 -1.48026 0)
(0.141341 -1.48027 0)
(0.177666 -1.48028 0)
(0.213838 -1.48029 0)
(0.249879 -1.48029 0)
(0.285809 -1.4803 0)
(0.321646 -1.4803 0)
(0.357406 -1.48031 0)
(0.393106 -1.48031 0)
(0.428762 -1.48031 0)
(0.464388 -1.48031 0)
(0.5 -1.48031 0)
(0.5 1.5 0)
(0.464388 1.5 0)
(0.428761 1.5 0)
(0.393104 1.5 0)
(0.357403 1.5 0)
(0.321642 1.5 0)
(0.285805 1.5 0)
(0.249874 1.5 0)
(0.213832 1.5 0)
(0.177659 1.5 0)
(0.141333 1.5 0)
(0.104833 1.5 0)
(0.068131 1.5 0)
(0.0312001 1.5 0)
(-0.00599209 1.5 0)
(-0.043482 1.5 0)
(-0.0813113 1.5 0)
(-0.119529 1.5 0)
(-0.158191 1.5 0)
(-0.197367 1.5 0)
(-0.23714 1.5 0)
(-0.27761 1.5 0)
(-0.31891 1.5 0)
(-0.361208 1.5 0)
(-0.40474 1.5 0)
(-0.449855 1.5 0)
(-0.497148 1.5 0)
(-0.54862 1.49921 0)
(-0.60291 1.49647 0)
(-0.659404 1.49151 0)
(-0.717727 1.48411 0)
(-0.777487 1.47411 0)
(-0.838386 1.46133 0)
(-0.900088 1.44566 0)
(-0.962271 1.42699 0)
(-1.02471 1.40523 0)
(-1.08707 1.38034 0)
(-1.14909 1.35229 0)
(-1.21052 1.32104 0)
(-1.2711 1.28662 0)
(-1.33057 1.24906 0)
(-1.38867 1.20841 0)
(-1.44524 1.1647 0)
(-1.50001 1.11803 0)
(-1.55278 1.06848 0)
(-1.60336 1.01617 0)
(-1.65157 0.96119 0)
(-1.69724 0.903666 0)
(-1.74017 0.843791 0)
(-1.78025 0.781641 0)
(-1.8173 0.717443 0)
(-1.85122 0.651307 0)
(-1.88189 0.583431 0)
(-1.90919 0.513995 0)
(-1.93304 0.443181 0)
(-1.95336 0.371151 0)
(-1.97007 0.298149 0)
(-1.98313 0.224315 0)
(-1.99249 0.149874 0)
(-1.99812 0.0750392 0)
(-2 3.61571e-05 0)
(-1.99812 -0.0750009 0)
(-1.9925 -0.149844 0)
(-1.98314 -0.224288 0)
(-1.97007 -0.298128 0)
(-1.95336 -0.371131 0)
(-1.93304 -0.443164 0)
(-1.90919 -0.513982 0)
(-1.88189 -0.583419 0)
(-1.85123 -0.651297 0)
(-1.8173 -0.717435 0)
(-1.78025 -0.781634 0)
(-1.74017 -0.843785 0)
(-1.69725 -0.903661 0)
(-1.65157 -0.961186 0)
(-1.60336 -1.01617 0)
(-1.55279 -1.06847 0)
(-1.50001 -1.11802 0)
(-1.44525 -1.16469 0)
(-1.38868 -1.20841 0)
(-1.33057 -1.24906 0)
(-1.27111 -1.28662 0)
(-1.21053 -1.32104 0)
(-1.14909 -1.35229 0)
(-1.08708 -1.38034 0)
(-1.02472 -1.40523 0)
(-0.962273 -1.42699 0)
(-0.900089 -1.44566 0)
(-0.838387 -1.46133 0)
(-0.777488 -1.47411 0)
(-0.717728 -1.48411 0)
(-0.659405 -1.49151 0)
(-0.602911 -1.49647 0)
(-0.548621 -1.49921 0)
(-0.497148 -1.5 0)
(-0.449855 -1.5 0)
(-0.40474 -1.5 0)
(-0.361208 -1.5 0)
(-0.31891 -1.5 0)
(-0.277611 -1.5 0)
(-0.23714 -1.5 0)
(-0.197368 -1.5 0)
(-0.158192 -1.5 0)
(-0.119529 -1.5 0)
(-0.0813115 -1.5 0)
(-0.0434821 -1.5 0)
(-0.0059922 -1.5 0)
(0.0312 -1.5 0)
(0.0681309 -1.5 0)
(0.104832 -1.5 0)
(0.141333 -1.5 0)
(0.177659 -1.5 0)
(0.213832 -1.5 0)
(0.249874 -1.5 0)
(0.285805 -1.5 0)
(0.321642 -1.5 0)
(0.357403 -1.5 0)
(0.393104 -1.5 0)
(0.428761 -1.5 0)
(0.464388 -1.5 0)
(0.5 -1.5 0)
(0.5 0.5 0.1)
(0.466178 0.5 0.1)
(0.432347 0.5 0.1)
(0.398506 0.5 0.1)
(0.364653 0.5 0.1)
(0.33079 0.5 0.1)
(0.296915 0.5 0.1)
(0.263028 0.5 0.1)
(0.229126 0.5 0.1)
(0.195207 0.5 0.1)
(0.161267 0.5 0.1)
(0.127306 0.5 0.1)
(0.0933192 0.5 0.1)
(0.0593051 0.5 0.1)
(0.0252611 0.5 0.1)
(-0.0088148 0.5 0.1)
(-0.0429242 0.5 0.1)
(-0.0770676 0.5 0.1)
(-0.111244 0.5 0.1)
(-0.145451 0.5 0.1)
(-0.179684 0.5 0.1)
(-0.213932 0.5 0.1)
(-0.248182 0.5 0.1)
(-0.282414 0.5 0.1)
(-0.316596 0.5 0.1)
(-0.350678 0.5 0.1)
(-0.384583 0.5 0.1)
(-0.418184 0.5 0.1)
(-0.451257 0.5 0.1)
(-0.483383 0.5 0.1)
(-0.513493 0.499818 0.1)
(-0.541283 0.498293 0.1)
(-0.568006 0.495354 0.1)
(-0.593986 0.491087 0.1)
(-0.619372 0.485541 0.1)
(-0.644232 0.478745 0.1)
(-0.668589 0.470721 0.1)
(-0.692433 0.461486 0.1)
(-0.715737 0.451063 0.1)
(-0.738461 0.439473 0.1)
(-0.76056 0.426742 0.1)
(-0.781982 0.4129 0.1)
(-0.802676 0.397979 0.1)
(-0.822586 0.382018 0.1)
(-0.841665 0.365055 0.1)
(-0.859858 0.347134 0.1)
(-0.877119 0.328301 0.1)
(-0.893399 0.308606 0.1)
(-0.908656 0.288098 0.1)
(-0.922848 0.266832 0.1)
(-0.935937 0.244865 0.1)
(-0.947889 0.222251 0.1)
(-0.958669 0.199055 0.1)
(-0.96825 0.175334 0.1)
(-0.976607 0.15115 0.1)
(-0.983714 0.126572 0.1)
(-0.989556 0.10166 0.1)
(-0.994117 0.0764755 0.1)
(-0.997382 0.0510986 0.1)
(-0.999345 0.025587 0.1)
(-1 1.77636e-15 0.1)
(-0.999345 -0.0255862 0.1)
(-0.997382 -0.0510976 0.1)
(-0.994117 -0.0764744 0.1)
(-0.989556 -0.101659 0.1)
(-0.983714 -0.126571 0.1)
(-0.976607 -0.151149 0.1)
(-0.96825 -0.175334 0.1)
(-0.958669 -0.199054 0.1)
(-0.947889 -0.22225 0.1)
(-0.935938 -0.244864 0.1)
(-0.922849 -0.266831 0.1)
(-0.908656 -0.288097 0.1)
(-0.893399 -0.308605 0.1)
(-0.877119 -0.328301 0.1)
(-0.859858 -0.347134 0.1)
(-0.841665 -0.365055 0.1)
(-0.822587 -0.382018 0.1)
(-0.802676 -0.397979 0.1)
(-0.781982 -0.4129 0.1)
(-0.76056 -0.426741 0.1)
(-0.738461 -0.439473 0.1)
(-0.715737 -0.451063 0.1)
(-0.692433 -0.461486 0.1)
(-0.668589 -0.470721 0.1)
(-0.644232 -0.478745 0.1)
(-0.619372 -0.485541 0.1)
(-0.593986 -0.491087 0.1)
(-0.568006 -0.495354 0.1)
(-0.541283 -0.498293 0.1)
(-0.513493 -0.499818 0.1)
(-0.483383 -0.5 0.1)
(-0.451257 -0.5 0.1)
(-0.418184 -0.5 0.1)
(-0.384583 -0.5 0.1)
(-0.350678 -0.5 0.1)
(-0.316596 -0.5 0.1)
(-0.282414 -0.5 0.1)
(-0.248182 -0.5 0.1)
(-0.213932 -0.5 0.1)
(-0.179684 -0.5 0.1)
(-0.145451 -0.5 0.1)
(-0.111244 -0.5 0.1)
(-0.0770676 -0.5 0.1)
(-0.0429242 -0.5 0.1)
(-0.00881481 -0.5 0.1)
(0.0252611 -0.5 0.1)
(0.0593051 -0.5 0.1)
(0.0933192 -0.5 0.1)
(0.127306 -0.5 0.1)
(0.161267 -0.5 0.1)
(0.195207 -0.5 0.1)
(0.229126 -0.5 0.1)
(0.263028 -0.5 0.1)
(0.296915 -0.5 0.1)
(0.33079 -0.5 0.1)
(0.364653 -0.5 0.1)
(0.398506 -0.5 0.1)
(0.432347 -0.5 0.1)
(0.466178 -0.5 0.1)
(0.5 -0.5 0.1)
(0.5 0.500211 0.1)
(0.466177 0.500211 0.1)
(0.432346 0.500211 0.1)
(0.398504 0.500211 0.1)
(0.36465 0.500211 0.1)
(0.330787 0.500211 0.1)
(0.296912 0.500211 0.1)
(0.263024 0.500211 0.1)
(0.229121 0.500211 0.1)
(0.195201 0.500211 0.1)
(0.161261 0.50021 0.1)
(0.127298 0.50021 0.1)
(0.0933111 0.50021 0.1)
(0.0592961 0.50021 0.1)
(0.0252512 0.50021 0.1)
(-0.00882569 0.50021 0.1)
(-0.0429361 0.500209 0.1)
(-0.0770805 0.500209 0.1)
(-0.111258 0.500208 0.1)
(-0.145467 0.500208 0.1)
(-0.1797 0.500207 0.1)
(-0.21395 0.500206 0.1)
(-0.248201 0.500206 0.1)
(-0.282434 0.500204 0.1)
(-0.316617 0.500203 0.1)
(-0.3507 0.500201 0.1)
(-0.384606 0.500199 0.1)
(-0.418207 0.500196 0.1)
(-0.45128 0.500193 0.1)
(-0.483405 0.500188 0.1)
(-0.513518 0.499998 0.1)
(-0.541316 0.498467 0.1)
(-0.568047 0.495523 0.1)
(-0.594035 0.491253 0.1)
(-0.619428 0.485703 0.1)
(-0.644295 0.478904 0.1)
(-0.668658 0.470875 0.1)
(-0.692509 0.461637 0.1)
(-0.715819 0.451209 0.1)
(-0.73855 0.439615 0.1)
(-0.760656 0.426879 0.1)
(-0.782083 0.413033 0.1)
(-0.802783 0.398107 0.1)
(-0.822699 0.382141 0.1)
(-0.841783 0.365172 0.1)
(-0.859982 0.347246 0.1)
(-0.877248 0.328406 0.1)
(-0.893532 0.308705 0.1)
(-0.908794 0.28819 0.1)
(-0.922991 0.266917 0.1)
(-0.936084 0.244943 0.1)
(-0.948039 0.222322 0.1)
(-0.958822 0.199119 0.1)
(-0.968406 0.175391 0.1)
(-0.976765 0.151198 0.1)
(-0.983875 0.126613 0.1)
(-0.989719 0.101693 0.1)
(-0.994281 0.0765 0.1)
(-0.997547 0.051115 0.1)
(-0.999511 0.0255952 0.1)
(-1.00017 3.40897e-09 0.1)
(-0.999511 -0.0255944 0.1)
(-0.997547 -0.051114 0.1)
(-0.994281 -0.076499 0.1)
(-0.989719 -0.101692 0.1)
(-0.983876 -0.126612 0.1)
(-0.976766 -0.151197 0.1)
(-0.968406 -0.17539 0.1)
(-0.958823 -0.199118 0.1)
(-0.948039 -0.222321 0.1)
(-0.936084 -0.244942 0.1)
(-0.922991 -0.266917 0.1)
(-0.908795 -0.28819 0.1)
(-0.893533 -0.308704 0.1)
(-0.877248 -0.328406 0.1)
(-0.859982 -0.347246 0.1)
(-0.841784 -0.365172 0.1)
(-0.8227 -0.382141 0.1)
(-0.802783 -0.398107 0.1)
(-0.782084 -0.413032 0.1)
(-0.760656 -0.426879 0.1)
(-0.73855 -0.439615 0.1)
(-0.715819 -0.451209 0.1)
(-0.692509 -0.461637 0.1)
(-0.668658 -0.470875 0.1)
(-0.644295 -0.478904 0.1)
(-0.619428 -0.485703 0.1)
(-0.594035 -0.491253 0.1)
(-0.568047 -0.495523 0.1)
(-0.541316 -0.498467 0.1)
(-0.513518 -0.499998 0.1)
(-0.483405 -0.500188 0.1)
(-0.45128 -0.500193 0.1)
(-0.418207 -0.500196 0.1)
(-0.384607 -0.500199 0.1)
(-0.3507 -0.500201 0.1)
(-0.316617 -0.500203 0.1)
(-0.282434 -0.500204 0.1)
(-0.248201 -0.500206 0.1)
(-0.21395 -0.500206 0.1)
(-0.1797 -0.500207 0.1)
(-0.145467 -0.500208 0.1)
(-0.111258 -0.500208 0.1)
(-0.0770805 -0.500209 0.1)
(-0.0429361 -0.500209 0.1)
(-0.00882569 -0.50021 0.1)
(0.0252512 -0.50021 0.1)
(0.0592961 -0.50021 0.1)
(0.0933111 -0.50021 0.1)
(0.127298 -0.50021 0.1)
(0.161261 -0.50021 0.1)
(0.195201 -0.500211 0.1)
(0.229121 -0.500211 0.1)
(0.263024 -0.500211 0.1)
(0.296912 -0.500211 0.1)
(0.330787 -0.500211 0.1)
(0.36465 -0.500211 0.1)
(0.398504 -0.500211 0.1)
(0.432346 -0.500211 0.1)
(0.466177 -0.500211 0.1)
(0.5 -0.500211 0.1)
(0.5 0.500469 0.1)
(0.466176 0.500469 0.1)
(0.432344 0.500469 0.1)
(0.398501 0.500469 0.1)
(0.364647 0.500469 0.1)
(0.330783 0.500469 0.1)
(0.296907 0.500469 0.1)
(0.263018 0.500469 0.1)
(0.229115 0.500469 0.1)
(0.195194 0.500469 0.1)
(0.161253 0.500469 0.1)
(0.12729 0.500468 0.1)
(0.0933011 0.500468 0.1)
(0.059285 0.500468 0.1)
(0.025239 0.500467 0.1)
(-0.00883906 0.500467 0.1)
(-0.0429507 0.500466 0.1)
(-0.0770965 0.500465 0.1)
(-0.111276 0.500464 0.1)
(-0.145485 0.500463 0.1)
(-0.17972 0.500461 0.1)
(-0.213971 0.50046 0.1)
(-0.248224 0.500458 0.1)
(-0.282459 0.500455 0.1)
(-0.316643 0.500452 0.1)
(-0.350727 0.500448 0.1)
(-0.384635 0.500443 0.1)
(-0.418236 0.500438 0.1)
(-0.451309 0.50043 0.1)
(-0.483432 0.500418 0.1)
(-0.513548 0.500218 0.1)
(-0.541356 0.498681 0.1)
(-0.568097 0.495732 0.1)
(-0.594094 0.491457 0.1)
(-0.619496 0.485902 0.1)
(-0.644372 0.479098 0.1)
(-0.668743 0.471065 0.1)
(-0.692602 0.461822 0.1)
(-0.715921 0.451389 0.1)
(-0.73866 0.439789 0.1)
(-0.760772 0.427048 0.1)
(-0.782208 0.413196 0.1)
(-0.802914 0.398264 0.1)
(-0.822838 0.382291 0.1)
(-0.841929 0.365316 0.1)
(-0.860134 0.347382 0.1)
(-0.877406 0.328535 0.1)
(-0.893697 0.308826 0.1)
(-0.908964 0.288303 0.1)
(-0.923166 0.267022 0.1)
(-0.936264 0.245039 0.1)
(-0.948223 0.222409 0.1)
(-0.95901 0.199197 0.1)
(-0.968598 0.17546 0.1)
(-0.97696 0.151258 0.1)
(-0.984073 0.126663 0.1)
(-0.989919 0.101733 0.1)
(-0.994483 0.0765301 0.1)
(-0.99775 0.0511351 0.1)
(-0.999714 0.0256053 0.1)
(-1.00037 7.60816e-09 0.1)
(-0.999714 -0.0256045 0.1)
(-0.99775 -0.0511341 0.1)
(-0.994483 -0.0765291 0.1)
(-0.989919 -0.101732 0.1)
(-0.984073 -0.126662 0.1)
(-0.976961 -0.151257 0.1)
(-0.968598 -0.175459 0.1)
(-0.959011 -0.199196 0.1)
(-0.948224 -0.222409 0.1)
(-0.936264 -0.245039 0.1)
(-0.923166 -0.267022 0.1)
(-0.908964 -0.288303 0.1)
(-0.893697 -0.308826 0.1)
(-0.877406 -0.328535 0.1)
(-0.860134 -0.347382 0.1)
(-0.841929 -0.365315 0.1)
(-0.822838 -0.382291 0.1)
(-0.802915 -0.398264 0.1)
(-0.782208 -0.413196 0.1)
(-0.760773 -0.427048 0.1)
(-0.73866 -0.439789 0.1)
(-0.715921 -0.451389 0.1)
(-0.692602 -0.461822 0.1)
(-0.668743 -0.471065 0.1)
(-0.644372 -0.479098 0.1)
(-0.619496 -0.485902 0.1)
(-0.594094 -0.491457 0.1)
(-0.568097 -0.495732 0.1)
(-0.541356 -0.498681 0.1)
(-0.513548 -0.500218 0.1)
(-0.483432 -0.500418 0.1)
(-0.451309 -0.50043 0.1)
(-0.418236 -0.500438 0.1)
(-0.384635 -0.500443 0.1)
(-0.350727 -0.500448 0.1)
(-0.316643 -0.500452 0.1)
(-0.282459 -0.500455 0.1)
(-0.248224 -0.500458 0.1)
(-0.213971 -0.50046 0.1)
(-0.17972 -0.500461 0.1)
(-0.145485 -0.500463 0.1)
(-0.111276 -0.500464 0.1)
(-0.0770965 -0.500465 0.1)
(-0.0429507 -0.500466 0.1)
(-0.00883906 -0.500467 0.1)
(0.025239 -0.500467 0.1)
(0.059285 -0.500468 0.1)
(0.0933011 -0.500468 0.1)
(0.12729 -0.500468 0.1)
(0.161253 -0.500469 0.1)
(0.195194 -0.500469 0.1)
(0.229115 -0.500469 0.1)
(0.263018 -0.500469 0.1)
(0.296907 -0.500469 0.1)
(0.330783 -0.500469 0.1)
(0.364647 -0.500469 0.1)
(0.398501 -0.500469 0.1)
(0.432344 -0.500469 0.1)
(0.466176 -0.500469 0.1)
(0.5 -0.500469 0.1)
(0.5 0.500768 0.1)
(0.466175 0.500768 0.1)
(0.432343 0.500768 0.1)
(0.398499 0.500768 0.1)
(0.364644 0.500768 0.1)
(0.330779 0.500768 0.1)
(0.296902 0.500767 0.1)
(0.263012 0.500767 0.1)
(0.229108 0.500767 0.1)
(0.195186 0.500767 0.1)
(0.161244 0.500766 0.1)
(0.127279 0.500766 0.1)
(0.0932895 0.500765 0.1)
(0.0592723 0.500765 0.1)
(0.0252249 0.500764 0.1)
(-0.00885451 0.500763 0.1)
(-0.0429676 0.500762 0.1)
(-0.0771148 0.500761 0.1)
(-0.111296 0.500759 0.1)
(-0.145507 0.500757 0.1)
(-0.179743 0.500755 0.1)
(-0.213996 0.500752 0.1)
(-0.248251 0.500749 0.1)
(-0.282487 0.500744 0.1)
(-0.316673 0.500739 0.1)
(-0.350759 0.500733 0.1)
(-0.384667 0.500725 0.1)
(-0.418269 0.500716 0.1)
(-0.451342 0.500703 0.1)
(-0.483464 0.500684 0.1)
(-0.513583 0.500473 0.1)
(-0.541403 0.498928 0.1)
(-0.568155 0.495972 0.1)
(-0.594162 0.491692 0.1)
(-0.619575 0.486132 0.1)
(-0.64446 0.479322 0.1)
(-0.668842 0.471284 0.1)
(-0.69271 0.462035 0.1)
(-0.716038 0.451597 0.1)
(-0.738786 0.439991 0.1)
(-0.760907 0.427243 0.1)
(-0.782351 0.413384 0.1)
(-0.803066 0.398445 0.1)
(-0.822998 0.382465 0.1)
(-0.842097 0.365481 0.1)
(-0.860309 0.34754 0.1)
(-0.877589 0.328684 0.1)
(-0.893886 0.308966 0.1)
(-0.90916 0.288434 0.1)
(-0.923368 0.267143 0.1)
(-0.936471 0.24515 0.1)
(-0.948436 0.22251 0.1)
(-0.959228 0.199287 0.1)
(-0.968819 0.175539 0.1)
(-0.977185 0.151326 0.1)
(-0.984301 0.12672 0.1)
(-0.990149 0.101779 0.1)
(-0.994715 0.0765649 0.1)
(-0.997984 0.0511583 0.1)
(-0.999949 0.0256169 0.1)
(-1.00061 1.24293e-08 0.1)
(-0.999949 -0.025616 0.1)
(-0.997984 -0.0511573 0.1)
(-0.994715 -0.0765639 0.1)
(-0.99015 -0.101778 0.1)
(-0.984301 -0.126719 0.1)
(-0.977186 -0.151325 0.1)
(-0.96882 -0.175538 0.1)
(-0.959228 -0.199287 0.1)
(-0.948436 -0.22251 0.1)
(-0.936471 -0.24515 0.1)
(-0.923368 -0.267143 0.1)
(-0.90916 -0.288433 0.1)
(-0.893886 -0.308966 0.1)
(-0.877589 -0.328684 0.1)
(-0.860309 -0.34754 0.1)
(-0.842097 -0.365481 0.1)
(-0.822998 -0.382465 0.1)
(-0.803067 -0.398445 0.1)
(-0.782352 -0.413384 0.1)
(-0.760908 -0.427243 0.1)
(-0.738786 -0.439991 0.1)
(-0.716038 -0.451596 0.1)
(-0.69271 -0.462035 0.1)
(-0.668842 -0.471284 0.1)
(-0.64446 -0.479322 0.1)
(-0.619575 -0.486132 0.1)
(-0.594162 -0.491692 0.1)
(-0.568155 -0.495972 0.1)
(-0.541403 -0.498928 0.1)
(-0.513583 -0.500473 0.1)
(-0.483464 -0.500684 0.1)
(-0.451342 -0.500703 0.1)
(-0.418269 -0.500716 0.1)
(-0.384667 -0.500725 0.1)
(-0.350759 -0.500733 0.1)
(-0.316673 -0.500739 0.1)
(-0.282487 -0.500744 0.1)
(-0.248251 -0.500749 0.1)
(-0.213996 -0.500752 0.1)
(-0.179743 -0.500755 0.1)
(-0.145507 -0.500757 0.1)
(-0.111296 -0.500759 0.1)
(-0.0771148 -0.500761 0.1)
(-0.0429676 -0.500762 0.1)
(-0.00885451 -0.500763 0.1)
(0.0252249 -0.500764 0.1)
(0.0592723 -0.500765 0.1)
(0.0932895 -0.500765 0.1)
(0.127279 -0.500766 0.1)
(0.161244 -0.500766 0.1)
(0.195186 -0.500767 0.1)
(0.229108 -0.500767 0.1)
(0.263012 -0.500767 0.1)
(0.296902 -0.500767 0.1)
(0.330779 -0.500768 0.1)
(0.364644 -0.500768 0.1)
(0.398499 -0.500768 0.1)
(0.432343 -0.500768 0.1)
(0.466175 -0.500768 0.1)
(0.5 -0.500768 0.1)
(0.5 0.501124 0.1)
(0.466174 0.501124 0.1)
(0.432341 0.501124 0.1)
(0.398496 0.501124 0.1)
(0.36464 0.501124 0.1)
(0.330773 0.501124 0.1)
(0.296896 0.501123 0.1)
(0.263005 0.501123 0.1)
(0.229099 0.501123 0.1)
(0.195176 0.501122 0.1)
(0.161233 0.501122 0.1)
(0.127267 0.501121 0.1)
(0.0932758 0.50112 0.1)
(0.059257 0.501119 0.1)
(0.0252081 0.501118 0.1)
(-0.00887295 0.501117 0.1)
(-0.0429877 0.501115 0.1)
(-0.0771368 0.501113 0.1)
(-0.111319 0.501111 0.1)
(-0.145533 0.501108 0.1)
(-0.179771 0.501105 0.1)
(-0.214026 0.501101 0.1)
(-0.248283 0.501096 0.1)
(-0.282521 0.50109 0.1)
(-0.316709 0.501082 0.1)
(-0.350797 0.501073 0.1)
(-0.384706 0.501062 0.1)
(-0.418309 0.501048 0.1)
(-0.451381 0.501029 0.1)
(-0.483502 0.501002 0.1)
(-0.513625 0.500777 0.1)
(-0.541459 0.499222 0.1)
(-0.568224 0.496259 0.1)
(-0.594244 0.491972 0.1)
(-0.619669 0.486406 0.1)
(-0.644566 0.47959 0.1)
(-0.668959 0.471545 0.1)
(-0.692839 0.46229 0.1)
(-0.716178 0.451844 0.1)
(-0.738936 0.440231 0.1)
(-0.761068 0.427476 0.1)
(-0.782523 0.413608 0.1)
(-0.803248 0.398661 0.1)
(-0.823189 0.382672 0.1)
(-0.842297 0.365679 0.1)
(-0.860518 0.347728 0.1)
(-0.877806 0.328862 0.1)
(-0.894112 0.309133 0.1)
(-0.909394 0.28859 0.1)
(-0.923609 0.267288 0.1)
(-0.936719 0.245283 0.1)
(-0.94869 0.222631 0.1)
(-0.959487 0.199395 0.1)
(-0.969083 0.175634 0.1)
(-0.977454 0.151408 0.1)
(-0.984573 0.126789 0.1)
(-0.990425 0.101834 0.1)
(-0.994993 0.0766064 0.1)
(-0.998263 0.051186 0.1)
(-1.00023 0.0256307 0.1)
(-1.00089 1.81366e-08 0.1)
(-1.00023 -0.0256299 0.1)
(-0.998264 -0.051185 0.1)
(-0.994993 -0.0766054 0.1)
(-0.990425 -0.101833 0.1)
(-0.984573 -0.126788 0.1)
(-0.977454 -0.151407 0.1)
(-0.969084 -0.175633 0.1)
(-0.959487 -0.199394 0.1)
(-0.94869 -0.22263 0.1)
(-0.936719 -0.245282 0.1)
(-0.923609 -0.267287 0.1)
(-0.909394 -0.288589 0.1)
(-0.894112 -0.309133 0.1)
(-0.877807 -0.328862 0.1)
(-0.860519 -0.347728 0.1)
(-0.842297 -0.365679 0.1)
(-0.823189 -0.382672 0.1)
(-0.803248 -0.398661 0.1)
(-0.782523 -0.413608 0.1)
(-0.761069 -0.427476 0.1)
(-0.738936 -0.440231 0.1)
(-0.716178 -0.451844 0.1)
(-0.692839 -0.462289 0.1)
(-0.668959 -0.471545 0.1)
(-0.644566 -0.47959 0.1)
(-0.619669 -0.486406 0.1)
(-0.594244 -0.491972 0.1)
(-0.568224 -0.496259 0.1)
(-0.541459 -0.499222 0.1)
(-0.513625 -0.500777 0.1)
(-0.483502 -0.501002 0.1)
(-0.451381 -0.501029 0.1)
(-0.418309 -0.501048 0.1)
(-0.384706 -0.501062 0.1)
(-0.350797 -0.501073 0.1)
(-0.316709 -0.501082 0.1)
(-0.282521 -0.50109 0.1)
(-0.248283 -0.501096 0.1)
(-0.214026 -0.501101 0.1)
(-0.179771 -0.501105 0.1)
(-0.145533 -0.501108 0.1)
(-0.111319 -0.501111 0.1)
(-0.0771368 -0.501113 0.1)
(-0.0429877 -0.501115 0.1)
(-0.00887296 -0.501117 0.1)
(0.0252081 -0.501118 0.1)
(0.059257 -0.501119 0.1)
(0.0932758 -0.50112 0.1)
(0.127267 -0.501121 0.1)
(0.161233 -0.501122 0.1)
(0.195176 -0.501122 0.1)
(0.229099 -0.501123 0.1)
(0.263005 -0.501123 0.1)
(0.296896 -0.501123 0.1)
(0.330773 -0.501124 0.1)
(0.36464 -0.501124 0.1)
(0.398496 -0.501124 0.1)
(0.432341 -0.501124 0.1)
(0.466174 -0.501124 0.1)
(0.5 -0.501124 0.1)
(0.5 0.501556 0.1)
(0.466173 0.501556 0.1)
(0.432338 0.501556 0.1)
(0.398492 0.501556 0.1)
(0.364635 0.501556 0.1)
(0.330767 0.501555 0.1)
(0.296888 0.501555 0.1)
(0.262996 0.501555 0.1)
(0.229089 0.501554 0.1)
(0.195164 0.501554 0.1)
(0.161219 0.501553 0.1)
(0.127252 0.501552 0.1)
(0.093259 0.501551 0.1)
(0.0592385 0.50155 0.1)
(0.0251877 0.501548 0.1)
(-0.00889535 0.501546 0.1)
(-0.0430122 0.501544 0.1)
(-0.0771635 0.501541 0.1)
(-0.111348 0.501538 0.1)
(-0.145564 0.501534 0.1)
(-0.179805 0.50153 0.1)
(-0.214062 0.501524 0.1)
(-0.248322 0.501517 0.1)
(-0.282563 0.501508 0.1)
(-0.316753 0.501498 0.1)
(-0.350842 0.501486 0.1)
(-0.384754 0.50147 0.1)
(-0.418357 0.50145 0.1)
(-0.451429 0.501424 0.1)
(-0.483548 0.501387 0.1)
(-0.513676 0.501146 0.1)
(-0.541527 0.499579 0.1)
(-0.568308 0.496608 0.1)
(-0.594343 0.492312 0.1)
(-0.619783 0.486738 0.1)
(-0.644695 0.479915 0.1)
(-0.669102 0.471862 0.1)
(-0.692995 0.462598 0.1)
(-0.716347 0.452144 0.1)
(-0.739119 0.440523 0.1)
(-0.761264 0.427758 0.1)
(-0.782731 0.413881 0.1)
(-0.803468 0.398924 0.1)
(-0.823421 0.382924 0.1)
(-0.84254 0.365919 0.1)
(-0.860772 0.347956 0.1)
(-0.878071 0.329078 0.1)
(-0.894386 0.309336 0.1)
(-0.909677 0.288779 0.1)
(-0.923901 0.267463 0.1)
(-0.937019 0.245444 0.1)
(-0.948997 0.222777 0.1)
(-0.959802 0.199526 0.1)
(-0.969404 0.175749 0.1)
(-0.97778 0.151508 0.1)
(-0.984903 0.126872 0.1)
(-0.990759 0.101901 0.1)
(-0.99533 0.0766567 0.1)
(-0.998602 0.0512196 0.1)
(-1.00057 0.0256475 0.1)
(-1.00123 2.50067e-08 0.1)
(-1.00057 -0.0256467 0.1)
(-0.998602 -0.0512186 0.1)
(-0.99533 -0.0766557 0.1)
(-0.990759 -0.1019 0.1)
(-0.984904 -0.126871 0.1)
(-0.97778 -0.151507 0.1)
(-0.969404 -0.175748 0.1)
(-0.959802 -0.199525 0.1)
(-0.948998 -0.222776 0.1)
(-0.937019 -0.245443 0.1)
(-0.923901 -0.267463 0.1)
(-0.909677 -0.288779 0.1)
(-0.894387 -0.309335 0.1)
(-0.878071 -0.329077 0.1)
(-0.860773 -0.347956 0.1)
(-0.84254 -0.365919 0.1)
(-0.823421 -0.382923 0.1)
(-0.803468 -0.398923 0.1)
(-0.782731 -0.413881 0.1)
(-0.761264 -0.427758 0.1)
(-0.739119 -0.440522 0.1)
(-0.716347 -0.452144 0.1)
(-0.692995 -0.462598 0.1)
(-0.669102 -0.471862 0.1)
(-0.644695 -0.479915 0.1)
(-0.619783 -0.486738 0.1)
(-0.594343 -0.492312 0.1)
(-0.568308 -0.496608 0.1)
(-0.541527 -0.499579 0.1)
(-0.513676 -0.501146 0.1)
(-0.483548 -0.501387 0.1)
(-0.451429 -0.501424 0.1)
(-0.418357 -0.50145 0.1)
(-0.384754 -0.50147 0.1)
(-0.350842 -0.501486 0.1)
(-0.316753 -0.501498 0.1)
(-0.282563 -0.501508 0.1)
(-0.248322 -0.501517 0.1)
(-0.214062 -0.501524 0.1)
(-0.179805 -0.50153 0.1)
(-0.145564 -0.501534 0.1)
(-0.111348 -0.501538 0.1)
(-0.0771635 -0.501541 0.1)
(-0.0430122 -0.501544 0.1)
(-0.00889536 -0.501546 0.1)
(0.0251877 -0.501548 0.1)
(0.0592385 -0.50155 0.1)
(0.093259 -0.501551 0.1)
(0.127252 -0.501552 0.1)
(0.161219 -0.501553 0.1)
(0.195164 -0.501554 0.1)
(0.229089 -0.501554 0.1)
(0.262996 -0.501555 0.1)
(0.296888 -0.501555 0.1)
(0.330767 -0.501555 0.1)
(0.364635 -0.501556 0.1)
(0.398492 -0.501556 0.1)
(0.432338 -0.501556 0.1)
(0.466173 -0.501556 0.1)
(0.5 -0.501556 0.1)
(0.5 0.502083 0.1)
(0.466171 0.502083 0.1)
(0.432335 0.502083 0.1)
(0.398487 0.502083 0.1)
(0.364629 0.502082 0.1)
(0.330759 0.502082 0.1)
(0.296879 0.502082 0.1)
(0.262985 0.502081 0.1)
(0.229076 0.50208 0.1)
(0.195149 0.50208 0.1)
(0.161203 0.502079 0.1)
(0.127233 0.502077 0.1)
(0.0932386 0.502076 0.1)
(0.0592159 0.502074 0.1)
(0.0251628 0.502072 0.1)
(-0.00892269 0.50207 0.1)
(-0.0430421 0.502067 0.1)
(-0.077196 0.502063 0.1)
(-0.111384 0.502059 0.1)
(-0.145602 0.502054 0.1)
(-0.179846 0.502047 0.1)
(-0.214107 0.50204 0.1)
(-0.248369 0.50203 0.1)
(-0.282613 0.502019 0.1)
(-0.316806 0.502005 0.1)
(-0.350898 0.501989 0.1)
(-0.384812 0.501968 0.1)
(-0.418416 0.501941 0.1)
(-0.451488 0.501906 0.1)
(-0.483604 0.501856 0.1)
(-0.513739 0.501596 0.1)
(-0.541609 0.500015 0.1)
(-0.56841 0.497032 0.1)
(-0.594464 0.492727 0.1)
(-0.619922 0.487144 0.1)
(-0.644852 0.480311 0.1)
(-0.669276 0.472248 0.1)
(-0.693186 0.462975 0.1)
(-0.716554 0.452511 0.1)
(-0.739342 0.440878 0.1)
(-0.761502 0.428102 0.1)
(-0.782984 0.414213 0.1)
(-0.803736 0.399243 0.1)
(-0.823704 0.38323 0.1)
(-0.842837 0.366212 0.1)
(-0.861082 0.348234 0.1)
(-0.878393 0.329341 0.1)
(-0.894721 0.309583 0.1)
(-0.910023 0.28901 0.1)
(-0.924258 0.267677 0.1)
(-0.937386 0.24564 0.1)
(-0.949373 0.222955 0.1)
(-0.960185 0.199686 0.1)
(-0.969795 0.17589 0.1)
(-0.978177 0.151629 0.1)
(-0.985306 0.126973 0.1)
(-0.991166 0.101982 0.1)
(-0.995741 0.0767182 0.1)
(-0.999016 0.0512606 0.1)
(-1.00098 0.025668 0.1)
(-1.00164 3.33079e-08 0.1)
(-1.00098 -0.0256671 0.1)
(-0.999016 -0.0512596 0.1)
(-0.995741 -0.0767171 0.1)
(-0.991166 -0.101981 0.1)
(-0.985307 -0.126972 0.1)
(-0.978177 -0.151628 0.1)
(-0.969795 -0.175889 0.1)
(-0.960186 -0.199685 0.1)
(-0.949373 -0.222954 0.1)
(-0.937386 -0.245639 0.1)
(-0.924258 -0.267676 0.1)
(-0.910023 -0.28901 0.1)
(-0.894721 -0.309583 0.1)
(-0.878394 -0.32934 0.1)
(-0.861082 -0.348234 0.1)
(-0.842837 -0.366212 0.1)
(-0.823704 -0.38323 0.1)
(-0.803736 -0.399243 0.1)
(-0.782984 -0.414213 0.1)
(-0.761503 -0.428102 0.1)
(-0.739342 -0.440878 0.1)
(-0.716554 -0.452511 0.1)
(-0.693186 -0.462975 0.1)
(-0.669276 -0.472248 0.1)
(-0.644852 -0.480311 0.1)
(-0.619922 -0.487144 0.1)
(-0.594464 -0.492727 0.1)
(-0.56841 -0.497032 0.1)
(-0.541609 -0.500015 0.1)
(-0.513739 -0.501596 0.1)
(-0.483604 -0.501856 0.1)
(-0.451488 -0.501906 0.1)
(-0.418416 -0.501941 0.1)
(-0.384812 -0.501968 0.1)
(-0.350898 -0.501989 0.1)
(-0.316806 -0.502005 0.1)
(-0.282613 -0.502019 0.1)
(-0.248369 -0.50203 0.1)
(-0.214107 -0.50204 0.1)
(-0.179846 -0.502047 0.1)
(-0.145602 -0.502054 0.1)
(-0.111384 -0.502059 0.1)
(-0.077196 -0.502063 0.1)
(-0.0430421 -0.502067 0.1)
(-0.00892269 -0.50207 0.1)
(0.0251628 -0.502072 0.1)
(0.0592159 -0.502074 0.1)
(0.0932386 -0.502076 0.1)
(0.127233 -0.502077 0.1)
(0.161203 -0.502079 0.1)
(0.195149 -0.50208 0.1)
(0.229076 -0.50208 0.1)
(0.262985 -0.502081 0.1)
(0.296879 -0.502082 0.1)
(0.330759 -0.502082 0.1)
(0.364629 -0.502082 0.1)
(0.398487 -0.502083 0.1)
(0.432335 -0.502083 0.1)
(0.466171 -0.502083 0.1)
(0.5 -0.502083 0.1)
(0.5 0.502725 0.1)
(0.466169 0.502725 0.1)
(0.432331 0.502725 0.1)
(0.398482 0.502725 0.1)
(0.364621 0.502725 0.1)
(0.33075 0.502724 0.1)
(0.296867 0.502724 0.1)
(0.262972 0.502723 0.1)
(0.229061 0.502722 0.1)
(0.195132 0.502721 0.1)
(0.161183 0.50272 0.1)
(0.127211 0.502718 0.1)
(0.0932137 0.502716 0.1)
(0.0591883 0.502714 0.1)
(0.0251324 0.502712 0.1)
(-0.00895605 0.502708 0.1)
(-0.0430786 0.502704 0.1)
(-0.0772357 0.5027 0.1)
(-0.111427 0.502694 0.1)
(-0.145649 0.502687 0.1)
(-0.179897 0.502679 0.1)
(-0.214161 0.502669 0.1)
(-0.248427 0.502657 0.1)
(-0.282675 0.502642 0.1)
(-0.316871 0.502624 0.1)
(-0.350966 0.502602 0.1)
(-0.384882 0.502574 0.1)
(-0.418488 0.50254 0.1)
(-0.451559 0.502494 0.1)
(-0.483673 0.502429 0.1)
(-0.513815 0.502145 0.1)
(-0.541711 0.500547 0.1)
(-0.568535 0.497551 0.1)
(-0.594612 0.493233 0.1)
(-0.620092 0.487638 0.1)
(-0.645043 0.480794 0.1)
(-0.669488 0.47272 0.1)
(-0.693418 0.463434 0.1)
(-0.716807 0.452958 0.1)
(-0.739614 0.441312 0.1)
(-0.761793 0.428522 0.1)
(-0.783294 0.414619 0.1)
(-0.804064 0.399634 0.1)
(-0.824049 0.383604 0.1)
(-0.843199 0.366569 0.1)
(-0.86146 0.348574 0.1)
(-0.878787 0.329662 0.1)
(-0.895129 0.309885 0.1)
(-0.910445 0.289292 0.1)
(-0.924693 0.267938 0.1)
(-0.937833 0.245879 0.1)
(-0.949831 0.223172 0.1)
(-0.960653 0.19988 0.1)
(-0.970272 0.176061 0.1)
(-0.978662 0.151777 0.1)
(-0.985798 0.127097 0.1)
(-0.991663 0.102082 0.1)
(-0.996242 0.0767931 0.1)
(-0.99952 0.0513106 0.1)
(-1.00149 0.025693 0.1)
(-1.00215 4.3348e-08 0.1)
(-1.00149 -0.0256921 0.1)
(-0.99952 -0.0513096 0.1)
(-0.996242 -0.076792 0.1)
(-0.991663 -0.102081 0.1)
(-0.985798 -0.127096 0.1)
(-0.978662 -0.151776 0.1)
(-0.970272 -0.176061 0.1)
(-0.960654 -0.199879 0.1)
(-0.949831 -0.223172 0.1)
(-0.937833 -0.245879 0.1)
(-0.924693 -0.267937 0.1)
(-0.910446 -0.289291 0.1)
(-0.895129 -0.309884 0.1)
(-0.878787 -0.329661 0.1)
(-0.86146 -0.348574 0.1)
(-0.843199 -0.366569 0.1)
(-0.824049 -0.383604 0.1)
(-0.804064 -0.399634 0.1)
(-0.783294 -0.414619 0.1)
(-0.761793 -0.428522 0.1)
(-0.739614 -0.441312 0.1)
(-0.716807 -0.452958 0.1)
(-0.693418 -0.463434 0.1)
(-0.669488 -0.47272 0.1)
(-0.645043 -0.480794 0.1)
(-0.620092 -0.487638 0.1)
(-0.594612 -0.493233 0.1)
(-0.568535 -0.497551 0.1)
(-0.541711 -0.500547 0.1)
(-0.513815 -0.502145 0.1)
(-0.483673 -0.502429 0.1)
(-0.451559 -0.502494 0.1)
(-0.418488 -0.50254 0.1)
(-0.384882 -0.502574 0.1)
(-0.350966 -0.502602 0.1)
(-0.316871 -0.502624 0.1)
(-0.282675 -0.502642 0.1)
(-0.248427 -0.502657 0.1)
(-0.214161 -0.502669 0.1)
(-0.179897 -0.502679 0.1)
(-0.145649 -0.502687 0.1)
(-0.111427 -0.502694 0.1)
(-0.0772357 -0.5027 0.1)
(-0.0430786 -0.502704 0.1)
(-0.00895606 -0.502708 0.1)
(0.0251324 -0.502712 0.1)
(0.0591883 -0.502714 0.1)
(0.0932137 -0.502716 0.1)
(0.127211 -0.502718 0.1)
(0.161183 -0.50272 0.1)
(0.195132 -0.502721 0.1)
(0.229061 -0.502722 0.1)
(0.262972 -0.502723 0.1)
(0.296867 -0.502724 0.1)
(0.33075 -0.502724 0.1)
(0.364621 -0.502725 0.1)
(0.398482 -0.502725 0.1)
(0.432331 -0.502725 0.1)
(0.466169 -0.502725 0.1)
(0.5 -0.502725 0.1)
(0.5 0.503508 0.1)
(0.466167 0.503508 0.1)
(0.432327 0.503508 0.1)
(0.398475 0.503507 0.1)
(0.364612 0.503507 0.1)
(0.330739 0.503507 0.1)
(0.296854 0.503506 0.1)
(0.262955 0.503505 0.1)
(0.229042 0.503504 0.1)
(0.19511 0.503502 0.1)
(0.161159 0.503501 0.1)
(0.127184 0.503499 0.1)
(0.0931833 0.503496 0.1)
(0.0591547 0.503494 0.1)
(0.0250953 0.50349 0.1)
(-0.00899672 0.503486 0.1)
(-0.043123 0.503481 0.1)
(-0.0772841 0.503475 0.1)
(-0.111479 0.503467 0.1)
(-0.145706 0.503459 0.1)
(-0.179958 0.503448 0.1)
(-0.214227 0.503435 0.1)
(-0.248498 0.50342 0.1)
(-0.28275 0.503401 0.1)
(-0.31695 0.503377 0.1)
(-0.35105 0.503349 0.1)
(-0.384968 0.503313 0.1)
(-0.418576 0.503269 0.1)
(-0.451647 0.50321 0.1)
(-0.483758 0.503126 0.1)
(-0.513909 0.502813 0.1)
(-0.541834 0.501194 0.1)
(-0.568687 0.498182 0.1)
(-0.594792 0.49385 0.1)
(-0.620299 0.488241 0.1)
(-0.645276 0.481383 0.1)
(-0.669747 0.473294 0.1)
(-0.693702 0.463994 0.1)
(-0.717115 0.453502 0.1)
(-0.739945 0.441841 0.1)
(-0.762148 0.429034 0.1)
(-0.783671 0.415113 0.1)
(-0.804463 0.400109 0.1)
(-0.824469 0.38406 0.1)
(-0.843639 0.367005 0.1)
(-0.861921 0.348987 0.1)
(-0.879266 0.330053 0.1)
(-0.895627 0.310252 0.1)
(-0.91096 0.289635 0.1)
(-0.925223 0.268256 0.1)
(-0.938377 0.246171 0.1)
(-0.950389 0.223437 0.1)
(-0.961224 0.200117 0.1)
(-0.970853 0.17627 0.1)
(-0.979253 0.151957 0.1)
(-0.986397 0.127248 0.1)
(-0.992268 0.102203 0.1)
(-0.996853 0.0768844 0.1)
(-1.00013 0.0513716 0.1)
(-1.00211 0.0257234 0.1)
(-1.00277 5.54374e-08 0.1)
(-1.00211 -0.0257226 0.1)
(-1.00013 -0.0513706 0.1)
(-0.996853 -0.0768833 0.1)
(-0.992269 -0.102202 0.1)
(-0.986397 -0.127247 0.1)
(-0.979253 -0.151956 0.1)
(-0.970854 -0.17627 0.1)
(-0.961224 -0.200117 0.1)
(-0.95039 -0.223436 0.1)
(-0.938378 -0.246171 0.1)
(-0.925223 -0.268255 0.1)
(-0.91096 -0.289634 0.1)
(-0.895627 -0.310252 0.1)
(-0.879267 -0.330053 0.1)
(-0.861921 -0.348987 0.1)
(-0.84364 -0.367005 0.1)
(-0.824469 -0.38406 0.1)
(-0.804463 -0.400109 0.1)
(-0.783671 -0.415113 0.1)
(-0.762148 -0.429034 0.1)
(-0.739945 -0.441841 0.1)
(-0.717115 -0.453502 0.1)
(-0.693702 -0.463994 0.1)
(-0.669747 -0.473294 0.1)
(-0.645277 -0.481383 0.1)
(-0.620299 -0.488241 0.1)
(-0.594792 -0.49385 0.1)
(-0.568687 -0.498182 0.1)
(-0.541834 -0.501194 0.1)
(-0.513909 -0.502813 0.1)
(-0.483758 -0.503126 0.1)
(-0.451647 -0.50321 0.1)
(-0.418576 -0.503269 0.1)
(-0.384968 -0.503313 0.1)
(-0.35105 -0.503349 0.1)
(-0.31695 -0.503377 0.1)
(-0.28275 -0.503401 0.1)
(-0.248498 -0.50342 0.1)
(-0.214227 -0.503435 0.1)
(-0.179958 -0.503448 0.1)
(-0.145706 -0.503459 0.1)
(-0.111479 -0.503467 0.1)
(-0.0772842 -0.503475 0.1)
(-0.043123 -0.503481 0.1)
(-0.00899672 -0.503486 0.1)
(0.0250953 -0.50349 0.1)
(0.0591547 -0.503494 0.1)
(0.0931833 -0.503496 0.1)
(0.127184 -0.503499 0.1)
(0.161159 -0.503501 0.1)
(0.19511 -0.503502 0.1)
(0.229042 -0.503504 0.1)
(0.262955 -0.503505 0.1)
(0.296854 -0.503506 0.1)
(0.330739 -0.503507 0.1)
(0.364612 -0.503507 0.1)
(0.398475 -0.503507 0.1)
(0.432327 -0.503508 0.1)
(0.466167 -0.503508 0.1)
(0.5 -0.503508 0.1)
(0.5 0.504459 0.1)
(0.466164 0.504459 0.1)
(0.432321 0.504459 0.1)
(0.398467 0.504459 0.1)
(0.364601 0.504458 0.1)
(0.330725 0.504458 0.1)
(0.296837 0.504457 0.1)
(0.262936 0.504456 0.1)
(0.229019 0.504454 0.1)
(0.195084 0.504452 0.1)
(0.161129 0.50445 0.1)
(0.127151 0.504448 0.1)
(0.0931464 0.504445 0.1)
(0.0591137 0.504441 0.1)
(0.0250502 0.504437 0.1)
(-0.00904619 0.504431 0.1)
(-0.0431771 0.504425 0.1)
(-0.0773431 0.504417 0.1)
(-0.111543 0.504408 0.1)
(-0.145775 0.504397 0.1)
(-0.180032 0.504383 0.1)
(-0.214307 0.504367 0.1)
(-0.248583 0.504347 0.1)
(-0.282841 0.504323 0.1)
(-0.317047 0.504293 0.1)
(-0.351151 0.504257 0.1)
(-0.385073 0.504212 0.1)
(-0.418683 0.504155 0.1)
(-0.451753 0.504081 0.1)
(-0.483861 0.503974 0.1)
(-0.514024 0.503626 0.1)
(-0.541985 0.501982 0.1)
(-0.568873 0.49895 0.1)
(-0.595012 0.4946 0.1)
(-0.620552 0.488974 0.1)
(-0.64556 0.482099 0.1)
(-0.670062 0.473993 0.1)
(-0.694047 0.464675 0.1)
(-0.717489 0.454165 0.1)
(-0.740349 0.442484 0.1)
(-0.762579 0.429657 0.1)
(-0.78413 0.415714 0.1)
(-0.804948 0.400688 0.1)
(-0.82498 0.384615 0.1)
(-0.844176 0.367534 0.1)
(-0.862481 0.349491 0.1)
(-0.87985 0.330529 0.1)
(-0.896232 0.310699 0.1)
(-0.911585 0.290052 0.1)
(-0.925868 0.268642 0.1)
(-0.93904 0.246526 0.1)
(-0.951068 0.223759 0.1)
(-0.961918 0.200406 0.1)
(-0.971561 0.176525 0.1)
(-0.979971 0.152176 0.1)
(-0.987125 0.127432 0.1)
(-0.993005 0.10235 0.1)
(-0.997596 0.0769954 0.1)
(-1.00088 0.0514457 0.1)
(-1.00286 0.0257604 0.1)
(-1.00352 6.992e-08 0.1)
(-1.00286 -0.0257596 0.1)
(-1.00088 -0.0514447 0.1)
(-0.997596 -0.0769944 0.1)
(-0.993005 -0.102349 0.1)
(-0.987126 -0.127431 0.1)
(-0.979972 -0.152175 0.1)
(-0.971561 -0.176524 0.1)
(-0.961918 -0.200405 0.1)
(-0.951069 -0.223759 0.1)
(-0.939041 -0.246525 0.1)
(-0.925868 -0.268642 0.1)
(-0.911586 -0.290052 0.1)
(-0.896232 -0.310699 0.1)
(-0.87985 -0.330528 0.1)
(-0.862481 -0.349491 0.1)
(-0.844176 -0.367534 0.1)
(-0.824981 -0.384615 0.1)
(-0.804948 -0.400687 0.1)
(-0.78413 -0.415714 0.1)
(-0.762579 -0.429657 0.1)
(-0.740349 -0.442484 0.1)
(-0.717489 -0.454165 0.1)
(-0.694047 -0.464675 0.1)
(-0.670062 -0.473993 0.1)
(-0.645561 -0.482099 0.1)
(-0.620552 -0.488974 0.1)
(-0.595012 -0.4946 0.1)
(-0.568873 -0.49895 0.1)
(-0.541985 -0.501982 0.1)
(-0.514024 -0.503626 0.1)
(-0.483861 -0.503974 0.1)
(-0.451753 -0.504081 0.1)
(-0.418683 -0.504155 0.1)
(-0.385073 -0.504212 0.1)
(-0.351151 -0.504257 0.1)
(-0.317047 -0.504293 0.1)
(-0.282841 -0.504323 0.1)
(-0.248583 -0.504347 0.1)
(-0.214307 -0.504367 0.1)
(-0.180032 -0.504383 0.1)
(-0.145775 -0.504397 0.1)
(-0.111543 -0.504408 0.1)
(-0.0773431 -0.504417 0.1)
(-0.0431771 -0.504425 0.1)
(-0.0090462 -0.504431 0.1)
(0.0250502 -0.504437 0.1)
(0.0591137 -0.504441 0.1)
(0.0931464 -0.504445 0.1)
(0.127151 -0.504448 0.1)
(0.161129 -0.50445 0.1)
(0.195084 -0.504452 0.1)
(0.229019 -0.504454 0.1)
(0.262936 -0.504456 0.1)
(0.296837 -0.504457 0.1)
(0.330725 -0.504458 0.1)
(0.364601 -0.504458 0.1)
(0.398467 -0.504459 0.1)
(0.432321 -0.504459 0.1)
(0.466164 -0.504459 0.1)
(0.5 -0.504459 0.1)
(0.5 0.505614 0.1)
(0.466161 0.505614 0.1)
(0.432314 0.505614 0.1)
(0.398457 0.505613 0.1)
(0.364588 0.505613 0.1)
(0.330708 0.505612 0.1)
(0.296817 0.505611 0.1)
(0.262912 0.505609 0.1)
(0.228991 0.505608 0.1)
(0.195052 0.505605 0.1)
(0.161093 0.505603 0.1)
(0.12711 0.5056 0.1)
(0.0931015 0.505596 0.1)
(0.0590641 0.505591 0.1)
(0.0249955 0.505586 0.1)
(-0.00910626 0.505579 0.1)
(-0.0432428 0.505571 0.1)
(-0.0774146 0.505561 0.1)
(-0.111621 0.505549 0.1)
(-0.145859 0.505535 0.1)
(-0.180123 0.505518 0.1)
(-0.214404 0.505498 0.1)
(-0.248687 0.505473 0.1)
(-0.282952 0.505442 0.1)
(-0.317164 0.505405 0.1)
(-0.351274 0.505359 0.1)
(-0.385201 0.505303 0.1)
(-0.418813 0.505231 0.1)
(-0.451883 0.505138 0.1)
(-0.483987 0.505003 0.1)
(-0.514164 0.504613 0.1)
(-0.542169 0.502939 0.1)
(-0.569099 0.499883 0.1)
(-0.595279 0.495511 0.1)
(-0.620858 0.489865 0.1)
(-0.645905 0.482968 0.1)
(-0.670444 0.474842 0.1)
(-0.694466 0.465502 0.1)
(-0.717944 0.454969 0.1)
(-0.740838 0.443264 0.1)
(-0.763103 0.430413 0.1)
(-0.784687 0.416444 0.1)
(-0.805538 0.40139 0.1)
(-0.825601 0.385288 0.1)
(-0.844827 0.368177 0.1)
(-0.863162 0.350102 0.1)
(-0.880558 0.331106 0.1)
(-0.896966 0.311242 0.1)
(-0.912345 0.290559 0.1)
(-0.926651 0.269112 0.1)
(-0.939845 0.246957 0.1)
(-0.951893 0.22415 0.1)
(-0.96276 0.200756 0.1)
(-0.972419 0.176833 0.1)
(-0.980844 0.152443 0.1)
(-0.98801 0.127655 0.1)
(-0.9939 0.10253 0.1)
(-0.998498 0.0771303 0.1)
(-1.00179 0.0515358 0.1)
(-1.00377 0.0258054 0.1)
(-1.00443 8.71937e-08 0.1)
(-1.00377 -0.0258046 0.1)
(-1.00179 -0.0515347 0.1)
(-0.998498 -0.0771292 0.1)
(-0.9939 -0.102528 0.1)
(-0.98801 -0.127654 0.1)
(-0.980844 -0.152442 0.1)
(-0.97242 -0.176832 0.1)
(-0.962761 -0.200756 0.1)
(-0.951893 -0.22415 0.1)
(-0.939845 -0.246956 0.1)
(-0.926651 -0.269111 0.1)
(-0.912345 -0.290559 0.1)
(-0.896967 -0.311242 0.1)
(-0.880558 -0.331106 0.1)
(-0.863162 -0.350102 0.1)
(-0.844827 -0.368177 0.1)
(-0.825602 -0.385288 0.1)
(-0.805538 -0.40139 0.1)
(-0.784687 -0.416444 0.1)
(-0.763103 -0.430413 0.1)
(-0.740838 -0.443264 0.1)
(-0.717944 -0.454969 0.1)
(-0.694466 -0.465502 0.1)
(-0.670444 -0.474842 0.1)
(-0.645906 -0.482968 0.1)
(-0.620858 -0.489865 0.1)
(-0.595279 -0.495511 0.1)
(-0.569099 -0.499883 0.1)
(-0.542169 -0.502939 0.1)
(-0.514164 -0.504613 0.1)
(-0.483987 -0.505003 0.1)
(-0.451883 -0.505138 0.1)
(-0.418813 -0.505231 0.1)
(-0.385201 -0.505303 0.1)
(-0.351274 -0.505359 0.1)
(-0.317164 -0.505405 0.1)
(-0.282952 -0.505442 0.1)
(-0.248687 -0.505473 0.1)
(-0.214404 -0.505498 0.1)
(-0.180123 -0.505518 0.1)
(-0.145859 -0.505535 0.1)
(-0.111621 -0.505549 0.1)
(-0.0774146 -0.505561 0.1)
(-0.0432428 -0.505571 0.1)
(-0.00910627 -0.505579 0.1)
(0.0249955 -0.505586 0.1)
(0.0590641 -0.505591 0.1)
(0.0931015 -0.505596 0.1)
(0.12711 -0.5056 0.1)
(0.161093 -0.505603 0.1)
(0.195052 -0.505605 0.1)
(0.228991 -0.505608 0.1)
(0.262912 -0.505609 0.1)
(0.296817 -0.505611 0.1)
(0.330708 -0.505612 0.1)
(0.364588 -0.505613 0.1)
(0.398457 -0.505613 0.1)
(0.432314 -0.505614 0.1)
(0.466161 -0.505614 0.1)
(0.5 -0.505614 0.1)
(0.5 0.507012 0.1)
(0.466157 0.507012 0.1)
(0.432306 0.507012 0.1)
(0.398444 0.507011 0.1)
(0.364572 0.50701 0.1)
(0.330688 0.507009 0.1)
(0.296792 0.507008 0.1)
(0.262883 0.507006 0.1)
(0.228957 0.507004 0.1)
(0.195014 0.507001 0.1)
(0.16105 0.506998 0.1)
(0.127062 0.506994 0.1)
(0.0930472 0.506989 0.1)
(0.0590039 0.506983 0.1)
(0.0249292 0.506976 0.1)
(-0.00917903 0.506968 0.1)
(-0.0433223 0.506958 0.1)
(-0.0775012 0.506946 0.1)
(-0.111715 0.506931 0.1)
(-0.145961 0.506913 0.1)
(-0.180233 0.506892 0.1)
(-0.214522 0.506866 0.1)
(-0.248814 0.506835 0.1)
(-0.283086 0.506797 0.1)
(-0.317306 0.506751 0.1)
(-0.351423 0.506694 0.1)
(-0.385355 0.506623 0.1)
(-0.418971 0.506533 0.1)
(-0.452041 0.506416 0.1)
(-0.484141 0.506248 0.1)
(-0.514336 0.505809 0.1)
(-0.542392 0.504097 0.1)
(-0.569373 0.501013 0.1)
(-0.595602 0.496615 0.1)
(-0.62123 0.490943 0.1)
(-0.646324 0.484022 0.1)
(-0.670908 0.47587 0.1)
(-0.694974 0.466504 0.1)
(-0.718495 0.455944 0.1)
(-0.741432 0.44421 0.1)
(-0.763738 0.431329 0.1)
(-0.785362 0.417328 0.1)
(-0.806252 0.402241 0.1)
(-0.826354 0.386104 0.1)
(-0.845616 0.368956 0.1)
(-0.863986 0.350842 0.1)
(-0.881416 0.331806 0.1)
(-0.897857 0.3119 0.1)
(-0.913266 0.291173 0.1)
(-0.9276 0.269681 0.1)
(-0.94082 0.247479 0.1)
(-0.952892 0.224624 0.1)
(-0.963781 0.201181 0.1)
(-0.97346 0.177207 0.1)
(-0.981901 0.152765 0.1)
(-0.989082 0.127925 0.1)
(-0.994984 0.102746 0.1)
(-0.999591 0.0772937 0.1)
(-1.00289 0.0516448 0.1)
(-1.00487 0.0258599 0.1)
(-1.00553 1.07694e-07 0.1)
(-1.00487 -0.025859 0.1)
(-1.00289 -0.0516438 0.1)
(-0.999591 -0.0772926 0.1)
(-0.994984 -0.102745 0.1)
(-0.989082 -0.127924 0.1)
(-0.981902 -0.152764 0.1)
(-0.97346 -0.177206 0.1)
(-0.963782 -0.20118 0.1)
(-0.952893 -0.224624 0.1)
(-0.94082 -0.247478 0.1)
(-0.9276 -0.26968 0.1)
(-0.913266 -0.291173 0.1)
(-0.897857 -0.3119 0.1)
(-0.881416 -0.331806 0.1)
(-0.863986 -0.350842 0.1)
(-0.845616 -0.368956 0.1)
(-0.826354 -0.386104 0.1)
(-0.806252 -0.402241 0.1)
(-0.785362 -0.417328 0.1)
(-0.763738 -0.431329 0.1)
(-0.741432 -0.44421 0.1)
(-0.718495 -0.455944 0.1)
(-0.694974 -0.466504 0.1)
(-0.670908 -0.47587 0.1)
(-0.646324 -0.484022 0.1)
(-0.62123 -0.490943 0.1)
(-0.595602 -0.496615 0.1)
(-0.569373 -0.501013 0.1)
(-0.542392 -0.504097 0.1)
(-0.514336 -0.505809 0.1)
(-0.484141 -0.506248 0.1)
(-0.452041 -0.506416 0.1)
(-0.418971 -0.506533 0.1)
(-0.385355 -0.506623 0.1)
(-0.351423 -0.506694 0.1)
(-0.317306 -0.506751 0.1)
(-0.283086 -0.506797 0.1)
(-0.248814 -0.506835 0.1)
(-0.214522 -0.506866 0.1)
(-0.180233 -0.506892 0.1)
(-0.145961 -0.506913 0.1)
(-0.111715 -0.506931 0.1)
(-0.0775012 -0.506946 0.1)
(-0.0433223 -0.506958 0.1)
(-0.00917903 -0.506968 0.1)
(0.0249292 -0.506976 0.1)
(0.0590039 -0.506983 0.1)
(0.0930472 -0.506989 0.1)
(0.127062 -0.506994 0.1)
(0.16105 -0.506998 0.1)
(0.195014 -0.507001 0.1)
(0.228957 -0.507004 0.1)
(0.262883 -0.507006 0.1)
(0.296792 -0.507008 0.1)
(0.330688 -0.507009 0.1)
(0.364572 -0.50701 0.1)
(0.398444 -0.507011 0.1)
(0.432306 -0.507012 0.1)
(0.466157 -0.507012 0.1)
(0.5 -0.507012 0.1)
(0.5 0.508699 0.1)
(0.466152 0.508699 0.1)
(0.432296 0.508699 0.1)
(0.39843 0.508698 0.1)
(0.364552 0.508697 0.1)
(0.330663 0.508696 0.1)
(0.296762 0.508694 0.1)
(0.262847 0.508692 0.1)
(0.228917 0.508689 0.1)
(0.194967 0.508686 0.1)
(0.160997 0.508682 0.1)
(0.127003 0.508677 0.1)
(0.0929815 0.508671 0.1)
(0.0589312 0.508664 0.1)
(0.0248491 0.508655 0.1)
(-0.00926691 0.508645 0.1)
(-0.0434184 0.508632 0.1)
(-0.0776059 0.508617 0.1)
(-0.111829 0.508599 0.1)
(-0.146084 0.508577 0.1)
(-0.180365 0.508551 0.1)
(-0.214664 0.508519 0.1)
(-0.248966 0.50848 0.1)
(-0.283248 0.508433 0.1)
(-0.317478 0.508375 0.1)
(-0.351603 0.508304 0.1)
(-0.385542 0.508216 0.1)
(-0.419162 0.508105 0.1)
(-0.452232 0.50796 0.1)
(-0.484329 0.507752 0.1)
(-0.514545 0.507253 0.1)
(-0.542663 0.505497 0.1)
(-0.569705 0.502378 0.1)
(-0.595994 0.497948 0.1)
(-0.621679 0.492246 0.1)
(-0.64683 0.485295 0.1)
(-0.671468 0.477112 0.1)
(-0.695588 0.467715 0.1)
(-0.719161 0.457121 0.1)
(-0.742149 0.445353 0.1)
(-0.764505 0.432435 0.1)
(-0.786178 0.418397 0.1)
(-0.807115 0.403269 0.1)
(-0.827263 0.38709 0.1)
(-0.84657 0.369897 0.1)
(-0.864983 0.351737 0.1)
(-0.882453 0.332652 0.1)
(-0.898933 0.312695 0.1)
(-0.914378 0.291915 0.1)
(-0.928746 0.270368 0.1)
(-0.941998 0.24811 0.1)
(-0.9541 0.225197 0.1)
(-0.965015 0.201694 0.1)
(-0.974717 0.177659 0.1)
(-0.983179 0.153155 0.1)
(-0.990377 0.128251 0.1)
(-0.996293 0.103009 0.1)
(-1.00091 0.0774911 0.1)
(-1.00422 0.0517767 0.1)
(-1.00621 0.0259258 0.1)
(-1.00687 1.31871e-07 0.1)
(-1.00621 -0.0259249 0.1)
(-1.00422 -0.0517756 0.1)
(-1.00091 -0.07749 0.1)
(-0.996294 -0.103007 0.1)
(-0.990377 -0.12825 0.1)
(-0.983179 -0.153154 0.1)
(-0.974717 -0.177658 0.1)
(-0.965015 -0.201693 0.1)
(-0.9541 -0.225196 0.1)
(-0.941999 -0.248109 0.1)
(-0.928746 -0.270368 0.1)
(-0.914378 -0.291915 0.1)
(-0.898933 -0.312695 0.1)
(-0.882454 -0.332652 0.1)
(-0.864983 -0.351736 0.1)
(-0.84657 -0.369897 0.1)
(-0.827263 -0.38709 0.1)
(-0.807116 -0.403269 0.1)
(-0.786178 -0.418396 0.1)
(-0.764505 -0.432435 0.1)
(-0.742149 -0.445353 0.1)
(-0.719161 -0.457121 0.1)
(-0.695588 -0.467714 0.1)
(-0.671468 -0.477112 0.1)
(-0.64683 -0.485295 0.1)
(-0.621679 -0.492246 0.1)
(-0.595994 -0.497948 0.1)
(-0.569706 -0.502378 0.1)
(-0.542663 -0.505497 0.1)
(-0.514545 -0.507253 0.1)
(-0.484329 -0.507752 0.1)
(-0.452232 -0.50796 0.1)
(-0.419162 -0.508105 0.1)
(-0.385542 -0.508216 0.1)
(-0.351603 -0.508304 0.1)
(-0.317478 -0.508375 0.1)
(-0.283248 -0.508433 0.1)
(-0.248966 -0.50848 0.1)
(-0.214664 -0.508519 0.1)
(-0.180365 -0.508551 0.1)
(-0.146084 -0.508577 0.1)
(-0.111829 -0.508599 0.1)
(-0.0776059 -0.508617 0.1)
(-0.0434184 -0.508632 0.1)
(-0.00926692 -0.508645 0.1)
(0.0248491 -0.508655 0.1)
(0.0589312 -0.508664 0.1)
(0.0929815 -0.508671 0.1)
(0.127003 -0.508677 0.1)
(0.160997 -0.508682 0.1)
(0.194967 -0.508686 0.1)
(0.228917 -0.508689 0.1)
(0.262847 -0.508692 0.1)
(0.296762 -0.508694 0.1)
(0.330663 -0.508696 0.1)
(0.364552 -0.508697 0.1)
(0.39843 -0.508698 0.1)
(0.432296 -0.508699 0.1)
(0.466152 -0.508699 0.1)
(0.5 -0.508699 0.1)
(0.5 0.51073 0.1)
(0.466146 0.51073 0.1)
(0.432284 0.510729 0.1)
(0.398412 0.510729 0.1)
(0.364528 0.510727 0.1)
(0.330633 0.510726 0.1)
(0.296726 0.510724 0.1)
(0.262805 0.510721 0.1)
(0.228868 0.510718 0.1)
(0.194911 0.510713 0.1)
(0.160934 0.510708 0.1)
(0.126932 0.510702 0.1)
(0.0929025 0.510695 0.1)
(0.0588437 0.510686 0.1)
(0.0247527 0.510675 0.1)
(-0.00937271 0.510663 0.1)
(-0.043534 0.510647 0.1)
(-0.0777319 0.510629 0.1)
(-0.111965 0.510606 0.1)
(-0.146232 0.510579 0.1)
(-0.180525 0.510547 0.1)
(-0.214836 0.510507 0.1)
(-0.24915 0.510459 0.1)
(-0.283444 0.510401 0.1)
(-0.317685 0.51033 0.1)
(-0.35182 0.510242 0.1)
(-0.385768 0.510134 0.1)
(-0.419392 0.509996 0.1)
(-0.452463 0.509817 0.1)
(-0.484557 0.509561 0.1)
(-0.5148 0.508992 0.1)
(-0.542991 0.507183 0.1)
(-0.570107 0.504021 0.1)
(-0.596467 0.499554 0.1)
(-0.622222 0.493815 0.1)
(-0.647439 0.486828 0.1)
(-0.672144 0.478608 0.1)
(-0.696328 0.469172 0.1)
(-0.719964 0.458539 0.1)
(-0.743013 0.44673 0.1)
(-0.765429 0.433768 0.1)
(-0.787161 0.419683 0.1)
(-0.808155 0.404507 0.1)
(-0.828358 0.388277 0.1)
(-0.847719 0.371031 0.1)
(-0.866183 0.352814 0.1)
(-0.883703 0.333671 0.1)
(-0.900229 0.313653 0.1)
(-0.915718 0.292809 0.1)
(-0.930127 0.271196 0.1)
(-0.943418 0.24887 0.1)
(-0.955554 0.225887 0.1)
(-0.966501 0.202312 0.1)
(-0.976231 0.178204 0.1)
(-0.984718 0.153624 0.1)
(-0.991937 0.128644 0.1)
(-0.997871 0.103324 0.1)
(-1.0025 0.0777289 0.1)
(-1.00582 0.0519354 0.1)
(-1.00781 0.0260051 0.1)
(-1.00848 1.60173e-07 0.1)
(-1.00781 -0.0260042 0.1)
(-1.00582 -0.0519343 0.1)
(-1.0025 -0.0777277 0.1)
(-0.997871 -0.103323 0.1)
(-0.991938 -0.128643 0.1)
(-0.984718 -0.153623 0.1)
(-0.976231 -0.178203 0.1)
(-0.966501 -0.202311 0.1)
(-0.955554 -0.225886 0.1)
(-0.943418 -0.248869 0.1)
(-0.930128 -0.271195 0.1)
(-0.915718 -0.292809 0.1)
(-0.900229 -0.313652 0.1)
(-0.883703 -0.33367 0.1)
(-0.866183 -0.352814 0.1)
(-0.847719 -0.371031 0.1)
(-0.828359 -0.388277 0.1)
(-0.808155 -0.404507 0.1)
(-0.787161 -0.419683 0.1)
(-0.765429 -0.433768 0.1)
(-0.743013 -0.44673 0.1)
(-0.719964 -0.458539 0.1)
(-0.696328 -0.469172 0.1)
(-0.672144 -0.478608 0.1)
(-0.647439 -0.486828 0.1)
(-0.622222 -0.493815 0.1)
(-0.596467 -0.499554 0.1)
(-0.570107 -0.504021 0.1)
(-0.542991 -0.507183 0.1)
(-0.5148 -0.508992 0.1)
(-0.484557 -0.509561 0.1)
(-0.452463 -0.509817 0.1)
(-0.419392 -0.509996 0.1)
(-0.385768 -0.510134 0.1)
(-0.35182 -0.510242 0.1)
(-0.317685 -0.51033 0.1)
(-0.283444 -0.510401 0.1)
(-0.24915 -0.510459 0.1)
(-0.214836 -0.510507 0.1)
(-0.180525 -0.510547 0.1)
(-0.146232 -0.510579 0.1)
(-0.111965 -0.510606 0.1)
(-0.0777319 -0.510629 0.1)
(-0.043534 -0.510647 0.1)
(-0.00937271 -0.510663 0.1)
(0.0247527 -0.510675 0.1)
(0.0588437 -0.510686 0.1)
(0.0929025 -0.510695 0.1)
(0.126932 -0.510702 0.1)
(0.160934 -0.510708 0.1)
(0.194911 -0.510713 0.1)
(0.228868 -0.510718 0.1)
(0.262805 -0.510721 0.1)
(0.296726 -0.510724 0.1)
(0.330633 -0.510726 0.1)
(0.364528 -0.510727 0.1)
(0.398412 -0.510729 0.1)
(0.432284 -0.510729 0.1)
(0.466146 -0.51073 0.1)
(0.5 -0.51073 0.1)
(0.5 0.513163 0.1)
(0.466138 0.513163 0.1)
(0.43227 0.513163 0.1)
(0.398391 0.513162 0.1)
(0.3645 0.51316 0.1)
(0.330598 0.513158 0.1)
(0.296683 0.513156 0.1)
(0.262755 0.513152 0.1)
(0.228809 0.513148 0.1)
(0.194844 0.513143 0.1)
(0.160858 0.513137 0.1)
(0.126847 0.51313 0.1)
(0.0928078 0.513121 0.1)
(0.0587389 0.51311 0.1)
(0.0246371 0.513097 0.1)
(-0.00949954 0.513081 0.1)
(-0.0436727 0.513062 0.1)
(-0.0778829 0.513039 0.1)
(-0.112129 0.513012 0.1)
(-0.146409 0.512979 0.1)
(-0.180716 0.512938 0.1)
(-0.215042 0.51289 0.1)
(-0.24937 0.512831 0.1)
(-0.283678 0.51276 0.1)
(-0.317933 0.512672 0.1)
(-0.352081 0.512565 0.1)
(-0.386038 0.512431 0.1)
(-0.41967 0.512263 0.1)
(-0.452742 0.512043 0.1)
(-0.484833 0.511728 0.1)
(-0.51511 0.511077 0.1)
(-0.543387 0.509206 0.1)
(-0.57059 0.505994 0.1)
(-0.597036 0.501481 0.1)
(-0.622873 0.495698 0.1)
(-0.648172 0.488667 0.1)
(-0.672955 0.480403 0.1)
(-0.697216 0.470922 0.1)
(-0.720927 0.460241 0.1)
(-0.744051 0.448382 0.1)
(-0.766539 0.435368 0.1)
(-0.788341 0.421228 0.1)
(-0.809404 0.405993 0.1)
(-0.829673 0.389702 0.1)
(-0.849097 0.372391 0.1)
(-0.867623 0.354107 0.1)
(-0.885202 0.334893 0.1)
(-0.901784 0.314801 0.1)
(-0.917326 0.293882 0.1)
(-0.931785 0.272189 0.1)
(-0.945121 0.249781 0.1)
(-0.957299 0.226715 0.1)
(-0.968284 0.203053 0.1)
(-0.978048 0.178857 0.1)
(-0.986565 0.154188 0.1)
(-0.99381 0.129116 0.1)
(-0.999764 0.103703 0.1)
(-1.00441 0.0780142 0.1)
(-1.00774 0.0521259 0.1)
(-1.00974 0.0261003 0.1)
(-1.01041 1.93032e-07 0.1)
(-1.00974 -0.0260994 0.1)
(-1.00774 -0.0521249 0.1)
(-1.00441 -0.078013 0.1)
(-0.999764 -0.103702 0.1)
(-0.99381 -0.129115 0.1)
(-0.986565 -0.154187 0.1)
(-0.978049 -0.178856 0.1)
(-0.968285 -0.203053 0.1)
(-0.957299 -0.226714 0.1)
(-0.945121 -0.249781 0.1)
(-0.931785 -0.272189 0.1)
(-0.917326 -0.293881 0.1)
(-0.901784 -0.314801 0.1)
(-0.885202 -0.334893 0.1)
(-0.867623 -0.354107 0.1)
(-0.849098 -0.372391 0.1)
(-0.829673 -0.389702 0.1)
(-0.809404 -0.405993 0.1)
(-0.788341 -0.421228 0.1)
(-0.766539 -0.435368 0.1)
(-0.744051 -0.448382 0.1)
(-0.720928 -0.460241 0.1)
(-0.697216 -0.470922 0.1)
(-0.672955 -0.480403 0.1)
(-0.648172 -0.488667 0.1)
(-0.622873 -0.495698 0.1)
(-0.597036 -0.501481 0.1)
(-0.57059 -0.505994 0.1)
(-0.543388 -0.509206 0.1)
(-0.51511 -0.511077 0.1)
(-0.484833 -0.511728 0.1)
(-0.452742 -0.512043 0.1)
(-0.41967 -0.512263 0.1)
(-0.386038 -0.512431 0.1)
(-0.352081 -0.512565 0.1)
(-0.317933 -0.512672 0.1)
(-0.283678 -0.51276 0.1)
(-0.24937 -0.512831 0.1)
(-0.215042 -0.51289 0.1)
(-0.180716 -0.512938 0.1)
(-0.146409 -0.512979 0.1)
(-0.112129 -0.513012 0.1)
(-0.0778829 -0.513039 0.1)
(-0.0436727 -0.513062 0.1)
(-0.00949955 -0.513081 0.1)
(0.0246371 -0.513097 0.1)
(0.0587389 -0.51311 0.1)
(0.0928078 -0.513121 0.1)
(0.126847 -0.51313 0.1)
(0.160858 -0.513137 0.1)
(0.194844 -0.513143 0.1)
(0.228809 -0.513148 0.1)
(0.262755 -0.513152 0.1)
(0.296683 -0.513156 0.1)
(0.330598 -0.513158 0.1)
(0.3645 -0.51316 0.1)
(0.398391 -0.513162 0.1)
(0.43227 -0.513163 0.1)
(0.466138 -0.513163 0.1)
(0.5 -0.513163 0.1)
(0.5 0.516067 0.1)
(0.46613 0.516067 0.1)
(0.432253 0.516066 0.1)
(0.398365 0.516065 0.1)
(0.364466 0.516063 0.1)
(0.330556 0.516061 0.1)
(0.296632 0.516057 0.1)
(0.262694 0.516053 0.1)
(0.228739 0.516048 0.1)
(0.194764 0.516042 0.1)
(0.160767 0.516035 0.1)
(0.126745 0.516025 0.1)
(0.0926948 0.516014 0.1)
(0.0586137 0.516001 0.1)
(0.0244992 0.515985 0.1)
(-0.0096509 0.515966 0.1)
(-0.0438382 0.515943 0.1)
(-0.0780632 0.515915 0.1)
(-0.112325 0.515881 0.1)
(-0.146621 0.515841 0.1)
(-0.180945 0.515792 0.1)
(-0.215287 0.515733 0.1)
(-0.249633 0.515661 0.1)
(-0.283958 0.515573 0.1)
(-0.31823 0.515467 0.1)
(-0.352392 0.515335 0.1)
(-0.386363 0.515172 0.1)
(-0.420002 0.514966 0.1)
(-0.453077 0.514697 0.1)
(-0.485168 0.514314 0.1)
(-0.515485 0.513567 0.1)
(-0.543864 0.511622 0.1)
(-0.57117 0.50835 0.1)
(-0.597717 0.503783 0.1)
(-0.623653 0.497948 0.1)
(-0.649048 0.490864 0.1)
(-0.673925 0.482547 0.1)
(-0.698278 0.473012 0.1)
(-0.722079 0.462274 0.1)
(-0.74529 0.450355 0.1)
(-0.767865 0.437279 0.1)
(-0.789751 0.423073 0.1)
(-0.810895 0.407769 0.1)
(-0.831244 0.391404 0.1)
(-0.850745 0.374017 0.1)
(-0.869345 0.355652 0.1)
(-0.886994 0.336354 0.1)
(-0.903643 0.316174 0.1)
(-0.919248 0.295163 0.1)
(-0.933765 0.273376 0.1)
(-0.947156 0.250871 0.1)
(-0.959385 0.227704 0.1)
(-0.970415 0.203939 0.1)
(-0.98022 0.179637 0.1)
(-0.988772 0.154861 0.1)
(-0.996047 0.12968 0.1)
(-1.00203 0.104156 0.1)
(-1.00669 0.0783551 0.1)
(-1.01004 0.0523536 0.1)
(-1.01205 0.0262141 0.1)
(-1.01272 2.30847e-07 0.1)
(-1.01205 -0.0262132 0.1)
(-1.01004 -0.0523525 0.1)
(-1.00669 -0.0783539 0.1)
(-1.00203 -0.104155 0.1)
(-0.996047 -0.129678 0.1)
(-0.988772 -0.15486 0.1)
(-0.98022 -0.179636 0.1)
(-0.970416 -0.203938 0.1)
(-0.959385 -0.227703 0.1)
(-0.947157 -0.25087 0.1)
(-0.933766 -0.273376 0.1)
(-0.919248 -0.295163 0.1)
(-0.903643 -0.316174 0.1)
(-0.886994 -0.336353 0.1)
(-0.869345 -0.355651 0.1)
(-0.850745 -0.374017 0.1)
(-0.831244 -0.391404 0.1)
(-0.810896 -0.407769 0.1)
(-0.789751 -0.423072 0.1)
(-0.767865 -0.437279 0.1)
(-0.745291 -0.450355 0.1)
(-0.72208 -0.462274 0.1)
(-0.698278 -0.473012 0.1)
(-0.673925 -0.482547 0.1)
(-0.649048 -0.490864 0.1)
(-0.623653 -0.497948 0.1)
(-0.597717 -0.503783 0.1)
(-0.57117 -0.50835 0.1)
(-0.543864 -0.511622 0.1)
(-0.515485 -0.513567 0.1)
(-0.485168 -0.514314 0.1)
(-0.453077 -0.514697 0.1)
(-0.420002 -0.514966 0.1)
(-0.386363 -0.515172 0.1)
(-0.352393 -0.515335 0.1)
(-0.31823 -0.515467 0.1)
(-0.283959 -0.515573 0.1)
(-0.249633 -0.515661 0.1)
(-0.215287 -0.515733 0.1)
(-0.180945 -0.515792 0.1)
(-0.146621 -0.515841 0.1)
(-0.112325 -0.515881 0.1)
(-0.0780632 -0.515915 0.1)
(-0.0438382 -0.515943 0.1)
(-0.00965091 -0.515966 0.1)
(0.0244992 -0.515985 0.1)
(0.0586137 -0.516001 0.1)
(0.0926948 -0.516014 0.1)
(0.126745 -0.516025 0.1)
(0.160767 -0.516035 0.1)
(0.194764 -0.516042 0.1)
(0.228739 -0.516048 0.1)
(0.262694 -0.516053 0.1)
(0.296632 -0.516057 0.1)
(0.330556 -0.516061 0.1)
(0.364466 -0.516063 0.1)
(0.398365 -0.516065 0.1)
(0.432253 -0.516066 0.1)
(0.46613 -0.516067 0.1)
(0.5 -0.516067 0.1)
(0.5 0.519512 0.1)
(0.46612 0.519512 0.1)
(0.432233 0.519511 0.1)
(0.398335 0.51951 0.1)
(0.364426 0.519507 0.1)
(0.330505 0.519504 0.1)
(0.296571 0.519501 0.1)
(0.262622 0.519496 0.1)
(0.228656 0.519489 0.1)
(0.19467 0.519482 0.1)
(0.16066 0.519473 0.1)
(0.126625 0.519462 0.1)
(0.0925607 0.519448 0.1)
(0.0584652 0.519432 0.1)
(0.0243355 0.519413 0.1)
(-0.00983056 0.519389 0.1)
(-0.0440346 0.519361 0.1)
(-0.0782772 0.519327 0.1)
(-0.112558 0.519287 0.1)
(-0.146873 0.519237 0.1)
(-0.181216 0.519178 0.1)
(-0.215579 0.519106 0.1)
(-0.249945 0.519019 0.1)
(-0.284292 0.518912 0.1)
(-0.318582 0.518782 0.1)
(-0.352763 0.518623 0.1)
(-0.386748 0.518424 0.1)
(-0.420398 0.518173 0.1)
(-0.453478 0.517847 0.1)
(-0.485572 0.517383 0.1)
(-0.515939 0.516525 0.1)
(-0.544436 0.514493 0.1)
(-0.571863 0.51115 0.1)
(-0.598529 0.506519 0.1)
(-0.624582 0.500622 0.1)
(-0.650091 0.493476 0.1)
(-0.67508 0.485097 0.1)
(-0.699541 0.475496 0.1)
(-0.72345 0.464691 0.1)
(-0.746765 0.452701 0.1)
(-0.769442 0.43955 0.1)
(-0.791427 0.425266 0.1)
(-0.812669 0.409879 0.1)
(-0.833112 0.393427 0.1)
(-0.852704 0.375949 0.1)
(-0.871391 0.357488 0.1)
(-0.889124 0.33809 0.1)
(-0.905852 0.317806 0.1)
(-0.921532 0.296687 0.1)
(-0.93612 0.274788 0.1)
(-0.949576 0.252166 0.1)
(-0.961864 0.22888 0.1)
(-0.972949 0.204992 0.1)
(-0.982802 0.180565 0.1)
(-0.991396 0.155661 0.1)
(-0.998707 0.13035 0.1)
(-1.00472 0.104694 0.1)
(-1.00941 0.0787603 0.1)
(-1.01277 0.0526242 0.1)
(-1.01479 0.0263494 0.1)
(-1.01546 2.73954e-07 0.1)
(-1.01479 -0.0263484 0.1)
(-1.01277 -0.0526231 0.1)
(-1.00941 -0.0787591 0.1)
(-1.00472 -0.104693 0.1)
(-0.998707 -0.130348 0.1)
(-0.991397 -0.15566 0.1)
(-0.982802 -0.180564 0.1)
(-0.97295 -0.204992 0.1)
(-0.961865 -0.228879 0.1)
(-0.949577 -0.252165 0.1)
(-0.936121 -0.274787 0.1)
(-0.921533 -0.296686 0.1)
(-0.905853 -0.317806 0.1)
(-0.889124 -0.33809 0.1)
(-0.871392 -0.357488 0.1)
(-0.852705 -0.375949 0.1)
(-0.833113 -0.393427 0.1)
(-0.812669 -0.409879 0.1)
(-0.791428 -0.425266 0.1)
(-0.769442 -0.43955 0.1)
(-0.746765 -0.452701 0.1)
(-0.72345 -0.464691 0.1)
(-0.699542 -0.475496 0.1)
(-0.67508 -0.485097 0.1)
(-0.650091 -0.493476 0.1)
(-0.624582 -0.500622 0.1)
(-0.598529 -0.506519 0.1)
(-0.571863 -0.51115 0.1)
(-0.544436 -0.514493 0.1)
(-0.515939 -0.516525 0.1)
(-0.485572 -0.517383 0.1)
(-0.453478 -0.517847 0.1)
(-0.420398 -0.518173 0.1)
(-0.386749 -0.518424 0.1)
(-0.352763 -0.518623 0.1)
(-0.318582 -0.518782 0.1)
(-0.284292 -0.518912 0.1)
(-0.249945 -0.519019 0.1)
(-0.215579 -0.519106 0.1)
(-0.181216 -0.519178 0.1)
(-0.146873 -0.519237 0.1)
(-0.112558 -0.519287 0.1)
(-0.0782773 -0.519327 0.1)
(-0.0440346 -0.519361 0.1)
(-0.00983057 -0.519389 0.1)
(0.0243355 -0.519413 0.1)
(0.0584652 -0.519432 0.1)
(0.0925607 -0.519448 0.1)
(0.126625 -0.519462 0.1)
(0.16066 -0.519473 0.1)
(0.194669 -0.519482 0.1)
(0.228656 -0.519489 0.1)
(0.262622 -0.519496 0.1)
(0.296571 -0.519501 0.1)
(0.330505 -0.519504 0.1)
(0.364426 -0.519507 0.1)
(0.398335 -0.51951 0.1)
(0.432233 -0.519511 0.1)
(0.46612 -0.519512 0.1)
(0.5 -0.519512 0.1)
(0.5 0.523575 0.1)
(0.466108 0.523575 0.1)
(0.432209 0.523574 0.1)
(0.3983 0.523573 0.1)
(0.364379 0.52357 0.1)
(0.330446 0.523566 0.1)
(0.2965 0.523562 0.1)
(0.262538 0.523556 0.1)
(0.228558 0.523548 0.1)
(0.194558 0.523539 0.1)
(0.160533 0.523528 0.1)
(0.126483 0.523515 0.1)
(0.0924026 0.523499 0.1)
(0.05829 0.523479 0.1)
(0.0241424 0.523456 0.1)
(-0.0100425 0.523427 0.1)
(-0.0442664 0.523393 0.1)
(-0.0785298 0.523352 0.1)
(-0.112832 0.523303 0.1)
(-0.14717 0.523243 0.1)
(-0.181537 0.523172 0.1)
(-0.215924 0.523084 0.1)
(-0.250314 0.522979 0.1)
(-0.284685 0.52285 0.1)
(-0.318999 0.522693 0.1)
(-0.353202 0.5225 0.1)
(-0.387206 0.522259 0.1)
(-0.420869 0.521956 0.1)
(-0.453956 0.521561 0.1)
(-0.486058 0.521003 0.1)
(-0.516486 0.520019 0.1)
(-0.545118 0.517885 0.1)
(-0.572686 0.514459 0.1)
(-0.599492 0.509751 0.1)
(-0.625682 0.503781 0.1)
(-0.651325 0.496563 0.1)
(-0.676446 0.488109 0.1)
(-0.701036 0.478432 0.1)
(-0.72507 0.467548 0.1)
(-0.748509 0.455474 0.1)
(-0.771306 0.442235 0.1)
(-0.79341 0.427858 0.1)
(-0.814767 0.412374 0.1)
(-0.835321 0.395819 0.1)
(-0.855021 0.378233 0.1)
(-0.873811 0.359659 0.1)
(-0.891642 0.340142 0.1)
(-0.908465 0.319735 0.1)
(-0.924233 0.298487 0.1)
(-0.938904 0.276455 0.1)
(-0.952437 0.253697 0.1)
(-0.964795 0.230269 0.1)
(-0.975944 0.206237 0.1)
(-0.985854 0.181662 0.1)
(-0.994498 0.156607 0.1)
(-1.00185 0.131142 0.1)
(-1.0079 0.10533 0.1)
(-1.01261 0.0792393 0.1)
(-1.01599 0.0529441 0.1)
(-1.01802 0.0265094 0.1)
(-1.0187 3.22605e-07 0.1)
(-1.01802 -0.0265083 0.1)
(-1.01599 -0.0529429 0.1)
(-1.01261 -0.079238 0.1)
(-1.0079 -0.105329 0.1)
(-1.00185 -0.13114 0.1)
(-0.994498 -0.156606 0.1)
(-0.985854 -0.181661 0.1)
(-0.975945 -0.206236 0.1)
(-0.964796 -0.230269 0.1)
(-0.952437 -0.253696 0.1)
(-0.938905 -0.276455 0.1)
(-0.924234 -0.298487 0.1)
(-0.908465 -0.319734 0.1)
(-0.891643 -0.340142 0.1)
(-0.873811 -0.359658 0.1)
(-0.855021 -0.378232 0.1)
(-0.835321 -0.395819 0.1)
(-0.814767 -0.412374 0.1)
(-0.79341 -0.427858 0.1)
(-0.771307 -0.442235 0.1)
(-0.748509 -0.455474 0.1)
(-0.72507 -0.467548 0.1)
(-0.701036 -0.478432 0.1)
(-0.676446 -0.488109 0.1)
(-0.651325 -0.496563 0.1)
(-0.625682 -0.503781 0.1)
(-0.599492 -0.509751 0.1)
(-0.572686 -0.514459 0.1)
(-0.545118 -0.517885 0.1)
(-0.516486 -0.520019 0.1)
(-0.486058 -0.521003 0.1)
(-0.453956 -0.521561 0.1)
(-0.420869 -0.521956 0.1)
(-0.387206 -0.522259 0.1)
(-0.353202 -0.5225 0.1)
(-0.319 -0.522693 0.1)
(-0.284685 -0.52285 0.1)
(-0.250314 -0.522979 0.1)
(-0.215924 -0.523084 0.1)
(-0.181537 -0.523172 0.1)
(-0.14717 -0.523243 0.1)
(-0.112832 -0.523303 0.1)
(-0.0785298 -0.523352 0.1)
(-0.0442664 -0.523393 0.1)
(-0.0100425 -0.523427 0.1)
(0.0241424 -0.523456 0.1)
(0.05829 -0.523479 0.1)
(0.0924026 -0.523499 0.1)
(0.126483 -0.523515 0.1)
(0.160533 -0.523528 0.1)
(0.194558 -0.523539 0.1)
(0.228558 -0.523548 0.1)
(0.262538 -0.523556 0.1)
(0.2965 -0.523562 0.1)
(0.330446 -0.523566 0.1)
(0.364379 -0.52357 0.1)
(0.3983 -0.523573 0.1)
(0.432209 -0.523574 0.1)
(0.466108 -0.523575 0.1)
(0.5 -0.523575 0.1)
(0.5 0.528335 0.1)
(0.466094 0.528335 0.1)
(0.432181 0.528334 0.1)
(0.398258 0.528332 0.1)
(0.364324 0.528329 0.1)
(0.330377 0.528324 0.1)
(0.296416 0.528319 0.1)
(0.262439 0.528312 0.1)
(0.228443 0.528303 0.1)
(0.194426 0.528292 0.1)
(0.160385 0.528278 0.1)
(0.126316 0.528262 0.1)
(0.0922173 0.528243 0.1)
(0.0580848 0.528219 0.1)
(0.0239162 0.528191 0.1)
(-0.0102908 0.528157 0.1)
(-0.0445379 0.528116 0.1)
(-0.0788257 0.528067 0.1)
(-0.113153 0.528008 0.1)
(-0.147518 0.527936 0.1)
(-0.181913 0.527849 0.1)
(-0.216328 0.527745 0.1)
(-0.250747 0.527617 0.1)
(-0.285147 0.527463 0.1)
(-0.319489 0.527273 0.1)
(-0.353718 0.52704 0.1)
(-0.387744 0.526751 0.1)
(-0.421424 0.526386 0.1)
(-0.454522 0.525911 0.1)
(-0.486638 0.525244 0.1)
(-0.51714 0.524117 0.1)
(-0.545927 0.521866 0.1)
(-0.573659 0.518343 0.1)
(-0.600627 0.513546 0.1)
(-0.626977 0.507491 0.1)
(-0.652778 0.500187 0.1)
(-0.678052 0.491647 0.1)
(-0.702793 0.48188 0.1)
(-0.726975 0.470901 0.1)
(-0.750558 0.45873 0.1)
(-0.773497 0.445388 0.1)
(-0.795739 0.430901 0.1)
(-0.81723 0.415303 0.1)
(-0.837916 0.398627 0.1)
(-0.857741 0.380914 0.1)
(-0.876653 0.362207 0.1)
(-0.8946 0.342552 0.1)
(-0.911533 0.322 0.1)
(-0.927406 0.300602 0.1)
(-0.942174 0.278414 0.1)
(-0.955797 0.255494 0.1)
(-0.968238 0.231901 0.1)
(-0.979462 0.207699 0.1)
(-0.989438 0.18295 0.1)
(-0.998141 0.157717 0.1)
(-1.00554 0.132072 0.1)
(-1.01163 0.106077 0.1)
(-1.01638 0.0798016 0.1)
(-1.01978 0.0533197 0.1)
(-1.02183 0.0266972 0.1)
(-1.02251 3.76944e-07 0.1)
(-1.02183 -0.0266961 0.1)
(-1.01978 -0.0533185 0.1)
(-1.01638 -0.0798003 0.1)
(-1.01163 -0.106076 0.1)
(-1.00554 -0.13207 0.1)
(-0.998141 -0.157716 0.1)
(-0.989439 -0.182949 0.1)
(-0.979462 -0.207698 0.1)
(-0.968238 -0.2319 0.1)
(-0.955797 -0.255493 0.1)
(-0.942174 -0.278413 0.1)
(-0.927406 -0.300601 0.1)
(-0.911533 -0.321999 0.1)
(-0.894601 -0.342552 0.1)
(-0.876653 -0.362207 0.1)
(-0.857741 -0.380914 0.1)
(-0.837916 -0.398627 0.1)
(-0.817231 -0.415303 0.1)
(-0.795739 -0.430901 0.1)
(-0.773497 -0.445387 0.1)
(-0.750559 -0.45873 0.1)
(-0.726975 -0.470901 0.1)
(-0.702793 -0.48188 0.1)
(-0.678052 -0.491646 0.1)
(-0.652778 -0.500187 0.1)
(-0.626978 -0.507491 0.1)
(-0.600627 -0.513546 0.1)
(-0.573659 -0.518343 0.1)
(-0.545927 -0.521866 0.1)
(-0.51714 -0.524117 0.1)
(-0.486638 -0.525244 0.1)
(-0.454522 -0.525911 0.1)
(-0.421424 -0.526386 0.1)
(-0.387744 -0.526751 0.1)
(-0.353718 -0.52704 0.1)
(-0.319489 -0.527273 0.1)
(-0.285147 -0.527463 0.1)
(-0.250747 -0.527617 0.1)
(-0.216328 -0.527745 0.1)
(-0.181913 -0.527849 0.1)
(-0.147518 -0.527936 0.1)
(-0.113153 -0.528008 0.1)
(-0.0788257 -0.528067 0.1)
(-0.0445379 -0.528116 0.1)
(-0.0102908 -0.528157 0.1)
(0.0239162 -0.528191 0.1)
(0.0580848 -0.528219 0.1)
(0.0922173 -0.528243 0.1)
(0.126316 -0.528262 0.1)
(0.160385 -0.528278 0.1)
(0.194426 -0.528292 0.1)
(0.228443 -0.528303 0.1)
(0.262439 -0.528312 0.1)
(0.296416 -0.528319 0.1)
(0.330377 -0.528324 0.1)
(0.364324 -0.528329 0.1)
(0.398258 -0.528332 0.1)
(0.432181 -0.528334 0.1)
(0.466094 -0.528335 0.1)
(0.5 -0.528335 0.1)
(0.5 0.533868 0.1)
(0.466078 0.533868 0.1)
(0.432149 0.533867 0.1)
(0.39821 0.533864 0.1)
(0.364259 0.53386 0.1)
(0.330296 0.533855 0.1)
(0.296318 0.533848 0.1)
(0.262324 0.53384 0.1)
(0.22831 0.533829 0.1)
(0.194274 0.533816 0.1)
(0.160213 0.5338 0.1)
(0.126123 0.533781 0.1)
(0.092002 0.533758 0.1)
(0.0578464 0.53373 0.1)
(0.0236534 0.533696 0.1)
(-0.0105794 0.533655 0.1)
(-0.0448535 0.533606 0.1)
(-0.0791697 0.533547 0.1)
(-0.113527 0.533476 0.1)
(-0.147923 0.53339 0.1)
(-0.18235 0.533287 0.1)
(-0.216798 0.533161 0.1)
(-0.251252 0.533009 0.1)
(-0.285685 0.532824 0.1)
(-0.32006 0.532597 0.1)
(-0.35432 0.532318 0.1)
(-0.388373 0.531972 0.1)
(-0.422074 0.531535 0.1)
(-0.45519 0.530967 0.1)
(-0.487329 0.530175 0.1)
(-0.51792 0.528888 0.1)
(-0.546882 0.526504 0.1)
(-0.574801 0.522868 0.1)
(-0.601957 0.517969 0.1)
(-0.628492 0.511814 0.1)
(-0.654474 0.504411 0.1)
(-0.679927 0.495769 0.1)
(-0.704843 0.485898 0.1)
(-0.729197 0.474811 0.1)
(-0.752949 0.462525 0.1)
(-0.776052 0.449062 0.1)
(-0.798455 0.434449 0.1)
(-0.820103 0.418717 0.1)
(-0.840941 0.401901 0.1)
(-0.860914 0.38404 0.1)
(-0.879967 0.365178 0.1)
(-0.89805 0.345361 0.1)
(-0.915111 0.32464 0.1)
(-0.931104 0.303066 0.1)
(-0.945986 0.280697 0.1)
(-0.959714 0.257589 0.1)
(-0.972252 0.233804 0.1)
(-0.983563 0.209403 0.1)
(-0.993618 0.184451 0.1)
(-1.00239 0.159012 0.1)
(-1.00985 0.133156 0.1)
(-1.01598 0.106948 0.1)
(-1.02077 0.0804572 0.1)
(-1.0242 0.0537576 0.1)
(-1.02626 0.0269162 0.1)
(-1.02695 4.37013e-07 0.1)
(-1.02626 -0.026915 0.1)
(-1.0242 -0.0537563 0.1)
(-1.02077 -0.0804558 0.1)
(-1.01598 -0.106947 0.1)
(-1.00985 -0.133155 0.1)
(-1.00239 -0.159011 0.1)
(-0.993618 -0.18445 0.1)
(-0.983563 -0.209402 0.1)
(-0.972252 -0.233803 0.1)
(-0.959715 -0.257589 0.1)
(-0.945986 -0.280696 0.1)
(-0.931105 -0.303066 0.1)
(-0.915111 -0.324639 0.1)
(-0.89805 -0.345361 0.1)
(-0.879967 -0.365178 0.1)
(-0.860914 -0.38404 0.1)
(-0.840941 -0.401901 0.1)
(-0.820104 -0.418717 0.1)
(-0.798456 -0.434449 0.1)
(-0.776053 -0.449062 0.1)
(-0.752949 -0.462525 0.1)
(-0.729197 -0.47481 0.1)
(-0.704843 -0.485898 0.1)
(-0.679927 -0.495769 0.1)
(-0.654474 -0.504411 0.1)
(-0.628492 -0.511814 0.1)
(-0.601957 -0.517969 0.1)
(-0.574801 -0.522868 0.1)
(-0.546882 -0.526504 0.1)
(-0.51792 -0.528888 0.1)
(-0.487329 -0.530175 0.1)
(-0.45519 -0.530967 0.1)
(-0.422075 -0.531535 0.1)
(-0.388373 -0.531972 0.1)
(-0.35432 -0.532318 0.1)
(-0.32006 -0.532597 0.1)
(-0.285685 -0.532824 0.1)
(-0.251252 -0.533009 0.1)
(-0.216798 -0.533161 0.1)
(-0.18235 -0.533287 0.1)
(-0.147923 -0.53339 0.1)
(-0.113527 -0.533476 0.1)
(-0.0791697 -0.533547 0.1)
(-0.0448535 -0.533606 0.1)
(-0.0105794 -0.533655 0.1)
(0.0236534 -0.533696 0.1)
(0.0578464 -0.53373 0.1)
(0.092002 -0.533758 0.1)
(0.126123 -0.533781 0.1)
(0.160213 -0.5338 0.1)
(0.194274 -0.533816 0.1)
(0.22831 -0.533829 0.1)
(0.262324 -0.53384 0.1)
(0.296318 -0.533848 0.1)
(0.330296 -0.533855 0.1)
(0.364259 -0.53386 0.1)
(0.39821 -0.533864 0.1)
(0.432149 -0.533867 0.1)
(0.466078 -0.533868 0.1)
(0.5 -0.533868 0.1)
(0.5 0.540245 0.1)
(0.466059 0.540245 0.1)
(0.432112 0.540243 0.1)
(0.398155 0.54024 0.1)
(0.364186 0.540236 0.1)
(0.330203 0.54023 0.1)
(0.296206 0.540222 0.1)
(0.262191 0.540212 0.1)
(0.228157 0.540199 0.1)
(0.194099 0.540183 0.1)
(0.160014 0.540164 0.1)
(0.125901 0.540142 0.1)
(0.091754 0.540114 0.1)
(0.0575716 0.540081 0.1)
(0.0233505 0.54004 0.1)
(-0.0109119 0.539992 0.1)
(-0.0452173 0.539934 0.1)
(-0.0795663 0.539864 0.1)
(-0.113958 0.539779 0.1)
(-0.148389 0.539677 0.1)
(-0.182854 0.539554 0.1)
(-0.217341 0.539405 0.1)
(-0.251834 0.539223 0.1)
(-0.286307 0.539003 0.1)
(-0.320721 0.538733 0.1)
(-0.355017 0.538401 0.1)
(-0.389102 0.537989 0.1)
(-0.422832 0.537469 0.1)
(-0.455971 0.536794 0.1)
(-0.488145 0.53586 0.1)
(-0.518843 0.534397 0.1)
(-0.548 0.531863 0.1)
(-0.576131 0.528098 0.1)
(-0.603502 0.523081 0.1)
(-0.630249 0.516811 0.1)
(-0.656441 0.509294 0.1)
(-0.682099 0.500535 0.1)
(-0.707217 0.490544 0.1)
(-0.731769 0.47933 0.1)
(-0.755715 0.466913 0.1)
(-0.779009 0.453311 0.1)
(-0.801598 0.438552 0.1)
(-0.823428 0.422665 0.1)
(-0.844441 0.405686 0.1)
(-0.864584 0.387655 0.1)
(-0.883801 0.368613 0.1)
(-0.902039 0.348609 0.1)
(-0.919249 0.327693 0.1)
(-0.935383 0.305917 0.1)
(-0.950396 0.283337 0.1)
(-0.964245 0.260012 0.1)
(-0.976894 0.236003 0.1)
(-0.988307 0.211374 0.1)
(-0.998451 0.186187 0.1)
(-1.0073 0.160509 0.1)
(-1.01483 0.13441 0.1)
(-1.02102 0.107955 0.1)
(-1.02585 0.0812153 0.1)
(-1.02931 0.054264 0.1)
(-1.03139 0.0271695 0.1)
(-1.03208 5.02781e-07 0.1)
(-1.03139 -0.0271683 0.1)
(-1.02931 -0.0542626 0.1)
(-1.02585 -0.0812138 0.1)
(-1.02102 -0.107954 0.1)
(-1.01483 -0.134408 0.1)
(-1.0073 -0.160508 0.1)
(-0.998452 -0.186186 0.1)
(-0.988307 -0.211373 0.1)
(-0.976895 -0.236002 0.1)
(-0.964246 -0.260012 0.1)
(-0.950396 -0.283336 0.1)
(-0.935383 -0.305916 0.1)
(-0.91925 -0.327692 0.1)
(-0.90204 -0.348609 0.1)
(-0.883801 -0.368613 0.1)
(-0.864584 -0.387654 0.1)
(-0.844442 -0.405686 0.1)
(-0.823428 -0.422665 0.1)
(-0.801599 -0.438552 0.1)
(-0.779009 -0.453311 0.1)
(-0.755715 -0.466913 0.1)
(-0.731769 -0.47933 0.1)
(-0.707217 -0.490543 0.1)
(-0.682099 -0.500535 0.1)
(-0.656441 -0.509294 0.1)
(-0.630249 -0.516811 0.1)
(-0.603502 -0.52308 0.1)
(-0.576132 -0.528098 0.1)
(-0.548001 -0.531863 0.1)
(-0.518843 -0.534397 0.1)
(-0.488145 -0.53586 0.1)
(-0.455971 -0.536794 0.1)
(-0.422832 -0.537469 0.1)
(-0.389102 -0.537989 0.1)
(-0.355017 -0.538401 0.1)
(-0.320721 -0.538733 0.1)
(-0.286307 -0.539003 0.1)
(-0.251834 -0.539223 0.1)
(-0.217341 -0.539405 0.1)
(-0.182854 -0.539554 0.1)
(-0.14839 -0.539677 0.1)
(-0.113958 -0.539779 0.1)
(-0.0795663 -0.539864 0.1)
(-0.0452173 -0.539934 0.1)
(-0.0109119 -0.539992 0.1)
(0.0233505 -0.54004 0.1)
(0.0575716 -0.540081 0.1)
(0.091754 -0.540114 0.1)
(0.125901 -0.540142 0.1)
(0.160014 -0.540164 0.1)
(0.194099 -0.540183 0.1)
(0.228157 -0.540199 0.1)
(0.262191 -0.540212 0.1)
(0.296206 -0.540222 0.1)
(0.330203 -0.54023 0.1)
(0.364186 -0.540236 0.1)
(0.398155 -0.54024 0.1)
(0.432112 -0.540243 0.1)
(0.466059 -0.540245 0.1)
(0.5 -0.540245 0.1)
(0.5 0.547528 0.1)
(0.466038 0.547528 0.1)
(0.432069 0.547526 0.1)
(0.398091 0.547523 0.1)
(0.364101 0.547518 0.1)
(0.330097 0.54751 0.1)
(0.296078 0.547501 0.1)
(0.26204 0.547489 0.1)
(0.227981 0.547474 0.1)
(0.193898 0.547455 0.1)
(0.159788 0.547433 0.1)
(0.125647 0.547406 0.1)
(0.091471 0.547373 0.1)
(0.0572581 0.547334 0.1)
(0.0230047 0.547287 0.1)
(-0.0112916 0.547229 0.1)
(-0.0456327 0.547161 0.1)
(-0.0800193 0.547078 0.1)
(-0.114451 0.546978 0.1)
(-0.148923 0.546857 0.1)
(-0.183431 0.546711 0.1)
(-0.217962 0.546535 0.1)
(-0.2525 0.54632 0.1)
(-0.287019 0.546059 0.1)
(-0.321478 0.54574 0.1)
(-0.355817 0.545347 0.1)
(-0.389942 0.54486 0.1)
(-0.423707 0.544245 0.1)
(-0.456879 0.543449 0.1)
(-0.489102 0.542357 0.1)
(-0.519926 0.540701 0.1)
(-0.549301 0.538 0.1)
(-0.577671 0.53409 0.1)
(-0.605283 0.528938 0.1)
(-0.632271 0.522538 0.1)
(-0.658701 0.51489 0.1)
(-0.684593 0.505998 0.1)
(-0.709942 0.495868 0.1)
(-0.73472 0.484511 0.1)
(-0.758889 0.471942 0.1)
(-0.782401 0.458181 0.1)
(-0.805203 0.443254 0.1)
(-0.827241 0.427191 0.1)
(-0.848456 0.410026 0.1)
(-0.868793 0.391798 0.1)
(-0.888197 0.372552 0.1)
(-0.906615 0.352333 0.1)
(-0.923995 0.331193 0.1)
(-0.940289 0.309184 0.1)
(-0.955452 0.286363 0.1)
(-0.969441 0.26279 0.1)
(-0.982218 0.238525 0.1)
(-0.993746 0.213633 0.1)
(-1.00399 0.188177 0.1)
(-1.01293 0.162225 0.1)
(-1.02054 0.135847 0.1)
(-1.02679 0.10911 0.1)
(-1.03167 0.0820842 0.1)
(-1.03517 0.0548445 0.1)
(-1.03727 0.02746 0.1)
(-1.03797 5.7419e-07 0.1)
(-1.03727 -0.0274586 0.1)
(-1.03517 -0.054843 0.1)
(-1.03167 -0.0820827 0.1)
(-1.02679 -0.109108 0.1)
(-1.02054 -0.135845 0.1)
(-1.01293 -0.162224 0.1)
(-1.00399 -0.188176 0.1)
(-0.993747 -0.213632 0.1)
(-0.982218 -0.238524 0.1)
(-0.969442 -0.262789 0.1)
(-0.955452 -0.286363 0.1)
(-0.94029 -0.309183 0.1)
(-0.923995 -0.331192 0.1)
(-0.906615 -0.352332 0.1)
(-0.888197 -0.372551 0.1)
(-0.868793 -0.391798 0.1)
(-0.848456 -0.410026 0.1)
(-0.827241 -0.427191 0.1)
(-0.805204 -0.443254 0.1)
(-0.782402 -0.458181 0.1)
(-0.758889 -0.471942 0.1)
(-0.73472 -0.484511 0.1)
(-0.709942 -0.495868 0.1)
(-0.684593 -0.505998 0.1)
(-0.658701 -0.51489 0.1)
(-0.632272 -0.522538 0.1)
(-0.605283 -0.528938 0.1)
(-0.577671 -0.53409 0.1)
(-0.549301 -0.538 0.1)
(-0.519926 -0.540701 0.1)
(-0.489102 -0.542357 0.1)
(-0.456879 -0.543449 0.1)
(-0.423707 -0.544245 0.1)
(-0.389942 -0.54486 0.1)
(-0.355817 -0.545347 0.1)
(-0.321478 -0.54574 0.1)
(-0.287019 -0.546059 0.1)
(-0.2525 -0.54632 0.1)
(-0.217962 -0.546535 0.1)
(-0.183431 -0.546711 0.1)
(-0.148923 -0.546857 0.1)
(-0.114451 -0.546978 0.1)
(-0.0800194 -0.547078 0.1)
(-0.0456327 -0.547161 0.1)
(-0.0112916 -0.547229 0.1)
(0.0230047 -0.547287 0.1)
(0.057258 -0.547334 0.1)
(0.091471 -0.547373 0.1)
(0.125647 -0.547406 0.1)
(0.159788 -0.547433 0.1)
(0.193898 -0.547455 0.1)
(0.227981 -0.547474 0.1)
(0.26204 -0.547489 0.1)
(0.296078 -0.547501 0.1)
(0.330097 -0.54751 0.1)
(0.364101 -0.547518 0.1)
(0.398091 -0.547523 0.1)
(0.432069 -0.547526 0.1)
(0.466038 -0.547528 0.1)
(0.5 -0.547528 0.1)
(0.5 0.555766 0.1)
(0.466014 0.555766 0.1)
(0.432022 0.555764 0.1)
(0.39802 0.55576 0.1)
(0.364006 0.555754 0.1)
(0.329978 0.555745 0.1)
(0.295933 0.555734 0.1)
(0.261869 0.55572 0.1)
(0.227783 0.555702 0.1)
(0.193672 0.555681 0.1)
(0.159532 0.555655 0.1)
(0.125359 0.555623 0.1)
(0.0911512 0.555585 0.1)
(0.0569037 0.555538 0.1)
(0.0226139 0.555483 0.1)
(-0.0117208 0.555416 0.1)
(-0.0461024 0.555335 0.1)
(-0.0805317 0.555237 0.1)
(-0.115008 0.55512 0.1)
(-0.149527 0.554978 0.1)
(-0.184084 0.554807 0.1)
(-0.218666 0.5546 0.1)
(-0.253256 0.554348 0.1)
(-0.287827 0.554041 0.1)
(-0.322338 0.553666 0.1)
(-0.356728 0.553204 0.1)
(-0.3909 0.552631 0.1)
(-0.424709 0.55191 0.1)
(-0.457926 0.550977 0.1)
(-0.490216 0.549711 0.1)
(-0.521186 0.547848 0.1)
(-0.550801 0.544962 0.1)
(-0.579435 0.54089 0.1)
(-0.607318 0.535586 0.1)
(-0.634578 0.529039 0.1)
(-0.661275 0.521244 0.1)
(-0.687432 0.512201 0.1)
(-0.713042 0.501915 0.1)
(-0.738077 0.490395 0.1)
(-0.762498 0.477654 0.1)
(-0.786257 0.463713 0.1)
(-0.809301 0.448595 0.1)
(-0.831574 0.432331 0.1)
(-0.853018 0.414954 0.1)
(-0.873576 0.396505 0.1)
(-0.893193 0.377025 0.1)
(-0.911814 0.356562 0.1)
(-0.929387 0.335168 0.1)
(-0.945864 0.312895 0.1)
(-0.961197 0.289801 0.1)
(-0.975345 0.265945 0.1)
(-0.988266 0.24139 0.1)
(-0.999926 0.216199 0.1)
(-1.01029 0.190438 0.1)
(-1.01933 0.164175 0.1)
(-1.02703 0.13748 0.1)
(-1.03335 0.110421 0.1)
(-1.03829 0.0830713 0.1)
(-1.04182 0.0555039 0.1)
(-1.04395 0.0277899 0.1)
(-1.04466 6.51338e-07 0.1)
(-1.04395 -0.0277884 0.1)
(-1.04183 -0.0555023 0.1)
(-1.03829 -0.0830697 0.1)
(-1.03335 -0.11042 0.1)
(-1.02703 -0.137478 0.1)
(-1.01933 -0.164173 0.1)
(-1.01029 -0.190437 0.1)
(-0.999927 -0.216198 0.1)
(-0.988267 -0.241389 0.1)
(-0.975345 -0.265944 0.1)
(-0.961198 -0.2898 0.1)
(-0.945864 -0.312894 0.1)
(-0.929388 -0.335167 0.1)
(-0.911815 -0.356562 0.1)
(-0.893193 -0.377025 0.1)
(-0.873577 -0.396504 0.1)
(-0.853018 -0.414954 0.1)
(-0.831574 -0.432331 0.1)
(-0.809302 -0.448595 0.1)
(-0.786258 -0.463713 0.1)
(-0.762498 -0.477654 0.1)
(-0.738077 -0.490395 0.1)
(-0.713042 -0.501915 0.1)
(-0.687432 -0.512201 0.1)
(-0.661275 -0.521244 0.1)
(-0.634578 -0.529039 0.1)
(-0.607319 -0.535586 0.1)
(-0.579435 -0.54089 0.1)
(-0.550801 -0.544962 0.1)
(-0.521186 -0.547848 0.1)
(-0.490216 -0.549711 0.1)
(-0.457926 -0.550977 0.1)
(-0.424709 -0.55191 0.1)
(-0.390901 -0.552631 0.1)
(-0.356728 -0.553204 0.1)
(-0.322338 -0.553666 0.1)
(-0.287827 -0.554041 0.1)
(-0.253256 -0.554348 0.1)
(-0.218666 -0.5546 0.1)
(-0.184084 -0.554807 0.1)
(-0.149527 -0.554978 0.1)
(-0.115008 -0.55512 0.1)
(-0.0805317 -0.555237 0.1)
(-0.0461025 -0.555335 0.1)
(-0.0117209 -0.555416 0.1)
(0.0226139 -0.555483 0.1)
(0.0569037 -0.555538 0.1)
(0.0911511 -0.555585 0.1)
(0.125359 -0.555623 0.1)
(0.159532 -0.555655 0.1)
(0.193672 -0.555681 0.1)
(0.227783 -0.555702 0.1)
(0.261869 -0.55572 0.1)
(0.295933 -0.555734 0.1)
(0.329978 -0.555745 0.1)
(0.364006 -0.555754 0.1)
(0.39802 -0.55576 0.1)
(0.432022 -0.555764 0.1)
(0.466014 -0.555766 0.1)
(0.5 -0.555766 0.1)
(0.5 0.56499 0.1)
(0.465987 0.56499 0.1)
(0.431969 0.564987 0.1)
(0.397941 0.564983 0.1)
(0.3639 0.564975 0.1)
(0.329844 0.564965 0.1)
(0.295772 0.564952 0.1)
(0.261679 0.564936 0.1)
(0.227562 0.564916 0.1)
(0.193419 0.564891 0.1)
(0.159246 0.56486 0.1)
(0.125039 0.564823 0.1)
(0.0907935 0.564778 0.1)
(0.0565073 0.564725 0.1)
(0.0221767 0.56466 0.1)
(-0.0122011 0.564581 0.1)
(-0.0466281 0.564487 0.1)
(-0.0811053 0.564374 0.1)
(-0.115632 0.564237 0.1)
(-0.150204 0.564072 0.1)
(-0.184815 0.563872 0.1)
(-0.219455 0.56363 0.1)
(-0.254104 0.563336 0.1)
(-0.288735 0.562978 0.1)
(-0.323307 0.56254 0.1)
(-0.357755 0.562001 0.1)
(-0.391984 0.561333 0.1)
(-0.425847 0.560493 0.1)
(-0.459123 0.55941 0.1)
(-0.4915 0.557954 0.1)
(-0.52264 0.55587 0.1)
(-0.552516 0.552784 0.1)
(-0.581441 0.548532 0.1)
(-0.609623 0.54306 0.1)
(-0.637183 0.536349 0.1)
(-0.66418 0.528389 0.1)
(-0.690633 0.519177 0.1)
(-0.716535 0.508716 0.1)
(-0.741858 0.497012 0.1)
(-0.766562 0.484079 0.1)
(-0.790599 0.469935 0.1)
(-0.813915 0.454603 0.1)
(-0.836452 0.438113 0.1)
(-0.858153 0.420499 0.1)
(-0.87896 0.401799 0.1)
(-0.898816 0.382057 0.1)
(-0.917666 0.36132 0.1)
(-0.935456 0.33964 0.1)
(-0.952137 0.31707 0.1)
(-0.967663 0.293668 0.1)
(-0.981988 0.269495 0.1)
(-0.995073 0.244612 0.1)
(-1.00688 0.219085 0.1)
(-1.01738 0.192981 0.1)
(-1.02654 0.166368 0.1)
(-1.03433 0.139316 0.1)
(-1.04073 0.111897 0.1)
(-1.04573 0.0841816 0.1)
(-1.04932 0.0562457 0.1)
(-1.05147 0.0281612 0.1)
(-1.05219 7.34648e-07 0.1)
(-1.05147 -0.0281596 0.1)
(-1.04932 -0.056244 0.1)
(-1.04573 -0.0841799 0.1)
(-1.04073 -0.111895 0.1)
(-1.03433 -0.139315 0.1)
(-1.02654 -0.166366 0.1)
(-1.01738 -0.19298 0.1)
(-1.00688 -0.219084 0.1)
(-0.995074 -0.244611 0.1)
(-0.981989 -0.269494 0.1)
(-0.967663 -0.293668 0.1)
(-0.952138 -0.317069 0.1)
(-0.935456 -0.339639 0.1)
(-0.917666 -0.36132 0.1)
(-0.898816 -0.382057 0.1)
(-0.87896 -0.401799 0.1)
(-0.858153 -0.420499 0.1)
(-0.836452 -0.438113 0.1)
(-0.813915 -0.454603 0.1)
(-0.790599 -0.469935 0.1)
(-0.766562 -0.484079 0.1)
(-0.741858 -0.497012 0.1)
(-0.716535 -0.508716 0.1)
(-0.690633 -0.519177 0.1)
(-0.66418 -0.528389 0.1)
(-0.637183 -0.536349 0.1)
(-0.609623 -0.54306 0.1)
(-0.581441 -0.548532 0.1)
(-0.552516 -0.552784 0.1)
(-0.52264 -0.55587 0.1)
(-0.4915 -0.557954 0.1)
(-0.459124 -0.55941 0.1)
(-0.425847 -0.560493 0.1)
(-0.391984 -0.561333 0.1)
(-0.357755 -0.562001 0.1)
(-0.323307 -0.56254 0.1)
(-0.288735 -0.562978 0.1)
(-0.254104 -0.563336 0.1)
(-0.219455 -0.56363 0.1)
(-0.184816 -0.563872 0.1)
(-0.150204 -0.564072 0.1)
(-0.115632 -0.564237 0.1)
(-0.0811053 -0.564374 0.1)
(-0.0466281 -0.564487 0.1)
(-0.0122011 -0.564581 0.1)
(0.0221767 -0.56466 0.1)
(0.0565073 -0.564725 0.1)
(0.0907935 -0.564778 0.1)
(0.125038 -0.564823 0.1)
(0.159246 -0.56486 0.1)
(0.193419 -0.564891 0.1)
(0.227562 -0.564916 0.1)
(0.261679 -0.564936 0.1)
(0.295771 -0.564952 0.1)
(0.329844 -0.564965 0.1)
(0.3639 -0.564975 0.1)
(0.397941 -0.564983 0.1)
(0.431969 -0.564987 0.1)
(0.465987 -0.56499 0.1)
(0.5 -0.56499 0.1)
(0.5 0.575212 0.1)
(0.465958 0.575211 0.1)
(0.43191 0.575209 0.1)
(0.397853 0.575203 0.1)
(0.363782 0.575195 0.1)
(0.329697 0.575183 0.1)
(0.295593 0.575168 0.1)
(0.261467 0.575149 0.1)
(0.227318 0.575126 0.1)
(0.19314 0.575097 0.1)
(0.158929 0.575062 0.1)
(0.124683 0.575019 0.1)
(0.0903978 0.574967 0.1)
(0.0560687 0.574905 0.1)
(0.0216929 0.57483 0.1)
(-0.0127327 0.574739 0.1)
(-0.0472102 0.57463 0.1)
(-0.0817406 0.574499 0.1)
(-0.116323 0.57434 0.1)
(-0.150954 0.574149 0.1)
(-0.185627 0.573917 0.1)
(-0.220331 0.573637 0.1)
(-0.255047 0.573296 0.1)
(-0.289746 0.572881 0.1)
(-0.324386 0.572374 0.1)
(-0.358902 0.57175 0.1)
(-0.393198 0.570977 0.1)
(-0.427128 0.570006 0.1)
(-0.460481 0.568759 0.1)
(-0.492966 0.567099 0.1)
(-0.524299 0.564785 0.1)
(-0.554457 0.561483 0.1)
(-0.583698 0.557036 0.1)
(-0.612209 0.551379 0.1)
(-0.6401 0.544486 0.1)
(-0.667427 0.536343 0.1)
(-0.694207 0.526945 0.1)
(-0.720433 0.516289 0.1)
(-0.746076 0.504382 0.1)
(-0.771094 0.491235 0.1)
(-0.79544 0.476865 0.1)
(-0.819058 0.461295 0.1)
(-0.84189 0.444554 0.1)
(-0.863877 0.426675 0.1)
(-0.884961 0.407696 0.1)
(-0.905083 0.387663 0.1)
(-0.924187 0.36662 0.1)
(-0.942219 0.344622 0.1)
(-0.959129 0.321721 0.1)
(-0.974868 0.297977 0.1)
(-0.989391 0.273449 0.1)
(-1.00266 0.248202 0.1)
(-1.01463 0.222301 0.1)
(-1.02527 0.195814 0.1)
(-1.03456 0.168811 0.1)
(-1.04246 0.141362 0.1)
(-1.04896 0.113541 0.1)
(-1.05403 0.0854185 0.1)
(-1.05766 0.0570721 0.1)
(-1.05985 0.0285748 0.1)
(-1.06057 8.26125e-07 0.1)
(-1.05985 -0.0285731 0.1)
(-1.05766 -0.0570703 0.1)
(-1.05403 -0.0854167 0.1)
(-1.04896 -0.113539 0.1)
(-1.04246 -0.141361 0.1)
(-1.03456 -0.168809 0.1)
(-1.02528 -0.195813 0.1)
(-1.01463 -0.2223 0.1)
(-1.00266 -0.248201 0.1)
(-0.989392 -0.273448 0.1)
(-0.974868 -0.297976 0.1)
(-0.959129 -0.32172 0.1)
(-0.94222 -0.344621 0.1)
(-0.924187 -0.36662 0.1)
(-0.905083 -0.387662 0.1)
(-0.884961 -0.407696 0.1)
(-0.863877 -0.426674 0.1)
(-0.84189 -0.444554 0.1)
(-0.819058 -0.461295 0.1)
(-0.79544 -0.476865 0.1)
(-0.771095 -0.491235 0.1)
(-0.746076 -0.504382 0.1)
(-0.720433 -0.516289 0.1)
(-0.694208 -0.526945 0.1)
(-0.667427 -0.536343 0.1)
(-0.6401 -0.544486 0.1)
(-0.612209 -0.551379 0.1)
(-0.583698 -0.557035 0.1)
(-0.554457 -0.561483 0.1)
(-0.524299 -0.564785 0.1)
(-0.492967 -0.567099 0.1)
(-0.460481 -0.568759 0.1)
(-0.427129 -0.570006 0.1)
(-0.393198 -0.570977 0.1)
(-0.358902 -0.57175 0.1)
(-0.324386 -0.572374 0.1)
(-0.289746 -0.572881 0.1)
(-0.255047 -0.573296 0.1)
(-0.220331 -0.573637 0.1)
(-0.185628 -0.573917 0.1)
(-0.150954 -0.574149 0.1)
(-0.116323 -0.57434 0.1)
(-0.0817406 -0.574499 0.1)
(-0.0472103 -0.57463 0.1)
(-0.0127328 -0.574739 0.1)
(0.0216929 -0.57483 0.1)
(0.0560687 -0.574905 0.1)
(0.0903978 -0.574967 0.1)
(0.124683 -0.575019 0.1)
(0.158929 -0.575062 0.1)
(0.19314 -0.575097 0.1)
(0.227318 -0.575126 0.1)
(0.261467 -0.575149 0.1)
(0.295593 -0.575168 0.1)
(0.329697 -0.575183 0.1)
(0.363782 -0.575195 0.1)
(0.397853 -0.575203 0.1)
(0.43191 -0.575209 0.1)
(0.465958 -0.575211 0.1)
(0.5 -0.575212 0.1)
(0.5 0.586423 0.1)
(0.465926 0.586422 0.1)
(0.431846 0.586419 0.1)
(0.397757 0.586413 0.1)
(0.363654 0.586403 0.1)
(0.329535 0.58639 0.1)
(0.295397 0.586373 0.1)
(0.261237 0.586351 0.1)
(0.22705 0.586324 0.1)
(0.192834 0.586291 0.1)
(0.158583 0.58625 0.1)
(0.124295 0.586201 0.1)
(0.0899647 0.586142 0.1)
(0.0555886 0.58607 0.1)
(0.0211631 0.585984 0.1)
(-0.013315 0.58588 0.1)
(-0.047848 0.585755 0.1)
(-0.082437 0.585604 0.1)
(-0.117081 0.585422 0.1)
(-0.151778 0.585202 0.1)
(-0.186519 0.584936 0.1)
(-0.221294 0.584614 0.1)
(-0.256084 0.584222 0.1)
(-0.290859 0.583745 0.1)
(-0.325576 0.583162 0.1)
(-0.360171 0.582445 0.1)
(-0.394545 0.581557 0.1)
(-0.428558 0.580443 0.1)
(-0.462004 0.57902 0.1)
(-0.494624 0.577146 0.1)
(-0.526172 0.57459 0.1)
(-0.556633 0.571061 0.1)
(-0.586215 0.566403 0.1)
(-0.615081 0.560546 0.1)
(-0.643332 0.553455 0.1)
(-0.67102 0.545113 0.1)
(-0.69816 0.535509 0.1)
(-0.724741 0.52464 0.1)
(-0.750734 0.512509 0.1)
(-0.776099 0.499127 0.1)
(-0.800785 0.484509 0.1)
(-0.824735 0.468676 0.1)
(-0.847892 0.451658 0.1)
(-0.870194 0.433487 0.1)
(-0.891583 0.414201 0.1)
(-0.911999 0.393845 0.1)
(-0.931383 0.372467 0.1)
(-0.949682 0.350117 0.1)
(-0.966844 0.326851 0.1)
(-0.982818 0.302729 0.1)
(-0.99756 0.277811 0.1)
(-1.01103 0.252162 0.1)
(-1.02318 0.225848 0.1)
(-1.03399 0.19894 0.1)
(-1.04342 0.171506 0.1)
(-1.05144 0.143619 0.1)
(-1.05803 0.115354 0.1)
(-1.06318 0.0867829 0.1)
(-1.06687 0.0579837 0.1)
(-1.06909 0.0290312 0.1)
(-1.06983 9.2717e-07 0.1)
(-1.06909 -0.0290292 0.1)
(-1.06687 -0.0579817 0.1)
(-1.06318 -0.0867809 0.1)
(-1.05803 -0.115352 0.1)
(-1.05144 -0.143618 0.1)
(-1.04342 -0.171504 0.1)
(-1.03399 -0.198938 0.1)
(-1.02318 -0.225847 0.1)
(-1.01103 -0.25216 0.1)
(-0.997561 -0.27781 0.1)
(-0.982819 -0.302728 0.1)
(-0.966844 -0.32685 0.1)
(-0.949683 -0.350116 0.1)
(-0.931384 -0.372466 0.1)
(-0.911999 -0.393845 0.1)
(-0.891584 -0.414201 0.1)
(-0.870195 -0.433486 0.1)
(-0.847892 -0.451657 0.1)
(-0.824735 -0.468676 0.1)
(-0.800785 -0.484508 0.1)
(-0.776099 -0.499127 0.1)
(-0.750735 -0.512509 0.1)
(-0.724741 -0.52464 0.1)
(-0.69816 -0.535509 0.1)
(-0.67102 -0.545113 0.1)
(-0.643332 -0.553455 0.1)
(-0.615081 -0.560545 0.1)
(-0.586215 -0.566403 0.1)
(-0.556633 -0.571061 0.1)
(-0.526172 -0.57459 0.1)
(-0.494624 -0.577146 0.1)
(-0.462005 -0.57902 0.1)
(-0.428558 -0.580443 0.1)
(-0.394546 -0.581557 0.1)
(-0.360171 -0.582445 0.1)
(-0.325576 -0.583162 0.1)
(-0.290859 -0.583745 0.1)
(-0.256084 -0.584222 0.1)
(-0.221294 -0.584614 0.1)
(-0.186519 -0.584936 0.1)
(-0.151778 -0.585202 0.1)
(-0.117081 -0.585422 0.1)
(-0.082437 -0.585604 0.1)
(-0.0478481 -0.585755 0.1)
(-0.0133151 -0.58588 0.1)
(0.021163 -0.585984 0.1)
(0.0555886 -0.58607 0.1)
(0.0899646 -0.586142 0.1)
(0.124295 -0.586201 0.1)
(0.158583 -0.58625 0.1)
(0.192834 -0.586291 0.1)
(0.22705 -0.586324 0.1)
(0.261237 -0.586351 0.1)
(0.295397 -0.586373 0.1)
(0.329535 -0.58639 0.1)
(0.363654 -0.586403 0.1)
(0.397757 -0.586413 0.1)
(0.431846 -0.586419 0.1)
(0.465926 -0.586422 0.1)
(0.5 -0.586423 0.1)
(0.5 0.598595 0.1)
(0.465891 0.598594 0.1)
(0.431777 0.598591 0.1)
(0.397653 0.598584 0.1)
(0.363515 0.598573 0.1)
(0.32936 0.598558 0.1)
(0.295185 0.598538 0.1)
(0.260987 0.598513 0.1)
(0.22676 0.598483 0.1)
(0.192502 0.598445 0.1)
(0.158208 0.598399 0.1)
(0.123874 0.598343 0.1)
(0.0894956 0.598275 0.1)
(0.0550685 0.598194 0.1)
(0.020589 0.598095 0.1)
(-0.0139462 0.597977 0.1)
(-0.0485396 0.597834 0.1)
(-0.0831924 0.597662 0.1)
(-0.117904 0.597455 0.1)
(-0.152672 0.597204 0.1)
(-0.187488 0.5969 0.1)
(-0.222342 0.596532 0.1)
(-0.257213 0.596086 0.1)
(-0.292073 0.595541 0.1)
(-0.326878 0.594876 0.1)
(-0.361561 0.594059 0.1)
(-0.396028 0.593047 0.1)
(-0.430138 0.591781 0.1)
(-0.463699 0.590171 0.1)
(-0.496477 0.588073 0.1)
(-0.528265 0.58527 0.1)
(-0.559049 0.581503 0.1)
(-0.588994 0.576621 0.1)
(-0.618241 0.570548 0.1)
(-0.646881 0.563244 0.1)
(-0.674959 0.554686 0.1)
(-0.702488 0.544859 0.1)
(-0.729455 0.533759 0.1)
(-0.755831 0.521385 0.1)
(-0.781573 0.507746 0.1)
(-0.806629 0.492857 0.1)
(-0.830942 0.476738 0.1)
(-0.854453 0.459417 0.1)
(-0.8771 0.440928 0.1)
(-0.898822 0.421307 0.1)
(-0.919558 0.4006 0.1)
(-0.939249 0.378853 0.1)
(-0.957839 0.35612 0.1)
(-0.975275 0.332456 0.1)
(-0.991507 0.30792 0.1)
(-1.00649 0.282576 0.1)
(-1.02017 0.256487 0.1)
(-1.03253 0.229724 0.1)
(-1.04351 0.202354 0.1)
(-1.05309 0.17445 0.1)
(-1.06125 0.146085 0.1)
(-1.06795 0.117334 0.1)
(-1.07319 0.0882734 0.1)
(-1.07693 0.0589796 0.1)
(-1.07919 0.0295297 0.1)
(-1.07994 1.03512e-06 0.1)
(-1.07919 -0.0295276 0.1)
(-1.07694 -0.0589774 0.1)
(-1.07319 -0.0882713 0.1)
(-1.06795 -0.117332 0.1)
(-1.06125 -0.146083 0.1)
(-1.05309 -0.174448 0.1)
(-1.04351 -0.202352 0.1)
(-1.03253 -0.229722 0.1)
(-1.02017 -0.256486 0.1)
(-1.00649 -0.282574 0.1)
(-0.991508 -0.307919 0.1)
(-0.975276 -0.332455 0.1)
(-0.95784 -0.356119 0.1)
(-0.939249 -0.378852 0.1)
(-0.919558 -0.400599 0.1)
(-0.898822 -0.421307 0.1)
(-0.877101 -0.440927 0.1)
(-0.854454 -0.459417 0.1)
(-0.830943 -0.476738 0.1)
(-0.806629 -0.492857 0.1)
(-0.781573 -0.507746 0.1)
(-0.755832 -0.521385 0.1)
(-0.729456 -0.533759 0.1)
(-0.702488 -0.544859 0.1)
(-0.674959 -0.554686 0.1)
(-0.646881 -0.563244 0.1)
(-0.618241 -0.570548 0.1)
(-0.588994 -0.576621 0.1)
(-0.559049 -0.581502 0.1)
(-0.528266 -0.585269 0.1)
(-0.496477 -0.588073 0.1)
(-0.4637 -0.590171 0.1)
(-0.430138 -0.591781 0.1)
(-0.396028 -0.593047 0.1)
(-0.361561 -0.594059 0.1)
(-0.326878 -0.594876 0.1)
(-0.292073 -0.595541 0.1)
(-0.257213 -0.596086 0.1)
(-0.222342 -0.596532 0.1)
(-0.187488 -0.5969 0.1)
(-0.152672 -0.597204 0.1)
(-0.117904 -0.597455 0.1)
(-0.0831924 -0.597662 0.1)
(-0.0485396 -0.597834 0.1)
(-0.0139462 -0.597977 0.1)
(0.020589 -0.598095 0.1)
(0.0550685 -0.598194 0.1)
(0.0894956 -0.598275 0.1)
(0.123874 -0.598343 0.1)
(0.158208 -0.598399 0.1)
(0.192502 -0.598445 0.1)
(0.22676 -0.598483 0.1)
(0.260987 -0.598513 0.1)
(0.295185 -0.598538 0.1)
(0.32936 -0.598558 0.1)
(0.363515 -0.598573 0.1)
(0.397653 -0.598584 0.1)
(0.431777 -0.598591 0.1)
(0.465891 -0.598594 0.1)
(0.5 -0.598595 0.1)
(0.5 0.611682 0.1)
(0.465854 0.611682 0.1)
(0.431703 0.611678 0.1)
(0.397542 0.61167 0.1)
(0.363366 0.611657 0.1)
(0.329173 0.611641 0.1)
(0.294959 0.611618 0.1)
(0.260719 0.61159 0.1)
(0.22645 0.611556 0.1)
(0.192147 0.611513 0.1)
(0.157807 0.611461 0.1)
(0.123423 0.611398 0.1)
(0.0889928 0.611321 0.1)
(0.0545108 0.611229 0.1)
(0.0199733 0.611118 0.1)
(-0.0146233 0.610984 0.1)
(-0.0492818 0.610823 0.1)
(-0.0840036 0.610628 0.1)
(-0.118788 0.610393 0.1)
(-0.153633 0.61011 0.1)
(-0.188531 0.609766 0.1)
(-0.22347 0.60935 0.1)
(-0.258431 0.608844 0.1)
(-0.293385 0.608228 0.1)
(-0.328287 0.607475 0.1)
(-0.363071 0.60655 0.1)
(-0.397643 0.605407 0.1)
(-0.431868 0.603981 0.1)
(-0.465567 0.602175 0.1)
(-0.498529 0.599847 0.1)
(-0.53058 0.596791 0.1)
(-0.561705 0.592777 0.1)
(-0.592034 0.587661 0.1)
(-0.621687 0.58136 0.1)
(-0.650741 0.573829 0.1)
(-0.679237 0.565039 0.1)
(-0.707184 0.554974 0.1)
(-0.734568 0.543624 0.1)
(-0.761356 0.530988 0.1)
(-0.787504 0.517072 0.1)
(-0.81296 0.50189 0.1)
(-0.837666 0.485462 0.1)
(-0.86156 0.467815 0.1)
(-0.884579 0.44898 0.1)
(-0.906661 0.428998 0.1)
(-0.927743 0.40791 0.1)
(-0.947766 0.385765 0.1)
(-0.966671 0.362617 0.1)
(-0.984405 0.338521 0.1)
(-1.00091 0.313539 0.1)
(-1.01615 0.287733 0.1)
(-1.03008 0.261169 0.1)
(-1.04264 0.233918 0.1)
(-1.05382 0.206049 0.1)
(-1.06357 0.177636 0.1)
(-1.07187 0.148754 0.1)
(-1.07869 0.119478 0.1)
(-1.08402 0.0898866 0.1)
(-1.08783 0.0600575 0.1)
(-1.09012 0.0300694 0.1)
(-1.09089 1.14677e-06 0.1)
(-1.09012 -0.0300671 0.1)
(-1.08783 -0.0600552 0.1)
(-1.08402 -0.0898843 0.1)
(-1.07869 -0.119476 0.1)
(-1.07187 -0.148752 0.1)
(-1.06357 -0.177634 0.1)
(-1.05382 -0.206047 0.1)
(-1.04264 -0.233916 0.1)
(-1.03008 -0.261168 0.1)
(-1.01615 -0.287731 0.1)
(-1.00092 -0.313538 0.1)
(-0.984406 -0.33852 0.1)
(-0.966672 -0.362616 0.1)
(-0.947766 -0.385764 0.1)
(-0.927744 -0.407909 0.1)
(-0.906661 -0.428997 0.1)
(-0.88458 -0.44898 0.1)
(-0.86156 -0.467814 0.1)
(-0.837666 -0.485462 0.1)
(-0.81296 -0.50189 0.1)
(-0.787504 -0.517072 0.1)
(-0.761356 -0.530987 0.1)
(-0.734568 -0.543623 0.1)
(-0.707185 -0.554974 0.1)
(-0.679238 -0.565039 0.1)
(-0.650741 -0.573829 0.1)
(-0.621687 -0.58136 0.1)
(-0.592034 -0.587661 0.1)
(-0.561705 -0.592777 0.1)
(-0.53058 -0.596791 0.1)
(-0.498529 -0.599847 0.1)
(-0.465567 -0.602175 0.1)
(-0.431868 -0.603981 0.1)
(-0.397643 -0.605407 0.1)
(-0.363071 -0.60655 0.1)
(-0.328287 -0.607475 0.1)
(-0.293385 -0.608228 0.1)
(-0.258431 -0.608844 0.1)
(-0.22347 -0.60935 0.1)
(-0.188531 -0.609766 0.1)
(-0.153633 -0.61011 0.1)
(-0.118788 -0.610393 0.1)
(-0.0840036 -0.610628 0.1)
(-0.0492818 -0.610823 0.1)
(-0.0146233 -0.610984 0.1)
(0.0199733 -0.611118 0.1)
(0.0545108 -0.611229 0.1)
(0.0889927 -0.611321 0.1)
(0.123423 -0.611398 0.1)
(0.157807 -0.611461 0.1)
(0.192147 -0.611513 0.1)
(0.22645 -0.611556 0.1)
(0.260719 -0.61159 0.1)
(0.294959 -0.611618 0.1)
(0.329173 -0.611641 0.1)
(0.363366 -0.611657 0.1)
(0.397542 -0.61167 0.1)
(0.431703 -0.611678 0.1)
(0.465854 -0.611682 0.1)
(0.5 -0.611682 0.1)
(0.5 0.625625 0.1)
(0.465815 0.625625 0.1)
(0.431625 0.62562 0.1)
(0.397424 0.625611 0.1)
(0.363209 0.625598 0.1)
(0.328975 0.625579 0.1)
(0.294718 0.625554 0.1)
(0.260435 0.625523 0.1)
(0.226121 0.625484 0.1)
(0.191771 0.625436 0.1)
(0.15738 0.625377 0.1)
(0.122945 0.625307 0.1)
(0.088459 0.625221 0.1)
(0.0539187 0.625118 0.1)
(0.0193194 0.624993 0.1)
(-0.0153427 0.624843 0.1)
(-0.0500708 0.624662 0.1)
(-0.0848664 0.624443 0.1)
(-0.119729 0.62418 0.1)
(-0.154657 0.623861 0.1)
(-0.189643 0.623475 0.1)
(-0.224675 0.623008 0.1)
(-0.259734 0.62244 0.1)
(-0.29479 0.621748 0.1)
(-0.329799 0.620902 0.1)
(-0.364696 0.619865 0.1)
(-0.399388 0.618585 0.1)
(-0.433747 0.616991 0.1)
(-0.467606 0.614984 0.1)
(-0.500777 0.612421 0.1)
(-0.533113 0.609109 0.1)
(-0.564597 0.604844 0.1)
(-0.59533 0.599483 0.1)
(-0.625409 0.592943 0.1)
(-0.654903 0.585172 0.1)
(-0.683843 0.576137 0.1)
(-0.712235 0.565817 0.1)
(-0.740062 0.554201 0.1)
(-0.767291 0.541286 0.1)
(-0.793874 0.527074 0.1)
(-0.819759 0.51158 0.1)
(-0.844885 0.49482 0.1)
(-0.869189 0.476823 0.1)
(-0.892608 0.457619 0.1)
(-0.915075 0.437248 0.1)
(-0.936529 0.415752 0.1)
(-0.956908 0.393181 0.1)
(-0.976151 0.369587 0.1)
(-0.994203 0.345029 0.1)
(-1.01101 0.319567 0.1)
(-1.02653 0.293266 0.1)
(-1.0407 0.266193 0.1)
(-1.0535 0.238418 0.1)
(-1.06488 0.210014 0.1)
(-1.07481 0.181055 0.1)
(-1.08326 0.151617 0.1)
(-1.09021 0.121779 0.1)
(-1.09564 0.0916175 0.1)
(-1.09952 0.061214 0.1)
(-1.10186 0.0306484 0.1)
(-1.10264 1.26281e-06 0.1)
(-1.10186 -0.0306459 0.1)
(-1.09952 -0.0612115 0.1)
(-1.09564 -0.091615 0.1)
(-1.09021 -0.121776 0.1)
(-1.08326 -0.151615 0.1)
(-1.07481 -0.181053 0.1)
(-1.06488 -0.210012 0.1)
(-1.0535 -0.238416 0.1)
(-1.04071 -0.266191 0.1)
(-1.02653 -0.293264 0.1)
(-1.01101 -0.319566 0.1)
(-0.994204 -0.345028 0.1)
(-0.976152 -0.369586 0.1)
(-0.956908 -0.39318 0.1)
(-0.93653 -0.415751 0.1)
(-0.915076 -0.437247 0.1)
(-0.892608 -0.457619 0.1)
(-0.86919 -0.476823 0.1)
(-0.844885 -0.49482 0.1)
(-0.819759 -0.511579 0.1)
(-0.793875 -0.527074 0.1)
(-0.767291 -0.541285 0.1)
(-0.740063 -0.554201 0.1)
(-0.712236 -0.565817 0.1)
(-0.683843 -0.576137 0.1)
(-0.654903 -0.585172 0.1)
(-0.62541 -0.592943 0.1)
(-0.59533 -0.599483 0.1)
(-0.564597 -0.604844 0.1)
(-0.533113 -0.609109 0.1)
(-0.500777 -0.612421 0.1)
(-0.467606 -0.614984 0.1)
(-0.433747 -0.616991 0.1)
(-0.399388 -0.618585 0.1)
(-0.364696 -0.619865 0.1)
(-0.329799 -0.620902 0.1)
(-0.29479 -0.621748 0.1)
(-0.259734 -0.62244 0.1)
(-0.224675 -0.623008 0.1)
(-0.189643 -0.623475 0.1)
(-0.154657 -0.623861 0.1)
(-0.11973 -0.62418 0.1)
(-0.0848664 -0.624443 0.1)
(-0.0500708 -0.624662 0.1)
(-0.0153428 -0.624843 0.1)
(0.0193194 -0.624993 0.1)
(0.0539187 -0.625118 0.1)
(0.088459 -0.625221 0.1)
(0.122945 -0.625307 0.1)
(0.15738 -0.625377 0.1)
(0.191771 -0.625436 0.1)
(0.226121 -0.625484 0.1)
(0.260435 -0.625523 0.1)
(0.294718 -0.625554 0.1)
(0.328975 -0.625579 0.1)
(0.363209 -0.625598 0.1)
(0.397424 -0.625611 0.1)
(0.431625 -0.62562 0.1)
(0.465815 -0.625625 0.1)
(0.5 -0.625625 0.1)
(0.5 0.640354 0.1)
(0.465774 0.640354 0.1)
(0.431543 0.640349 0.1)
(0.397301 0.640339 0.1)
(0.363043 0.640324 0.1)
(0.328767 0.640302 0.1)
(0.294466 0.640275 0.1)
(0.260137 0.64024 0.1)
(0.225775 0.640197 0.1)
(0.191375 0.640144 0.1)
(0.156932 0.640079 0.1)
(0.122441 0.64 0.1)
(0.0878976 0.639905 0.1)
(0.0532958 0.63979 0.1)
(0.0186312 0.639651 0.1)
(-0.0161003 0.639484 0.1)
(-0.0509019 0.639282 0.1)
(-0.0857759 0.639039 0.1)
(-0.120722 0.638745 0.1)
(-0.155738 0.63839 0.1)
(-0.190818 0.637961 0.1)
(-0.22595 0.637439 0.1)
(-0.261114 0.636806 0.1)
(-0.296282 0.636035 0.1)
(-0.331408 0.635094 0.1)
(-0.366431 0.633939 0.1)
(-0.401259 0.632516 0.1)
(-0.43577 0.63075 0.1)
(-0.469811 0.628538 0.1)
(-0.503215 0.625739 0.1)
(-0.535857 0.622171 0.1)
(-0.567718 0.61765 0.1)
(-0.598871 0.612038 0.1)
(-0.629398 0.605249 0.1)
(-0.659352 0.597227 0.1)
(-0.68876 0.587935 0.1)
(-0.717623 0.577348 0.1)
(-0.74592 0.565451 0.1)
(-0.773615 0.552239 0.1)
(-0.80066 0.537714 0.1)
(-0.827 0.521888 0.1)
(-0.852572 0.504777 0.1)
(-0.877313 0.486408 0.1)
(-0.901156 0.466811 0.1)
(-0.924034 0.446027 0.1)
(-0.945883 0.424097 0.1)
(-0.96664 0.401072 0.1)
(-0.986243 0.377005 0.1)
(-1.00463 0.351954 0.1)
(-1.02176 0.325982 0.1)
(-1.03757 0.299154 0.1)
(-1.05202 0.271539 0.1)
(-1.06506 0.243207 0.1)
(-1.07666 0.214233 0.1)
(-1.08678 0.184693 0.1)
(-1.0954 0.154665 0.1)
(-1.10248 0.124227 0.1)
(-1.10801 0.0934594 0.1)
(-1.11197 0.0624448 0.1)
(-1.11435 0.0312647 0.1)
(-1.11515 1.38807e-06 0.1)
(-1.11435 -0.0312619 0.1)
(-1.11197 -0.062442 0.1)
(-1.10801 -0.0934567 0.1)
(-1.10248 -0.124224 0.1)
(-1.0954 -0.154662 0.1)
(-1.08678 -0.184691 0.1)
(-1.07666 -0.214231 0.1)
(-1.06506 -0.243205 0.1)
(-1.05202 -0.271537 0.1)
(-1.03757 -0.299152 0.1)
(-1.02176 -0.325981 0.1)
(-1.00464 -0.351953 0.1)
(-0.986244 -0.377004 0.1)
(-0.966641 -0.401071 0.1)
(-0.945884 -0.424096 0.1)
(-0.924035 -0.446026 0.1)
(-0.901156 -0.466811 0.1)
(-0.877314 -0.486407 0.1)
(-0.852573 -0.504777 0.1)
(-0.827 -0.521887 0.1)
(-0.80066 -0.537714 0.1)
(-0.773615 -0.552239 0.1)
(-0.74592 -0.565451 0.1)
(-0.717623 -0.577348 0.1)
(-0.688761 -0.587935 0.1)
(-0.659353 -0.597227 0.1)
(-0.629398 -0.605249 0.1)
(-0.598872 -0.612038 0.1)
(-0.567718 -0.61765 0.1)
(-0.535857 -0.622171 0.1)
(-0.503215 -0.625739 0.1)
(-0.469811 -0.628538 0.1)
(-0.43577 -0.63075 0.1)
(-0.401259 -0.632516 0.1)
(-0.366431 -0.633939 0.1)
(-0.331409 -0.635094 0.1)
(-0.296282 -0.636035 0.1)
(-0.261114 -0.636806 0.1)
(-0.22595 -0.637439 0.1)
(-0.190818 -0.637961 0.1)
(-0.155738 -0.63839 0.1)
(-0.120722 -0.638745 0.1)
(-0.0857759 -0.639039 0.1)
(-0.050902 -0.639282 0.1)
(-0.0161003 -0.639484 0.1)
(0.0186312 -0.639651 0.1)
(0.0532957 -0.63979 0.1)
(0.0878976 -0.639905 0.1)
(0.122441 -0.64 0.1)
(0.156932 -0.640079 0.1)
(0.191375 -0.640144 0.1)
(0.225775 -0.640197 0.1)
(0.260137 -0.64024 0.1)
(0.294466 -0.640275 0.1)
(0.328767 -0.640302 0.1)
(0.363043 -0.640324 0.1)
(0.397301 -0.640339 0.1)
(0.431543 -0.640349 0.1)
(0.465774 -0.640354 0.1)
(0.5 -0.640354 0.1)
(0.5 0.655794 0.1)
(0.465731 0.655793 0.1)
(0.431457 0.655788 0.1)
(0.397172 0.655777 0.1)
(0.362871 0.65576 0.1)
(0.32855 0.655736 0.1)
(0.294203 0.655706 0.1)
(0.259826 0.655668 0.1)
(0.225414 0.65562 0.1)
(0.190962 0.655561 0.1)
(0.156465 0.655489 0.1)
(0.121917 0.655402 0.1)
(0.0873121 0.655297 0.1)
(0.0526458 0.65517 0.1)
(0.0179128 0.655017 0.1)
(-0.0168913 0.654833 0.1)
(-0.0517703 0.65461 0.1)
(-0.0867266 0.654341 0.1)
(-0.121761 0.654016 0.1)
(-0.156871 0.653624 0.1)
(-0.19205 0.653148 0.1)
(-0.227288 0.652572 0.1)
(-0.262565 0.651872 0.1)
(-0.297853 0.651019 0.1)
(-0.333109 0.649979 0.1)
(-0.368269 0.648704 0.1)
(-0.403248 0.647135 0.1)
(-0.43793 0.645194 0.1)
(-0.472176 0.642775 0.1)
(-0.505836 0.639739 0.1)
(-0.538803 0.635918 0.1)
(-0.571056 0.631138 0.1)
(-0.602647 0.625271 0.1)
(-0.633638 0.618226 0.1)
(-0.664073 0.609945 0.1)
(-0.693971 0.600384 0.1)
(-0.723327 0.589518 0.1)
(-0.752117 0.577327 0.1)
(-0.780303 0.563803 0.1)
(-0.807835 0.548949 0.1)
(-0.834654 0.532773 0.1)
(-0.860698 0.515292 0.1)
(-0.885899 0.49653 0.1)
(-0.910189 0.47652 0.1)
(-0.933502 0.455299 0.1)
(-0.955768 0.432911 0.1)
(-0.976924 0.409407 0.1)
(-0.996907 0.38484 0.1)
(-1.01566 0.359269 0.1)
(-1.03312 0.332758 0.1)
(-1.04924 0.305374 0.1)
(-1.06397 0.277185 0.1)
(-1.07727 0.248266 0.1)
(-1.0891 0.21869 0.1)
(-1.09943 0.188536 0.1)
(-1.10821 0.157884 0.1)
(-1.11544 0.126812 0.1)
(-1.12108 0.0954051 0.1)
(-1.12512 0.0637449 0.1)
(-1.12755 0.0319157 0.1)
(-1.12836 1.52409e-06 0.1)
(-1.12755 -0.0319126 0.1)
(-1.12512 -0.0637419 0.1)
(-1.12108 -0.0954021 0.1)
(-1.11544 -0.12681 0.1)
(-1.10822 -0.157881 0.1)
(-1.09943 -0.188534 0.1)
(-1.0891 -0.218688 0.1)
(-1.07728 -0.248264 0.1)
(-1.06397 -0.277183 0.1)
(-1.04924 -0.305372 0.1)
(-1.03312 -0.332757 0.1)
(-1.01566 -0.359268 0.1)
(-0.996907 -0.384839 0.1)
(-0.976925 -0.409406 0.1)
(-0.955769 -0.43291 0.1)
(-0.933502 -0.455298 0.1)
(-0.91019 -0.476519 0.1)
(-0.885899 -0.496529 0.1)
(-0.860698 -0.515291 0.1)
(-0.834654 -0.532772 0.1)
(-0.807835 -0.548949 0.1)
(-0.780303 -0.563803 0.1)
(-0.752117 -0.577326 0.1)
(-0.723327 -0.589517 0.1)
(-0.693971 -0.600384 0.1)
(-0.664073 -0.609944 0.1)
(-0.633638 -0.618226 0.1)
(-0.602647 -0.625271 0.1)
(-0.571056 -0.631138 0.1)
(-0.538803 -0.635918 0.1)
(-0.505836 -0.639739 0.1)
(-0.472176 -0.642775 0.1)
(-0.437931 -0.645194 0.1)
(-0.403248 -0.647135 0.1)
(-0.368269 -0.648704 0.1)
(-0.333109 -0.649979 0.1)
(-0.297853 -0.651019 0.1)
(-0.262565 -0.651872 0.1)
(-0.227288 -0.652572 0.1)
(-0.19205 -0.653148 0.1)
(-0.156871 -0.653624 0.1)
(-0.121761 -0.654016 0.1)
(-0.0867267 -0.654341 0.1)
(-0.0517704 -0.65461 0.1)
(-0.0168913 -0.654833 0.1)
(0.0179128 -0.655017 0.1)
(0.0526458 -0.65517 0.1)
(0.0873121 -0.655297 0.1)
(0.121917 -0.655402 0.1)
(0.156465 -0.655489 0.1)
(0.190962 -0.655561 0.1)
(0.225414 -0.65562 0.1)
(0.259826 -0.655668 0.1)
(0.294203 -0.655706 0.1)
(0.32855 -0.655736 0.1)
(0.362871 -0.65576 0.1)
(0.397172 -0.655777 0.1)
(0.431457 -0.655788 0.1)
(0.465731 -0.655793 0.1)
(0.5 -0.655794 0.1)
(0.5 0.671866 0.1)
(0.465687 0.671865 0.1)
(0.431369 0.671859 0.1)
(0.397039 0.671847 0.1)
(0.362693 0.671828 0.1)
(0.328325 0.671803 0.1)
(0.293931 0.67177 0.1)
(0.259505 0.671728 0.1)
(0.225042 0.671675 0.1)
(0.190536 0.671611 0.1)
(0.155982 0.671532 0.1)
(0.121374 0.671437 0.1)
(0.0867061 0.671322 0.1)
(0.0519729 0.671183 0.1)
(0.0171688 0.671015 0.1)
(-0.017711 0.670812 0.1)
(-0.0526707 0.670568 0.1)
(-0.0877132 0.670273 0.1)
(-0.122839 0.669917 0.1)
(-0.158048 0.669486 0.1)
(-0.193332 0.668964 0.1)
(-0.228683 0.668331 0.1)
(-0.26408 0.667563 0.1)
(-0.299497 0.666627 0.1)
(-0.334892 0.665486 0.1)
(-0.370203 0.664089 0.1)
(-0.405348 0.662373 0.1)
(-0.440221 0.660255 0.1)
(-0.474691 0.65763 0.1)
(-0.508629 0.65436 0.1)
(-0.54194 0.650286 0.1)
(-0.574599 0.645249 0.1)
(-0.606641 0.639123 0.1)
(-0.638113 0.631818 0.1)
(-0.669047 0.623269 0.1)
(-0.699453 0.613432 0.1)
(-0.729323 0.602275 0.1)
(-0.758629 0.589778 0.1)
(-0.787328 0.575931 0.1)
(-0.815369 0.560732 0.1)
(-0.842691 0.54419 0.1)
(-0.869228 0.526321 0.1)
(-0.894912 0.507149 0.1)
(-0.919672 0.486705 0.1)
(-0.943439 0.465027 0.1)
(-0.966143 0.442159 0.1)
(-0.987718 0.418152 0.1)
(-1.0081 0.39306 0.1)
(-1.02723 0.366945 0.1)
(-1.04504 0.339868 0.1)
(-1.06149 0.3119 0.1)
(-1.07652 0.28311 0.1)
(-1.09009 0.253574 0.1)
(-1.10216 0.223367 0.1)
(-1.1127 0.192569 0.1)
(-1.12167 0.161261 0.1)
(-1.12904 0.129526 0.1)
(-1.1348 0.0974466 0.1)
(-1.13892 0.0651091 0.1)
(-1.1414 0.0325988 0.1)
(-1.14223 1.66719e-06 0.1)
(-1.1414 -0.0325954 0.1)
(-1.13892 -0.0651059 0.1)
(-1.1348 -0.0974434 0.1)
(-1.12904 -0.129523 0.1)
(-1.12167 -0.161258 0.1)
(-1.1127 -0.192566 0.1)
(-1.10217 -0.223364 0.1)
(-1.09009 -0.253571 0.1)
(-1.07652 -0.283108 0.1)
(-1.06149 -0.311898 0.1)
(-1.04504 -0.339867 0.1)
(-1.02723 -0.366943 0.1)
(-1.0081 -0.393059 0.1)
(-0.987719 -0.418151 0.1)
(-0.966144 -0.442158 0.1)
(-0.94344 -0.465026 0.1)
(-0.919673 -0.486704 0.1)
(-0.894912 -0.507149 0.1)
(-0.869229 -0.526321 0.1)
(-0.842691 -0.54419 0.1)
(-0.815369 -0.560732 0.1)
(-0.787328 -0.575931 0.1)
(-0.758629 -0.589778 0.1)
(-0.729324 -0.602275 0.1)
(-0.699454 -0.613432 0.1)
(-0.669047 -0.623269 0.1)
(-0.638113 -0.631818 0.1)
(-0.606641 -0.639123 0.1)
(-0.574599 -0.645249 0.1)
(-0.54194 -0.650286 0.1)
(-0.508629 -0.65436 0.1)
(-0.474691 -0.65763 0.1)
(-0.440221 -0.660255 0.1)
(-0.405348 -0.662372 0.1)
(-0.370203 -0.664089 0.1)
(-0.334892 -0.665486 0.1)
(-0.299498 -0.666627 0.1)
(-0.26408 -0.667563 0.1)
(-0.228683 -0.668331 0.1)
(-0.193332 -0.668964 0.1)
(-0.158048 -0.669486 0.1)
(-0.122839 -0.669917 0.1)
(-0.0877132 -0.670273 0.1)
(-0.0526708 -0.670568 0.1)
(-0.017711 -0.670812 0.1)
(0.0171688 -0.671015 0.1)
(0.0519728 -0.671183 0.1)
(0.086706 -0.671322 0.1)
(0.121374 -0.671437 0.1)
(0.155982 -0.671532 0.1)
(0.190536 -0.671611 0.1)
(0.225042 -0.671675 0.1)
(0.259505 -0.671728 0.1)
(0.293931 -0.67177 0.1)
(0.328325 -0.671803 0.1)
(0.362693 -0.671828 0.1)
(0.397039 -0.671847 0.1)
(0.431369 -0.671859 0.1)
(0.465687 -0.671865 0.1)
(0.5 -0.671866 0.1)
(0.5 0.688494 0.1)
(0.465642 0.688493 0.1)
(0.431279 0.688487 0.1)
(0.396903 0.688473 0.1)
(0.36251 0.688453 0.1)
(0.328095 0.688426 0.1)
(0.293652 0.688389 0.1)
(0.259175 0.688344 0.1)
(0.224659 0.688287 0.1)
(0.190098 0.688217 0.1)
(0.155485 0.688131 0.1)
(0.120816 0.688028 0.1)
(0.0860832 0.687902 0.1)
(0.051281 0.687751 0.1)
(0.0164035 0.687568 0.1)
(-0.0185546 0.687347 0.1)
(-0.053598 0.687081 0.1)
(-0.0887299 0.68676 0.1)
(-0.123952 0.686372 0.1)
(-0.159263 0.685902 0.1)
(-0.194658 0.685334 0.1)
(-0.230127 0.684644 0.1)
(-0.265652 0.683806 0.1)
(-0.301206 0.682787 0.1)
(-0.33675 0.681543 0.1)
(-0.372224 0.680023 0.1)
(-0.407551 0.67816 0.1)
(-0.442631 0.675867 0.1)
(-0.477347 0.673037 0.1)
(-0.511583 0.669537 0.1)
(-0.545253 0.665216 0.1)
(-0.578332 0.659923 0.1)
(-0.610838 0.653538 0.1)
(-0.642805 0.645968 0.1)
(-0.674254 0.637146 0.1)
(-0.705187 0.627025 0.1)
(-0.735589 0.615569 0.1)
(-0.765429 0.602756 0.1)
(-0.794663 0.588573 0.1)
(-0.823233 0.573017 0.1)
(-0.851078 0.556096 0.1)
(-0.87813 0.537823 0.1)
(-0.904317 0.518223 0.1)
(-0.929567 0.497327 0.1)
(-0.953808 0.475173 0.1)
(-0.976969 0.451804 0.1)
(-0.998981 0.427273 0.1)
(-1.01978 0.401635 0.1)
(-1.0393 0.37495 0.1)
(-1.05748 0.347285 0.1)
(-1.07426 0.318707 0.1)
(-1.08961 0.28929 0.1)
(-1.10347 0.25911 0.1)
(-1.11579 0.228245 0.1)
(-1.12655 0.196775 0.1)
(-1.1357 0.164784 0.1)
(-1.14323 0.132356 0.1)
(-1.14911 0.0995762 0.1)
(-1.15332 0.0665321 0.1)
(-1.15585 0.0333113 0.1)
(-1.1567 1.81593e-06 0.1)
(-1.15586 -0.0333077 0.1)
(-1.15332 -0.0665286 0.1)
(-1.14911 -0.0995727 0.1)
(-1.14323 -0.132353 0.1)
(-1.1357 -0.164781 0.1)
(-1.12655 -0.196772 0.1)
(-1.11579 -0.228242 0.1)
(-1.10347 -0.259108 0.1)
(-1.08961 -0.289288 0.1)
(-1.07427 -0.318705 0.1)
(-1.05748 -0.347283 0.1)
(-1.0393 -0.374949 0.1)
(-1.01978 -0.401634 0.1)
(-0.998982 -0.427272 0.1)
(-0.97697 -0.451803 0.1)
(-0.953809 -0.475172 0.1)
(-0.929568 -0.497326 0.1)
(-0.904318 -0.518223 0.1)
(-0.87813 -0.537823 0.1)
(-0.851079 -0.556095 0.1)
(-0.823234 -0.573017 0.1)
(-0.794663 -0.588573 0.1)
(-0.76543 -0.602756 0.1)
(-0.73559 -0.615569 0.1)
(-0.705187 -0.627025 0.1)
(-0.674254 -0.637146 0.1)
(-0.642806 -0.645967 0.1)
(-0.610839 -0.653537 0.1)
(-0.578332 -0.659923 0.1)
(-0.545254 -0.665216 0.1)
(-0.511583 -0.669537 0.1)
(-0.477347 -0.673037 0.1)
(-0.442631 -0.675867 0.1)
(-0.407551 -0.67816 0.1)
(-0.372224 -0.680023 0.1)
(-0.33675 -0.681543 0.1)
(-0.301207 -0.682787 0.1)
(-0.265652 -0.683806 0.1)
(-0.230127 -0.684644 0.1)
(-0.194658 -0.685334 0.1)
(-0.159263 -0.685902 0.1)
(-0.123952 -0.686372 0.1)
(-0.0887299 -0.68676 0.1)
(-0.053598 -0.687081 0.1)
(-0.0185547 -0.687347 0.1)
(0.0164035 -0.687568 0.1)
(0.0512809 -0.687751 0.1)
(0.0860831 -0.687902 0.1)
(0.120816 -0.688028 0.1)
(0.155485 -0.688131 0.1)
(0.190098 -0.688217 0.1)
(0.224659 -0.688287 0.1)
(0.259175 -0.688344 0.1)
(0.293652 -0.688389 0.1)
(0.328095 -0.688426 0.1)
(0.36251 -0.688453 0.1)
(0.396903 -0.688473 0.1)
(0.431279 -0.688487 0.1)
(0.465642 -0.688493 0.1)
(0.5 -0.688494 0.1)
(0.5 0.705605 0.1)
(0.465596 0.705605 0.1)
(0.431186 0.705598 0.1)
(0.396764 0.705583 0.1)
(0.362324 0.705562 0.1)
(0.32786 0.705532 0.1)
(0.293367 0.705493 0.1)
(0.258838 0.705443 0.1)
(0.224268 0.705382 0.1)
(0.18965 0.705306 0.1)
(0.154979 0.705214 0.1)
(0.120246 0.705102 0.1)
(0.0854469 0.704966 0.1)
(0.0505739 0.704803 0.1)
(0.0156211 0.704605 0.1)
(-0.0194176 0.704366 0.1)
(-0.0545471 0.704079 0.1)
(-0.0897713 0.703731 0.1)
(-0.125093 0.703311 0.1)
(-0.16051 0.702803 0.1)
(-0.19602 0.702187 0.1)
(-0.231613 0.70144 0.1)
(-0.267272 0.700534 0.1)
(-0.302973 0.69943 0.1)
(-0.338675 0.698085 0.1)
(-0.374324 0.696443 0.1)
(-0.409848 0.694433 0.1)
(-0.445152 0.691967 0.1)
(-0.480132 0.688937 0.1)
(-0.514683 0.685212 0.1)
(-0.548729 0.680647 0.1)
(-0.58224 0.675102 0.1)
(-0.615223 0.668458 0.1)
(-0.647697 0.660621 0.1)
(-0.679674 0.651524 0.1)
(-0.711149 0.641113 0.1)
(-0.742101 0.629351 0.1)
(-0.772494 0.616213 0.1)
(-0.802279 0.601683 0.1)
(-0.831398 0.585759 0.1)
(-0.859785 0.568445 0.1)
(-0.88737 0.549755 0.1)
(-0.914079 0.529712 0.1)
(-0.939837 0.508348 0.1)
(-0.96457 0.4857 0.1)
(-0.988205 0.461812 0.1)
(-1.01067 0.436738 0.1)
(-1.0319 0.410532 0.1)
(-1.05182 0.383258 0.1)
(-1.07038 0.35498 0.1)
(-1.08753 0.325771 0.1)
(-1.1032 0.295704 0.1)
(-1.11735 0.264856 0.1)
(-1.12993 0.233307 0.1)
(-1.14092 0.20114 0.1)
(-1.15027 0.16844 0.1)
(-1.15796 0.135293 0.1)
(-1.16397 0.101786 0.1)
(-1.16827 0.0680088 0.1)
(-1.17085 0.0340507 0.1)
(-1.17172 1.97188e-06 0.1)
(-1.17085 -0.0340468 0.1)
(-1.16827 -0.068005 0.1)
(-1.16397 -0.101782 0.1)
(-1.15796 -0.135289 0.1)
(-1.15027 -0.168437 0.1)
(-1.14092 -0.201137 0.1)
(-1.12993 -0.233304 0.1)
(-1.11735 -0.264853 0.1)
(-1.1032 -0.295701 0.1)
(-1.08753 -0.325769 0.1)
(-1.07039 -0.354978 0.1)
(-1.05182 -0.383256 0.1)
(-1.0319 -0.410531 0.1)
(-1.01067 -0.436737 0.1)
(-0.988206 -0.461811 0.1)
(-0.964571 -0.485699 0.1)
(-0.939838 -0.508347 0.1)
(-0.91408 -0.529712 0.1)
(-0.887371 -0.549755 0.1)
(-0.859786 -0.568444 0.1)
(-0.831399 -0.585759 0.1)
(-0.80228 -0.601683 0.1)
(-0.772494 -0.616212 0.1)
(-0.742101 -0.629351 0.1)
(-0.711149 -0.641113 0.1)
(-0.679674 -0.651524 0.1)
(-0.647698 -0.660621 0.1)
(-0.615223 -0.668458 0.1)
(-0.58224 -0.675102 0.1)
(-0.54873 -0.680647 0.1)
(-0.514684 -0.685212 0.1)
(-0.480132 -0.688937 0.1)
(-0.445152 -0.691967 0.1)
(-0.409848 -0.694433 0.1)
(-0.374324 -0.696443 0.1)
(-0.338675 -0.698085 0.1)
(-0.302973 -0.69943 0.1)
(-0.267273 -0.700533 0.1)
(-0.231613 -0.70144 0.1)
(-0.19602 -0.702187 0.1)
(-0.16051 -0.702803 0.1)
(-0.125093 -0.703311 0.1)
(-0.0897714 -0.703731 0.1)
(-0.0545471 -0.704079 0.1)
(-0.0194176 -0.704366 0.1)
(0.015621 -0.704605 0.1)
(0.0505739 -0.704803 0.1)
(0.0854469 -0.704966 0.1)
(0.120246 -0.705102 0.1)
(0.154979 -0.705214 0.1)
(0.18965 -0.705306 0.1)
(0.224268 -0.705382 0.1)
(0.258838 -0.705443 0.1)
(0.293367 -0.705493 0.1)
(0.32786 -0.705532 0.1)
(0.362324 -0.705562 0.1)
(0.396764 -0.705583 0.1)
(0.431186 -0.705598 0.1)
(0.465596 -0.705605 0.1)
(0.5 -0.705605 0.1)
(0.5 0.723133 0.1)
(0.46555 0.723133 0.1)
(0.431093 0.723125 0.1)
(0.396624 0.72311 0.1)
(0.362135 0.723086 0.1)
(0.327622 0.723054 0.1)
(0.293078 0.723012 0.1)
(0.258497 0.722959 0.1)
(0.223872 0.722893 0.1)
(0.189196 0.722812 0.1)
(0.154464 0.722713 0.1)
(0.119668 0.722593 0.1)
(0.0848006 0.722447 0.1)
(0.0498554 0.722271 0.1)
(0.0148255 0.722059 0.1)
(-0.0202955 0.721803 0.1)
(-0.0555133 0.721493 0.1)
(-0.0908324 0.72112 0.1)
(-0.126256 0.720668 0.1)
(-0.161784 0.720121 0.1)
(-0.197413 0.719459 0.1)
(-0.233135 0.718656 0.1)
(-0.268935 0.717681 0.1)
(-0.304788 0.716495 0.1)
(-0.340659 0.71505 0.1)
(-0.376495 0.713287 0.1)
(-0.412228 0.711133 0.1)
(-0.447774 0.708498 0.1)
(-0.483035 0.705272 0.1)
(-0.517918 0.701328 0.1)
(-0.552353 0.696527 0.1)
(-0.586307 0.690733 0.1)
(-0.619777 0.683832 0.1)
(-0.65277 0.675728 0.1)
(-0.685289 0.666352 0.1)
(-0.71732 0.655646 0.1)
(-0.748836 0.643573 0.1)
(-0.779798 0.630102 0.1)
(-0.810152 0.615218 0.1)
(-0.839836 0.598915 0.1)
(-0.868783 0.581197 0.1)
(-0.896918 0.562077 0.1)
(-0.924166 0.541578 0.1)
(-0.950449 0.519731 0.1)
(-0.97569 0.496573 0.1)
(-0.999814 0.47215 0.1)
(-1.02275 0.446514 0.1)
(-1.04442 0.419723 0.1)
(-1.06477 0.391839 0.1)
(-1.08372 0.36293 0.1)
(-1.10123 0.333068 0.1)
(-1.11723 0.302329 0.1)
(-1.13169 0.270791 0.1)
(-1.14454 0.238536 0.1)
(-1.15577 0.20565 0.1)
(-1.16532 0.172217 0.1)
(-1.17318 0.138327 0.1)
(-1.17931 0.104069 0.1)
(-1.18371 0.0695343 0.1)
(-1.18635 0.0348146 0.1)
(-1.18723 2.13641e-06 0.1)
(-1.18635 -0.0348103 0.1)
(-1.18371 -0.0695301 0.1)
(-1.17931 -0.104065 0.1)
(-1.17318 -0.138323 0.1)
(-1.16532 -0.172213 0.1)
(-1.15577 -0.205646 0.1)
(-1.14455 -0.238533 0.1)
(-1.13169 -0.270788 0.1)
(-1.11723 -0.302326 0.1)
(-1.10123 -0.333066 0.1)
(-1.08372 -0.362928 0.1)
(-1.06477 -0.391837 0.1)
(-1.04442 -0.419721 0.1)
(-1.02275 -0.446513 0.1)
(-0.999815 -0.472149 0.1)
(-0.975691 -0.496572 0.1)
(-0.950449 -0.51973 0.1)
(-0.924167 -0.541578 0.1)
(-0.896919 -0.562077 0.1)
(-0.868784 -0.581197 0.1)
(-0.839837 -0.598915 0.1)
(-0.810152 -0.615218 0.1)
(-0.779798 -0.630102 0.1)
(-0.748837 -0.643572 0.1)
(-0.71732 -0.655646 0.1)
(-0.685289 -0.666351 0.1)
(-0.652771 -0.675728 0.1)
(-0.619777 -0.683832 0.1)
(-0.586307 -0.690733 0.1)
(-0.552353 -0.696527 0.1)
(-0.517918 -0.701328 0.1)
(-0.483035 -0.705272 0.1)
(-0.447774 -0.708498 0.1)
(-0.412229 -0.711133 0.1)
(-0.376495 -0.713287 0.1)
(-0.340659 -0.71505 0.1)
(-0.304788 -0.716495 0.1)
(-0.268935 -0.717681 0.1)
(-0.233135 -0.718656 0.1)
(-0.197413 -0.719459 0.1)
(-0.161784 -0.720121 0.1)
(-0.126256 -0.720668 0.1)
(-0.0908325 -0.72112 0.1)
(-0.0555133 -0.721493 0.1)
(-0.0202955 -0.721803 0.1)
(0.0148255 -0.722059 0.1)
(0.0498554 -0.722271 0.1)
(0.0848005 -0.722447 0.1)
(0.119668 -0.722593 0.1)
(0.154464 -0.722713 0.1)
(0.189196 -0.722812 0.1)
(0.223872 -0.722893 0.1)
(0.258497 -0.722959 0.1)
(0.293078 -0.723012 0.1)
(0.327622 -0.723054 0.1)
(0.362135 -0.723086 0.1)
(0.396624 -0.72311 0.1)
(0.431093 -0.723125 0.1)
(0.46555 -0.723133 0.1)
(0.5 -0.723133 0.1)
(0.5 0.741016 0.1)
(0.465503 0.741016 0.1)
(0.430999 0.741007 0.1)
(0.396482 0.740991 0.1)
(0.361945 0.740966 0.1)
(0.327382 0.740932 0.1)
(0.292787 0.740887 0.1)
(0.258152 0.740831 0.1)
(0.223472 0.74076 0.1)
(0.188738 0.740674 0.1)
(0.153944 0.740568 0.1)
(0.119083 0.74044 0.1)
(0.0841472 0.740284 0.1)
(0.0491288 0.740097 0.1)
(0.0140206 0.73987 0.1)
(-0.0211842 0.739596 0.1)
(-0.0564921 0.739266 0.1)
(-0.0919083 0.738867 0.1)
(-0.127436 0.738384 0.1)
(-0.163078 0.7378 0.1)
(-0.19883 0.737092 0.1)
(-0.234686 0.736234 0.1)
(-0.270632 0.735192 0.1)
(-0.306646 0.733924 0.1)
(-0.342694 0.732381 0.1)
(-0.378728 0.7305 0.1)
(-0.414684 0.728206 0.1)
(-0.450485 0.725406 0.1)
(-0.486043 0.72199 0.1)
(-0.521273 0.717834 0.1)
(-0.55611 0.712803 0.1)
(-0.590518 0.706767 0.1)
(-0.624485 0.699611 0.1)
(-0.658008 0.691241 0.1)
(-0.691079 0.681584 0.1)
(-0.723678 0.670582 0.1)
(-0.755773 0.658192 0.1)
(-0.787318 0.644383 0.1)
(-0.818256 0.629137 0.1)
(-0.848522 0.612446 0.1)
(-0.878043 0.594314 0.1)
(-0.906744 0.574754 0.1)
(-0.934546 0.553786 0.1)
(-0.961369 0.531442 0.1)
(-0.987133 0.507761 0.1)
(-1.01176 0.482787 0.1)
(-1.03518 0.456574 0.1)
(-1.05731 0.42918 0.1)
(-1.07809 0.400669 0.1)
(-1.09745 0.371111 0.1)
(-1.11533 0.340577 0.1)
(-1.13168 0.309146 0.1)
(-1.14645 0.276899 0.1)
(-1.15958 0.243918 0.1)
(-1.17105 0.21029 0.1)
(-1.18081 0.176104 0.1)
(-1.18884 0.141449 0.1)
(-1.19511 0.106418 0.1)
(-1.1996 0.0711041 0.1)
(-1.2023 0.0356007 0.1)
(-1.2032 2.30988e-06 0.1)
(-1.2023 -0.0355961 0.1)
(-1.1996 -0.0710996 0.1)
(-1.19511 -0.106414 0.1)
(-1.18884 -0.141445 0.1)
(-1.18081 -0.1761 0.1)
(-1.17105 -0.210286 0.1)
(-1.15958 -0.243914 0.1)
(-1.14645 -0.276896 0.1)
(-1.13168 -0.309144 0.1)
(-1.11533 -0.340575 0.1)
(-1.09745 -0.371109 0.1)
(-1.07809 -0.400668 0.1)
(-1.05731 -0.429179 0.1)
(-1.03518 -0.456573 0.1)
(-1.01176 -0.482786 0.1)
(-0.987134 -0.50776 0.1)
(-0.96137 -0.531441 0.1)
(-0.934547 -0.553785 0.1)
(-0.906745 -0.574753 0.1)
(-0.878044 -0.594314 0.1)
(-0.848522 -0.612446 0.1)
(-0.818257 -0.629136 0.1)
(-0.787319 -0.644382 0.1)
(-0.755774 -0.658191 0.1)
(-0.723679 -0.670582 0.1)
(-0.691079 -0.681584 0.1)
(-0.658008 -0.691241 0.1)
(-0.624485 -0.699611 0.1)
(-0.590518 -0.706767 0.1)
(-0.55611 -0.712803 0.1)
(-0.521274 -0.717834 0.1)
(-0.486043 -0.72199 0.1)
(-0.450485 -0.725406 0.1)
(-0.414684 -0.728206 0.1)
(-0.378728 -0.7305 0.1)
(-0.342694 -0.732381 0.1)
(-0.306646 -0.733924 0.1)
(-0.270632 -0.735192 0.1)
(-0.234686 -0.736234 0.1)
(-0.19883 -0.737092 0.1)
(-0.163078 -0.7378 0.1)
(-0.127436 -0.738384 0.1)
(-0.0919084 -0.738867 0.1)
(-0.0564922 -0.739266 0.1)
(-0.0211843 -0.739596 0.1)
(0.0140206 -0.73987 0.1)
(0.0491288 -0.740097 0.1)
(0.0841472 -0.740284 0.1)
(0.119083 -0.74044 0.1)
(0.153944 -0.740568 0.1)
(0.188738 -0.740674 0.1)
(0.223472 -0.74076 0.1)
(0.258152 -0.740831 0.1)
(0.292787 -0.740887 0.1)
(0.327382 -0.740932 0.1)
(0.361945 -0.740966 0.1)
(0.396482 -0.740991 0.1)
(0.430999 -0.741007 0.1)
(0.465503 -0.741016 0.1)
(0.5 -0.741016 0.1)
(0.5 0.7592 0.1)
(0.465456 0.7592 0.1)
(0.430904 0.759191 0.1)
(0.396339 0.759174 0.1)
(0.361754 0.759148 0.1)
(0.327141 0.759111 0.1)
(0.292494 0.759064 0.1)
(0.257806 0.759004 0.1)
(0.223069 0.758929 0.1)
(0.188277 0.758837 0.1)
(0.153422 0.758725 0.1)
(0.118495 0.758589 0.1)
(0.0834897 0.758424 0.1)
(0.0483972 0.758225 0.1)
(0.0132098 0.757984 0.1)
(-0.0220801 0.757694 0.1)
(-0.0574796 0.757343 0.1)
(-0.0929946 0.756919 0.1)
(-0.12863 0.756406 0.1)
(-0.164387 0.755786 0.1)
(-0.200266 0.755034 0.1)
(-0.23626 0.754122 0.1)
(-0.272358 0.753014 0.1)
(-0.308539 0.751668 0.1)
(-0.344773 0.750029 0.1)
(-0.381015 0.748034 0.1)
(-0.417206 0.745604 0.1)
(-0.453276 0.742645 0.1)
(-0.489145 0.739047 0.1)
(-0.524736 0.734687 0.1)
(-0.559986 0.729433 0.1)
(-0.594858 0.72316 0.1)
(-0.629331 0.715753 0.1)
(-0.663393 0.707119 0.1)
(-0.697028 0.697181 0.1)
(-0.730207 0.68588 0.1)
(-0.762893 0.673169 0.1)
(-0.795034 0.659017 0.1)
(-0.826569 0.643402 0.1)
(-0.85743 0.626317 0.1)
(-0.887541 0.607762 0.1)
(-0.916822 0.587751 0.1)
(-0.945193 0.566304 0.1)
(-0.972569 0.543452 0.1)
(-0.99887 0.519234 0.1)
(-1.02401 0.493696 0.1)
(-1.04793 0.466891 0.1)
(-1.07053 0.43888 0.1)
(-1.09175 0.409726 0.1)
(-1.11153 0.379501 0.1)
(-1.12979 0.348279 0.1)
(-1.1465 0.316139 0.1)
(-1.16158 0.283163 0.1)
(-1.17501 0.249437 0.1)
(-1.18672 0.215049 0.1)
(-1.1967 0.18009 0.1)
(-1.2049 0.144651 0.1)
(-1.21131 0.108828 0.1)
(-1.2159 0.0727143 0.1)
(-1.21866 0.0364069 0.1)
(-1.21958 2.49218e-06 0.1)
(-1.21866 -0.036402 0.1)
(-1.2159 -0.0727094 0.1)
(-1.21131 -0.108823 0.1)
(-1.2049 -0.144647 0.1)
(-1.1967 -0.180086 0.1)
(-1.18672 -0.215045 0.1)
(-1.17501 -0.249434 0.1)
(-1.16159 -0.28316 0.1)
(-1.1465 -0.316136 0.1)
(-1.1298 -0.348276 0.1)
(-1.11153 -0.379499 0.1)
(-1.09175 -0.409724 0.1)
(-1.07053 -0.438878 0.1)
(-1.04793 -0.46689 0.1)
(-1.02402 -0.493695 0.1)
(-0.998871 -0.519233 0.1)
(-0.97257 -0.543451 0.1)
(-0.945194 -0.566303 0.1)
(-0.916823 -0.58775 0.1)
(-0.887542 -0.607762 0.1)
(-0.857431 -0.626316 0.1)
(-0.82657 -0.643402 0.1)
(-0.795034 -0.659016 0.1)
(-0.762893 -0.673169 0.1)
(-0.730208 -0.68588 0.1)
(-0.697028 -0.697181 0.1)
(-0.663394 -0.707119 0.1)
(-0.629332 -0.715753 0.1)
(-0.594858 -0.723159 0.1)
(-0.559987 -0.729433 0.1)
(-0.524736 -0.734687 0.1)
(-0.489146 -0.739047 0.1)
(-0.453277 -0.742645 0.1)
(-0.417206 -0.745604 0.1)
(-0.381015 -0.748034 0.1)
(-0.344773 -0.750029 0.1)
(-0.30854 -0.751668 0.1)
(-0.272358 -0.753014 0.1)
(-0.23626 -0.754122 0.1)
(-0.200266 -0.755034 0.1)
(-0.164387 -0.755786 0.1)
(-0.12863 -0.756406 0.1)
(-0.0929947 -0.756919 0.1)
(-0.0574796 -0.757343 0.1)
(-0.0220802 -0.757694 0.1)
(0.0132097 -0.757984 0.1)
(0.0483971 -0.758225 0.1)
(0.0834896 -0.758424 0.1)
(0.118495 -0.758589 0.1)
(0.153422 -0.758725 0.1)
(0.188277 -0.758837 0.1)
(0.223069 -0.758929 0.1)
(0.257806 -0.759004 0.1)
(0.292494 -0.759064 0.1)
(0.327141 -0.759111 0.1)
(0.361754 -0.759148 0.1)
(0.396339 -0.759174 0.1)
(0.430904 -0.759191 0.1)
(0.465456 -0.7592 0.1)
(0.5 -0.7592 0.1)
(0.5 0.777638 0.1)
(0.465409 0.777638 0.1)
(0.43081 0.777628 0.1)
(0.396197 0.77761 0.1)
(0.361562 0.777582 0.1)
(0.326899 0.777544 0.1)
(0.292201 0.777494 0.1)
(0.257459 0.777431 0.1)
(0.222666 0.777352 0.1)
(0.187815 0.777255 0.1)
(0.152898 0.777137 0.1)
(0.117906 0.776993 0.1)
(0.0828304 0.776819 0.1)
(0.0476633 0.776609 0.1)
(0.012396 0.776355 0.1)
(-0.0229798 0.776048 0.1)
(-0.0584719 0.775678 0.1)
(-0.0940872 0.77523 0.1)
(-0.129831 0.774688 0.1)
(-0.165707 0.774033 0.1)
(-0.201715 0.773238 0.1)
(-0.237852 0.772275 0.1)
(-0.274107 0.771104 0.1)
(-0.310462 0.769682 0.1)
(-0.346888 0.767952 0.1)
(-0.383348 0.765847 0.1)
(-0.419785 0.763287 0.1)
(-0.456137 0.760175 0.1)
(-0.49233 0.756402 0.1)
(-0.528294 0.751845 0.1)
(-0.563969 0.746377 0.1)
(-0.599313 0.739872 0.1)
(-0.634301 0.73222 0.1)
(-0.668911 0.723324 0.1)
(-0.703119 0.713106 0.1)
(-0.736889 0.701505 0.1)
(-0.770176 0.688471 0.1)
(-0.802926 0.673971 0.1)
(-0.835072 0.657983 0.1)
(-0.866541 0.640496 0.1)
(-0.897254 0.621511 0.1)
(-0.927129 0.60104 0.1)
(-0.956081 0.579104 0.1)
(-0.984024 0.555733 0.1)
(-1.01087 0.530967 0.1)
(-1.03655 0.504852 0.1)
(-1.06096 0.477443 0.1)
(-1.08405 0.4488 0.1)
(-1.10572 0.418989 0.1)
(-1.12592 0.388082 0.1)
(-1.14459 0.356156 0.1)
(-1.16165 0.32329 0.1)
(-1.17707 0.28957 0.1)
(-1.19078 0.255082 0.1)
(-1.20276 0.219917 0.1)
(-1.21295 0.184167 0.1)
(-1.22133 0.147927 0.1)
(-1.22788 0.111292 0.1)
(-1.23257 0.0743611 0.1)
(-1.23539 0.0372316 0.1)
(-1.23633 2.68324e-06 0.1)
(-1.23539 -0.0372263 0.1)
(-1.23257 -0.0743559 0.1)
(-1.22788 -0.111287 0.1)
(-1.22133 -0.147922 0.1)
(-1.21295 -0.184163 0.1)
(-1.20276 -0.219913 0.1)
(-1.19078 -0.255079 0.1)
(-1.17707 -0.289567 0.1)
(-1.16165 -0.323287 0.1)
(-1.14459 -0.356153 0.1)
(-1.12593 -0.38808 0.1)
(-1.10572 -0.418987 0.1)
(-1.08405 -0.448798 0.1)
(-1.06096 -0.477441 0.1)
(-1.03655 -0.504851 0.1)
(-1.01087 -0.530966 0.1)
(-0.984025 -0.555732 0.1)
(-0.956082 -0.579103 0.1)
(-0.92713 -0.601039 0.1)
(-0.897255 -0.62151 0.1)
(-0.866541 -0.640495 0.1)
(-0.835072 -0.657982 0.1)
(-0.802926 -0.673971 0.1)
(-0.770177 -0.688471 0.1)
(-0.736889 -0.701504 0.1)
(-0.703119 -0.713106 0.1)
(-0.668912 -0.723324 0.1)
(-0.634302 -0.73222 0.1)
(-0.599313 -0.739872 0.1)
(-0.563969 -0.746377 0.1)
(-0.528294 -0.751845 0.1)
(-0.492331 -0.756402 0.1)
(-0.456137 -0.760175 0.1)
(-0.419786 -0.763287 0.1)
(-0.383348 -0.765847 0.1)
(-0.346889 -0.767952 0.1)
(-0.310462 -0.769682 0.1)
(-0.274107 -0.771104 0.1)
(-0.237852 -0.772275 0.1)
(-0.201716 -0.773238 0.1)
(-0.165707 -0.774033 0.1)
(-0.129831 -0.774688 0.1)
(-0.0940873 -0.77523 0.1)
(-0.058472 -0.775678 0.1)
(-0.0229799 -0.776048 0.1)
(0.0123959 -0.776355 0.1)
(0.0476633 -0.776609 0.1)
(0.0828304 -0.776819 0.1)
(0.117906 -0.776993 0.1)
(0.152898 -0.777137 0.1)
(0.187815 -0.777255 0.1)
(0.222666 -0.777352 0.1)
(0.257459 -0.777431 0.1)
(0.292201 -0.777494 0.1)
(0.326899 -0.777544 0.1)
(0.361562 -0.777582 0.1)
(0.396197 -0.77761 0.1)
(0.43081 -0.777628 0.1)
(0.465409 -0.777638 0.1)
(0.5 -0.777638 0.1)
(0.5 0.796288 0.1)
(0.465362 0.796288 0.1)
(0.430716 0.796278 0.1)
(0.396055 0.796259 0.1)
(0.361372 0.79623 0.1)
(0.326659 0.79619 0.1)
(0.291908 0.796137 0.1)
(0.257113 0.796071 0.1)
(0.222264 0.795988 0.1)
(0.187355 0.795887 0.1)
(0.152375 0.795763 0.1)
(0.117317 0.795612 0.1)
(0.0821718 0.795429 0.1)
(0.0469298 0.795209 0.1)
(0.0115821 0.794942 0.1)
(-0.0238802 0.79462 0.1)
(-0.0594658 0.794231 0.1)
(-0.0951825 0.79376 0.1)
(-0.131037 0.793191 0.1)
(-0.167033 0.792502 0.1)
(-0.203174 0.791667 0.1)
(-0.239456 0.790654 0.1)
(-0.275872 0.789424 0.1)
(-0.312406 0.787929 0.1)
(-0.349034 0.786112 0.1)
(-0.385719 0.783902 0.1)
(-0.422413 0.781218 0.1)
(-0.459058 0.777961 0.1)
(-0.495587 0.774021 0.1)
(-0.531935 0.769276 0.1)
(-0.568044 0.763601 0.1)
(-0.60387 0.756872 0.1)
(-0.639381 0.748978 0.1)
(-0.674548 0.739824 0.1)
(-0.709337 0.729327 0.1)
(-0.743708 0.717425 0.1)
(-0.777608 0.704067 0.1)
(-0.810977 0.689217 0.1)
(-0.843745 0.67285 0.1)
(-0.875834 0.654955 0.1)
(-0.907162 0.635534 0.1)
(-0.937642 0.614595 0.1)
(-0.967188 0.592161 0.1)
(-0.995709 0.568262 0.1)
(-1.02312 0.542937 0.1)
(-1.04933 0.516234 0.1)
(-1.07427 0.488209 0.1)
(-1.09784 0.458921 0.1)
(-1.11998 0.42844 0.1)
(-1.14062 0.396838 0.1)
(-1.15968 0.364193 0.1)
(-1.17712 0.330588 0.1)
(-1.19287 0.296108 0.1)
(-1.20688 0.260842 0.1)
(-1.21911 0.224884 0.1)
(-1.22953 0.188327 0.1)
(-1.2381 0.151269 0.1)
(-1.24479 0.113807 0.1)
(-1.24958 0.0760415 0.1)
(-1.25246 0.038073 0.1)
(-1.25343 2.88309e-06 0.1)
(-1.25246 -0.0380673 0.1)
(-1.24958 -0.0760359 0.1)
(-1.24479 -0.113802 0.1)
(-1.2381 -0.151264 0.1)
(-1.22953 -0.188323 0.1)
(-1.21911 -0.22488 0.1)
(-1.20688 -0.260838 0.1)
(-1.19287 -0.296104 0.1)
(-1.17712 -0.330585 0.1)
(-1.15968 -0.36419 0.1)
(-1.14062 -0.396836 0.1)
(-1.11998 -0.428438 0.1)
(-1.09784 -0.458919 0.1)
(-1.07427 -0.488207 0.1)
(-1.04933 -0.516233 0.1)
(-1.02312 -0.542936 0.1)
(-0.99571 -0.568261 0.1)
(-0.967189 -0.59216 0.1)
(-0.937643 -0.614594 0.1)
(-0.907163 -0.635533 0.1)
(-0.875835 -0.654955 0.1)
(-0.843746 -0.672849 0.1)
(-0.810978 -0.689216 0.1)
(-0.777609 -0.704067 0.1)
(-0.743708 -0.717425 0.1)
(-0.709338 -0.729327 0.1)
(-0.674549 -0.739823 0.1)
(-0.639382 -0.748978 0.1)
(-0.603871 -0.756872 0.1)
(-0.568044 -0.763601 0.1)
(-0.531935 -0.769276 0.1)
(-0.495588 -0.77402 0.1)
(-0.459059 -0.777961 0.1)
(-0.422414 -0.781218 0.1)
(-0.385719 -0.783902 0.1)
(-0.349034 -0.786112 0.1)
(-0.312406 -0.787929 0.1)
(-0.275872 -0.789424 0.1)
(-0.239456 -0.790654 0.1)
(-0.203174 -0.791667 0.1)
(-0.167033 -0.792502 0.1)
(-0.131037 -0.793191 0.1)
(-0.0951825 -0.79376 0.1)
(-0.0594659 -0.794231 0.1)
(-0.0238803 -0.79462 0.1)
(0.0115821 -0.794942 0.1)
(0.0469297 -0.795209 0.1)
(0.0821717 -0.795429 0.1)
(0.117317 -0.795612 0.1)
(0.152375 -0.795763 0.1)
(0.187355 -0.795887 0.1)
(0.222264 -0.795988 0.1)
(0.257113 -0.796071 0.1)
(0.291908 -0.796137 0.1)
(0.326659 -0.79619 0.1)
(0.361372 -0.79623 0.1)
(0.396055 -0.796259 0.1)
(0.430716 -0.796278 0.1)
(0.465362 -0.796288 0.1)
(0.5 -0.796288 0.1)
(0.5 0.815116 0.1)
(0.465315 0.815115 0.1)
(0.430622 0.815105 0.1)
(0.395914 0.815085 0.1)
(0.361182 0.815055 0.1)
(0.326419 0.815013 0.1)
(0.291618 0.814958 0.1)
(0.256769 0.814889 0.1)
(0.221865 0.814803 0.1)
(0.186896 0.814697 0.1)
(0.151855 0.814567 0.1)
(0.116731 0.81441 0.1)
(0.0815157 0.814219 0.1)
(0.0461988 0.813989 0.1)
(0.0107707 0.81371 0.1)
(-0.0247785 0.813373 0.1)
(-0.0604581 0.812967 0.1)
(-0.096277 0.812475 0.1)
(-0.132243 0.81188 0.1)
(-0.168362 0.81116 0.1)
(-0.204637 0.810287 0.1)
(-0.241068 0.809227 0.1)
(-0.277649 0.80794 0.1)
(-0.314368 0.806377 0.1)
(-0.351202 0.804477 0.1)
(-0.388122 0.802169 0.1)
(-0.425082 0.799366 0.1)
(-0.46203 0.795972 0.1)
(-0.498906 0.791873 0.1)
(-0.535648 0.786949 0.1)
(-0.572201 0.781075 0.1)
(-0.608517 0.77413 0.1)
(-0.64456 0.766001 0.1)
(-0.680291 0.756591 0.1)
(-0.71567 0.745818 0.1)
(-0.750651 0.733616 0.1)
(-0.785173 0.719932 0.1)
(-0.819173 0.704728 0.1)
(-0.852573 0.687979 0.1)
(-0.885293 0.669672 0.1)
(-0.917247 0.649807 0.1)
(-0.948345 0.628394 0.1)
(-0.978494 0.605454 0.1)
(-1.0076 0.581018 0.1)
(-1.03559 0.555125 0.1)
(-1.06235 0.527824 0.1)
(-1.08781 0.499171 0.1)
(-1.11188 0.469228 0.1)
(-1.1345 0.438064 0.1)
(-1.15557 0.405754 0.1)
(-1.17505 0.372378 0.1)
(-1.19286 0.338019 0.1)
(-1.20895 0.302765 0.1)
(-1.22327 0.266708 0.1)
(-1.23577 0.229942 0.1)
(-1.24641 0.192564 0.1)
(-1.25517 0.154672 0.1)
(-1.26201 0.116368 0.1)
(-1.2669 0.0777528 0.1)
(-1.26985 0.03893 0.1)
(-1.27083 3.09172e-06 0.1)
(-1.26985 -0.0389238 0.1)
(-1.2669 -0.0777468 0.1)
(-1.26201 -0.116362 0.1)
(-1.25517 -0.154667 0.1)
(-1.24642 -0.192559 0.1)
(-1.23577 -0.229938 0.1)
(-1.22327 -0.266704 0.1)
(-1.20895 -0.302761 0.1)
(-1.19286 -0.338016 0.1)
(-1.17505 -0.372375 0.1)
(-1.15558 -0.405752 0.1)
(-1.1345 -0.438062 0.1)
(-1.11189 -0.469226 0.1)
(-1.08781 -0.499169 0.1)
(-1.06235 -0.527823 0.1)
(-1.03559 -0.555124 0.1)
(-1.00761 -0.581017 0.1)
(-0.978496 -0.605453 0.1)
(-0.948346 -0.628393 0.1)
(-0.917248 -0.649807 0.1)
(-0.885294 -0.669672 0.1)
(-0.852574 -0.687978 0.1)
(-0.819173 -0.704727 0.1)
(-0.785174 -0.719931 0.1)
(-0.750651 -0.733615 0.1)
(-0.715671 -0.745818 0.1)
(-0.680291 -0.75659 0.1)
(-0.64456 -0.766 0.1)
(-0.608518 -0.77413 0.1)
(-0.572201 -0.781075 0.1)
(-0.535649 -0.786949 0.1)
(-0.498907 -0.791873 0.1)
(-0.462031 -0.795972 0.1)
(-0.425082 -0.799366 0.1)
(-0.388122 -0.802169 0.1)
(-0.351203 -0.804477 0.1)
(-0.314368 -0.806377 0.1)
(-0.277649 -0.80794 0.1)
(-0.241068 -0.809227 0.1)
(-0.204637 -0.810287 0.1)
(-0.168362 -0.81116 0.1)
(-0.132243 -0.81188 0.1)
(-0.0962771 -0.812475 0.1)
(-0.0604582 -0.812967 0.1)
(-0.0247786 -0.813373 0.1)
(0.0107706 -0.81371 0.1)
(0.0461988 -0.813989 0.1)
(0.0815157 -0.814219 0.1)
(0.116731 -0.81441 0.1)
(0.151855 -0.814567 0.1)
(0.186896 -0.814697 0.1)
(0.221865 -0.814803 0.1)
(0.256769 -0.814889 0.1)
(0.291618 -0.814958 0.1)
(0.326419 -0.815013 0.1)
(0.361182 -0.815055 0.1)
(0.395914 -0.815085 0.1)
(0.430622 -0.815105 0.1)
(0.465315 -0.815115 0.1)
(0.5 -0.815116 0.1)
(0.5 0.834091 0.1)
(0.465269 0.83409 0.1)
(0.430529 0.83408 0.1)
(0.395774 0.834059 0.1)
(0.360994 0.834028 0.1)
(0.326182 0.833984 0.1)
(0.291329 0.833928 0.1)
(0.256428 0.833856 0.1)
(0.221468 0.833766 0.1)
(0.186441 0.833656 0.1)
(0.151338 0.833521 0.1)
(0.116149 0.833358 0.1)
(0.0808641 0.833159 0.1)
(0.0454725 0.83292 0.1)
(0.00996388 0.83263 0.1)
(-0.0256722 0.83228 0.1)
(-0.0614462 0.831857 0.1)
(-0.0973679 0.831346 0.1)
(-0.133446 0.830727 0.1)
(-0.169689 0.829977 0.1)
(-0.2061 0.829068 0.1)
(-0.242683 0.827966 0.1)
(-0.279433 0.826626 0.1)
(-0.31634 0.824999 0.1)
(-0.353388 0.823022 0.1)
(-0.390549 0.820621 0.1)
(-0.427784 0.817708 0.1)
(-0.465045 0.814183 0.1)
(-0.502278 0.809935 0.1)
(-0.539424 0.804841 0.1)
(-0.576428 0.798777 0.1)
(-0.613243 0.791621 0.1)
(-0.649824 0.783262 0.1)
(-0.686128 0.773601 0.1)
(-0.722106 0.762554 0.1)
(-0.757705 0.750053 0.1)
(-0.79286 0.736042 0.1)
(-0.827499 0.720483 0.1)
(-0.861542 0.703349 0.1)
(-0.894904 0.684626 0.1)
(-0.927495 0.664312 0.1)
(-0.959219 0.642419 0.1)
(-0.989984 0.618965 0.1)
(-1.01969 0.593984 0.1)
(-1.04826 0.567514 0.1)
(-1.07558 0.539606 0.1)
(-1.10157 0.510315 0.1)
(-1.12616 0.479706 0.1)
(-1.14925 0.447848 0.1)
(-1.17078 0.414819 0.1)
(-1.19067 0.380699 0.1)
(-1.20887 0.345574 0.1)
(-1.2253 0.309534 0.1)
(-1.23993 0.272672 0.1)
(-1.2527 0.235085 0.1)
(-1.26358 0.196871 0.1)
(-1.27252 0.158132 0.1)
(-1.27951 0.118971 0.1)
(-1.28451 0.0794925 0.1)
(-1.28752 0.0398011 0.1)
(-1.28853 3.30899e-06 0.1)
(-1.28752 -0.0397946 0.1)
(-1.28451 -0.0794861 0.1)
(-1.27951 -0.118965 0.1)
(-1.27252 -0.158126 0.1)
(-1.26358 -0.196866 0.1)
(-1.2527 -0.23508 0.1)
(-1.23993 -0.272667 0.1)
(-1.22531 -0.30953 0.1)
(-1.20887 -0.34557 0.1)
(-1.19067 -0.380696 0.1)
(-1.17078 -0.414816 0.1)
(-1.14925 -0.447846 0.1)
(-1.12616 -0.479703 0.1)
(-1.10158 -0.510313 0.1)
(-1.07558 -0.539604 0.1)
(-1.04826 -0.567513 0.1)
(-1.0197 -0.593983 0.1)
(-0.989985 -0.618964 0.1)
(-0.959221 -0.642418 0.1)
(-0.927496 -0.664312 0.1)
(-0.894905 -0.684625 0.1)
(-0.861543 -0.703348 0.1)
(-0.8275 -0.720483 0.1)
(-0.79286 -0.736042 0.1)
(-0.757705 -0.750052 0.1)
(-0.722107 -0.762554 0.1)
(-0.686128 -0.773601 0.1)
(-0.649825 -0.783262 0.1)
(-0.613244 -0.791621 0.1)
(-0.576429 -0.798777 0.1)
(-0.539424 -0.804841 0.1)
(-0.502278 -0.809935 0.1)
(-0.465045 -0.814183 0.1)
(-0.427784 -0.817708 0.1)
(-0.390549 -0.820621 0.1)
(-0.353388 -0.823022 0.1)
(-0.316341 -0.824999 0.1)
(-0.279433 -0.826626 0.1)
(-0.242683 -0.827966 0.1)
(-0.2061 -0.829068 0.1)
(-0.169689 -0.829977 0.1)
(-0.133446 -0.830727 0.1)
(-0.0973679 -0.831346 0.1)
(-0.0614462 -0.831857 0.1)
(-0.0256723 -0.83228 0.1)
(0.00996382 -0.83263 0.1)
(0.0454724 -0.83292 0.1)
(0.0808641 -0.833159 0.1)
(0.116149 -0.833358 0.1)
(0.151338 -0.833521 0.1)
(0.186441 -0.833656 0.1)
(0.221468 -0.833766 0.1)
(0.256428 -0.833856 0.1)
(0.291329 -0.833928 0.1)
(0.326182 -0.833984 0.1)
(0.360994 -0.834028 0.1)
(0.395774 -0.834059 0.1)
(0.430529 -0.83408 0.1)
(0.465269 -0.83409 0.1)
(0.5 -0.834091 0.1)
(0.5 0.853189 0.1)
(0.465223 0.853188 0.1)
(0.430437 0.853177 0.1)
(0.395635 0.853156 0.1)
(0.360808 0.853123 0.1)
(0.325947 0.853078 0.1)
(0.291044 0.85302 0.1)
(0.25609 0.852945 0.1)
(0.221076 0.852853 0.1)
(0.185991 0.852739 0.1)
(0.150827 0.852599 0.1)
(0.115573 0.85243 0.1)
(0.0802186 0.852225 0.1)
(0.0447526 0.851977 0.1)
(0.00916379 0.851678 0.1)
(-0.0265591 0.851315 0.1)
(-0.0624274 0.850878 0.1)
(-0.0984522 0.850348 0.1)
(-0.134644 0.849707 0.1)
(-0.171011 0.848931 0.1)
(-0.20756 0.847989 0.1)
(-0.244296 0.846846 0.1)
(-0.281218 0.845458 0.1)
(-0.318319 0.843772 0.1)
(-0.355586 0.841723 0.1)
(-0.392994 0.839236 0.1)
(-0.430511 0.83622 0.1)
(-0.468094 0.832574 0.1)
(-0.505692 0.828185 0.1)
(-0.543251 0.822929 0.1)
(-0.580717 0.816683 0.1)
(-0.618037 0.809326 0.1)
(-0.655165 0.800743 0.1)
(-0.692048 0.790835 0.1)
(-0.728634 0.779517 0.1)
(-0.764859 0.766717 0.1)
(-0.800655 0.75238 0.1)
(-0.835944 0.736465 0.1)
(-0.87064 0.718942 0.1)
(-0.904654 0.699799 0.1)
(-0.937891 0.679032 0.1)
(-0.970253 0.656652 0.1)
(-1.00164 0.632679 0.1)
(-1.03196 0.607145 0.1)
(-1.06111 0.58009 0.1)
(-1.089 0.551565 0.1)
(-1.11554 0.521627 0.1)
(-1.14065 0.490342 0.1)
(-1.16423 0.457781 0.1)
(-1.18621 0.424021 0.1)
(-1.20653 0.389146 0.1)
(-1.22511 0.353243 0.1)
(-1.2419 0.316405 0.1)
(-1.25684 0.278726 0.1)
(-1.26989 0.240305 0.1)
(-1.281 0.201244 0.1)
(-1.29014 0.161645 0.1)
(-1.29727 0.121614 0.1)
(-1.30239 0.0812587 0.1)
(-1.30546 0.0406856 0.1)
(-1.30649 3.53476e-06 0.1)
(-1.30546 -0.0406786 0.1)
(-1.30239 -0.0812519 0.1)
(-1.29727 -0.121608 0.1)
(-1.29014 -0.161639 0.1)
(-1.281 -0.201238 0.1)
(-1.26989 -0.2403 0.1)
(-1.25684 -0.278721 0.1)
(-1.2419 -0.316401 0.1)
(-1.22511 -0.35324 0.1)
(-1.20653 -0.389143 0.1)
(-1.18621 -0.424018 0.1)
(-1.16423 -0.457778 0.1)
(-1.14065 -0.49034 0.1)
(-1.11555 -0.521626 0.1)
(-1.08901 -0.551564 0.1)
(-1.06111 -0.580089 0.1)
(-1.03196 -0.607143 0.1)
(-1.00164 -0.632678 0.1)
(-0.970254 -0.656651 0.1)
(-0.937892 -0.679031 0.1)
(-0.904655 -0.699798 0.1)
(-0.870641 -0.718942 0.1)
(-0.835945 -0.736464 0.1)
(-0.800656 -0.75238 0.1)
(-0.76486 -0.766717 0.1)
(-0.728634 -0.779517 0.1)
(-0.692049 -0.790835 0.1)
(-0.655165 -0.800743 0.1)
(-0.618038 -0.809325 0.1)
(-0.580717 -0.816683 0.1)
(-0.543252 -0.822929 0.1)
(-0.505693 -0.828185 0.1)
(-0.468095 -0.832574 0.1)
(-0.430512 -0.83622 0.1)
(-0.392994 -0.839236 0.1)
(-0.355586 -0.841723 0.1)
(-0.318319 -0.843772 0.1)
(-0.281218 -0.845458 0.1)
(-0.244296 -0.846846 0.1)
(-0.20756 -0.847989 0.1)
(-0.171011 -0.848931 0.1)
(-0.134644 -0.849707 0.1)
(-0.0984523 -0.850348 0.1)
(-0.0624275 -0.850878 0.1)
(-0.0265592 -0.851315 0.1)
(0.00916373 -0.851678 0.1)
(0.0447525 -0.851977 0.1)
(0.0802186 -0.852225 0.1)
(0.115573 -0.85243 0.1)
(0.150827 -0.852599 0.1)
(0.185991 -0.852739 0.1)
(0.221075 -0.852853 0.1)
(0.25609 -0.852945 0.1)
(0.291044 -0.85302 0.1)
(0.325947 -0.853078 0.1)
(0.360808 -0.853123 0.1)
(0.395635 -0.853156 0.1)
(0.430437 -0.853177 0.1)
(0.465223 -0.853188 0.1)
(0.5 -0.853189 0.1)
(0.5 0.872388 0.1)
(0.465178 0.872387 0.1)
(0.430347 0.872376 0.1)
(0.395499 0.872354 0.1)
(0.360625 0.87232 0.1)
(0.325716 0.872274 0.1)
(0.290763 0.872214 0.1)
(0.255757 0.872137 0.1)
(0.220688 0.872042 0.1)
(0.185547 0.871924 0.1)
(0.150322 0.871781 0.1)
(0.115004 0.871607 0.1)
(0.0795807 0.871396 0.1)
(0.0440408 0.87114 0.1)
(0.00837225 0.870832 0.1)
(-0.0274371 0.870458 0.1)
(-0.0633996 0.870007 0.1)
(-0.0995275 0.869461 0.1)
(-0.135832 0.868801 0.1)
(-0.172325 0.868 0.1)
(-0.209014 0.867029 0.1)
(-0.245905 0.86585 0.1)
(-0.283001 0.864418 0.1)
(-0.320299 0.862677 0.1)
(-0.357789 0.860563 0.1)
(-0.395451 0.857996 0.1)
(-0.433258 0.854885 0.1)
(-0.47117 0.851127 0.1)
(-0.509142 0.846605 0.1)
(-0.547122 0.841198 0.1)
(-0.585057 0.834779 0.1)
(-0.622891 0.827226 0.1)
(-0.660572 0.818425 0.1)
(-0.698043 0.808276 0.1)
(-0.735244 0.796689 0.1)
(-0.772105 0.783593 0.1)
(-0.80855 0.76893 0.1)
(-0.844497 0.752656 0.1)
(-0.879856 0.734743 0.1)
(-0.914531 0.715176 0.1)
(-0.948424 0.693952 0.1)
(-0.981433 0.67108 0.1)
(-1.01346 0.646581 0.1)
(-1.04439 0.620488 0.1)
(-1.07414 0.592841 0.1)
(-1.10261 0.563691 0.1)
(-1.12971 0.533098 0.1)
(-1.15533 0.501127 0.1)
(-1.17941 0.467852 0.1)
(-1.20186 0.433352 0.1)
(-1.2226 0.397712 0.1)
(-1.24158 0.361021 0.1)
(-1.25873 0.323372 0.1)
(-1.27399 0.284865 0.1)
(-1.28731 0.245599 0.1)
(-1.29866 0.205678 0.1)
(-1.30799 0.165207 0.1)
(-1.31528 0.124295 0.1)
(-1.32051 0.0830496 0.1)
(-1.32365 0.0415824 0.1)
(-1.3247 3.769e-06 0.1)
(-1.32365 -0.0415749 0.1)
(-1.32051 -0.0830424 0.1)
(-1.31529 -0.124288 0.1)
(-1.308 -0.1652 0.1)
(-1.29866 -0.205671 0.1)
(-1.28732 -0.245593 0.1)
(-1.27399 -0.28486 0.1)
(-1.25873 -0.323368 0.1)
(-1.24158 -0.361016 0.1)
(-1.22261 -0.397708 0.1)
(-1.20186 -0.433349 0.1)
(-1.17941 -0.467849 0.1)
(-1.15533 -0.501125 0.1)
(-1.12971 -0.533096 0.1)
(-1.10261 -0.56369 0.1)
(-1.07415 -0.592839 0.1)
(-1.0444 -0.620486 0.1)
(-1.01346 -0.64658 0.1)
(-0.981434 -0.671079 0.1)
(-0.948425 -0.693951 0.1)
(-0.914532 -0.715176 0.1)
(-0.879857 -0.734743 0.1)
(-0.844498 -0.752656 0.1)
(-0.808551 -0.768929 0.1)
(-0.772105 -0.783593 0.1)
(-0.735244 -0.796689 0.1)
(-0.698044 -0.808275 0.1)
(-0.660573 -0.818425 0.1)
(-0.622891 -0.827226 0.1)
(-0.585057 -0.834779 0.1)
(-0.547123 -0.841198 0.1)
(-0.509143 -0.846605 0.1)
(-0.471171 -0.851127 0.1)
(-0.433258 -0.854885 0.1)
(-0.395451 -0.857996 0.1)
(-0.357789 -0.860563 0.1)
(-0.3203 -0.862677 0.1)
(-0.283002 -0.864418 0.1)
(-0.245905 -0.86585 0.1)
(-0.209014 -0.867029 0.1)
(-0.172325 -0.868 0.1)
(-0.135832 -0.868801 0.1)
(-0.0995276 -0.869461 0.1)
(-0.0633997 -0.870007 0.1)
(-0.0274372 -0.870458 0.1)
(0.00837218 -0.870832 0.1)
(0.0440407 -0.87114 0.1)
(0.0795807 -0.871396 0.1)
(0.115004 -0.871607 0.1)
(0.150322 -0.871781 0.1)
(0.185547 -0.871924 0.1)
(0.220688 -0.872042 0.1)
(0.255757 -0.872137 0.1)
(0.290763 -0.872214 0.1)
(0.325716 -0.872274 0.1)
(0.360625 -0.87232 0.1)
(0.395499 -0.872354 0.1)
(0.430347 -0.872376 0.1)
(0.465178 -0.872387 0.1)
(0.5 -0.872388 0.1)
(0.5 0.891671 0.1)
(0.465133 0.89167 0.1)
(0.430258 0.891659 0.1)
(0.395365 0.891636 0.1)
(0.360444 0.891602 0.1)
(0.325488 0.891554 0.1)
(0.290486 0.891492 0.1)
(0.255429 0.891414 0.1)
(0.220307 0.891316 0.1)
(0.185109 0.891196 0.1)
(0.149825 0.891049 0.1)
(0.114443 0.89087 0.1)
(0.0789517 0.890654 0.1)
(0.0433386 0.890392 0.1)
(0.00759092 0.890075 0.1)
(-0.0283044 0.889692 0.1)
(-0.0643607 0.889229 0.1)
(-0.100591 0.888669 0.1)
(-0.13701 0.88799 0.1)
(-0.173628 0.887168 0.1)
(-0.210457 0.886171 0.1)
(-0.247505 0.884959 0.1)
(-0.284778 0.883488 0.1)
(-0.322276 0.881699 0.1)
(-0.359993 0.879525 0.1)
(-0.397914 0.876886 0.1)
(-0.436017 0.873689 0.1)
(-0.474266 0.869826 0.1)
(-0.51262 0.865182 0.1)
(-0.551029 0.859631 0.1)
(-0.589439 0.853048 0.1)
(-0.627795 0.845308 0.1)
(-0.666037 0.836296 0.1)
(-0.704104 0.825909 0.1)
(-0.741927 0.814057 0.1)
(-0.779432 0.800666 0.1)
(-0.816536 0.785677 0.1)
(-0.853151 0.769045 0.1)
(-0.889181 0.75074 0.1)
(-0.924526 0.730746 0.1)
(-0.959084 0.70906 0.1)
(-0.992749 0.685691 0.1)
(-1.02542 0.660661 0.1)
(-1.05698 0.634002 0.1)
(-1.08734 0.605756 0.1)
(-1.11639 0.575974 0.1)
(-1.14404 0.544717 0.1)
(-1.1702 0.512052 0.1)
(-1.19478 0.478054 0.1)
(-1.2177 0.442804 0.1)
(-1.23888 0.406389 0.1)
(-1.25826 0.368899 0.1)
(-1.27577 0.330431 0.1)
(-1.29135 0.291084 0.1)
(-1.30496 0.250961 0.1)
(-1.31655 0.210169 0.1)
(-1.32608 0.168815 0.1)
(-1.33353 0.12701 0.1)
(-1.33886 0.0848639 0.1)
(-1.34207 0.0424909 0.1)
(-1.34314 4.01186e-06 0.1)
(-1.34207 -0.042483 0.1)
(-1.33886 -0.0848562 0.1)
(-1.33353 -0.127002 0.1)
(-1.32608 -0.168808 0.1)
(-1.31655 -0.210163 0.1)
(-1.30496 -0.250956 0.1)
(-1.29136 -0.291079 0.1)
(-1.27577 -0.330426 0.1)
(-1.25826 -0.368895 0.1)
(-1.23889 -0.406385 0.1)
(-1.2177 -0.442801 0.1)
(-1.19478 -0.478051 0.1)
(-1.1702 -0.51205 0.1)
(-1.14405 -0.544715 0.1)
(-1.11639 -0.575972 0.1)
(-1.08734 -0.605754 0.1)
(-1.05698 -0.634001 0.1)
(-1.02542 -0.66066 0.1)
(-0.99275 -0.68569 0.1)
(-0.959085 -0.709059 0.1)
(-0.924527 -0.730745 0.1)
(-0.889182 -0.75074 0.1)
(-0.853152 -0.769045 0.1)
(-0.816537 -0.785677 0.1)
(-0.779433 -0.800666 0.1)
(-0.741928 -0.814057 0.1)
(-0.704105 -0.825909 0.1)
(-0.666038 -0.836296 0.1)
(-0.627796 -0.845308 0.1)
(-0.58944 -0.853048 0.1)
(-0.551029 -0.859631 0.1)
(-0.51262 -0.865182 0.1)
(-0.474266 -0.869826 0.1)
(-0.436017 -0.873689 0.1)
(-0.397915 -0.876886 0.1)
(-0.359993 -0.879525 0.1)
(-0.322276 -0.881699 0.1)
(-0.284778 -0.883488 0.1)
(-0.247505 -0.884959 0.1)
(-0.210457 -0.886171 0.1)
(-0.173628 -0.887168 0.1)
(-0.13701 -0.88799 0.1)
(-0.100591 -0.888669 0.1)
(-0.0643608 -0.889229 0.1)
(-0.0283044 -0.889692 0.1)
(0.00759086 -0.890075 0.1)
(0.0433385 -0.890392 0.1)
(0.0789516 -0.890654 0.1)
(0.114443 -0.89087 0.1)
(0.149825 -0.891049 0.1)
(0.185109 -0.891196 0.1)
(0.220307 -0.891316 0.1)
(0.255429 -0.891414 0.1)
(0.290486 -0.891492 0.1)
(0.325488 -0.891554 0.1)
(0.360444 -0.891602 0.1)
(0.395365 -0.891636 0.1)
(0.430258 -0.891659 0.1)
(0.465133 -0.89167 0.1)
(0.5 -0.891671 0.1)
(0.5 0.911023 0.1)
(0.46509 0.911022 0.1)
(0.430171 0.91101 0.1)
(0.395233 0.910987 0.1)
(0.360267 0.910952 0.1)
(0.325264 0.910904 0.1)
(0.290214 0.910841 0.1)
(0.255107 0.910761 0.1)
(0.219932 0.910661 0.1)
(0.184679 0.910538 0.1)
(0.149336 0.910388 0.1)
(0.113891 0.910206 0.1)
(0.0783328 0.909985 0.1)
(0.0426473 0.909717 0.1)
(0.00682135 0.909393 0.1)
(-0.0291591 0.909002 0.1)
(-0.0653086 0.908529 0.1)
(-0.101642 0.907956 0.1)
(-0.138173 0.907263 0.1)
(-0.174917 0.906422 0.1)
(-0.211887 0.905401 0.1)
(-0.249093 0.904162 0.1)
(-0.286545 0.902655 0.1)
(-0.324245 0.900824 0.1)
(-0.362193 0.898598 0.1)
(-0.400378 0.895894 0.1)
(-0.438782 0.892618 0.1)
(-0.477374 0.888661 0.1)
(-0.516117 0.883903 0.1)
(-0.554963 0.878218 0.1)
(-0.593858 0.871479 0.1)
(-0.632742 0.863559 0.1)
(-0.671553 0.854343 0.1)
(-0.710223 0.843723 0.1)
(-0.748677 0.83161 0.1)
(-0.786834 0.817926 0.1)
(-0.824605 0.802612 0.1)
(-0.861896 0.78562 0.1)
(-0.898606 0.766921 0.1)
(-0.934631 0.746498 0.1)
(-0.969863 0.724346 0.1)
(-1.00419 0.700477 0.1)
(-1.03751 0.67491 0.1)
(-1.06971 0.647679 0.1)
(-1.10068 0.618827 0.1)
(-1.13033 0.588406 0.1)
(-1.15855 0.556477 0.1)
(-1.18525 0.52311 0.1)
(-1.21034 0.488381 0.1)
(-1.23373 0.452372 0.1)
(-1.25536 0.415171 0.1)
(-1.27514 0.376873 0.1)
(-1.29302 0.337575 0.1)
(-1.30893 0.297379 0.1)
(-1.32282 0.25639 0.1)
(-1.33465 0.214716 0.1)
(-1.34439 0.172468 0.1)
(-1.35199 0.129758 0.1)
(-1.35744 0.0867004 0.1)
(-1.36071 0.0434105 0.1)
(-1.3618 4.26377e-06 0.1)
(-1.36071 -0.0434021 0.1)
(-1.35744 -0.0866922 0.1)
(-1.35199 -0.12975 0.1)
(-1.34439 -0.17246 0.1)
(-1.33465 -0.214709 0.1)
(-1.32282 -0.256383 0.1)
(-1.30893 -0.297373 0.1)
(-1.29302 -0.33757 0.1)
(-1.27514 -0.376869 0.1)
(-1.25536 -0.415167 0.1)
(-1.23373 -0.452368 0.1)
(-1.21034 -0.488378 0.1)
(-1.18525 -0.523107 0.1)
(-1.15855 -0.556475 0.1)
(-1.13033 -0.588404 0.1)
(-1.10069 -0.618825 0.1)
(-1.06971 -0.647677 0.1)
(-1.03751 -0.674909 0.1)
(-1.00419 -0.700476 0.1)
(-0.969864 -0.724346 0.1)
(-0.934632 -0.746497 0.1)
(-0.898607 -0.766921 0.1)
(-0.861897 -0.78562 0.1)
(-0.824606 -0.802611 0.1)
(-0.786834 -0.817926 0.1)
(-0.748678 -0.831609 0.1)
(-0.710224 -0.843723 0.1)
(-0.671554 -0.854342 0.1)
(-0.632743 -0.863559 0.1)
(-0.593858 -0.871479 0.1)
(-0.554964 -0.878218 0.1)
(-0.516118 -0.883903 0.1)
(-0.477375 -0.888661 0.1)
(-0.438782 -0.892618 0.1)
(-0.400378 -0.895894 0.1)
(-0.362193 -0.898598 0.1)
(-0.324246 -0.900824 0.1)
(-0.286545 -0.902655 0.1)
(-0.249093 -0.904162 0.1)
(-0.211887 -0.905401 0.1)
(-0.174917 -0.906422 0.1)
(-0.138173 -0.907263 0.1)
(-0.101642 -0.907956 0.1)
(-0.0653087 -0.908529 0.1)
(-0.0291592 -0.909002 0.1)
(0.00682128 -0.909393 0.1)
(0.0426472 -0.909717 0.1)
(0.0783327 -0.909985 0.1)
(0.113891 -0.910206 0.1)
(0.149336 -0.910388 0.1)
(0.184679 -0.910538 0.1)
(0.219932 -0.910661 0.1)
(0.255107 -0.910761 0.1)
(0.290214 -0.910841 0.1)
(0.325264 -0.910904 0.1)
(0.360267 -0.910952 0.1)
(0.395233 -0.910987 0.1)
(0.430171 -0.91101 0.1)
(0.46509 -0.911022 0.1)
(0.5 -0.911023 0.1)
(0.5 0.930432 0.1)
(0.465047 0.930431 0.1)
(0.430085 0.930419 0.1)
(0.395104 0.930396 0.1)
(0.360094 0.93036 0.1)
(0.325045 0.930311 0.1)
(0.289948 0.930247 0.1)
(0.254791 0.930166 0.1)
(0.219565 0.930064 0.1)
(0.184257 0.929939 0.1)
(0.148856 0.929787 0.1)
(0.11335 0.929601 0.1)
(0.0777251 0.929376 0.1)
(0.0419682 0.929104 0.1)
(0.00606493 0.928775 0.1)
(-0.0299999 0.928377 0.1)
(-0.0662417 0.927895 0.1)
(-0.102677 0.927312 0.1)
(-0.139321 0.926606 0.1)
(-0.17619 0.925749 0.1)
(-0.213301 0.924709 0.1)
(-0.250666 0.923446 0.1)
(-0.288297 0.92191 0.1)
(-0.326202 0.920042 0.1)
(-0.364384 0.91777 0.1)
(-0.402837 0.91501 0.1)
(-0.441547 0.911663 0.1)
(-0.480489 0.90762 0.1)
(-0.519628 0.902758 0.1)
(-0.558918 0.896949 0.1)
(-0.598304 0.890063 0.1)
(-0.637725 0.881971 0.1)
(-0.677113 0.872556 0.1)
(-0.716393 0.861709 0.1)
(-0.755486 0.849337 0.1)
(-0.794303 0.835363 0.1)
(-0.832749 0.819724 0.1)
(-0.870725 0.802373 0.1)
(-0.908124 0.783279 0.1)
(-0.944837 0.762423 0.1)
(-0.980752 0.739803 0.1)
(-1.01576 0.715428 0.1)
(-1.04973 0.689319 0.1)
(-1.08258 0.661511 0.1)
(-1.11417 0.632046 0.1)
(-1.14442 0.600979 0.1)
(-1.17322 0.568371 0.1)
(-1.20046 0.534294 0.1)
(-1.22606 0.498825 0.1)
(-1.24994 0.462049 0.1)
(-1.27201 0.424055 0.1)
(-1.29221 0.384939 0.1)
(-1.31045 0.344802 0.1)
(-1.32669 0.303746 0.1)
(-1.34088 0.26188 0.1)
(-1.35296 0.219315 0.1)
(-1.36289 0.176162 0.1)
(-1.37066 0.132538 0.1)
(-1.37622 0.0885579 0.1)
(-1.37956 0.0443407 0.1)
(-1.38068 4.52555e-06 0.1)
(-1.37956 -0.0443318 0.1)
(-1.37622 -0.0885492 0.1)
(-1.37066 -0.132529 0.1)
(-1.3629 -0.176154 0.1)
(-1.35296 -0.219307 0.1)
(-1.34088 -0.261874 0.1)
(-1.3267 -0.30374 0.1)
(-1.31045 -0.344796 0.1)
(-1.29221 -0.384935 0.1)
(-1.27202 -0.424051 0.1)
(-1.24994 -0.462045 0.1)
(-1.22607 -0.498822 0.1)
(-1.20046 -0.534292 0.1)
(-1.17322 -0.568369 0.1)
(-1.14442 -0.600977 0.1)
(-1.11418 -0.632044 0.1)
(-1.08258 -0.661509 0.1)
(-1.04974 -0.689318 0.1)
(-1.01576 -0.715427 0.1)
(-0.980754 -0.739802 0.1)
(-0.944839 -0.762422 0.1)
(-0.908126 -0.783278 0.1)
(-0.870726 -0.802373 0.1)
(-0.83275 -0.819724 0.1)
(-0.794304 -0.835363 0.1)
(-0.755487 -0.849337 0.1)
(-0.716394 -0.861708 0.1)
(-0.677113 -0.872555 0.1)
(-0.637725 -0.881971 0.1)
(-0.598304 -0.890063 0.1)
(-0.558918 -0.896949 0.1)
(-0.519629 -0.902758 0.1)
(-0.48049 -0.90762 0.1)
(-0.441547 -0.911663 0.1)
(-0.402837 -0.91501 0.1)
(-0.364384 -0.91777 0.1)
(-0.326203 -0.920042 0.1)
(-0.288297 -0.92191 0.1)
(-0.250666 -0.923446 0.1)
(-0.213301 -0.924709 0.1)
(-0.176191 -0.925749 0.1)
(-0.139321 -0.926606 0.1)
(-0.102677 -0.927312 0.1)
(-0.0662418 -0.927895 0.1)
(-0.03 -0.928377 0.1)
(0.00606485 -0.928775 0.1)
(0.0419682 -0.929104 0.1)
(0.077725 -0.929376 0.1)
(0.11335 -0.929601 0.1)
(0.148856 -0.929787 0.1)
(0.184257 -0.929939 0.1)
(0.219565 -0.930064 0.1)
(0.254791 -0.930166 0.1)
(0.289948 -0.930247 0.1)
(0.325045 -0.930311 0.1)
(0.360094 -0.93036 0.1)
(0.395104 -0.930396 0.1)
(0.430085 -0.930419 0.1)
(0.465047 -0.930431 0.1)
(0.5 -0.930432 0.1)
(0.5 0.949889 0.1)
(0.465006 0.949888 0.1)
(0.430001 0.949876 0.1)
(0.394978 0.949852 0.1)
(0.359924 0.949816 0.1)
(0.324831 0.949766 0.1)
(0.289687 0.949701 0.1)
(0.254482 0.949619 0.1)
(0.219205 0.949516 0.1)
(0.183844 0.949389 0.1)
(0.148386 0.949235 0.1)
(0.112819 0.949047 0.1)
(0.0771296 0.948819 0.1)
(0.0413025 0.948543 0.1)
(0.00532296 0.94821 0.1)
(-0.0308251 0.947806 0.1)
(-0.0671583 0.947318 0.1)
(-0.103694 0.946727 0.1)
(-0.14045 0.94601 0.1)
(-0.177445 0.945141 0.1)
(-0.214696 0.944086 0.1)
(-0.25222 0.942803 0.1)
(-0.290032 0.941243 0.1)
(-0.328143 0.939344 0.1)
(-0.366562 0.937033 0.1)
(-0.405286 0.934224 0.1)
(-0.444307 0.930817 0.1)
(-0.483604 0.926697 0.1)
(-0.523146 0.921741 0.1)
(-0.562887 0.915816 0.1)
(-0.602772 0.908791 0.1)
(-0.642736 0.900535 0.1)
(-0.682709 0.890927 0.1)
(-0.722608 0.879858 0.1)
(-0.762348 0.867232 0.1)
(-0.801833 0.852969 0.1)
(-0.840964 0.837007 0.1)
(-0.879634 0.819296 0.1)
(-0.91773 0.799804 0.1)
(-0.95514 0.778514 0.1)
(-0.991746 0.755422 0.1)
(-1.02743 0.730538 0.1)
(-1.06208 0.703883 0.1)
(-1.09557 0.675491 0.1)
(-1.1278 0.645408 0.1)
(-1.15866 0.613688 0.1)
(-1.18803 0.580395 0.1)
(-1.21583 0.5456 0.1)
(-1.24195 0.509384 0.1)
(-1.26632 0.471831 0.1)
(-1.28884 0.433035 0.1)
(-1.30945 0.393093 0.1)
(-1.32807 0.352107 0.1)
(-1.34465 0.310183 0.1)
(-1.35913 0.267431 0.1)
(-1.37146 0.223964 0.1)
(-1.3816 0.179897 0.1)
(-1.38952 0.135348 0.1)
(-1.3952 0.0904357 0.1)
(-1.39861 0.0452811 0.1)
(-1.39975 4.80071e-06 0.1)
(-1.39861 -0.0452716 0.1)
(-1.3952 -0.0904265 0.1)
(-1.38952 -0.135339 0.1)
(-1.3816 -0.179889 0.1)
(-1.37146 -0.223956 0.1)
(-1.35913 -0.267424 0.1)
(-1.34465 -0.310177 0.1)
(-1.32808 -0.352101 0.1)
(-1.30945 -0.393088 0.1)
(-1.28885 -0.433031 0.1)
(-1.26632 -0.471828 0.1)
(-1.24196 -0.50938 0.1)
(-1.21583 -0.545597 0.1)
(-1.18803 -0.580392 0.1)
(-1.15866 -0.613686 0.1)
(-1.1278 -0.645406 0.1)
(-1.09557 -0.67549 0.1)
(-1.06208 -0.703881 0.1)
(-1.02743 -0.730536 0.1)
(-0.991748 -0.755421 0.1)
(-0.955142 -0.778514 0.1)
(-0.917732 -0.799804 0.1)
(-0.879635 -0.819295 0.1)
(-0.840965 -0.837006 0.1)
(-0.801834 -0.852969 0.1)
(-0.762349 -0.867231 0.1)
(-0.722609 -0.879858 0.1)
(-0.682709 -0.890927 0.1)
(-0.642737 -0.900535 0.1)
(-0.602772 -0.908791 0.1)
(-0.562887 -0.915816 0.1)
(-0.523146 -0.921741 0.1)
(-0.483605 -0.926697 0.1)
(-0.444307 -0.930817 0.1)
(-0.405286 -0.934224 0.1)
(-0.366562 -0.937033 0.1)
(-0.328144 -0.939344 0.1)
(-0.290032 -0.941243 0.1)
(-0.25222 -0.942803 0.1)
(-0.214696 -0.944086 0.1)
(-0.177445 -0.945141 0.1)
(-0.14045 -0.94601 0.1)
(-0.103694 -0.946727 0.1)
(-0.0671584 -0.947318 0.1)
(-0.0308252 -0.947806 0.1)
(0.00532288 -0.94821 0.1)
(0.0413025 -0.948543 0.1)
(0.0771295 -0.948819 0.1)
(0.112819 -0.949047 0.1)
(0.148386 -0.949235 0.1)
(0.183844 -0.949389 0.1)
(0.219205 -0.949516 0.1)
(0.254482 -0.949619 0.1)
(0.289687 -0.949701 0.1)
(0.324831 -0.949766 0.1)
(0.359924 -0.949816 0.1)
(0.394978 -0.949852 0.1)
(0.430001 -0.949876 0.1)
(0.465006 -0.949888 0.1)
(0.5 -0.949889 0.1)
(0.5 0.969384 0.1)
(0.464965 0.969383 0.1)
(0.42992 0.969371 0.1)
(0.394854 0.969347 0.1)
(0.359758 0.969311 0.1)
(0.324621 0.969261 0.1)
(0.289432 0.969195 0.1)
(0.25418 0.969112 0.1)
(0.218854 0.969008 0.1)
(0.18344 0.96888 0.1)
(0.147927 0.968725 0.1)
(0.112301 0.968535 0.1)
(0.0765473 0.968305 0.1)
(0.0406512 0.968027 0.1)
(0.00459666 0.96769 0.1)
(-0.0316334 0.967282 0.1)
(-0.0680568 0.966789 0.1)
(-0.104692 0.966192 0.1)
(-0.141559 0.965468 0.1)
(-0.178678 0.96459 0.1)
(-0.216069 0.963523 0.1)
(-0.253752 0.962225 0.1)
(-0.291745 0.960645 0.1)
(-0.330064 0.958722 0.1)
(-0.368721 0.95638 0.1)
(-0.40772 0.953531 0.1)
(-0.447056 0.950071 0.1)
(-0.486714 0.945884 0.1)
(-0.526664 0.940843 0.1)
(-0.566863 0.934813 0.1)
(-0.607254 0.927658 0.1)
(-0.647771 0.919245 0.1)
(-0.688336 0.909451 0.1)
(-0.728862 0.898164 0.1)
(-0.769257 0.885287 0.1)
(-0.80942 0.870738 0.1)
(-0.849243 0.854453 0.1)
(-0.888615 0.836382 0.1)
(-0.927418 0.816493 0.1)
(-0.965534 0.794766 0.1)
(-1.00284 0.771199 0.1)
(-1.03921 0.745801 0.1)
(-1.07454 0.718595 0.1)
(-1.10869 0.689615 0.1)
(-1.14156 0.658908 0.1)
(-1.17303 0.626529 0.1)
(-1.20299 0.592543 0.1)
(-1.23135 0.557023 0.1)
(-1.258 0.520052 0.1)
(-1.28286 0.481715 0.1)
(-1.30584 0.442109 0.1)
(-1.32687 0.401332 0.1)
(-1.34587 0.359488 0.1)
(-1.36279 0.316686 0.1)
(-1.37756 0.273039 0.1)
(-1.39014 0.228661 0.1)
(-1.40049 0.18367 0.1)
(-1.40858 0.138187 0.1)
(-1.41437 0.0923332 0.1)
(-1.41786 0.0462312 0.1)
(-1.41902 5.09879e-06 0.1)
(-1.41786 -0.0462211 0.1)
(-1.41437 -0.0923233 0.1)
(-1.40858 -0.138178 0.1)
(-1.40049 -0.183662 0.1)
(-1.39014 -0.228653 0.1)
(-1.37756 -0.273032 0.1)
(-1.36279 -0.31668 0.1)
(-1.34587 -0.359482 0.1)
(-1.32687 -0.401327 0.1)
(-1.30584 -0.442105 0.1)
(-1.28286 -0.481712 0.1)
(-1.258 -0.520048 0.1)
(-1.23135 -0.55702 0.1)
(-1.20299 -0.59254 0.1)
(-1.17303 -0.626527 0.1)
(-1.14156 -0.658906 0.1)
(-1.10869 -0.689614 0.1)
(-1.07454 -0.718593 0.1)
(-1.03922 -0.7458 0.1)
(-1.00284 -0.771198 0.1)
(-0.965535 -0.794765 0.1)
(-0.92742 -0.816492 0.1)
(-0.888616 -0.836382 0.1)
(-0.849245 -0.854453 0.1)
(-0.809421 -0.870738 0.1)
(-0.769258 -0.885287 0.1)
(-0.728863 -0.898164 0.1)
(-0.688336 -0.909451 0.1)
(-0.647772 -0.919245 0.1)
(-0.607255 -0.927658 0.1)
(-0.566863 -0.934813 0.1)
(-0.526664 -0.940843 0.1)
(-0.486714 -0.945884 0.1)
(-0.447056 -0.950071 0.1)
(-0.40772 -0.953531 0.1)
(-0.368721 -0.95638 0.1)
(-0.330065 -0.958722 0.1)
(-0.291745 -0.960645 0.1)
(-0.253752 -0.962225 0.1)
(-0.21607 -0.963523 0.1)
(-0.178679 -0.96459 0.1)
(-0.14156 -0.965468 0.1)
(-0.104692 -0.966192 0.1)
(-0.0680569 -0.966789 0.1)
(-0.0316335 -0.967282 0.1)
(0.00459659 -0.96769 0.1)
(0.0406512 -0.968027 0.1)
(0.0765473 -0.968305 0.1)
(0.112301 -0.968535 0.1)
(0.147927 -0.968725 0.1)
(0.18344 -0.96888 0.1)
(0.218854 -0.969008 0.1)
(0.25418 -0.969112 0.1)
(0.289432 -0.969195 0.1)
(0.324621 -0.969261 0.1)
(0.359758 -0.969311 0.1)
(0.394854 -0.969347 0.1)
(0.42992 -0.969371 0.1)
(0.464965 -0.969383 0.1)
(0.5 -0.969384 0.1)
(0.5 0.988911 0.1)
(0.464925 0.988911 0.1)
(0.42984 0.988899 0.1)
(0.394734 0.988875 0.1)
(0.359597 0.988838 0.1)
(0.324417 0.988788 0.1)
(0.289184 0.988722 0.1)
(0.253886 0.988638 0.1)
(0.218511 0.988534 0.1)
(0.183047 0.988406 0.1)
(0.147479 0.988249 0.1)
(0.111795 0.988058 0.1)
(0.0759791 0.987827 0.1)
(0.0400154 0.987547 0.1)
(0.00388718 0.987209 0.1)
(-0.0324235 0.986799 0.1)
(-0.0689357 0.986303 0.1)
(-0.10567 0.985702 0.1)
(-0.142647 0.984973 0.1)
(-0.179889 0.984089 0.1)
(-0.217419 0.983014 0.1)
(-0.25526 0.981706 0.1)
(-0.293434 0.980113 0.1)
(-0.331961 0.978171 0.1)
(-0.370858 0.975805 0.1)
(-0.410134 0.972924 0.1)
(-0.449789 0.969421 0.1)
(-0.489812 0.965177 0.1)
(-0.530177 0.960061 0.1)
(-0.570841 0.953934 0.1)
(-0.611746 0.946658 0.1)
(-0.652823 0.938096 0.1)
(-0.693988 0.928122 0.1)
(-0.73515 0.916623 0.1)
(-0.776209 0.903498 0.1)
(-0.817058 0.888666 0.1)
(-0.857583 0.872059 0.1)
(-0.897665 0.853628 0.1)
(-0.937183 0.833339 0.1)
(-0.976013 0.811173 0.1)
(-1.01403 0.787128 0.1)
(-1.0511 0.761213 0.1)
(-1.08711 0.733451 0.1)
(-1.12193 0.703878 0.1)
(-1.15544 0.672542 0.1)
(-1.18753 0.639497 0.1)
(-1.21809 0.604812 0.1)
(-1.24701 0.568561 0.1)
(-1.2742 0.530826 0.1)
(-1.29956 0.491698 0.1)
(-1.323 0.451273 0.1)
(-1.34445 0.409653 0.1)
(-1.36384 0.366943 0.1)
(-1.3811 0.323255 0.1)
(-1.39617 0.278703 0.1)
(-1.40901 0.233406 0.1)
(-1.41957 0.187482 0.1)
(-1.42782 0.141055 0.1)
(-1.43373 0.0942497 0.1)
(-1.43728 0.047191 0.1)
(-1.43847 5.4298e-06 0.1)
(-1.43728 -0.0471802 0.1)
(-1.43373 -0.0942392 0.1)
(-1.42782 -0.141045 0.1)
(-1.41957 -0.187473 0.1)
(-1.40901 -0.233397 0.1)
(-1.39617 -0.278696 0.1)
(-1.3811 -0.323248 0.1)
(-1.36384 -0.366937 0.1)
(-1.34445 -0.409648 0.1)
(-1.323 -0.451269 0.1)
(-1.29956 -0.491694 0.1)
(-1.2742 -0.530822 0.1)
(-1.24702 -0.568557 0.1)
(-1.21809 -0.604809 0.1)
(-1.18753 -0.639495 0.1)
(-1.15544 -0.67254 0.1)
(-1.12193 -0.703877 0.1)
(-1.08711 -0.73345 0.1)
(-1.0511 -0.761212 0.1)
(-1.01403 -0.787127 0.1)
(-0.976014 -0.811172 0.1)
(-0.937185 -0.833338 0.1)
(-0.897666 -0.853627 0.1)
(-0.857584 -0.872058 0.1)
(-0.817059 -0.888665 0.1)
(-0.77621 -0.903498 0.1)
(-0.735151 -0.916622 0.1)
(-0.693989 -0.928122 0.1)
(-0.652824 -0.938096 0.1)
(-0.611747 -0.946658 0.1)
(-0.570841 -0.953934 0.1)
(-0.530178 -0.960061 0.1)
(-0.489813 -0.965177 0.1)
(-0.449789 -0.969421 0.1)
(-0.410134 -0.972924 0.1)
(-0.370858 -0.975805 0.1)
(-0.331962 -0.978171 0.1)
(-0.293434 -0.980113 0.1)
(-0.25526 -0.981706 0.1)
(-0.217419 -0.983014 0.1)
(-0.179889 -0.984089 0.1)
(-0.142647 -0.984973 0.1)
(-0.10567 -0.985702 0.1)
(-0.0689358 -0.986303 0.1)
(-0.0324236 -0.986799 0.1)
(0.00388709 -0.987209 0.1)
(0.0400153 -0.987547 0.1)
(0.075979 -0.987827 0.1)
(0.111795 -0.988058 0.1)
(0.147479 -0.988249 0.1)
(0.183047 -0.988406 0.1)
(0.218511 -0.988534 0.1)
(0.253886 -0.988638 0.1)
(0.289184 -0.988722 0.1)
(0.324417 -0.988788 0.1)
(0.359597 -0.988838 0.1)
(0.394734 -0.988875 0.1)
(0.42984 -0.988899 0.1)
(0.464925 -0.988911 0.1)
(0.5 -0.988911 0.1)
(0.5 1.00847 0.1)
(0.464887 1.00846 0.1)
(0.429763 1.00845 0.1)
(0.394618 1.00843 0.1)
(0.35944 1.00839 0.1)
(0.324219 1.00834 0.1)
(0.288943 1.00828 0.1)
(0.253601 1.00819 0.1)
(0.218178 1.00809 0.1)
(0.182664 1.00796 0.1)
(0.147044 1.0078 0.1)
(0.111303 1.00761 0.1)
(0.0754257 1.00738 0.1)
(0.0393959 1.0071 0.1)
(0.00319557 1.00676 0.1)
(-0.0331941 1.00635 0.1)
(-0.0697936 1.00585 0.1)
(-0.106624 1.00525 0.1)
(-0.14371 1.00452 0.1)
(-0.181074 1.00363 0.1)
(-0.218742 1.00255 0.1)
(-0.256741 1.00124 0.1)
(-0.295095 0.999639 0.1)
(-0.333831 0.997687 0.1)
(-0.372968 0.995304 0.1)
(-0.412523 0.992399 0.1)
(-0.452501 0.988862 0.1)
(-0.492894 0.984571 0.1)
(-0.533679 0.979389 0.1)
(-0.574815 0.973176 0.1)
(-0.616242 0.965787 0.1)
(-0.657887 0.957084 0.1)
(-0.699661 0.946936 0.1)
(-0.741467 0.935229 0.1)
(-0.783199 0.921861 0.1)
(-0.824742 0.906747 0.1)
(-0.865977 0.889819 0.1)
(-0.906779 0.871028 0.1)
(-0.947021 0.850338 0.1)
(-0.986573 0.827732 0.1)
(-1.0253 0.803206 0.1)
(-1.06308 0.77677 0.1)
(-1.09978 0.748448 0.1)
(-1.13528 0.718277 0.1)
(-1.16945 0.686305 0.1)
(-1.20216 0.652589 0.1)
(-1.23333 0.617198 0.1)
(-1.26282 0.580208 0.1)
(-1.29054 0.541704 0.1)
(-1.31641 0.501777 0.1)
(-1.34032 0.460526 0.1)
(-1.3622 0.418054 0.1)
(-1.38197 0.37447 0.1)
(-1.39957 0.329887 0.1)
(-1.41495 0.284422 0.1)
(-1.42804 0.238196 0.1)
(-1.43882 0.19133 0.1)
(-1.44723 0.143951 0.1)
(-1.45326 0.0961846 0.1)
(-1.45689 0.04816 0.1)
(-1.4581 5.79227e-06 0.1)
(-1.45689 -0.0481485 0.1)
(-1.45327 -0.0961735 0.1)
(-1.44724 -0.14394 0.1)
(-1.43882 -0.19132 0.1)
(-1.42805 -0.238187 0.1)
(-1.41495 -0.284414 0.1)
(-1.39958 -0.32988 0.1)
(-1.38197 -0.374464 0.1)
(-1.3622 -0.418049 0.1)
(-1.34032 -0.460521 0.1)
(-1.31641 -0.501773 0.1)
(-1.29055 -0.5417 0.1)
(-1.26282 -0.580205 0.1)
(-1.23333 -0.617196 0.1)
(-1.20217 -0.652587 0.1)
(-1.16945 -0.686303 0.1)
(-1.13528 -0.718276 0.1)
(-1.09979 -0.748447 0.1)
(-1.06309 -0.776768 0.1)
(-1.02531 -0.803204 0.1)
(-0.986575 -0.827731 0.1)
(-0.947023 -0.850337 0.1)
(-0.906781 -0.871027 0.1)
(-0.865978 -0.889819 0.1)
(-0.824743 -0.906746 0.1)
(-0.7832 -0.92186 0.1)
(-0.741468 -0.935229 0.1)
(-0.699662 -0.946936 0.1)
(-0.657887 -0.957083 0.1)
(-0.616243 -0.965787 0.1)
(-0.574816 -0.973176 0.1)
(-0.53368 -0.979389 0.1)
(-0.492894 -0.984571 0.1)
(-0.452501 -0.988862 0.1)
(-0.412523 -0.992399 0.1)
(-0.372969 -0.995304 0.1)
(-0.333831 -0.997687 0.1)
(-0.295096 -0.999639 0.1)
(-0.256741 -1.00124 0.1)
(-0.218742 -1.00255 0.1)
(-0.181074 -1.00363 0.1)
(-0.14371 -1.00452 0.1)
(-0.106625 -1.00525 0.1)
(-0.0697937 -1.00585 0.1)
(-0.0331942 -1.00635 0.1)
(0.00319548 -1.00676 0.1)
(0.0393958 -1.0071 0.1)
(0.0754256 -1.00738 0.1)
(0.111303 -1.00761 0.1)
(0.147044 -1.0078 0.1)
(0.182664 -1.00796 0.1)
(0.218178 -1.00809 0.1)
(0.2536 -1.00819 0.1)
(0.288943 -1.00828 0.1)
(0.324219 -1.00834 0.1)
(0.35944 -1.00839 0.1)
(0.394618 -1.00843 0.1)
(0.429763 -1.00845 0.1)
(0.464887 -1.00846 0.1)
(0.5 -1.00847 0.1)
(0.5 1.02804 0.1)
(0.46485 1.02804 0.1)
(0.429688 1.02803 0.1)
(0.394505 1.028 0.1)
(0.359288 1.02797 0.1)
(0.324027 1.02792 0.1)
(0.288709 1.02785 0.1)
(0.253323 1.02777 0.1)
(0.217855 1.02766 0.1)
(0.182293 1.02754 0.1)
(0.146621 1.02738 0.1)
(0.110825 1.02719 0.1)
(0.074888 1.02696 0.1)
(0.0387936 1.02668 0.1)
(0.00252285 1.02634 0.1)
(-0.0339442 1.02593 0.1)
(-0.0706292 1.02543 0.1)
(-0.107555 1.02483 0.1)
(-0.144747 1.0241 0.1)
(-0.182231 1.02322 0.1)
(-0.220036 1.02214 0.1)
(-0.258191 1.02082 0.1)
(-0.296725 1.01922 0.1)
(-0.335669 1.01726 0.1)
(-0.375048 1.01487 0.1)
(-0.414883 1.01195 0.1)
(-0.455186 1.00839 0.1)
(-0.495954 1.00406 0.1)
(-0.537165 0.998826 0.1)
(-0.57878 0.992535 0.1)
(-0.620737 0.985042 0.1)
(-0.662957 0.976205 0.1)
(-0.70535 0.965891 0.1)
(-0.747809 0.953981 0.1)
(-0.790222 0.940372 0.1)
(-0.832469 0.924978 0.1)
(-0.874423 0.907731 0.1)
(-0.915954 0.888579 0.1)
(-0.956929 0.867488 0.1)
(-0.997211 0.844439 0.1)
(-1.03667 0.819428 0.1)
(-1.07516 0.792468 0.1)
(-1.11256 0.763583 0.1)
(-1.14874 0.732809 0.1)
(-1.18357 0.700196 0.1)
(-1.21692 0.665803 0.1)
(-1.24869 0.6297 0.1)
(-1.27876 0.591964 0.1)
(-1.30703 0.552683 0.1)
(-1.3334 0.51195 0.1)
(-1.35778 0.469865 0.1)
(-1.3801 0.426534 0.1)
(-1.40026 0.382067 0.1)
(-1.41822 0.336581 0.1)
(-1.4339 0.290195 0.1)
(-1.44725 0.24303 0.1)
(-1.45824 0.195214 0.1)
(-1.46682 0.146873 0.1)
(-1.47297 0.0981376 0.1)
(-1.47667 0.049138 0.1)
(-1.47791 6.17311e-06 0.1)
(-1.47667 -0.0491258 0.1)
(-1.47298 -0.098126 0.1)
(-1.46683 -0.146862 0.1)
(-1.45824 -0.195204 0.1)
(-1.44725 -0.243021 0.1)
(-1.4339 -0.290186 0.1)
(-1.41822 -0.336574 0.1)
(-1.40026 -0.382061 0.1)
(-1.3801 -0.426528 0.1)
(-1.35779 -0.46986 0.1)
(-1.3334 -0.511946 0.1)
(-1.30703 -0.55268 0.1)
(-1.27876 -0.591961 0.1)
(-1.24869 -0.629697 0.1)
(-1.21692 -0.665801 0.1)
(-1.18357 -0.700194 0.1)
(-1.14874 -0.732807 0.1)
(-1.11256 -0.763581 0.1)
(-1.07516 -0.792467 0.1)
(-1.03667 -0.819427 0.1)
(-0.997213 -0.844438 0.1)
(-0.95693 -0.867487 0.1)
(-0.915956 -0.888578 0.1)
(-0.874424 -0.90773 0.1)
(-0.83247 -0.924978 0.1)
(-0.790223 -0.940371 0.1)
(-0.74781 -0.95398 0.1)
(-0.70535 -0.96589 0.1)
(-0.662958 -0.976205 0.1)
(-0.620737 -0.985042 0.1)
(-0.57878 -0.992535 0.1)
(-0.537166 -0.998826 0.1)
(-0.495954 -1.00406 0.1)
(-0.455186 -1.00839 0.1)
(-0.414883 -1.01195 0.1)
(-0.375048 -1.01487 0.1)
(-0.335669 -1.01726 0.1)
(-0.296726 -1.01922 0.1)
(-0.258191 -1.02082 0.1)
(-0.220036 -1.02214 0.1)
(-0.182231 -1.02322 0.1)
(-0.144747 -1.0241 0.1)
(-0.107555 -1.02483 0.1)
(-0.0706293 -1.02543 0.1)
(-0.0339443 -1.02593 0.1)
(0.00252277 -1.02634 0.1)
(0.0387935 -1.02668 0.1)
(0.0748879 -1.02696 0.1)
(0.110825 -1.02719 0.1)
(0.146621 -1.02738 0.1)
(0.182293 -1.02754 0.1)
(0.217855 -1.02766 0.1)
(0.253323 -1.02777 0.1)
(0.288709 -1.02785 0.1)
(0.324027 -1.02792 0.1)
(0.359288 -1.02797 0.1)
(0.394505 -1.028 0.1)
(0.429688 -1.02803 0.1)
(0.46485 -1.02804 0.1)
(0.5 -1.02804 0.1)
(0.5 1.04764 0.1)
(0.464813 1.04764 0.1)
(0.429616 1.04762 0.1)
(0.394395 1.0476 0.1)
(0.359141 1.04756 0.1)
(0.323841 1.04751 0.1)
(0.288483 1.04745 0.1)
(0.253055 1.04736 0.1)
(0.217542 1.04726 0.1)
(0.181933 1.04713 0.1)
(0.146211 1.04698 0.1)
(0.110361 1.04679 0.1)
(0.0743666 1.04656 0.1)
(0.0382094 1.04628 0.1)
(0.00186999 1.04595 0.1)
(-0.0346726 1.04554 0.1)
(-0.0714411 1.04504 0.1)
(-0.10846 1.04445 0.1)
(-0.145757 1.04372 0.1)
(-0.183359 1.04284 0.1)
(-0.221299 1.04176 0.1)
(-0.259608 1.04045 0.1)
(-0.298321 1.03885 0.1)
(-0.337472 1.0369 0.1)
(-0.377092 1.03451 0.1)
(-0.417209 1.03158 0.1)
(-0.45784 1.02801 0.1)
(-0.498986 1.02365 0.1)
(-0.54063 1.01837 0.1)
(-0.58273 1.01201 0.1)
(-0.625225 1.00442 0.1)
(-0.66803 0.995457 0.1)
(-0.711049 0.984982 0.1)
(-0.754171 0.972874 0.1)
(-0.797276 0.959028 0.1)
(-0.840235 0.943357 0.1)
(-0.882918 0.925792 0.1)
(-0.925186 0.906279 0.1)
(-0.966902 0.884785 0.1)
(-1.00792 0.861291 0.1)
(-1.04811 0.835794 0.1)
(-1.08733 0.808306 0.1)
(-1.12544 0.778852 0.1)
(-1.16231 0.747471 0.1)
(-1.1978 0.714211 0.1)
(-1.2318 0.679136 0.1)
(-1.26418 0.642314 0.1)
(-1.29483 0.603827 0.1)
(-1.32365 0.563762 0.1)
(-1.35054 0.522215 0.1)
(-1.3754 0.479288 0.1)
(-1.39815 0.43509 0.1)
(-1.41871 0.389733 0.1)
(-1.43702 0.343336 0.1)
(-1.45301 0.296019 0.1)
(-1.46663 0.247909 0.1)
(-1.47783 0.199133 0.1)
(-1.48658 0.149822 0.1)
(-1.49285 0.100108 0.1)
(-1.49663 0.050125 0.1)
(-1.49789 6.55935e-06 0.1)
(-1.49663 -0.0501121 0.1)
(-1.49286 -0.100096 0.1)
(-1.48658 -0.149811 0.1)
(-1.47783 -0.199123 0.1)
(-1.46663 -0.247899 0.1)
(-1.45301 -0.296011 0.1)
(-1.43702 -0.343328 0.1)
(-1.41871 -0.389726 0.1)
(-1.39815 -0.435084 0.1)
(-1.3754 -0.479283 0.1)
(-1.35054 -0.522211 0.1)
(-1.32366 -0.563758 0.1)
(-1.29484 -0.603824 0.1)
(-1.26418 -0.642311 0.1)
(-1.2318 -0.679133 0.1)
(-1.1978 -0.714209 0.1)
(-1.16231 -0.747469 0.1)
(-1.12544 -0.77885 0.1)
(-1.08733 -0.808304 0.1)
(-1.04812 -0.835793 0.1)
(-1.00793 -0.86129 0.1)
(-0.966903 -0.884784 0.1)
(-0.925188 -0.906278 0.1)
(-0.882919 -0.925791 0.1)
(-0.840236 -0.943357 0.1)
(-0.797277 -0.959028 0.1)
(-0.754172 -0.972874 0.1)
(-0.71105 -0.984982 0.1)
(-0.668031 -0.995457 0.1)
(-0.625225 -1.00442 0.1)
(-0.582731 -1.01201 0.1)
(-0.54063 -1.01837 0.1)
(-0.498987 -1.02365 0.1)
(-0.45784 -1.02801 0.1)
(-0.41721 -1.03158 0.1)
(-0.377093 -1.03451 0.1)
(-0.337472 -1.0369 0.1)
(-0.298321 -1.03885 0.1)
(-0.259608 -1.04045 0.1)
(-0.221299 -1.04176 0.1)
(-0.183359 -1.04284 0.1)
(-0.145757 -1.04372 0.1)
(-0.10846 -1.04445 0.1)
(-0.0714412 -1.04504 0.1)
(-0.0346727 -1.04554 0.1)
(0.00186991 -1.04595 0.1)
(0.0382093 -1.04628 0.1)
(0.0743666 -1.04656 0.1)
(0.110361 -1.04679 0.1)
(0.146211 -1.04698 0.1)
(0.181933 -1.04713 0.1)
(0.217542 -1.04726 0.1)
(0.253054 -1.04736 0.1)
(0.288483 -1.04745 0.1)
(0.323841 -1.04751 0.1)
(0.359141 -1.04756 0.1)
(0.394395 -1.0476 0.1)
(0.429616 -1.04762 0.1)
(0.464813 -1.04764 0.1)
(0.5 -1.04764 0.1)
(0.5 1.06725 0.1)
(0.464779 1.06724 0.1)
(0.429546 1.06723 0.1)
(0.39429 1.06721 0.1)
(0.358999 1.06717 0.1)
(0.323661 1.06712 0.1)
(0.288264 1.06706 0.1)
(0.252795 1.06698 0.1)
(0.21724 1.06688 0.1)
(0.181585 1.06675 0.1)
(0.145815 1.0666 0.1)
(0.109913 1.06641 0.1)
(0.0738623 1.06618 0.1)
(0.0376441 1.06591 0.1)
(0.00123791 1.06557 0.1)
(-0.0353782 1.06517 0.1)
(-0.0722283 1.06468 0.1)
(-0.109338 1.06409 0.1)
(-0.146737 1.06337 0.1)
(-0.184456 1.06249 0.1)
(-0.222528 1.06143 0.1)
(-0.26099 1.06013 0.1)
(-0.299879 1.05854 0.1)
(-0.339236 1.05659 0.1)
(-0.379098 1.05421 0.1)
(-0.419497 1.05128 0.1)
(-0.460458 1.0477 0.1)
(-0.501986 1.04333 0.1)
(-0.544068 1.03801 0.1)
(-0.586661 1.0316 0.1)
(-0.629701 1.02392 0.1)
(-0.673101 1.01484 0.1)
(-0.716757 1.00421 0.1)
(-0.76055 0.991908 0.1)
(-0.804355 0.977829 0.1)
(-0.848037 0.961882 0.1)
(-0.891457 0.943999 0.1)
(-0.934473 0.924125 0.1)
(-0.976939 0.902227 0.1)
(-1.01871 0.878286 0.1)
(-1.05964 0.8523 0.1)
(-1.09959 0.82428 0.1)
(-1.13841 0.794254 0.1)
(-1.17597 0.76226 0.1)
(-1.21214 0.72835 0.1)
(-1.24679 0.692586 0.1)
(-1.27979 0.65504 0.1)
(-1.31104 0.615794 0.1)
(-1.34041 0.574939 0.1)
(-1.36782 0.532571 0.1)
(-1.39316 0.488795 0.1)
(-1.41635 0.443722 0.1)
(-1.43731 0.397467 0.1)
(-1.45597 0.35015 0.1)
(-1.47228 0.301895 0.1)
(-1.48616 0.252831 0.1)
(-1.49758 0.203087 0.1)
(-1.50651 0.152797 0.1)
(-1.5129 0.102096 0.1)
(-1.51675 0.0511206 0.1)
(-1.51803 6.9461e-06 0.1)
(-1.51675 -0.051107 0.1)
(-1.5129 -0.102084 0.1)
(-1.50651 -0.152785 0.1)
(-1.49759 -0.203076 0.1)
(-1.48616 -0.252821 0.1)
(-1.47228 -0.301886 0.1)
(-1.45598 -0.350142 0.1)
(-1.43731 -0.39746 0.1)
(-1.41635 -0.443716 0.1)
(-1.39316 -0.48879 0.1)
(-1.36782 -0.532566 0.1)
(-1.34041 -0.574935 0.1)
(-1.31104 -0.615791 0.1)
(-1.2798 -0.655037 0.1)
(-1.24679 -0.692583 0.1)
(-1.21215 -0.728348 0.1)
(-1.17598 -0.762258 0.1)
(-1.13841 -0.794252 0.1)
(-1.09959 -0.824279 0.1)
(-1.05964 -0.852299 0.1)
(-1.01871 -0.878285 0.1)
(-0.97694 -0.902227 0.1)
(-0.934474 -0.924125 0.1)
(-0.891459 -0.943998 0.1)
(-0.848039 -0.961882 0.1)
(-0.804356 -0.977828 0.1)
(-0.760551 -0.991908 0.1)
(-0.716757 -1.00421 0.1)
(-0.673102 -1.01484 0.1)
(-0.629702 -1.02392 0.1)
(-0.586662 -1.0316 0.1)
(-0.544068 -1.03801 0.1)
(-0.501987 -1.04333 0.1)
(-0.460458 -1.0477 0.1)
(-0.419497 -1.05128 0.1)
(-0.379098 -1.05421 0.1)
(-0.339236 -1.05659 0.1)
(-0.29988 -1.05854 0.1)
(-0.26099 -1.06013 0.1)
(-0.222528 -1.06143 0.1)
(-0.184456 -1.06249 0.1)
(-0.146737 -1.06337 0.1)
(-0.109339 -1.06409 0.1)
(-0.0722284 -1.06468 0.1)
(-0.0353783 -1.06517 0.1)
(0.00123782 -1.06557 0.1)
(0.037644 -1.06591 0.1)
(0.0738623 -1.06618 0.1)
(0.109913 -1.06641 0.1)
(0.145815 -1.0666 0.1)
(0.181585 -1.06675 0.1)
(0.21724 -1.06688 0.1)
(0.252795 -1.06698 0.1)
(0.288264 -1.06706 0.1)
(0.323661 -1.06712 0.1)
(0.358999 -1.06717 0.1)
(0.39429 -1.06721 0.1)
(0.429546 -1.06723 0.1)
(0.464779 -1.06724 0.1)
(0.5 -1.06725 0.1)
(0.5 1.08687 0.1)
(0.464745 1.08687 0.1)
(0.429478 1.08686 0.1)
(0.394188 1.08683 0.1)
(0.358862 1.0868 0.1)
(0.323488 1.08675 0.1)
(0.288054 1.08668 0.1)
(0.252545 1.0866 0.1)
(0.216949 1.0865 0.1)
(0.18125 1.08638 0.1)
(0.145433 1.08623 0.1)
(0.109481 1.08604 0.1)
(0.0733758 1.08582 0.1)
(0.0370985 1.08555 0.1)
(0.000627556 1.08522 0.1)
(-0.03606 1.08482 0.1)
(-0.0729893 1.08434 0.1)
(-0.110188 1.08375 0.1)
(-0.147687 1.08304 0.1)
(-0.185519 1.08218 0.1)
(-0.223721 1.08112 0.1)
(-0.262333 1.07984 0.1)
(-0.301397 1.07826 0.1)
(-0.340958 1.07633 0.1)
(-0.38106 1.07397 0.1)
(-0.421742 1.07106 0.1)
(-0.463034 1.06748 0.1)
(-0.504949 1.0631 0.1)
(-0.547474 1.05776 0.1)
(-0.590568 1.0513 0.1)
(-0.634163 1.04354 0.1)
(-0.678167 1.03435 0.1)
(-0.722468 1.02357 0.1)
(-0.766944 1.01108 0.1)
(-0.811459 0.996771 0.1)
(-0.855874 0.980551 0.1)
(-0.900041 0.96235 0.1)
(-0.943812 0.942116 0.1)
(-0.987037 0.919812 0.1)
(-1.02957 0.895422 0.1)
(-1.07125 0.868943 0.1)
(-1.11193 0.840389 0.1)
(-1.15148 0.809786 0.1)
(-1.18975 0.777175 0.1)
(-1.2266 0.742608 0.1)
(-1.2619 0.70615 0.1)
(-1.29553 0.667873 0.1)
(-1.32737 0.627863 0.1)
(-1.3573 0.58621 0.1)
(-1.38523 0.543015 0.1)
(-1.41106 0.498383 0.1)
(-1.4347 0.452427 0.1)
(-1.45606 0.405266 0.1)
(-1.47509 0.357022 0.1)
(-1.4917 0.307821 0.1)
(-1.50585 0.257794 0.1)
(-1.5175 0.207074 0.1)
(-1.52659 0.155798 0.1)
(-1.53311 0.104101 0.1)
(-1.53703 0.0521246 0.1)
(-1.53834 7.33224e-06 0.1)
(-1.53703 -0.0521103 0.1)
(-1.53311 -0.104088 0.1)
(-1.5266 -0.155785 0.1)
(-1.5175 -0.207063 0.1)
(-1.50586 -0.257784 0.1)
(-1.4917 -0.307812 0.1)
(-1.47509 -0.357013 0.1)
(-1.45607 -0.405259 0.1)
(-1.4347 -0.452421 0.1)
(-1.41106 -0.498377 0.1)
(-1.38524 -0.54301 0.1)
(-1.35731 -0.586206 0.1)
(-1.32737 -0.627859 0.1)
(-1.29553 -0.66787 0.1)
(-1.2619 -0.706147 0.1)
(-1.2266 -0.742606 0.1)
(-1.18975 -0.777173 0.1)
(-1.15148 -0.809784 0.1)
(-1.11194 -0.840387 0.1)
(-1.07125 -0.868942 0.1)
(-1.02957 -0.895421 0.1)
(-0.987039 -0.919812 0.1)
(-0.943814 -0.942115 0.1)
(-0.900042 -0.96235 0.1)
(-0.855875 -0.98055 0.1)
(-0.81146 -0.99677 0.1)
(-0.766945 -1.01108 0.1)
(-0.722469 -1.02357 0.1)
(-0.678167 -1.03435 0.1)
(-0.634164 -1.04354 0.1)
(-0.590569 -1.0513 0.1)
(-0.547475 -1.05776 0.1)
(-0.50495 -1.0631 0.1)
(-0.463035 -1.06748 0.1)
(-0.421742 -1.07106 0.1)
(-0.38106 -1.07397 0.1)
(-0.340959 -1.07633 0.1)
(-0.301398 -1.07826 0.1)
(-0.262334 -1.07984 0.1)
(-0.223722 -1.08112 0.1)
(-0.185519 -1.08218 0.1)
(-0.147687 -1.08304 0.1)
(-0.110188 -1.08375 0.1)
(-0.0729894 -1.08434 0.1)
(-0.0360601 -1.08482 0.1)
(0.000627463 -1.08522 0.1)
(0.0370984 -1.08555 0.1)
(0.0733758 -1.08582 0.1)
(0.109481 -1.08604 0.1)
(0.145433 -1.08623 0.1)
(0.18125 -1.08638 0.1)
(0.216949 -1.0865 0.1)
(0.252545 -1.0866 0.1)
(0.288054 -1.08668 0.1)
(0.323488 -1.08675 0.1)
(0.358862 -1.0868 0.1)
(0.394188 -1.08683 0.1)
(0.429478 -1.08686 0.1)
(0.464745 -1.08687 0.1)
(0.5 -1.08687 0.1)
(0.5 1.1065 0.1)
(0.464713 1.1065 0.1)
(0.429414 1.10649 0.1)
(0.39409 1.10647 0.1)
(0.358731 1.10643 0.1)
(0.323322 1.10638 0.1)
(0.287851 1.10632 0.1)
(0.252305 1.10624 0.1)
(0.216669 1.10614 0.1)
(0.180928 1.10602 0.1)
(0.145066 1.10587 0.1)
(0.109065 1.10569 0.1)
(0.0729077 1.10547 0.1)
(0.0365732 1.1052 0.1)
(3.9724e-05 1.10488 0.1)
(-0.0367169 1.10449 0.1)
(-0.0737232 1.10402 0.1)
(-0.111008 1.10344 0.1)
(-0.148604 1.10274 0.1)
(-0.186547 1.10189 0.1)
(-0.224877 1.10086 0.1)
(-0.263636 1.09959 0.1)
(-0.302872 1.09804 0.1)
(-0.342635 1.09613 0.1)
(-0.382975 1.09378 0.1)
(-0.423939 1.0909 0.1)
(-0.465565 1.08734 0.1)
(-0.50787 1.08296 0.1)
(-0.550844 1.07761 0.1)
(-0.594447 1.07111 0.1)
(-0.638605 1.06329 0.1)
(-0.683222 1.05399 0.1)
(-0.72818 1.04307 0.1)
(-0.773348 1.03039 0.1)
(-0.818584 1.01585 0.1)
(-0.86374 0.999362 0.1)
(-0.908664 0.980845 0.1)
(-0.953201 0.960249 0.1)
(-0.997195 0.937539 0.1)
(-1.04049 0.912698 0.1)
(-1.08293 0.885724 0.1)
(-1.12436 0.856631 0.1)
(-1.16464 0.825447 0.1)
(-1.20362 0.792214 0.1)
(-1.24116 0.756986 0.1)
(-1.27712 0.719827 0.1)
(-1.31138 0.680815 0.1)
(-1.34382 0.640033 0.1)
(-1.37433 0.597576 0.1)
(-1.40279 0.553546 0.1)
(-1.4291 0.508051 0.1)
(-1.45319 0.461205 0.1)
(-1.47496 0.413131 0.1)
(-1.49435 0.363951 0.1)
(-1.51128 0.313796 0.1)
(-1.5257 0.262799 0.1)
(-1.53757 0.211095 0.1)
(-1.54684 0.158823 0.1)
(-1.55348 0.106123 0.1)
(-1.55748 0.053137 0.1)
(-1.55881 7.72791e-06 0.1)
(-1.55748 -0.0531219 0.1)
(-1.55349 -0.106109 0.1)
(-1.54684 -0.15881 0.1)
(-1.53757 -0.211083 0.1)
(-1.52571 -0.262788 0.1)
(-1.51128 -0.313787 0.1)
(-1.49435 -0.363943 0.1)
(-1.47497 -0.413123 0.1)
(-1.45319 -0.461199 0.1)
(-1.42911 -0.508045 0.1)
(-1.40279 -0.553541 0.1)
(-1.37433 -0.597572 0.1)
(-1.34383 -0.640029 0.1)
(-1.31139 -0.680812 0.1)
(-1.27712 -0.719825 0.1)
(-1.24116 -0.756983 0.1)
(-1.20362 -0.792212 0.1)
(-1.16464 -0.825445 0.1)
(-1.12436 -0.856629 0.1)
(-1.08293 -0.885723 0.1)
(-1.04049 -0.912697 0.1)
(-0.997196 -0.937538 0.1)
(-0.953203 -0.960248 0.1)
(-0.908666 -0.980845 0.1)
(-0.863741 -0.999362 0.1)
(-0.818585 -1.01585 0.1)
(-0.773349 -1.03039 0.1)
(-0.728181 -1.04306 0.1)
(-0.683223 -1.05399 0.1)
(-0.638606 -1.06329 0.1)
(-0.594447 -1.07111 0.1)
(-0.550845 -1.07761 0.1)
(-0.50787 -1.08296 0.1)
(-0.465565 -1.08734 0.1)
(-0.42394 -1.0909 0.1)
(-0.382975 -1.09378 0.1)
(-0.342635 -1.09613 0.1)
(-0.302872 -1.09804 0.1)
(-0.263636 -1.09959 0.1)
(-0.224877 -1.10086 0.1)
(-0.186548 -1.10189 0.1)
(-0.148605 -1.10274 0.1)
(-0.111008 -1.10344 0.1)
(-0.0737233 -1.10402 0.1)
(-0.036717 -1.10449 0.1)
(3.96288e-05 -1.10488 0.1)
(0.0365732 -1.1052 0.1)
(0.0729076 -1.10547 0.1)
(0.109065 -1.10569 0.1)
(0.145065 -1.10587 0.1)
(0.180928 -1.10602 0.1)
(0.216669 -1.10614 0.1)
(0.252305 -1.10624 0.1)
(0.287851 -1.10632 0.1)
(0.323322 -1.10638 0.1)
(0.358731 -1.10643 0.1)
(0.39409 -1.10647 0.1)
(0.429414 -1.10649 0.1)
(0.464713 -1.1065 0.1)
(0.5 -1.1065 0.1)
(0.5 1.12614 0.1)
(0.464682 1.12614 0.1)
(0.429352 1.12613 0.1)
(0.393997 1.12611 0.1)
(0.358605 1.12607 0.1)
(0.323163 1.12603 0.1)
(0.287657 1.12597 0.1)
(0.252075 1.12589 0.1)
(0.2164 1.12579 0.1)
(0.180619 1.12567 0.1)
(0.144713 1.12553 0.1)
(0.108666 1.12535 0.1)
(0.0724585 1.12514 0.1)
(0.0360691 1.12487 0.1)
(-0.00052477 1.12456 0.1)
(-0.0373482 1.12418 0.1)
(-0.0744288 1.12371 0.1)
(-0.111797 1.12315 0.1)
(-0.149488 1.12247 0.1)
(-0.187539 1.12163 0.1)
(-0.225992 1.12062 0.1)
(-0.264895 1.11937 0.1)
(-0.3043 1.11785 0.1)
(-0.344262 1.11597 0.1)
(-0.384839 1.11366 0.1)
(-0.426085 1.1108 0.1)
(-0.468045 1.10727 0.1)
(-0.510743 1.10291 0.1)
(-0.554173 1.09756 0.1)
(-0.598292 1.09103 0.1)
(-0.643023 1.08315 0.1)
(-0.688264 1.07375 0.1)
(-0.733889 1.06269 0.1)
(-0.779759 1.04984 0.1)
(-0.825726 1.03508 0.1)
(-0.871635 1.01832 0.1)
(-0.917326 0.999482 0.1)
(-0.962638 0.978525 0.1)
(-1.00741 0.955407 0.1)
(-1.05148 0.930112 0.1)
(-1.09468 0.90264 0.1)
(-1.13687 0.873004 0.1)
(-1.17789 0.841236 0.1)
(-1.21759 0.807376 0.1)
(-1.25582 0.771481 0.1)
(-1.29245 0.733617 0.1)
(-1.32736 0.693862 0.1)
(-1.3604 0.652303 0.1)
(-1.39148 0.609036 0.1)
(-1.42047 0.564164 0.1)
(-1.44729 0.517798 0.1)
(-1.47183 0.470056 0.1)
(-1.49401 0.42106 0.1)
(-1.51376 0.370938 0.1)
(-1.53101 0.319821 0.1)
(-1.54571 0.267845 0.1)
(-1.5578 0.215149 0.1)
(-1.56725 0.161873 0.1)
(-1.57401 0.108161 0.1)
(-1.57809 0.0541578 0.1)
(-1.57944 8.14701e-06 0.1)
(-1.57809 -0.0541418 0.1)
(-1.57402 -0.108146 0.1)
(-1.56725 -0.161859 0.1)
(-1.5578 -0.215136 0.1)
(-1.54571 -0.267834 0.1)
(-1.53102 -0.319811 0.1)
(-1.51376 -0.370929 0.1)
(-1.49401 -0.421052 0.1)
(-1.47183 -0.470049 0.1)
(-1.44729 -0.517792 0.1)
(-1.42048 -0.564159 0.1)
(-1.39148 -0.609031 0.1)
(-1.36041 -0.652299 0.1)
(-1.32736 -0.693859 0.1)
(-1.29246 -0.733615 0.1)
(-1.25582 -0.771479 0.1)
(-1.21759 -0.807374 0.1)
(-1.17789 -0.841234 0.1)
(-1.13688 -0.873003 0.1)
(-1.09469 -0.902638 0.1)
(-1.05148 -0.930111 0.1)
(-1.00741 -0.955406 0.1)
(-0.962639 -0.978524 0.1)
(-0.917327 -0.999482 0.1)
(-0.871636 -1.01831 0.1)
(-0.825727 -1.03508 0.1)
(-0.77976 -1.04984 0.1)
(-0.733889 -1.06269 0.1)
(-0.688264 -1.07375 0.1)
(-0.643024 -1.08315 0.1)
(-0.598292 -1.09103 0.1)
(-0.554174 -1.09756 0.1)
(-0.510744 -1.10291 0.1)
(-0.468045 -1.10727 0.1)
(-0.426085 -1.1108 0.1)
(-0.384839 -1.11366 0.1)
(-0.344262 -1.11597 0.1)
(-0.3043 -1.11785 0.1)
(-0.264896 -1.11937 0.1)
(-0.225992 -1.12062 0.1)
(-0.187539 -1.12163 0.1)
(-0.149488 -1.12247 0.1)
(-0.111797 -1.12315 0.1)
(-0.0744289 -1.12371 0.1)
(-0.0373483 -1.12418 0.1)
(-0.000524867 -1.12456 0.1)
(0.036069 -1.12487 0.1)
(0.0724585 -1.12514 0.1)
(0.108666 -1.12535 0.1)
(0.144713 -1.12553 0.1)
(0.180619 -1.12567 0.1)
(0.2164 -1.12579 0.1)
(0.252075 -1.12589 0.1)
(0.287657 -1.12597 0.1)
(0.323163 -1.12603 0.1)
(0.358605 -1.12607 0.1)
(0.393997 -1.12611 0.1)
(0.429352 -1.12613 0.1)
(0.464682 -1.12614 0.1)
(0.5 -1.12614 0.1)
(0.5 1.14579 0.1)
(0.464652 1.14579 0.1)
(0.429292 1.14578 0.1)
(0.393907 1.14576 0.1)
(0.358484 1.14572 0.1)
(0.32301 1.14568 0.1)
(0.287472 1.14562 0.1)
(0.251855 1.14554 0.1)
(0.216144 1.14545 0.1)
(0.180324 1.14533 0.1)
(0.144377 1.14519 0.1)
(0.108285 1.14502 0.1)
(0.0720289 1.14481 0.1)
(0.0355867 1.14456 0.1)
(-0.00106515 1.14425 0.1)
(-0.0379528 1.14388 0.1)
(-0.075105 1.14343 0.1)
(-0.112554 1.14288 0.1)
(-0.150336 1.14221 0.1)
(-0.188491 1.1414 0.1)
(-0.227065 1.14041 0.1)
(-0.266109 1.13919 0.1)
(-0.305679 1.1377 0.1)
(-0.345836 1.13587 0.1)
(-0.386647 1.13359 0.1)
(-0.428173 1.13078 0.1)
(-0.470469 1.12729 0.1)
(-0.513564 1.12295 0.1)
(-0.557456 1.11761 0.1)
(-0.602099 1.11106 0.1)
(-0.647413 1.10313 0.1)
(-0.693288 1.09364 0.1)
(-0.739591 1.08245 0.1)
(-0.786175 1.06942 0.1)
(-0.832884 1.05444 0.1)
(-0.879556 1.03741 0.1)
(-0.926023 1.01826 0.1)
(-0.97212 0.996941 0.1)
(-1.01768 0.973414 0.1)
(-1.06253 0.947664 0.1)
(-1.10651 0.91969 0.1)
(-1.14947 0.889509 0.1)
(-1.19123 0.857151 0.1)
(-1.23165 0.82266 0.1)
(-1.27059 0.786094 0.1)
(-1.3079 0.747519 0.1)
(-1.34344 0.707016 0.1)
(-1.3771 0.664673 0.1)
(-1.40876 0.620588 0.1)
(-1.43829 0.574868 0.1)
(-1.4656 0.527625 0.1)
(-1.4906 0.478978 0.1)
(-1.5132 0.429053 0.1)
(-1.53332 0.377981 0.1)
(-1.55089 0.325894 0.1)
(-1.56586 0.272932 0.1)
(-1.57818 0.219235 0.1)
(-1.58781 0.164948 0.1)
(-1.5947 0.110216 0.1)
(-1.59885 0.0551867 0.1)
(-1.60023 8.59731e-06 0.1)
(-1.59885 -0.0551699 0.1)
(-1.5947 -0.1102 0.1)
(-1.58781 -0.164933 0.1)
(-1.57818 -0.219222 0.1)
(-1.56587 -0.27292 0.1)
(-1.5509 -0.325884 0.1)
(-1.53332 -0.377972 0.1)
(-1.5132 -0.429045 0.1)
(-1.4906 -0.478971 0.1)
(-1.46561 -0.527618 0.1)
(-1.43829 -0.574862 0.1)
(-1.40876 -0.620584 0.1)
(-1.37711 -0.664669 0.1)
(-1.34345 -0.707012 0.1)
(-1.3079 -0.747516 0.1)
(-1.27059 -0.786091 0.1)
(-1.23165 -0.822658 0.1)
(-1.19123 -0.857149 0.1)
(-1.14947 -0.889507 0.1)
(-1.10652 -0.919689 0.1)
(-1.06253 -0.947662 0.1)
(-1.01768 -0.973413 0.1)
(-0.972122 -0.99694 0.1)
(-0.926025 -1.01826 0.1)
(-0.879557 -1.03741 0.1)
(-0.832885 -1.05444 0.1)
(-0.786176 -1.06942 0.1)
(-0.739592 -1.08245 0.1)
(-0.693289 -1.09364 0.1)
(-0.647414 -1.10313 0.1)
(-0.602099 -1.11106 0.1)
(-0.557456 -1.11761 0.1)
(-0.513565 -1.12295 0.1)
(-0.470469 -1.12729 0.1)
(-0.428174 -1.13078 0.1)
(-0.386647 -1.13359 0.1)
(-0.345837 -1.13587 0.1)
(-0.305679 -1.1377 0.1)
(-0.266109 -1.13919 0.1)
(-0.227065 -1.14041 0.1)
(-0.188491 -1.1414 0.1)
(-0.150336 -1.14221 0.1)
(-0.112554 -1.14288 0.1)
(-0.0751051 -1.14343 0.1)
(-0.0379529 -1.14388 0.1)
(-0.00106525 -1.14425 0.1)
(0.0355866 -1.14456 0.1)
(0.0720289 -1.14481 0.1)
(0.108285 -1.14502 0.1)
(0.144377 -1.14519 0.1)
(0.180324 -1.14533 0.1)
(0.216144 -1.14545 0.1)
(0.251855 -1.14554 0.1)
(0.287472 -1.14562 0.1)
(0.32301 -1.14568 0.1)
(0.358484 -1.14572 0.1)
(0.393907 -1.14576 0.1)
(0.429292 -1.14578 0.1)
(0.464652 -1.14579 0.1)
(0.5 -1.14579 0.1)
(0.5 1.16545 0.1)
(0.464624 1.16545 0.1)
(0.429236 1.16543 0.1)
(0.393822 1.16541 0.1)
(0.35837 1.16538 0.1)
(0.322866 1.16534 0.1)
(0.287296 1.16528 0.1)
(0.251646 1.16521 0.1)
(0.2159 1.16512 0.1)
(0.180043 1.165 0.1)
(0.144056 1.16487 0.1)
(0.107922 1.1647 0.1)
(0.0716194 1.1645 0.1)
(0.0351267 1.16425 0.1)
(-0.00158067 1.16395 0.1)
(-0.0385298 1.16359 0.1)
(-0.0757508 1.16316 0.1)
(-0.113277 1.16263 0.1)
(-0.151147 1.16198 0.1)
(-0.189403 1.16119 0.1)
(-0.228094 1.16023 0.1)
(-0.267274 1.15905 0.1)
(-0.307005 1.1576 0.1)
(-0.347354 1.1558 0.1)
(-0.388395 1.15358 0.1)
(-0.4302 1.15082 0.1)
(-0.472831 1.14738 0.1)
(-0.516327 1.14308 0.1)
(-0.560687 1.13776 0.1)
(-0.605864 1.1312 0.1)
(-0.651771 1.12323 0.1)
(-0.698291 1.11366 0.1)
(-0.745284 1.10234 0.1)
(-0.792593 1.08914 0.1)
(-0.840055 1.07394 0.1)
(-0.8875 1.05664 0.1)
(-0.934755 1.03718 0.1)
(-0.981646 1.0155 0.1)
(-1.028 0.99156 0.1)
(-1.07365 0.965352 0.1)
(-1.11841 0.936874 0.1)
(-1.16214 0.906144 0.1)
(-1.20465 0.873193 0.1)
(-1.24581 0.838066 0.1)
(-1.28546 0.800822 0.1)
(-1.32345 0.761531 0.1)
(-1.35965 0.720274 0.1)
(-1.39392 0.677141 0.1)
(-1.42616 0.632232 0.1)
(-1.45624 0.585657 0.1)
(-1.48405 0.537529 0.1)
(-1.50951 0.487971 0.1)
(-1.53253 0.43711 0.1)
(-1.55302 0.38508 0.1)
(-1.57092 0.332016 0.1)
(-1.58617 0.278059 0.1)
(-1.59872 0.223354 0.1)
(-1.60852 0.168047 0.1)
(-1.61554 0.112287 0.1)
(-1.61977 0.0562238 0.1)
(-1.62118 9.08269e-06 0.1)
(-1.61977 -0.0562061 0.1)
(-1.61555 -0.11227 0.1)
(-1.60852 -0.168032 0.1)
(-1.59872 -0.22334 0.1)
(-1.58617 -0.278047 0.1)
(-1.57093 -0.332005 0.1)
(-1.55303 -0.38507 0.1)
(-1.53253 -0.437102 0.1)
(-1.50952 -0.487964 0.1)
(-1.48406 -0.537523 0.1)
(-1.45624 -0.585651 0.1)
(-1.42616 -0.632228 0.1)
(-1.39393 -0.677137 0.1)
(-1.35965 -0.72027 0.1)
(-1.32345 -0.761528 0.1)
(-1.28546 -0.80082 0.1)
(-1.24581 -0.838064 0.1)
(-1.20466 -0.873191 0.1)
(-1.16214 -0.906142 0.1)
(-1.11841 -0.936873 0.1)
(-1.07365 -0.965351 0.1)
(-1.028 -0.991559 0.1)
(-0.981648 -1.0155 0.1)
(-0.934756 -1.03718 0.1)
(-0.887501 -1.05664 0.1)
(-0.840056 -1.07394 0.1)
(-0.792594 -1.08914 0.1)
(-0.745285 -1.10234 0.1)
(-0.698292 -1.11366 0.1)
(-0.651772 -1.12323 0.1)
(-0.605864 -1.1312 0.1)
(-0.560687 -1.13776 0.1)
(-0.516328 -1.14308 0.1)
(-0.472832 -1.14738 0.1)
(-0.430201 -1.15082 0.1)
(-0.388396 -1.15358 0.1)
(-0.347355 -1.1558 0.1)
(-0.307005 -1.1576 0.1)
(-0.267274 -1.15905 0.1)
(-0.228094 -1.16023 0.1)
(-0.189403 -1.16119 0.1)
(-0.151147 -1.16198 0.1)
(-0.113277 -1.16263 0.1)
(-0.075751 -1.16316 0.1)
(-0.03853 -1.16359 0.1)
(-0.00158077 -1.16395 0.1)
(0.0351267 -1.16425 0.1)
(0.0716194 -1.1645 0.1)
(0.107922 -1.1647 0.1)
(0.144056 -1.16487 0.1)
(0.180042 -1.165 0.1)
(0.2159 -1.16512 0.1)
(0.251645 -1.16521 0.1)
(0.287296 -1.16528 0.1)
(0.322866 -1.16534 0.1)
(0.35837 -1.16538 0.1)
(0.393822 -1.16541 0.1)
(0.429236 -1.16543 0.1)
(0.464624 -1.16545 0.1)
(0.5 -1.16545 0.1)
(0.5 1.18511 0.1)
(0.464598 1.18511 0.1)
(0.429183 1.1851 0.1)
(0.393741 1.18508 0.1)
(0.358261 1.18504 0.1)
(0.322728 1.185 0.1)
(0.287128 1.18495 0.1)
(0.251447 1.18488 0.1)
(0.215668 1.18479 0.1)
(0.179776 1.18468 0.1)
(0.143752 1.18455 0.1)
(0.107577 1.18439 0.1)
(0.0712305 1.18419 0.1)
(0.0346898 1.18396 0.1)
(-0.00207063 1.18367 0.1)
(-0.0390786 1.18332 0.1)
(-0.0763653 1.1829 0.1)
(-0.113966 1.18239 0.1)
(-0.15192 1.18176 0.1)
(-0.190273 1.181 0.1)
(-0.229076 1.18007 0.1)
(-0.268388 1.17893 0.1)
(-0.308275 1.17753 0.1)
(-0.348812 1.17579 0.1)
(-0.39008 1.17362 0.1)
(-0.432161 1.17092 0.1)
(-0.475128 1.16754 0.1)
(-0.519028 1.1633 0.1)
(-0.563862 1.15801 0.1)
(-0.609582 1.15145 0.1)
(-0.656094 1.14345 0.1)
(-0.703271 1.13381 0.1)
(-0.750964 1.12237 0.1)
(-0.79901 1.109 0.1)
(-0.847236 1.09358 0.1)
(-0.895466 1.07602 0.1)
(-0.943518 1.05624 0.1)
(-0.991214 1.03419 0.1)
(-1.03837 1.00984 0.1)
(-1.08482 0.983176 0.1)
(-1.13038 0.954191 0.1)
(-1.17488 0.922908 0.1)
(-1.21817 0.889359 0.1)
(-1.26006 0.853592 0.1)
(-1.30042 0.815666 0.1)
(-1.3391 0.775653 0.1)
(-1.37596 0.733635 0.1)
(-1.41086 0.689706 0.1)
(-1.44368 0.643968 0.1)
(-1.47431 0.59653 0.1)
(-1.50264 0.547511 0.1)
(-1.52856 0.497034 0.1)
(-1.552 0.44523 0.1)
(-1.57287 0.392234 0.1)
(-1.5911 0.338185 0.1)
(-1.60663 0.283226 0.1)
(-1.6194 0.227505 0.1)
(-1.62939 0.17117 0.1)
(-1.63654 0.114374 0.1)
(-1.64084 0.057269 0.1)
(-1.64228 9.60536e-06 0.1)
(-1.64084 -0.0572503 0.1)
(-1.63654 -0.114356 0.1)
(-1.62939 -0.171154 0.1)
(-1.61941 -0.227491 0.1)
(-1.60663 -0.283214 0.1)
(-1.5911 -0.338174 0.1)
(-1.57287 -0.392224 0.1)
(-1.552 -0.445222 0.1)
(-1.52857 -0.497027 0.1)
(-1.50264 -0.547504 0.1)
(-1.47432 -0.596525 0.1)
(-1.44369 -0.643963 0.1)
(-1.41086 -0.689702 0.1)
(-1.37596 -0.733632 0.1)
(-1.33911 -0.77565 0.1)
(-1.30043 -0.815663 0.1)
(-1.26007 -0.85359 0.1)
(-1.21817 -0.889357 0.1)
(-1.17489 -0.922906 0.1)
(-1.13038 -0.95419 0.1)
(-1.08482 -0.983175 0.1)
(-1.03838 -1.00984 0.1)
(-0.991216 -1.03419 0.1)
(-0.94352 -1.05624 0.1)
(-0.895467 -1.07602 0.1)
(-0.847238 -1.09358 0.1)
(-0.799011 -1.109 0.1)
(-0.750965 -1.12237 0.1)
(-0.703272 -1.1338 0.1)
(-0.656094 -1.14345 0.1)
(-0.609583 -1.15145 0.1)
(-0.563863 -1.15801 0.1)
(-0.519028 -1.1633 0.1)
(-0.475128 -1.16754 0.1)
(-0.432161 -1.17092 0.1)
(-0.39008 -1.17362 0.1)
(-0.348812 -1.17579 0.1)
(-0.308275 -1.17753 0.1)
(-0.268388 -1.17893 0.1)
(-0.229076 -1.18007 0.1)
(-0.190273 -1.181 0.1)
(-0.15192 -1.18176 0.1)
(-0.113966 -1.18239 0.1)
(-0.0763654 -1.1829 0.1)
(-0.0390787 -1.18332 0.1)
(-0.00207073 -1.18367 0.1)
(0.0346897 -1.18396 0.1)
(0.0712305 -1.18419 0.1)
(0.107577 -1.18439 0.1)
(0.143752 -1.18455 0.1)
(0.179776 -1.18468 0.1)
(0.215668 -1.18479 0.1)
(0.251447 -1.18488 0.1)
(0.287128 -1.18495 0.1)
(0.322728 -1.185 0.1)
(0.358261 -1.18504 0.1)
(0.393741 -1.18508 0.1)
(0.429183 -1.1851 0.1)
(0.464598 -1.18511 0.1)
(0.5 -1.18511 0.1)
(0.5 1.20477 0.1)
(0.464573 1.20477 0.1)
(0.429132 1.20476 0.1)
(0.393665 1.20474 0.1)
(0.358159 1.20471 0.1)
(0.322599 1.20467 0.1)
(0.28697 1.20462 0.1)
(0.251259 1.20455 0.1)
(0.215449 1.20447 0.1)
(0.179524 1.20436 0.1)
(0.143464 1.20424 0.1)
(0.107251 1.20408 0.1)
(0.0708628 1.2039 0.1)
(0.0342763 1.20367 0.1)
(-0.00253434 1.20339 0.1)
(-0.0395982 1.20306 0.1)
(-0.0769475 1.20266 0.1)
(-0.114619 1.20217 0.1)
(-0.152654 1.20157 0.1)
(-0.191099 1.20084 0.1)
(-0.23001 1.19994 0.1)
(-0.269449 1.19885 0.1)
(-0.309487 1.19749 0.1)
(-0.350207 1.19581 0.1)
(-0.391696 1.19372 0.1)
(-0.43405 1.19109 0.1)
(-0.477353 1.18778 0.1)
(-0.52166 1.18361 0.1)
(-0.566977 1.17836 0.1)
(-0.613249 1.17182 0.1)
(-0.660377 1.16379 0.1)
(-0.708223 1.15408 0.1)
(-0.75663 1.14253 0.1)
(-0.805425 1.12899 0.1)
(-0.854427 1.11336 0.1)
(-0.903452 1.09554 0.1)
(-0.952312 1.07544 0.1)
(-1.00082 1.05303 0.1)
(-1.0488 1.02827 0.1)
(-1.09606 1.00114 0.1)
(-1.14242 0.97164 0.1)
(-1.18771 0.9398 0.1)
(-1.23176 0.90565 0.1)
(-1.27441 0.869238 0.1)
(-1.31549 0.830624 0.1)
(-1.35487 0.789884 0.1)
(-1.39239 0.7471 0.1)
(-1.42792 0.702369 0.1)
(-1.46133 0.655794 0.1)
(-1.49251 0.607487 0.1)
(-1.52135 0.55757 0.1)
(-1.54775 0.506167 0.1)
(-1.57161 0.453412 0.1)
(-1.59286 0.399443 0.1)
(-1.61142 0.344401 0.1)
(-1.62723 0.288433 0.1)
(-1.64024 0.231688 0.1)
(-1.6504 0.174317 0.1)
(-1.65769 0.116477 0.1)
(-1.66207 0.0583222 0.1)
(-1.66353 1.01677e-05 0.1)
(-1.66207 -0.0583025 0.1)
(-1.65769 -0.116459 0.1)
(-1.65041 -0.174301 0.1)
(-1.64024 -0.231673 0.1)
(-1.62723 -0.28842 0.1)
(-1.61142 -0.34439 0.1)
(-1.59286 -0.399433 0.1)
(-1.57162 -0.453404 0.1)
(-1.54775 -0.50616 0.1)
(-1.52136 -0.557563 0.1)
(-1.49252 -0.607482 0.1)
(-1.46134 -0.655789 0.1)
(-1.42792 -0.702365 0.1)
(-1.39239 -0.747097 0.1)
(-1.35487 -0.789881 0.1)
(-1.31549 -0.830622 0.1)
(-1.27441 -0.869235 0.1)
(-1.23176 -0.905648 0.1)
(-1.18771 -0.939799 0.1)
(-1.14242 -0.971639 0.1)
(-1.09606 -1.00113 0.1)
(-1.0488 -1.02827 0.1)
(-1.00082 -1.05303 0.1)
(-0.952314 -1.07544 0.1)
(-0.903453 -1.09554 0.1)
(-0.854428 -1.11336 0.1)
(-0.805426 -1.12899 0.1)
(-0.756631 -1.14253 0.1)
(-0.708224 -1.15408 0.1)
(-0.660377 -1.16379 0.1)
(-0.61325 -1.17182 0.1)
(-0.566977 -1.17836 0.1)
(-0.521661 -1.18361 0.1)
(-0.477353 -1.18778 0.1)
(-0.434051 -1.19109 0.1)
(-0.391697 -1.19372 0.1)
(-0.350207 -1.19581 0.1)
(-0.309488 -1.19749 0.1)
(-0.269449 -1.19885 0.1)
(-0.230011 -1.19994 0.1)
(-0.1911 -1.20084 0.1)
(-0.152654 -1.20157 0.1)
(-0.114619 -1.20217 0.1)
(-0.0769476 -1.20266 0.1)
(-0.0395983 -1.20306 0.1)
(-0.00253445 -1.20339 0.1)
(0.0342763 -1.20367 0.1)
(0.0708627 -1.2039 0.1)
(0.107251 -1.20408 0.1)
(0.143464 -1.20424 0.1)
(0.179524 -1.20436 0.1)
(0.215449 -1.20447 0.1)
(0.251259 -1.20455 0.1)
(0.28697 -1.20462 0.1)
(0.322599 -1.20467 0.1)
(0.358159 -1.20471 0.1)
(0.393665 -1.20474 0.1)
(0.429132 -1.20476 0.1)
(0.464573 -1.20477 0.1)
(0.5 -1.20477 0.1)
(0.5 1.22444 0.1)
(0.464549 1.22444 0.1)
(0.429085 1.22443 0.1)
(0.393594 1.22441 0.1)
(0.358062 1.22438 0.1)
(0.322477 1.22435 0.1)
(0.286822 1.22429 0.1)
(0.251083 1.22423 0.1)
(0.215244 1.22415 0.1)
(0.179287 1.22405 0.1)
(0.143193 1.22393 0.1)
(0.106944 1.22378 0.1)
(0.0705165 1.22361 0.1)
(0.033887 1.22339 0.1)
(-0.00297117 1.22313 0.1)
(-0.0400879 1.22281 0.1)
(-0.0774965 1.22243 0.1)
(-0.115235 1.22196 0.1)
(-0.153346 1.22139 0.1)
(-0.19188 1.22069 0.1)
(-0.230894 1.21984 0.1)
(-0.270455 1.21879 0.1)
(-0.310638 1.21749 0.1)
(-0.351534 1.21588 0.1)
(-0.393241 1.21386 0.1)
(-0.435863 1.21132 0.1)
(-0.4795 1.2081 0.1)
(-0.524219 1.204 0.1)
(-0.570025 1.19881 0.1)
(-0.616861 1.19229 0.1)
(-0.664616 1.18425 0.1)
(-0.713145 1.17448 0.1)
(-0.762278 1.16282 0.1)
(-0.811834 1.14912 0.1)
(-0.861624 1.13328 0.1)
(-0.911456 1.11519 0.1)
(-0.961136 1.09478 0.1)
(-1.01047 1.07201 0.1)
(-1.05927 1.04683 0.1)
(-1.10735 1.01923 0.1)
(-1.15452 0.989221 0.1)
(-1.20061 0.956821 0.1)
(-1.24544 0.922065 0.1)
(-1.28884 0.885003 0.1)
(-1.33066 0.845697 0.1)
(-1.37073 0.804224 0.1)
(-1.40892 0.760668 0.1)
(-1.44509 0.715128 0.1)
(-1.4791 0.66771 0.1)
(-1.51084 0.618528 0.1)
(-1.5402 0.567705 0.1)
(-1.56707 0.51537 0.1)
(-1.59136 0.461657 0.1)
(-1.61299 0.406707 0.1)
(-1.63189 0.350665 0.1)
(-1.64798 0.293679 0.1)
(-1.66122 0.235902 0.1)
(-1.67157 0.177488 0.1)
(-1.67899 0.118596 0.1)
(-1.68344 0.0593834 0.1)
(-1.68493 1.07733e-05 0.1)
(-1.68345 -0.0593626 0.1)
(-1.67899 -0.118577 0.1)
(-1.67157 -0.177471 0.1)
(-1.66123 -0.235887 0.1)
(-1.64798 -0.293666 0.1)
(-1.63189 -0.350653 0.1)
(-1.61299 -0.406697 0.1)
(-1.59137 -0.461648 0.1)
(-1.56707 -0.515362 0.1)
(-1.5402 -0.567698 0.1)
(-1.51085 -0.618522 0.1)
(-1.47911 -0.667705 0.1)
(-1.44509 -0.715124 0.1)
(-1.40893 -0.760665 0.1)
(-1.37074 -0.80422 0.1)
(-1.33066 -0.845694 0.1)
(-1.28884 -0.885 0.1)
(-1.24544 -0.922063 0.1)
(-1.20061 -0.95682 0.1)
(-1.15453 -0.98922 0.1)
(-1.10735 -1.01923 0.1)
(-1.05927 -1.04683 0.1)
(-1.01047 -1.07201 0.1)
(-0.961137 -1.09478 0.1)
(-0.911457 -1.11519 0.1)
(-0.861625 -1.13328 0.1)
(-0.811835 -1.14912 0.1)
(-0.762279 -1.16282 0.1)
(-0.713146 -1.17448 0.1)
(-0.664617 -1.18425 0.1)
(-0.616862 -1.19229 0.1)
(-0.570026 -1.19881 0.1)
(-0.524219 -1.204 0.1)
(-0.479501 -1.2081 0.1)
(-0.435864 -1.21132 0.1)
(-0.393241 -1.21386 0.1)
(-0.351534 -1.21588 0.1)
(-0.310639 -1.21749 0.1)
(-0.270455 -1.21879 0.1)
(-0.230895 -1.21984 0.1)
(-0.19188 -1.22069 0.1)
(-0.153346 -1.22139 0.1)
(-0.115235 -1.22196 0.1)
(-0.0774966 -1.22243 0.1)
(-0.040088 -1.22281 0.1)
(-0.00297128 -1.22313 0.1)
(0.033887 -1.22339 0.1)
(0.0705165 -1.22361 0.1)
(0.106944 -1.22378 0.1)
(0.143193 -1.22393 0.1)
(0.179286 -1.22405 0.1)
(0.215244 -1.22415 0.1)
(0.251083 -1.22423 0.1)
(0.286822 -1.22429 0.1)
(0.322477 -1.22435 0.1)
(0.358062 -1.22438 0.1)
(0.393594 -1.22441 0.1)
(0.429085 -1.22443 0.1)
(0.464549 -1.22444 0.1)
(0.5 -1.22444 0.1)
(0.5 1.24411 0.1)
(0.464527 1.24411 0.1)
(0.42904 1.2441 0.1)
(0.393527 1.24409 0.1)
(0.357972 1.24406 0.1)
(0.322363 1.24402 0.1)
(0.286683 1.24397 0.1)
(0.250918 1.24391 0.1)
(0.215051 1.24384 0.1)
(0.179065 1.24375 0.1)
(0.14294 1.24363 0.1)
(0.106657 1.24349 0.1)
(0.0701923 1.24332 0.1)
(0.0335224 1.24312 0.1)
(-0.00338051 1.24287 0.1)
(-0.0405469 1.24257 0.1)
(-0.0780114 1.24221 0.1)
(-0.115813 1.24176 0.1)
(-0.153997 1.24122 0.1)
(-0.192614 1.24056 0.1)
(-0.231726 1.23975 0.1)
(-0.271403 1.23875 0.1)
(-0.311726 1.23752 0.1)
(-0.352791 1.23598 0.1)
(-0.394708 1.23405 0.1)
(-0.437595 1.23161 0.1)
(-0.481565 1.22848 0.1)
(-0.526698 1.22448 0.1)
(-0.573002 1.21936 0.1)
(-0.620413 1.21288 0.1)
(-0.66881 1.20483 0.1)
(-0.718034 1.19501 0.1)
(-0.767906 1.18324 0.1)
(-0.818236 1.16939 0.1)
(-0.868826 1.15334 0.1)
(-0.919476 1.13499 0.1)
(-0.969986 1.11427 0.1)
(-1.02016 1.09112 0.1)
(-1.06979 1.06552 0.1)
(-1.1187 1.03746 0.1)
(-1.16669 1.00693 0.1)
(-1.21359 0.97397 0.1)
(-1.2592 0.938603 0.1)
(-1.30337 0.900886 0.1)
(-1.34592 0.860883 0.1)
(-1.3867 0.818671 0.1)
(-1.42557 0.774338 0.1)
(-1.46238 0.727983 0.1)
(-1.49699 0.679716 0.1)
(-1.5293 0.629652 0.1)
(-1.55918 0.577916 0.1)
(-1.58652 0.524641 0.1)
(-1.61125 0.469963 0.1)
(-1.63326 0.414025 0.1)
(-1.65249 0.356975 0.1)
(-1.66888 0.298965 0.1)
(-1.68236 0.240148 0.1)
(-1.69289 0.180683 0.1)
(-1.70043 0.12073 0.1)
(-1.70497 0.0604524 0.1)
(-1.70649 1.14277e-05 0.1)
(-1.70497 -0.0604305 0.1)
(-1.70044 -0.12071 0.1)
(-1.69289 -0.180665 0.1)
(-1.68236 -0.240132 0.1)
(-1.66888 -0.298951 0.1)
(-1.6525 -0.356963 0.1)
(-1.63327 -0.414015 0.1)
(-1.61125 -0.469954 0.1)
(-1.58653 -0.524633 0.1)
(-1.55918 -0.57791 0.1)
(-1.5293 -0.629646 0.1)
(-1.497 -0.679711 0.1)
(-1.46238 -0.727979 0.1)
(-1.42557 -0.774335 0.1)
(-1.3867 -0.818668 0.1)
(-1.34592 -0.86088 0.1)
(-1.30337 -0.900884 0.1)
(-1.2592 -0.938601 0.1)
(-1.21359 -0.973968 0.1)
(-1.1667 -1.00693 0.1)
(-1.1187 -1.03746 0.1)
(-1.0698 -1.06552 0.1)
(-1.02016 -1.09112 0.1)
(-0.969988 -1.11427 0.1)
(-0.919477 -1.13499 0.1)
(-0.868827 -1.15334 0.1)
(-0.818237 -1.16939 0.1)
(-0.767907 -1.18324 0.1)
(-0.718034 -1.19501 0.1)
(-0.66881 -1.20483 0.1)
(-0.620414 -1.21288 0.1)
(-0.573003 -1.21936 0.1)
(-0.526698 -1.22448 0.1)
(-0.481565 -1.22848 0.1)
(-0.437595 -1.23161 0.1)
(-0.394708 -1.23405 0.1)
(-0.352791 -1.23598 0.1)
(-0.311726 -1.23752 0.1)
(-0.271403 -1.23875 0.1)
(-0.231726 -1.23975 0.1)
(-0.192615 -1.24056 0.1)
(-0.153997 -1.24122 0.1)
(-0.115813 -1.24176 0.1)
(-0.0780115 -1.24221 0.1)
(-0.0405471 -1.24257 0.1)
(-0.00338061 -1.24287 0.1)
(0.0335223 -1.24312 0.1)
(0.0701923 -1.24332 0.1)
(0.106657 -1.24349 0.1)
(0.14294 -1.24363 0.1)
(0.179065 -1.24375 0.1)
(0.215051 -1.24384 0.1)
(0.250918 -1.24391 0.1)
(0.286683 -1.24397 0.1)
(0.322363 -1.24402 0.1)
(0.357972 -1.24406 0.1)
(0.393527 -1.24409 0.1)
(0.42904 -1.2441 0.1)
(0.464527 -1.24411 0.1)
(0.5 -1.24411 0.1)
(0.5 1.26379 0.1)
(0.464506 1.26379 0.1)
(0.428999 1.26378 0.1)
(0.393465 1.26376 0.1)
(0.357888 1.26374 0.1)
(0.322257 1.2637 0.1)
(0.286554 1.26366 0.1)
(0.250765 1.2636 0.1)
(0.214872 1.26353 0.1)
(0.178858 1.26344 0.1)
(0.142704 1.26334 0.1)
(0.106389 1.26321 0.1)
(0.0698906 1.26305 0.1)
(0.0331829 1.26285 0.1)
(-0.00376178 1.26262 0.1)
(-0.0409747 1.26234 0.1)
(-0.0784914 1.262 0.1)
(-0.116352 1.26158 0.1)
(-0.154604 1.26107 0.1)
(-0.1933 1.26045 0.1)
(-0.232504 1.25969 0.1)
(-0.27229 1.25875 0.1)
(-0.312746 1.25758 0.1)
(-0.353974 1.25613 0.1)
(-0.396094 1.25429 0.1)
(-0.439239 1.25195 0.1)
(-0.48354 1.24895 0.1)
(-0.529092 1.24505 0.1)
(-0.575904 1.24002 0.1)
(-0.623902 1.23359 0.1)
(-0.672953 1.22554 0.1)
(-0.722886 1.21567 0.1)
(-0.773512 1.2038 0.1)
(-0.824629 1.1898 0.1)
(-0.876031 1.17354 0.1)
(-0.927512 1.15492 0.1)
(-0.978863 1.13389 0.1)
(-1.02988 1.11038 0.1)
(-1.08036 1.08436 0.1)
(-1.13011 1.05582 0.1)
(-1.17893 1.02478 0.1)
(-1.22663 0.991246 0.1)
(-1.27304 0.955265 0.1)
(-1.31798 0.916888 0.1)
(-1.36128 0.876183 0.1)
(-1.40277 0.833227 0.1)
(-1.44232 0.78811 0.1)
(-1.47978 0.740934 0.1)
(-1.515 0.691811 0.1)
(-1.54788 0.640858 0.1)
(-1.57828 0.588203 0.1)
(-1.60611 0.533981 0.1)
(-1.63127 0.47833 0.1)
(-1.65367 0.421398 0.1)
(-1.67324 0.363333 0.1)
(-1.68992 0.304289 0.1)
(-1.70363 0.244425 0.1)
(-1.71435 0.183901 0.1)
(-1.72203 0.122881 0.1)
(-1.72665 0.0615293 0.1)
(-1.72819 1.21387e-05 0.1)
(-1.72665 -0.0615062 0.1)
(-1.72203 -0.12286 0.1)
(-1.71435 -0.183883 0.1)
(-1.70364 -0.244409 0.1)
(-1.68992 -0.304275 0.1)
(-1.67325 -0.36332 0.1)
(-1.65368 -0.421387 0.1)
(-1.63127 -0.478321 0.1)
(-1.60611 -0.533973 0.1)
(-1.57828 -0.588196 0.1)
(-1.54788 -0.640852 0.1)
(-1.51501 -0.691805 0.1)
(-1.47978 -0.74093 0.1)
(-1.44233 -0.788106 0.1)
(-1.40278 -0.833223 0.1)
(-1.36128 -0.87618 0.1)
(-1.31798 -0.916886 0.1)
(-1.27304 -0.955263 0.1)
(-1.22664 -0.991244 0.1)
(-1.17893 -1.02478 0.1)
(-1.13011 -1.05582 0.1)
(-1.08036 -1.08436 0.1)
(-1.02988 -1.11037 0.1)
(-0.978865 -1.13389 0.1)
(-0.927513 -1.15492 0.1)
(-0.876033 -1.17354 0.1)
(-0.82463 -1.1898 0.1)
(-0.773513 -1.2038 0.1)
(-0.722887 -1.21567 0.1)
(-0.672954 -1.22554 0.1)
(-0.623903 -1.23359 0.1)
(-0.575904 -1.24002 0.1)
(-0.529092 -1.24505 0.1)
(-0.48354 -1.24895 0.1)
(-0.439239 -1.25195 0.1)
(-0.396094 -1.25429 0.1)
(-0.353974 -1.25613 0.1)
(-0.312746 -1.25758 0.1)
(-0.272291 -1.25875 0.1)
(-0.232505 -1.25969 0.1)
(-0.193301 -1.26045 0.1)
(-0.154604 -1.26107 0.1)
(-0.116353 -1.26158 0.1)
(-0.0784916 -1.262 0.1)
(-0.0409748 -1.26234 0.1)
(-0.00376189 -1.26262 0.1)
(0.0331828 -1.26285 0.1)
(0.0698905 -1.26305 0.1)
(0.106389 -1.26321 0.1)
(0.142704 -1.26334 0.1)
(0.178858 -1.26344 0.1)
(0.214872 -1.26353 0.1)
(0.250764 -1.2636 0.1)
(0.286554 -1.26366 0.1)
(0.322257 -1.2637 0.1)
(0.357888 -1.26374 0.1)
(0.393465 -1.26376 0.1)
(0.428999 -1.26378 0.1)
(0.464506 -1.26379 0.1)
(0.5 -1.26379 0.1)
(0.5 1.28346 0.1)
(0.464487 1.28346 0.1)
(0.428961 1.28346 0.1)
(0.393407 1.28344 0.1)
(0.357811 1.28342 0.1)
(0.322159 1.28339 0.1)
(0.286435 1.28334 0.1)
(0.250623 1.28329 0.1)
(0.214706 1.28322 0.1)
(0.178668 1.28314 0.1)
(0.142487 1.28304 0.1)
(0.106142 1.28292 0.1)
(0.0696116 1.28278 0.1)
(0.0328689 1.2826 0.1)
(-0.00411445 1.28238 0.1)
(-0.0413706 1.28212 0.1)
(-0.0789359 1.2818 0.1)
(-0.116852 1.28141 0.1)
(-0.155167 1.28094 0.1)
(-0.193937 1.28036 0.1)
(-0.233227 1.27964 0.1)
(-0.273116 1.27876 0.1)
(-0.313696 1.27767 0.1)
(-0.355079 1.27631 0.1)
(-0.397394 1.27458 0.1)
(-0.44079 1.27236 0.1)
(-0.48542 1.26948 0.1)
(-0.531394 1.26571 0.1)
(-0.578724 1.26078 0.1)
(-0.627323 1.25441 0.1)
(-0.677043 1.24637 0.1)
(-0.7277 1.23646 0.1)
(-0.779093 1.2245 0.1)
(-0.831011 1.21034 0.1)
(-0.883238 1.19388 0.1)
(-0.935561 1.175 0.1)
(-0.987765 1.15365 0.1)
(-1.03964 1.12977 0.1)
(-1.09098 1.10333 0.1)
(-1.14157 1.07432 0.1)
(-1.19123 1.04275 0.1)
(-1.23976 1.00865 0.1)
(-1.28697 0.972049 0.1)
(-1.33268 0.933008 0.1)
(-1.37673 0.891595 0.1)
(-1.41895 0.847889 0.1)
(-1.45918 0.801983 0.1)
(-1.49729 0.75398 0.1)
(-1.53313 0.703994 0.1)
(-1.56658 0.652146 0.1)
(-1.59751 0.598566 0.1)
(-1.62583 0.543389 0.1)
(-1.65143 0.486759 0.1)
(-1.67422 0.428824 0.1)
(-1.69414 0.369736 0.1)
(-1.7111 0.309652 0.1)
(-1.72506 0.248734 0.1)
(-1.73596 0.187143 0.1)
(-1.74377 0.125047 0.1)
(-1.74847 0.062614 0.1)
(-1.75004 1.29167e-05 0.1)
(-1.74848 -0.0625896 0.1)
(-1.74378 -0.125025 0.1)
(-1.73596 -0.187124 0.1)
(-1.72506 -0.248717 0.1)
(-1.7111 -0.309637 0.1)
(-1.69414 -0.369723 0.1)
(-1.67423 -0.428813 0.1)
(-1.65143 -0.486749 0.1)
(-1.62583 -0.543381 0.1)
(-1.59752 -0.598559 0.1)
(-1.56658 -0.65214 0.1)
(-1.53314 -0.703989 0.1)
(-1.49729 -0.753976 0.1)
(-1.45919 -0.801979 0.1)
(-1.41895 -0.847886 0.1)
(-1.37673 -0.891592 0.1)
(-1.33268 -0.933006 0.1)
(-1.28697 -0.972047 0.1)
(-1.23976 -1.00865 0.1)
(-1.19123 -1.04275 0.1)
(-1.14158 -1.07432 0.1)
(-1.09098 -1.10333 0.1)
(-1.03964 -1.12977 0.1)
(-0.987767 -1.15365 0.1)
(-0.935563 -1.175 0.1)
(-0.88324 -1.19388 0.1)
(-0.831012 -1.21034 0.1)
(-0.779094 -1.2245 0.1)
(-0.727701 -1.23646 0.1)
(-0.677044 -1.24637 0.1)
(-0.627324 -1.25441 0.1)
(-0.578725 -1.26077 0.1)
(-0.531395 -1.26571 0.1)
(-0.48542 -1.26948 0.1)
(-0.440791 -1.27236 0.1)
(-0.397394 -1.27458 0.1)
(-0.355079 -1.27631 0.1)
(-0.313697 -1.27767 0.1)
(-0.273116 -1.27876 0.1)
(-0.233227 -1.27964 0.1)
(-0.193937 -1.28036 0.1)
(-0.155167 -1.28094 0.1)
(-0.116852 -1.28141 0.1)
(-0.078936 -1.2818 0.1)
(-0.0413707 -1.28212 0.1)
(-0.00411456 -1.28238 0.1)
(0.0328688 -1.2826 0.1)
(0.0696116 -1.28278 0.1)
(0.106142 -1.28292 0.1)
(0.142486 -1.28304 0.1)
(0.178667 -1.28314 0.1)
(0.214706 -1.28322 0.1)
(0.250623 -1.28329 0.1)
(0.286435 -1.28334 0.1)
(0.322159 -1.28339 0.1)
(0.357811 -1.28342 0.1)
(0.393407 -1.28344 0.1)
(0.428961 -1.28346 0.1)
(0.464487 -1.28346 0.1)
(0.5 -1.28346 0.1)
(0.5 1.30314 0.1)
(0.46447 1.30314 0.1)
(0.428926 1.30314 0.1)
(0.393354 1.30312 0.1)
(0.35774 1.3031 0.1)
(0.322069 1.30307 0.1)
(0.286325 1.30303 0.1)
(0.250493 1.30298 0.1)
(0.214555 1.30292 0.1)
(0.178493 1.30285 0.1)
(0.142287 1.30276 0.1)
(0.105916 1.30264 0.1)
(0.0693559 1.30251 0.1)
(0.032581 1.30234 0.1)
(-0.00443803 1.30214 0.1)
(-0.0417339 1.3019 0.1)
(-0.079344 1.30161 0.1)
(-0.117311 1.30125 0.1)
(-0.155685 1.30081 0.1)
(-0.194522 1.30027 0.1)
(-0.233893 1.29962 0.1)
(-0.273878 1.2988 0.1)
(-0.314575 1.29779 0.1)
(-0.356103 1.29652 0.1)
(-0.398604 1.29491 0.1)
(-0.442244 1.29282 0.1)
(-0.487197 1.29009 0.1)
(-0.533599 1.28646 0.1)
(-0.581458 1.28164 0.1)
(-0.630672 1.27534 0.1)
(-0.681076 1.26733 0.1)
(-0.732473 1.25738 0.1)
(-0.784648 1.24533 0.1)
(-0.83738 1.23103 0.1)
(-0.890446 1.21436 0.1)
(-0.943623 1.19522 0.1)
(-0.996691 1.17355 0.1)
(-1.04943 1.1493 0.1)
(-1.10164 1.12244 0.1)
(-1.15309 1.09295 0.1)
(-1.20359 1.06086 0.1)
(-1.25295 1.02618 0.1)
(-1.30097 0.988956 0.1)
(-1.34747 0.949246 0.1)
(-1.39227 0.907119 0.1)
(-1.43522 0.862659 0.1)
(-1.47615 0.815957 0.1)
(-1.51492 0.767121 0.1)
(-1.55138 0.716266 0.1)
(-1.5854 0.663516 0.1)
(-1.61687 0.609003 0.1)
(-1.64568 0.552865 0.1)
(-1.67172 0.495248 0.1)
(-1.69491 0.436303 0.1)
(-1.71517 0.376185 0.1)
(-1.73242 0.315054 0.1)
(-1.74662 0.253073 0.1)
(-1.75772 0.190408 0.1)
(-1.76567 0.127228 0.1)
(-1.77045 0.0637064 0.1)
(-1.77204 1.37756e-05 0.1)
(-1.77045 -0.0636808 0.1)
(-1.76567 -0.127205 0.1)
(-1.75772 -0.190388 0.1)
(-1.74663 -0.253055 0.1)
(-1.73243 -0.315039 0.1)
(-1.71517 -0.376172 0.1)
(-1.69491 -0.436292 0.1)
(-1.67173 -0.495239 0.1)
(-1.64568 -0.552857 0.1)
(-1.61688 -0.608996 0.1)
(-1.58541 -0.66351 0.1)
(-1.55138 -0.716261 0.1)
(-1.51492 -0.767117 0.1)
(-1.47616 -0.815954 0.1)
(-1.43522 -0.862655 0.1)
(-1.39228 -0.907116 0.1)
(-1.34747 -0.949243 0.1)
(-1.30097 -0.988954 0.1)
(-1.25295 -1.02618 0.1)
(-1.2036 -1.06086 0.1)
(-1.15309 -1.09295 0.1)
(-1.10164 -1.12244 0.1)
(-1.04943 -1.1493 0.1)
(-0.996693 -1.17355 0.1)
(-0.943625 -1.19522 0.1)
(-0.890447 -1.21436 0.1)
(-0.837382 -1.23103 0.1)
(-0.784649 -1.24533 0.1)
(-0.732474 -1.25738 0.1)
(-0.681077 -1.26733 0.1)
(-0.630673 -1.27534 0.1)
(-0.581458 -1.28164 0.1)
(-0.5336 -1.28646 0.1)
(-0.487198 -1.29009 0.1)
(-0.442244 -1.29282 0.1)
(-0.398604 -1.29491 0.1)
(-0.356103 -1.29652 0.1)
(-0.314575 -1.29779 0.1)
(-0.273878 -1.2988 0.1)
(-0.233893 -1.29962 0.1)
(-0.194523 -1.30027 0.1)
(-0.155685 -1.30081 0.1)
(-0.117311 -1.30125 0.1)
(-0.0793441 -1.30161 0.1)
(-0.041734 -1.3019 0.1)
(-0.00443814 -1.30214 0.1)
(0.0325809 -1.30234 0.1)
(0.0693558 -1.30251 0.1)
(0.105916 -1.30264 0.1)
(0.142287 -1.30276 0.1)
(0.178493 -1.30285 0.1)
(0.214555 -1.30292 0.1)
(0.250493 -1.30298 0.1)
(0.286325 -1.30303 0.1)
(0.322069 -1.30307 0.1)
(0.35774 -1.3031 0.1)
(0.393354 -1.30312 0.1)
(0.428926 -1.30314 0.1)
(0.46447 -1.30314 0.1)
(0.5 -1.30314 0.1)
(0.5 1.32282 0.1)
(0.464454 1.32282 0.1)
(0.428895 1.32282 0.1)
(0.393307 1.3228 0.1)
(0.357676 1.32279 0.1)
(0.321988 1.32276 0.1)
(0.286226 1.32272 0.1)
(0.250375 1.32268 0.1)
(0.214417 1.32262 0.1)
(0.178334 1.32255 0.1)
(0.142106 1.32247 0.1)
(0.10571 1.32237 0.1)
(0.0691236 1.32225 0.1)
(0.0323194 1.3221 0.1)
(-0.00473204 1.32191 0.1)
(-0.0420642 1.32169 0.1)
(-0.0797151 1.32142 0.1)
(-0.117729 1.3211 0.1)
(-0.156156 1.3207 0.1)
(-0.195056 1.32021 0.1)
(-0.2345 1.31961 0.1)
(-0.274573 1.31886 0.1)
(-0.315379 1.31794 0.1)
(-0.357042 1.31677 0.1)
(-0.399718 1.31528 0.1)
(-0.443592 1.31334 0.1)
(-0.488865 1.31077 0.1)
(-0.5357 1.3073 0.1)
(-0.5841 1.30261 0.1)
(-0.633945 1.2964 0.1)
(-0.68505 1.28841 0.1)
(-0.737203 1.27843 0.1)
(-0.790175 1.2663 0.1)
(-0.843735 1.25185 0.1)
(-0.897652 1.23498 0.1)
(-0.951697 1.21558 0.1)
(-1.00564 1.1936 0.1)
(-1.05926 1.16897 0.1)
(-1.11234 1.14168 0.1)
(-1.16466 1.11172 0.1)
(-1.21602 1.07909 0.1)
(-1.26621 1.04384 0.1)
(-1.31505 1.00598 0.1)
(-1.36234 0.9656 0.1)
(-1.40791 0.922756 0.1)
(-1.4516 0.877535 0.1)
(-1.49323 0.830032 0.1)
(-1.53266 0.780356 0.1)
(-1.56974 0.728627 0.1)
(-1.60435 0.674967 0.1)
(-1.63636 0.619515 0.1)
(-1.66566 0.562409 0.1)
(-1.69215 0.503798 0.1)
(-1.71573 0.443836 0.1)
(-1.73634 0.382681 0.1)
(-1.75389 0.320494 0.1)
(-1.76833 0.257443 0.1)
(-1.77962 0.193696 0.1)
(-1.7877 0.129425 0.1)
(-1.79257 0.0648066 0.1)
(-1.79419 1.47336e-05 0.1)
(-1.79257 -0.0647795 0.1)
(-1.78771 -0.129401 0.1)
(-1.77962 -0.193675 0.1)
(-1.76834 -0.257425 0.1)
(-1.7539 -0.320478 0.1)
(-1.73634 -0.382667 0.1)
(-1.71574 -0.443825 0.1)
(-1.69215 -0.503788 0.1)
(-1.66566 -0.562401 0.1)
(-1.63636 -0.619508 0.1)
(-1.60435 -0.674961 0.1)
(-1.56974 -0.728621 0.1)
(-1.53266 -0.780352 0.1)
(-1.49323 -0.830028 0.1)
(-1.4516 -0.877531 0.1)
(-1.40792 -0.922753 0.1)
(-1.36235 -0.965598 0.1)
(-1.31505 -1.00598 0.1)
(-1.26622 -1.04383 0.1)
(-1.21602 -1.07909 0.1)
(-1.16466 -1.11172 0.1)
(-1.11234 -1.14168 0.1)
(-1.05926 -1.16897 0.1)
(-1.00564 -1.19359 0.1)
(-0.951698 -1.21558 0.1)
(-0.897653 -1.23498 0.1)
(-0.843737 -1.25185 0.1)
(-0.790176 -1.2663 0.1)
(-0.737203 -1.27843 0.1)
(-0.685051 -1.28841 0.1)
(-0.633946 -1.2964 0.1)
(-0.584101 -1.30261 0.1)
(-0.5357 -1.3073 0.1)
(-0.488865 -1.31077 0.1)
(-0.443592 -1.31334 0.1)
(-0.399719 -1.31528 0.1)
(-0.357042 -1.31677 0.1)
(-0.315379 -1.31794 0.1)
(-0.274574 -1.31886 0.1)
(-0.2345 -1.31961 0.1)
(-0.195056 -1.32021 0.1)
(-0.156156 -1.3207 0.1)
(-0.117729 -1.3211 0.1)
(-0.0797153 -1.32142 0.1)
(-0.0420643 -1.32169 0.1)
(-0.00473215 -1.32191 0.1)
(0.0323193 -1.3221 0.1)
(0.0691235 -1.32225 0.1)
(0.10571 -1.32237 0.1)
(0.142106 -1.32247 0.1)
(0.178334 -1.32255 0.1)
(0.214417 -1.32262 0.1)
(0.250375 -1.32268 0.1)
(0.286226 -1.32272 0.1)
(0.321988 -1.32276 0.1)
(0.357676 -1.32279 0.1)
(0.393307 -1.3228 0.1)
(0.428895 -1.32282 0.1)
(0.464454 -1.32282 0.1)
(0.5 -1.32282 0.1)
(0.5 1.34251 0.1)
(0.46444 1.34251 0.1)
(0.428866 1.3425 0.1)
(0.393264 1.34249 0.1)
(0.357618 1.34247 0.1)
(0.321915 1.34245 0.1)
(0.286137 1.34242 0.1)
(0.25027 1.34238 0.1)
(0.214294 1.34233 0.1)
(0.178192 1.34226 0.1)
(0.141943 1.34219 0.1)
(0.105526 1.3421 0.1)
(0.0689151 1.34199 0.1)
(0.0320846 1.34185 0.1)
(-0.00499607 1.34169 0.1)
(-0.0423609 1.34149 0.1)
(-0.0800487 1.34125 0.1)
(-0.118104 1.34095 0.1)
(-0.15658 1.34059 0.1)
(-0.195536 1.34015 0.1)
(-0.235047 1.33961 0.1)
(-0.275201 1.33894 0.1)
(-0.316105 1.3381 0.1)
(-0.357894 1.33704 0.1)
(-0.400733 1.33569 0.1)
(-0.444829 1.33391 0.1)
(-0.490414 1.33153 0.1)
(-0.537689 1.32824 0.1)
(-0.586645 1.32369 0.1)
(-0.637138 1.31757 0.1)
(-0.688962 1.30962 0.1)
(-0.741886 1.29962 0.1)
(-0.795671 1.2874 0.1)
(-0.850075 1.27281 0.1)
(-0.904856 1.25574 0.1)
(-0.95978 1.23608 0.1)
(-1.01461 1.21378 0.1)
(-1.06912 1.18878 0.1)
(-1.12308 1.16106 0.1)
(-1.17628 1.13062 0.1)
(-1.22851 1.09746 0.1)
(-1.27955 1.06162 0.1)
(-1.32921 1.02313 0.1)
(-1.3773 0.982072 0.1)
(-1.42365 0.938504 0.1)
(-1.46807 0.892517 0.1)
(-1.51041 0.844207 0.1)
(-1.55051 0.793686 0.1)
(-1.58822 0.741075 0.1)
(-1.62342 0.6865 0.1)
(-1.65597 0.630101 0.1)
(-1.68577 0.57202 0.1)
(-1.71271 0.512408 0.1)
(-1.73669 0.451422 0.1)
(-1.75765 0.389222 0.1)
(-1.7755 0.325972 0.1)
(-1.79019 0.261844 0.1)
(-1.80166 0.197007 0.1)
(-1.80989 0.131637 0.1)
(-1.81483 0.0659143 0.1)
(-1.81648 1.58143e-05 0.1)
(-1.81483 -0.0658858 0.1)
(-1.80989 -0.131613 0.1)
(-1.80167 -0.196985 0.1)
(-1.79019 -0.261825 0.1)
(-1.7755 -0.325956 0.1)
(-1.75765 -0.389208 0.1)
(-1.7367 -0.45141 0.1)
(-1.71271 -0.512398 0.1)
(-1.68577 -0.572012 0.1)
(-1.65597 -0.630094 0.1)
(-1.62342 -0.686494 0.1)
(-1.58822 -0.741069 0.1)
(-1.55051 -0.793681 0.1)
(-1.51041 -0.844203 0.1)
(-1.46807 -0.892513 0.1)
(-1.42365 -0.938501 0.1)
(-1.37731 -0.98207 0.1)
(-1.32921 -1.02313 0.1)
(-1.27955 -1.06162 0.1)
(-1.22851 -1.09746 0.1)
(-1.17629 -1.13062 0.1)
(-1.12309 -1.16106 0.1)
(-1.06912 -1.18878 0.1)
(-1.01461 -1.21378 0.1)
(-0.959782 -1.23608 0.1)
(-0.904857 -1.25574 0.1)
(-0.850076 -1.27281 0.1)
(-0.795672 -1.2874 0.1)
(-0.741887 -1.29962 0.1)
(-0.688963 -1.30962 0.1)
(-0.637139 -1.31757 0.1)
(-0.586646 -1.32369 0.1)
(-0.537689 -1.32824 0.1)
(-0.490415 -1.33153 0.1)
(-0.444829 -1.33391 0.1)
(-0.400734 -1.33569 0.1)
(-0.357894 -1.33704 0.1)
(-0.316105 -1.3381 0.1)
(-0.275201 -1.33894 0.1)
(-0.235048 -1.33961 0.1)
(-0.195537 -1.34015 0.1)
(-0.15658 -1.34059 0.1)
(-0.118104 -1.34095 0.1)
(-0.0800488 -1.34125 0.1)
(-0.042361 -1.34149 0.1)
(-0.00499618 -1.34169 0.1)
(0.0320845 -1.34185 0.1)
(0.0689151 -1.34199 0.1)
(0.105526 -1.3421 0.1)
(0.141943 -1.34219 0.1)
(0.178192 -1.34226 0.1)
(0.214294 -1.34233 0.1)
(0.25027 -1.34238 0.1)
(0.286137 -1.34242 0.1)
(0.321915 -1.34245 0.1)
(0.357618 -1.34247 0.1)
(0.393264 -1.34249 0.1)
(0.428866 -1.3425 0.1)
(0.46444 -1.34251 0.1)
(0.5 -1.34251 0.1)
(0.5 1.36219 0.1)
(0.464428 1.36219 0.1)
(0.428841 1.36219 0.1)
(0.393226 1.36218 0.1)
(0.357568 1.36216 0.1)
(0.32185 1.36214 0.1)
(0.286059 1.36211 0.1)
(0.250176 1.36208 0.1)
(0.214185 1.36203 0.1)
(0.178066 1.36198 0.1)
(0.1418 1.36191 0.1)
(0.105363 1.36183 0.1)
(0.0687308 1.36173 0.1)
(0.0318768 1.36161 0.1)
(-0.00522973 1.36147 0.1)
(-0.0426236 1.36129 0.1)
(-0.0803441 1.36108 0.1)
(-0.118437 1.36082 0.1)
(-0.156956 1.3605 0.1)
(-0.195963 1.36011 0.1)
(-0.235533 1.35963 0.1)
(-0.275759 1.35903 0.1)
(-0.316752 1.35829 0.1)
(-0.358654 1.35735 0.1)
(-0.401644 1.35614 0.1)
(-0.445948 1.35454 0.1)
(-0.491837 1.35235 0.1)
(-0.539559 1.34926 0.1)
(-0.589088 1.34488 0.1)
(-0.640248 1.33886 0.1)
(-0.692809 1.33096 0.1)
(-0.746522 1.32095 0.1)
(-0.801136 1.30865 0.1)
(-0.856397 1.29392 0.1)
(-0.912056 1.27664 0.1)
(-0.967873 1.25673 0.1)
(-1.0236 1.2341 0.1)
(-1.07901 1.20873 0.1)
(-1.13387 1.18058 0.1)
(-1.18796 1.14965 0.1)
(-1.24106 1.11596 0.1)
(-1.29295 1.07953 0.1)
(-1.34345 1.04041 0.1)
(-1.39235 0.998661 0.1)
(-1.43947 0.954364 0.1)
(-1.48464 0.907605 0.1)
(-1.52769 0.858483 0.1)
(-1.56847 0.807109 0.1)
(-1.60682 0.75361 0.1)
(-1.6426 0.698113 0.1)
(-1.67571 0.640762 0.1)
(-1.706 0.581699 0.1)
(-1.7334 0.521079 0.1)
(-1.75779 0.459061 0.1)
(-1.7791 0.395809 0.1)
(-1.79725 0.331489 0.1)
(-1.81218 0.266276 0.1)
(-1.82385 0.200341 0.1)
(-1.83221 0.133865 0.1)
(-1.83724 0.0670296 0.1)
(-1.83892 1.70491e-05 0.1)
(-1.83724 -0.0669996 0.1)
(-1.83222 -0.133839 0.1)
(-1.82385 -0.200319 0.1)
(-1.81219 -0.266256 0.1)
(-1.79725 -0.331472 0.1)
(-1.7791 -0.395795 0.1)
(-1.75779 -0.459049 0.1)
(-1.7334 -0.521068 0.1)
(-1.70601 -0.58169 0.1)
(-1.67571 -0.640754 0.1)
(-1.64261 -0.698107 0.1)
(-1.60682 -0.753604 0.1)
(-1.56847 -0.807104 0.1)
(-1.52769 -0.858479 0.1)
(-1.48464 -0.907602 0.1)
(-1.43947 -0.954361 0.1)
(-1.39235 -0.998658 0.1)
(-1.34345 -1.0404 0.1)
(-1.29295 -1.07953 0.1)
(-1.24106 -1.11596 0.1)
(-1.18796 -1.14965 0.1)
(-1.13387 -1.18058 0.1)
(-1.07901 -1.20873 0.1)
(-1.0236 -1.2341 0.1)
(-0.967874 -1.25673 0.1)
(-0.912058 -1.27664 0.1)
(-0.856398 -1.29392 0.1)
(-0.801137 -1.30865 0.1)
(-0.746523 -1.32095 0.1)
(-0.69281 -1.33096 0.1)
(-0.640248 -1.33886 0.1)
(-0.589088 -1.34488 0.1)
(-0.539559 -1.34926 0.1)
(-0.491838 -1.35235 0.1)
(-0.445948 -1.35454 0.1)
(-0.401644 -1.35614 0.1)
(-0.358655 -1.35735 0.1)
(-0.316753 -1.35829 0.1)
(-0.275759 -1.35903 0.1)
(-0.235534 -1.35963 0.1)
(-0.195963 -1.36011 0.1)
(-0.156956 -1.3605 0.1)
(-0.118437 -1.36082 0.1)
(-0.0803443 -1.36108 0.1)
(-0.0426237 -1.36129 0.1)
(-0.00522985 -1.36147 0.1)
(0.0318767 -1.36161 0.1)
(0.0687307 -1.36173 0.1)
(0.105363 -1.36183 0.1)
(0.1418 -1.36191 0.1)
(0.178066 -1.36198 0.1)
(0.214185 -1.36203 0.1)
(0.250176 -1.36208 0.1)
(0.286059 -1.36211 0.1)
(0.32185 -1.36214 0.1)
(0.357568 -1.36216 0.1)
(0.393226 -1.36218 0.1)
(0.428841 -1.36219 0.1)
(0.464428 -1.36219 0.1)
(0.5 -1.36219 0.1)
(0.5 1.38188 0.1)
(0.464417 1.38188 0.1)
(0.42882 1.38187 0.1)
(0.393193 1.38186 0.1)
(0.357523 1.38185 0.1)
(0.321795 1.38183 0.1)
(0.285991 1.38181 0.1)
(0.250095 1.38178 0.1)
(0.214091 1.38174 0.1)
(0.177957 1.38169 0.1)
(0.141675 1.38163 0.1)
(0.105221 1.38156 0.1)
(0.0685707 1.38148 0.1)
(0.0316965 1.38137 0.1)
(-0.0054327 1.38125 0.1)
(-0.0428518 1.3811 0.1)
(-0.0806009 1.38091 0.1)
(-0.118726 1.38069 0.1)
(-0.157283 1.38041 0.1)
(-0.196334 1.38008 0.1)
(-0.235957 1.37966 0.1)
(-0.276246 1.37914 0.1)
(-0.317318 1.3785 0.1)
(-0.359321 1.37768 0.1)
(-0.402446 1.37662 0.1)
(-0.446941 1.37521 0.1)
(-0.493123 1.37324 0.1)
(-0.541302 1.37038 0.1)
(-0.591423 1.36618 0.1)
(-0.64327 1.36028 0.1)
(-0.696588 1.35243 0.1)
(-0.751108 1.34241 0.1)
(-0.806567 1.33003 0.1)
(-0.862701 1.31516 0.1)
(-0.919252 1.29769 0.1)
(-0.975974 1.27751 0.1)
(-1.03262 1.25457 0.1)
(-1.08893 1.22882 0.1)
(-1.1447 1.20024 0.1)
(-1.19969 1.16882 0.1)
(-1.25367 1.13458 0.1)
(-1.30642 1.09756 0.1)
(-1.35776 1.0578 0.1)
(-1.40748 1.01537 0.1)
(-1.45539 0.970334 0.1)
(-1.50131 0.922799 0.1)
(-1.54508 0.872858 0.1)
(-1.58654 0.820625 0.1)
(-1.62553 0.766233 0.1)
(-1.66191 0.709807 0.1)
(-1.69557 0.651496 0.1)
(-1.72637 0.591444 0.1)
(-1.75422 0.529809 0.1)
(-1.77902 0.466753 0.1)
(-1.80068 0.402441 0.1)
(-1.81913 0.337043 0.1)
(-1.83432 0.270738 0.1)
(-1.84618 0.203698 0.1)
(-1.85468 0.136107 0.1)
(-1.8598 0.0681524 0.1)
(-1.8615 1.84799e-05 0.1)
(-1.8598 -0.0681208 0.1)
(-1.85469 -0.136081 0.1)
(-1.84619 -0.203675 0.1)
(-1.83432 -0.270718 0.1)
(-1.81914 -0.337026 0.1)
(-1.80068 -0.402426 0.1)
(-1.77902 -0.46674 0.1)
(-1.75422 -0.529798 0.1)
(-1.72637 -0.591435 0.1)
(-1.69557 -0.651489 0.1)
(-1.66192 -0.709801 0.1)
(-1.62553 -0.766227 0.1)
(-1.58654 -0.820621 0.1)
(-1.54508 -0.872854 0.1)
(-1.50131 -0.922796 0.1)
(-1.45539 -0.970331 0.1)
(-1.40748 -1.01536 0.1)
(-1.35776 -1.0578 0.1)
(-1.30643 -1.09756 0.1)
(-1.25367 -1.13458 0.1)
(-1.19969 -1.16882 0.1)
(-1.1447 -1.20024 0.1)
(-1.08894 -1.22882 0.1)
(-1.03262 -1.25457 0.1)
(-0.975976 -1.27751 0.1)
(-0.919253 -1.29769 0.1)
(-0.862702 -1.31516 0.1)
(-0.806568 -1.33003 0.1)
(-0.751109 -1.34241 0.1)
(-0.696588 -1.35243 0.1)
(-0.643271 -1.36028 0.1)
(-0.591424 -1.36618 0.1)
(-0.541303 -1.37038 0.1)
(-0.493124 -1.37324 0.1)
(-0.446942 -1.37521 0.1)
(-0.402446 -1.37662 0.1)
(-0.359321 -1.37768 0.1)
(-0.317318 -1.3785 0.1)
(-0.276246 -1.37914 0.1)
(-0.235957 -1.37966 0.1)
(-0.196334 -1.38008 0.1)
(-0.157283 -1.38041 0.1)
(-0.118727 -1.38069 0.1)
(-0.0806011 -1.38091 0.1)
(-0.0428519 -1.3811 0.1)
(-0.00543281 -1.38125 0.1)
(0.0316964 -1.38137 0.1)
(0.0685706 -1.38148 0.1)
(0.105221 -1.38156 0.1)
(0.141675 -1.38163 0.1)
(0.177957 -1.38169 0.1)
(0.214091 -1.38174 0.1)
(0.250095 -1.38178 0.1)
(0.285991 -1.38181 0.1)
(0.321795 -1.38183 0.1)
(0.357523 -1.38185 0.1)
(0.393193 -1.38186 0.1)
(0.42882 -1.38187 0.1)
(0.464417 -1.38188 0.1)
(0.5 -1.38188 0.1)
(0.5 1.40156 0.1)
(0.464408 1.40156 0.1)
(0.428801 1.40156 0.1)
(0.393166 1.40155 0.1)
(0.357486 1.40154 0.1)
(0.321747 1.40152 0.1)
(0.285933 1.4015 0.1)
(0.250027 1.40148 0.1)
(0.214011 1.40145 0.1)
(0.177865 1.40141 0.1)
(0.141569 1.40136 0.1)
(0.105101 1.4013 0.1)
(0.0684352 1.40123 0.1)
(0.0315437 1.40114 0.1)
(-0.00560466 1.40104 0.1)
(-0.0430452 1.40091 0.1)
(-0.0808187 1.40075 0.1)
(-0.118972 1.40056 0.1)
(-0.15756 1.40033 0.1)
(-0.196649 1.40005 0.1)
(-0.236317 1.3997 0.1)
(-0.276661 1.39927 0.1)
(-0.3178 1.39872 0.1)
(-0.359891 1.39803 0.1)
(-0.403134 1.39713 0.1)
(-0.447803 1.39592 0.1)
(-0.494262 1.39421 0.1)
(-0.54291 1.39159 0.1)
(-0.593646 1.38759 0.1)
(-0.646202 1.38183 0.1)
(-0.700297 1.37404 0.1)
(-0.755642 1.36401 0.1)
(-0.811963 1.35156 0.1)
(-0.868986 1.33655 0.1)
(-0.926442 1.31888 0.1)
(-0.984082 1.29844 0.1)
(-1.04165 1.27518 0.1)
(-1.09889 1.24905 0.1)
(-1.15557 1.22003 0.1)
(-1.21147 1.18812 0.1)
(-1.26634 1.15334 0.1)
(-1.31996 1.11572 0.1)
(-1.37215 1.07531 0.1)
(-1.42269 1.03219 0.1)
(-1.4714 0.986416 0.1)
(-1.51808 0.938099 0.1)
(-1.56257 0.887332 0.1)
(-1.60472 0.834235 0.1)
(-1.64435 0.778943 0.1)
(-1.68134 0.721581 0.1)
(-1.71555 0.662304 0.1)
(-1.74686 0.601256 0.1)
(-1.77517 0.538598 0.1)
(-1.80038 0.474496 0.1)
(-1.8224 0.409118 0.1)
(-1.84116 0.342635 0.1)
(-1.8566 0.27523 0.1)
(-1.86866 0.207077 0.1)
(-1.8773 0.138365 0.1)
(-1.8825 0.0692826 0.1)
(-1.88423 2.01624e-05 0.1)
(-1.8825 -0.0692494 0.1)
(-1.8773 -0.138337 0.1)
(-1.86866 -0.207054 0.1)
(-1.8566 -0.27521 0.1)
(-1.84117 -0.342617 0.1)
(-1.82241 -0.409103 0.1)
(-1.80039 -0.474484 0.1)
(-1.77518 -0.538587 0.1)
(-1.74687 -0.601247 0.1)
(-1.71555 -0.662297 0.1)
(-1.68134 -0.721575 0.1)
(-1.64435 -0.778937 0.1)
(-1.60472 -0.83423 0.1)
(-1.56258 -0.887328 0.1)
(-1.51808 -0.938095 0.1)
(-1.4714 -0.986413 0.1)
(-1.4227 -1.03218 0.1)
(-1.37216 -1.07531 0.1)
(-1.31997 -1.11572 0.1)
(-1.26634 -1.15334 0.1)
(-1.21147 -1.18812 0.1)
(-1.15558 -1.22003 0.1)
(-1.09889 -1.24905 0.1)
(-1.04165 -1.27518 0.1)
(-0.984084 -1.29844 0.1)
(-0.926443 -1.31888 0.1)
(-0.868987 -1.33655 0.1)
(-0.811964 -1.35156 0.1)
(-0.755643 -1.36401 0.1)
(-0.700297 -1.37404 0.1)
(-0.646203 -1.38183 0.1)
(-0.593646 -1.38759 0.1)
(-0.542911 -1.39159 0.1)
(-0.494262 -1.39421 0.1)
(-0.447803 -1.39592 0.1)
(-0.403134 -1.39713 0.1)
(-0.359891 -1.39803 0.1)
(-0.317801 -1.39872 0.1)
(-0.276661 -1.39927 0.1)
(-0.236317 -1.3997 0.1)
(-0.196649 -1.40005 0.1)
(-0.157561 -1.40033 0.1)
(-0.118972 -1.40056 0.1)
(-0.0808188 -1.40075 0.1)
(-0.0430454 -1.40091 0.1)
(-0.00560477 -1.40104 0.1)
(0.0315436 -1.40114 0.1)
(0.0684351 -1.40123 0.1)
(0.105101 -1.4013 0.1)
(0.141569 -1.40136 0.1)
(0.177865 -1.40141 0.1)
(0.214011 -1.40145 0.1)
(0.250027 -1.40148 0.1)
(0.285933 -1.4015 0.1)
(0.321747 -1.40152 0.1)
(0.357486 -1.40154 0.1)
(0.393166 -1.40155 0.1)
(0.428801 -1.40156 0.1)
(0.464408 -1.40156 0.1)
(0.5 -1.40156 0.1)
(0.5 1.42125 0.1)
(0.4644 1.42125 0.1)
(0.428786 1.42125 0.1)
(0.393143 1.42124 0.1)
(0.357456 1.42123 0.1)
(0.321709 1.42122 0.1)
(0.285886 1.4212 0.1)
(0.249971 1.42118 0.1)
(0.213945 1.42116 0.1)
(0.17779 1.42112 0.1)
(0.141483 1.42108 0.1)
(0.105003 1.42104 0.1)
(0.0683244 1.42098 0.1)
(0.0314187 1.42091 0.1)
(-0.00574536 1.42083 0.1)
(-0.0432036 1.42072 0.1)
(-0.0809971 1.4206 0.1)
(-0.119173 1.42045 0.1)
(-0.157788 1.42026 0.1)
(-0.196908 1.42003 0.1)
(-0.236613 1.41975 0.1)
(-0.277001 1.4194 0.1)
(-0.318197 1.41896 0.1)
(-0.360361 1.4184 0.1)
(-0.403704 1.41767 0.1)
(-0.448523 1.41668 0.1)
(-0.495238 1.41524 0.1)
(-0.544375 1.41291 0.1)
(-0.59575 1.40912 0.1)
(-0.64904 1.4035 0.1)
(-0.703933 1.39578 0.1)
(-0.760123 1.38574 0.1)
(-0.817324 1.37323 0.1)
(-0.87525 1.35809 0.1)
(-0.933625 1.34021 0.1)
(-0.992198 1.31951 0.1)
(-1.0507 1.29593 0.1)
(-1.10887 1.26942 0.1)
(-1.16649 1.23996 0.1)
(-1.22329 1.20755 0.1)
(-1.27907 1.17223 0.1)
(-1.33357 1.13401 0.1)
(-1.38662 1.09295 0.1)
(-1.43799 1.04912 0.1)
(-1.48749 1.00261 0.1)
(-1.53494 0.953503 0.1)
(-1.58017 0.901906 0.1)
(-1.62301 0.847937 0.1)
(-1.66329 0.791739 0.1)
(-1.70089 0.733435 0.1)
(-1.73566 0.673186 0.1)
(-1.76748 0.611134 0.1)
(-1.79626 0.547447 0.1)
(-1.82188 0.482292 0.1)
(-1.84426 0.415841 0.1)
(-1.86333 0.348264 0.1)
(-1.87901 0.279753 0.1)
(-1.89127 0.21048 0.1)
(-1.90005 0.140637 0.1)
(-1.90534 0.07042 0.1)
(-1.9071 2.2172e-05 0.1)
(-1.90534 -0.0703853 0.1)
(-1.90006 -0.140609 0.1)
(-1.89127 -0.210456 0.1)
(-1.87902 -0.279733 0.1)
(-1.86333 -0.348246 0.1)
(-1.84426 -0.415826 0.1)
(-1.82188 -0.48228 0.1)
(-1.79626 -0.547436 0.1)
(-1.76749 -0.611125 0.1)
(-1.73566 -0.673178 0.1)
(-1.70089 -0.733428 0.1)
(-1.66329 -0.791733 0.1)
(-1.62301 -0.847932 0.1)
(-1.58017 -0.901902 0.1)
(-1.53495 -0.9535 0.1)
(-1.4875 -1.00261 0.1)
(-1.43799 -1.04912 0.1)
(-1.38662 -1.09295 0.1)
(-1.33358 -1.13401 0.1)
(-1.27907 -1.17222 0.1)
(-1.2233 -1.20755 0.1)
(-1.16649 -1.23996 0.1)
(-1.10887 -1.26942 0.1)
(-1.0507 -1.29593 0.1)
(-0.992199 -1.31951 0.1)
(-0.933627 -1.34021 0.1)
(-0.875251 -1.35809 0.1)
(-0.817325 -1.37323 0.1)
(-0.760124 -1.38574 0.1)
(-0.703934 -1.39578 0.1)
(-0.649041 -1.4035 0.1)
(-0.595751 -1.40912 0.1)
(-0.544376 -1.41291 0.1)
(-0.495239 -1.41524 0.1)
(-0.448524 -1.41668 0.1)
(-0.403705 -1.41767 0.1)
(-0.360361 -1.4184 0.1)
(-0.318198 -1.41896 0.1)
(-0.277002 -1.4194 0.1)
(-0.236613 -1.41975 0.1)
(-0.196908 -1.42003 0.1)
(-0.157788 -1.42026 0.1)
(-0.119173 -1.42045 0.1)
(-0.0809972 -1.4206 0.1)
(-0.0432037 -1.42072 0.1)
(-0.00574548 -1.42083 0.1)
(0.0314186 -1.42091 0.1)
(0.0683243 -1.42098 0.1)
(0.105003 -1.42104 0.1)
(0.141483 -1.42108 0.1)
(0.17779 -1.42112 0.1)
(0.213945 -1.42116 0.1)
(0.249971 -1.42118 0.1)
(0.285886 -1.4212 0.1)
(0.321709 -1.42122 0.1)
(0.357456 -1.42123 0.1)
(0.393143 -1.42124 0.1)
(0.428786 -1.42125 0.1)
(0.4644 -1.42125 0.1)
(0.5 -1.42125 0.1)
(0.5 1.44094 0.1)
(0.464395 1.44094 0.1)
(0.428775 1.44093 0.1)
(0.393126 1.44093 0.1)
(0.357432 1.44092 0.1)
(0.321679 1.44091 0.1)
(0.28585 1.4409 0.1)
(0.249928 1.44088 0.1)
(0.213895 1.44087 0.1)
(0.177731 1.44084 0.1)
(0.141416 1.44081 0.1)
(0.104927 1.44078 0.1)
(0.0682385 1.44073 0.1)
(0.0313218 1.44068 0.1)
(-0.0058546 1.44062 0.1)
(-0.0433266 1.44054 0.1)
(-0.0811357 1.44045 0.1)
(-0.11933 1.44033 0.1)
(-0.157965 1.44019 0.1)
(-0.197109 1.44002 0.1)
(-0.236843 1.43981 0.1)
(-0.277267 1.43954 0.1)
(-0.318508 1.43921 0.1)
(-0.360729 1.43879 0.1)
(-0.404153 1.43823 0.1)
(-0.449096 1.43747 0.1)
(-0.496038 1.43633 0.1)
(-0.545687 1.43432 0.1)
(-0.597733 1.43077 0.1)
(-0.651782 1.4253 0.1)
(-0.707496 1.41765 0.1)
(-0.764549 1.40762 0.1)
(-0.822647 1.39504 0.1)
(-0.881493 1.37976 0.1)
(-0.940801 1.36169 0.1)
(-1.00032 1.34073 0.1)
(-1.05977 1.31682 0.1)
(-1.11888 1.28993 0.1)
(-1.17744 1.26003 0.1)
(-1.23517 1.22712 0.1)
(-1.29185 1.19124 0.1)
(-1.34725 1.15242 0.1)
(-1.40116 1.11071 0.1)
(-1.45337 1.06618 0.1)
(-1.50368 1.01891 0.1)
(-1.5519 0.969013 0.1)
(-1.59787 0.916579 0.1)
(-1.6414 0.861732 0.1)
(-1.68234 0.804622 0.1)
(-1.72055 0.745368 0.1)
(-1.75588 0.684141 0.1)
(-1.78823 0.621079 0.1)
(-1.81747 0.556355 0.1)
(-1.84351 0.490141 0.1)
(-1.86625 0.422609 0.1)
(-1.88563 0.353931 0.1)
(-1.90157 0.284307 0.1)
(-1.91403 0.213905 0.1)
(-1.92295 0.142924 0.1)
(-1.92832 0.0715646 0.1)
(-1.93011 2.46105e-05 0.1)
(-1.92832 -0.0715285 0.1)
(-1.92296 -0.142895 0.1)
(-1.91403 -0.21388 0.1)
(-1.90157 -0.284286 0.1)
(-1.88563 -0.353912 0.1)
(-1.86626 -0.422593 0.1)
(-1.84351 -0.490128 0.1)
(-1.81748 -0.556344 0.1)
(-1.78823 -0.621069 0.1)
(-1.75589 -0.684133 0.1)
(-1.72055 -0.745362 0.1)
(-1.68234 -0.804616 0.1)
(-1.64141 -0.861727 0.1)
(-1.59787 -0.916575 0.1)
(-1.55191 -0.969009 0.1)
(-1.50369 -1.01891 0.1)
(-1.45338 -1.06617 0.1)
(-1.40117 -1.1107 0.1)
(-1.34725 -1.15242 0.1)
(-1.29186 -1.19124 0.1)
(-1.23518 -1.22712 0.1)
(-1.17744 -1.26002 0.1)
(-1.11889 -1.28992 0.1)
(-1.05977 -1.31682 0.1)
(-1.00032 -1.34073 0.1)
(-0.940802 -1.36169 0.1)
(-0.881494 -1.37976 0.1)
(-0.822648 -1.39504 0.1)
(-0.76455 -1.40762 0.1)
(-0.707497 -1.41765 0.1)
(-0.651783 -1.4253 0.1)
(-0.597734 -1.43077 0.1)
(-0.545688 -1.43432 0.1)
(-0.496038 -1.43633 0.1)
(-0.449096 -1.43747 0.1)
(-0.404154 -1.43823 0.1)
(-0.36073 -1.43879 0.1)
(-0.318508 -1.43921 0.1)
(-0.277268 -1.43954 0.1)
(-0.236844 -1.43981 0.1)
(-0.19711 -1.44002 0.1)
(-0.157965 -1.44019 0.1)
(-0.11933 -1.44033 0.1)
(-0.0811358 -1.44045 0.1)
(-0.0433268 -1.44054 0.1)
(-0.00585472 -1.44062 0.1)
(0.0313217 -1.44068 0.1)
(0.0682384 -1.44073 0.1)
(0.104927 -1.44078 0.1)
(0.141416 -1.44081 0.1)
(0.177731 -1.44084 0.1)
(0.213895 -1.44087 0.1)
(0.249928 -1.44088 0.1)
(0.28585 -1.4409 0.1)
(0.321679 -1.44091 0.1)
(0.357432 -1.44092 0.1)
(0.393126 -1.44093 0.1)
(0.428775 -1.44093 0.1)
(0.464395 -1.44094 0.1)
(0.5 -1.44094 0.1)
(0.5 1.46062 0.1)
(0.464391 1.46062 0.1)
(0.428767 1.46062 0.1)
(0.393113 1.46062 0.1)
(0.357416 1.46061 0.1)
(0.321658 1.46061 0.1)
(0.285824 1.4606 0.1)
(0.249897 1.46059 0.1)
(0.213859 1.46058 0.1)
(0.17769 1.46056 0.1)
(0.141369 1.46054 0.1)
(0.104874 1.46052 0.1)
(0.0681776 1.46049 0.1)
(0.0312529 1.46045 0.1)
(-0.00593221 1.46041 0.1)
(-0.0434141 1.46036 0.1)
(-0.0812344 1.4603 0.1)
(-0.119441 1.46022 0.1)
(-0.158092 1.46012 0.1)
(-0.197253 1.46001 0.1)
(-0.237008 1.45987 0.1)
(-0.277458 1.45969 0.1)
(-0.318731 1.45947 0.1)
(-0.360994 1.45918 0.1)
(-0.404477 1.45881 0.1)
(-0.449513 1.4583 0.1)
(-0.49664 1.4575 0.1)
(-0.546838 1.45584 0.1)
(-0.599589 1.45254 0.1)
(-0.654425 1.44723 0.1)
(-0.710984 1.43967 0.1)
(-0.768919 1.42964 0.1)
(-0.827932 1.41699 0.1)
(-0.887714 1.40158 0.1)
(-0.947967 1.38331 0.1)
(-1.00845 1.36208 0.1)
(-1.06885 1.33785 0.1)
(-1.12892 1.31057 0.1)
(-1.18843 1.28023 0.1)
(-1.2471 1.24682 0.1)
(-1.3047 1.21038 0.1)
(-1.36099 1.17096 0.1)
(-1.41578 1.12858 0.1)
(-1.46884 1.08334 0.1)
(-1.51996 1.03532 0.1)
(-1.56896 0.984628 0.1)
(-1.61567 0.931351 0.1)
(-1.65991 0.875619 0.1)
(-1.7015 0.817592 0.1)
(-1.74033 0.757381 0.1)
(-1.77623 0.695168 0.1)
(-1.8091 0.631089 0.1)
(-1.83881 0.565322 0.1)
(-1.86527 0.498041 0.1)
(-1.88838 0.429421 0.1)
(-1.90807 0.359634 0.1)
(-1.92427 0.28889 0.1)
(-1.93692 0.217352 0.1)
(-1.94599 0.145226 0.1)
(-1.95145 0.0727162 0.1)
(-1.95327 2.76166e-05 0.1)
(-1.95145 -0.0726789 0.1)
(-1.946 -0.145197 0.1)
(-1.93693 -0.217327 0.1)
(-1.92427 -0.288869 0.1)
(-1.90807 -0.359615 0.1)
(-1.88838 -0.429405 0.1)
(-1.86527 -0.498028 0.1)
(-1.83882 -0.56531 0.1)
(-1.80911 -0.63108 0.1)
(-1.77624 -0.69516 0.1)
(-1.74034 -0.757374 0.1)
(-1.70151 -0.817586 0.1)
(-1.65991 -0.875614 0.1)
(-1.61567 -0.931346 0.1)
(-1.56896 -0.984624 0.1)
(-1.51996 -1.03532 0.1)
(-1.46884 -1.08334 0.1)
(-1.41578 -1.12858 0.1)
(-1.361 -1.17096 0.1)
(-1.3047 -1.21038 0.1)
(-1.2471 -1.24682 0.1)
(-1.18843 -1.28023 0.1)
(-1.12893 -1.31057 0.1)
(-1.06885 -1.33785 0.1)
(-1.00845 -1.36208 0.1)
(-0.947969 -1.38331 0.1)
(-0.887715 -1.40158 0.1)
(-0.827933 -1.41699 0.1)
(-0.76892 -1.42964 0.1)
(-0.710985 -1.43967 0.1)
(-0.654426 -1.44723 0.1)
(-0.59959 -1.45254 0.1)
(-0.546838 -1.45584 0.1)
(-0.496641 -1.4575 0.1)
(-0.449513 -1.4583 0.1)
(-0.404477 -1.45881 0.1)
(-0.360994 -1.45918 0.1)
(-0.318731 -1.45947 0.1)
(-0.277458 -1.45969 0.1)
(-0.237009 -1.45987 0.1)
(-0.197254 -1.46001 0.1)
(-0.158092 -1.46012 0.1)
(-0.119442 -1.46022 0.1)
(-0.0812345 -1.4603 0.1)
(-0.0434143 -1.46036 0.1)
(-0.00593232 -1.46041 0.1)
(0.0312528 -1.46045 0.1)
(0.0681775 -1.46049 0.1)
(0.104873 -1.46052 0.1)
(0.141369 -1.46054 0.1)
(0.17769 -1.46056 0.1)
(0.213859 -1.46058 0.1)
(0.249897 -1.46059 0.1)
(0.285824 -1.4606 0.1)
(0.321658 -1.46061 0.1)
(0.357416 -1.46061 0.1)
(0.393113 -1.46062 0.1)
(0.428767 -1.46062 0.1)
(0.464391 -1.46062 0.1)
(0.5 -1.46062 0.1)
(0.5 1.48031 0.1)
(0.464388 1.48031 0.1)
(0.428762 1.48031 0.1)
(0.393106 1.48031 0.1)
(0.357406 1.48031 0.1)
(0.321646 1.4803 0.1)
(0.285809 1.4803 0.1)
(0.249879 1.48029 0.1)
(0.213838 1.48029 0.1)
(0.177666 1.48028 0.1)
(0.141341 1.48027 0.1)
(0.104842 1.48026 0.1)
(0.0681417 1.48024 0.1)
(0.0312124 1.48023 0.1)
(-0.00597806 1.4802 0.1)
(-0.0434659 1.48018 0.1)
(-0.081293 1.48015 0.1)
(-0.119508 1.48011 0.1)
(-0.158167 1.48006 0.1)
(-0.197339 1.48 0.1)
(-0.237107 1.47993 0.1)
(-0.277572 1.47984 0.1)
(-0.318865 1.47973 0.1)
(-0.361154 1.47959 0.1)
(-0.404673 1.4794 0.1)
(-0.449768 1.47914 0.1)
(-0.497021 1.47872 0.1)
(-0.547818 1.47747 0.1)
(-0.601316 1.47444 0.1)
(-0.656966 1.4693 0.1)
(-0.714394 1.46182 0.1)
(-0.773232 1.4518 0.1)
(-0.833179 1.43909 0.1)
(-0.893912 1.42355 0.1)
(-0.955125 1.40508 0.1)
(-1.01658 1.38359 0.1)
(-1.07795 1.35903 0.1)
(-1.13899 1.33136 0.1)
(-1.19946 1.30057 0.1)
(-1.25908 1.26666 0.1)
(-1.31761 1.22966 0.1)
(-1.3748 1.18962 0.1)
(-1.43047 1.14658 0.1)
(-1.48438 1.10063 0.1)
(-1.53633 1.05185 0.1)
(-1.58611 1.00035 0.1)
(-1.63357 0.946221 0.1)
(-1.67852 0.889597 0.1)
(-1.72078 0.830648 0.1)
(-1.76023 0.769472 0.1)
(-1.79671 0.706269 0.1)
(-1.8301 0.641165 0.1)
(-1.86029 0.574347 0.1)
(-1.88716 0.505992 0.1)
(-1.91064 0.436279 0.1)
(-1.93064 0.365375 0.1)
(-1.9471 0.293504 0.1)
(-1.95996 0.220823 0.1)
(-1.96917 0.147543 0.1)
(-1.97471 0.0738745 0.1)
(-1.97656 3.13793e-05 0.1)
(-1.97472 -0.0738364 0.1)
(-1.96918 -0.147513 0.1)
(-1.95996 -0.220796 0.1)
(-1.9471 -0.293483 0.1)
(-1.93065 -0.365355 0.1)
(-1.91065 -0.436262 0.1)
(-1.88717 -0.505979 0.1)
(-1.86029 -0.574335 0.1)
(-1.8301 -0.641156 0.1)
(-1.79671 -0.706261 0.1)
(-1.76024 -0.769465 0.1)
(-1.72078 -0.830642 0.1)
(-1.67852 -0.889592 0.1)
(-1.63357 -0.946217 0.1)
(-1.58611 -1.00034 0.1)
(-1.53633 -1.05184 0.1)
(-1.48438 -1.10062 0.1)
(-1.43048 -1.14658 0.1)
(-1.3748 -1.18962 0.1)
(-1.31761 -1.22966 0.1)
(-1.25908 -1.26665 0.1)
(-1.19946 -1.30057 0.1)
(-1.13899 -1.33136 0.1)
(-1.07796 -1.35902 0.1)
(-1.01658 -1.38358 0.1)
(-0.955126 -1.40508 0.1)
(-0.893913 -1.42355 0.1)
(-0.83318 -1.43909 0.1)
(-0.773233 -1.4518 0.1)
(-0.714395 -1.46182 0.1)
(-0.656967 -1.4693 0.1)
(-0.601317 -1.47444 0.1)
(-0.547818 -1.47747 0.1)
(-0.497022 -1.47872 0.1)
(-0.449768 -1.47914 0.1)
(-0.404674 -1.4794 0.1)
(-0.361154 -1.47959 0.1)
(-0.318865 -1.47973 0.1)
(-0.277573 -1.47984 0.1)
(-0.237107 -1.47993 0.1)
(-0.19734 -1.48 0.1)
(-0.158167 -1.48006 0.1)
(-0.119508 -1.48011 0.1)
(-0.0812931 -1.48015 0.1)
(-0.0434661 -1.48018 0.1)
(-0.00597818 -1.4802 0.1)
(0.0312123 -1.48023 0.1)
(0.0681416 -1.48024 0.1)
(0.104842 -1.48026 0.1)
(0.141341 -1.48027 0.1)
(0.177666 -1.48028 0.1)
(0.213838 -1.48029 0.1)
(0.249879 -1.48029 0.1)
(0.285809 -1.4803 0.1)
(0.321646 -1.4803 0.1)
(0.357406 -1.48031 0.1)
(0.393106 -1.48031 0.1)
(0.428762 -1.48031 0.1)
(0.464388 -1.48031 0.1)
(0.5 -1.48031 0.1)
(0.5 1.5 0.1)
(0.464388 1.5 0.1)
(0.428761 1.5 0.1)
(0.393104 1.5 0.1)
(0.357403 1.5 0.1)
(0.321642 1.5 0.1)
(0.285805 1.5 0.1)
(0.249874 1.5 0.1)
(0.213832 1.5 0.1)
(0.177659 1.5 0.1)
(0.141333 1.5 0.1)
(0.104833 1.5 0.1)
(0.068131 1.5 0.1)
(0.0312001 1.5 0.1)
(-0.00599209 1.5 0.1)
(-0.043482 1.5 0.1)
(-0.0813113 1.5 0.1)
(-0.119529 1.5 0.1)
(-0.158191 1.5 0.1)
(-0.197367 1.5 0.1)
(-0.23714 1.5 0.1)
(-0.27761 1.5 0.1)
(-0.31891 1.5 0.1)
(-0.361208 1.5 0.1)
(-0.40474 1.5 0.1)
(-0.449855 1.5 0.1)
(-0.497148 1.5 0.1)
(-0.54862 1.49921 0.1)
(-0.60291 1.49647 0.1)
(-0.659404 1.49151 0.1)
(-0.717727 1.48411 0.1)
(-0.777487 1.47411 0.1)
(-0.838386 1.46133 0.1)
(-0.900088 1.44566 0.1)
(-0.962271 1.42699 0.1)
(-1.02471 1.40523 0.1)
(-1.08707 1.38034 0.1)
(-1.14909 1.35229 0.1)
(-1.21052 1.32104 0.1)
(-1.2711 1.28662 0.1)
(-1.33057 1.24906 0.1)
(-1.38867 1.20841 0.1)
(-1.44524 1.1647 0.1)
(-1.50001 1.11803 0.1)
(-1.55278 1.06848 0.1)
(-1.60336 1.01617 0.1)
(-1.65157 0.96119 0.1)
(-1.69724 0.903666 0.1)
(-1.74017 0.843791 0.1)
(-1.78025 0.781641 0.1)
(-1.8173 0.717443 0.1)
(-1.85122 0.651307 0.1)
(-1.88189 0.583431 0.1)
(-1.90919 0.513995 0.1)
(-1.93304 0.443181 0.1)
(-1.95336 0.371151 0.1)
(-1.97007 0.298149 0.1)
(-1.98313 0.224315 0.1)
(-1.99249 0.149874 0.1)
(-1.99812 0.0750392 0.1)
(-2 3.61571e-05 0.1)
(-1.99812 -0.0750009 0.1)
(-1.9925 -0.149844 0.1)
(-1.98314 -0.224288 0.1)
(-1.97007 -0.298128 0.1)
(-1.95336 -0.371131 0.1)
(-1.93304 -0.443164 0.1)
(-1.90919 -0.513982 0.1)
(-1.88189 -0.583419 0.1)
(-1.85123 -0.651297 0.1)
(-1.8173 -0.717435 0.1)
(-1.78025 -0.781634 0.1)
(-1.74017 -0.843785 0.1)
(-1.69725 -0.903661 0.1)
(-1.65157 -0.961186 0.1)
(-1.60336 -1.01617 0.1)
(-1.55279 -1.06847 0.1)
(-1.50001 -1.11802 0.1)
(-1.44525 -1.16469 0.1)
(-1.38868 -1.20841 0.1)
(-1.33057 -1.24906 0.1)
(-1.27111 -1.28662 0.1)
(-1.21053 -1.32104 0.1)
(-1.14909 -1.35229 0.1)
(-1.08708 -1.38034 0.1)
(-1.02472 -1.40523 0.1)
(-0.962273 -1.42699 0.1)
(-0.900089 -1.44566 0.1)
(-0.838387 -1.46133 0.1)
(-0.777488 -1.47411 0.1)
(-0.717728 -1.48411 0.1)
(-0.659405 -1.49151 0.1)
(-0.602911 -1.49647 0.1)
(-0.548621 -1.49921 0.1)
(-0.497148 -1.5 0.1)
(-0.449855 -1.5 0.1)
(-0.40474 -1.5 0.1)
(-0.361208 -1.5 0.1)
(-0.31891 -1.5 0.1)
(-0.277611 -1.5 0.1)
(-0.23714 -1.5 0.1)
(-0.197368 -1.5 0.1)
(-0.158192 -1.5 0.1)
(-0.119529 -1.5 0.1)
(-0.0813115 -1.5 0.1)
(-0.0434821 -1.5 0.1)
(-0.0059922 -1.5 0.1)
(0.0312 -1.5 0.1)
(0.0681309 -1.5 0.1)
(0.104832 -1.5 0.1)
(0.141333 -1.5 0.1)
(0.177659 -1.5 0.1)
(0.213832 -1.5 0.1)
(0.249874 -1.5 0.1)
(0.285805 -1.5 0.1)
(0.321642 -1.5 0.1)
(0.357403 -1.5 0.1)
(0.393104 -1.5 0.1)
(0.428761 -1.5 0.1)
(0.464388 -1.5 0.1)
(0.5 -1.5 0.1)
)

connectivity
(
  (121 122 1 0 9196 9197 9076 9075)
  (122 123 2 1 9197 9198 9077 9076)
  (123 124 3 2 9198 9199 9078 9077)
  (124 125 4 3 9199 9200 9079 9078)
  (125 126 5 4 9200 9201 9080 9079)
  (126 127 6 5 9201 9202 9081 9080)
  (127 128 7 6 9202 9203 9082 9081)
  (128 129 8 7 9203 9204 9083 9082)
  (129 130 9 8 9204 9205 9084 9083)
  (130 131 10 9 9205 9206 9085 9084)
  (131 132 11 10 9206 9207 9086 9085)
  (132 133 12 11 9207 9208 9087 9086)
  (133 134 13 12 9208 9209 9088 9087)
  (134 135 14 13 9209 9210 9089 9088)
  (135 136 15 14 9210 9211 9090 9089)
  (136 137 16 15 9211 9212 9091 9090)
  (137 138 17 16 9212 9213 9092 9091)
  (138 139 18 17 9213 9214 9093 9092)
  (139 140 19 18 9214 9215 9094 9093)
  (140 141 20 19 9215 9216 9095 9094)
  (141 142 21 20 9216 9217 9096 9095)
  (142 143 22 21 9217 9218 9097 9096)
  (143 144 23 22 9218 9219 9098 9097)
  (144 145 24 23 9219 9220 9099 9098)
  (145 146 25 24 9220 9221 9100 9099)
  (146 147 26 25 9221 9222 9101 9100)
  (147 148 27 26 9222 9223 9102 9101)
  (148 149 28 27 9223 9224 9103 9102)
  (149 150 29 28 9224 9225 9104 9103)
  (150 151 30 29 9225 9226 9105 9104)
  (151 152 31 30 9226 9227 9106 9105)
  (152 153 32 31 9227 9228 9107 9106)
  (153 154 33 32 9228 9229 9108 9107)
  (154 155 34 33 9229 9230 9109 9108)
  (155 156 35 34 9230 9231 9110 9109)
  (156 157 36 35 9231 9232 9111 9110)
  (157 158 37 36 9232 9233 9112 9111)
  (158 159 38 37 9233 9234 9113 9112)
  (159 160 39 38 9234 9235 9114 9113)
  (160 161 40 39 9235 9236 9115 9114)
  (161 162 41 40 9236 9237 9116 9115)
  (162 163 42 41 9237 9238 9117 9116)
  (163 164 43 42 9238 9239 9118 9117)
  (164 165 44 43 9239 9240 9119 9118)
  (165 166 45 44 9240 9241 9120 9119)
  (166 167 46 45 9241 9242 9121 9120)
  (167 168 47 46 9242 9243 9122 9121)
  (168 169 48 47 9243 9244 9123 9122)
  (169 170 49 48 9244 9245 9124 9123)
  (170 171 50 49 9245 9246 9125 9124)
  (171 172 51 50 9246 9247 9126 9125)
  (172 173 52 51 9247 9248 9127 9126)
  (173 174 53 52 9248 9249 9128 9127)
  (174 175 54 53 9249 9250 9129 9128)
  (175 176 55 54 9250 9251 9130 9129)
  (176 177 56 55 9251 9252 9131 9130)
  (177 178 57 56 9252 9253 9132 9131)
  (178 179 58 57 9253 9254 9133 9132)
  (179 180 59 58 9254 9255 9134 9133)
  (180 181 60 59 9255 9256 9135 9134)
  (181 182 61 60 9256 9257 9136 9135)
  (182 183 62 61 9257 9258 9137 9136)
  (183 184 63 62 9258 9259 9138 9137)
  (184 185 64 63 9259 9260 9139 9138)
  (185 186 65 64 9260 9261 9140 9139)
  (186 187 66 65 9261 9262 9141 9140)
  (187 188 67 66 9262 9263 9142 9141)
  (188 189 68 67 9263 9264 9143 9142)
  (189 190 69 68 9264 9265 9144 9143)
  (190 191 70 69 9265 9266 9145 9144)
  (191 192 71 70 9266 9267 9146 9145)
  (192 193 72 71 9267 9268 9147 9146)
  (193 194 73 72 9268 9269 9148 9147)
  (194 195 74 73 9269 9270 9149 9148)
  (195 196 75 74 9270 9271 9150 9149)
  (196 197 76 75 9271 9272 9151 9150)
  (197 198 77 76 9272 9273 9152 9151)
  (198 199 78 77 9273 9274 9153 9152)
  (199 200 79 78 9274 9275 9154 9153)
  (200 201 80 79 9275 9276 9155 9154)
  (201 202 81 80 9276 9277 9156 9155)
  (202 203 82 81 9277 9278 9157 9156)
  (203 204 83 82 9278 9279 9158 9157)
  (204 205 84 83 9279 9280 9159 9158)
  (205 206 85 84 9280 9281 9160 9159)
  (206 207 86 85 9281 9282 9161 9160)
  (207 208 87 86 9282 9283 9162 9161)
  (208 209 88 87 9283 9284 9163 9162)
  (209 210 89 88 9284 9285 9164 9163)
  (210 211 90 89 9285 9286 9165 9164)
  (211 212 91 90 9286 9287 9166 9165)
  (212 213 92 91 9287 9288 9167 9166)
  (213 214 93 92 9288 9289 9168 9167)
  (214 215 94 93 9289 9290 9169 9168)
  (215 216 95 94 9290 9291 9170 9169)
  (216 217 96 95 9291 9292 9171 9170)
  (217 218 97 96 9292 9293 9172 9171)
  (218 219 98 97 9293 9294 9173 9172)
  (219 220 99 98 9294 9295 9174 9173)
  (220 221 100 99 9295 9296 9175 9174)
  (221 222 101 100 9296 9297 9176 9175)
  (222 223 102 101 9297 9298 9177 9176)
  (223 224 103 102 9298 9299 9178 9177)
  (224 225 104 103 9299 9300 9179 9178)
  (225 226 105 104 9300 9301 9180 9179)
  (226 227 106 105 9301 9302 9181 9180)
  (227 228 107 106 9302 9303 9182 9181)
  (228 229 108 107 9303 9304 9183 9182)
  (229 230 109 108 9304 9305 9184 9183)
  (230 231 110 109 9305 9306 9185 9184)
  (231 232 111 110 9306 9307 9186 9185)
  (232 233 112 111 9307 9308 9187 9186)
  (233 234 113 112 9308 9309 9188 9187)
  (234 235 114 113 9309 9310 9189 9188)
  (235 236 115 114 9310 9311 9190 9189)
  (236 237 116 115 9311 9312 9191 9190)
  (237 238 117 116 9312 9313 9192 9191)
  (238 239 118 117 9313 9314 9193 9192)
  (239 240 119 118 9314 9315 9194 9193)
  (240 241 120 119 9315 9316 9195 9194)
  (242 243 122 121 9317 9318 9197 9196)
  (243 244 123 122 9318 9319 9198 9197)
  (244 245 124 123 9319 9320 9199 9198)
  (245 246 125 124 9320 9321 9200 9199)
  (246 247 126 125 9321 9322 9201 9200)
  (247 248 127 126 9322 9323 9202 9201)
  (248 249 128 127 9323 9324 9203 9202)
  (249 250 129 128 9324 9325 9204 9203)
  (250 251 130 129 9325 9326 9205 9204)
  (251 252 131 130 9326 9327 9206 9205)
  (252 253 132 131 9327 9328 9207 9206)
  (253 254 133 132 9328 9329 9208 9207)
  (254 255 134 133 9329 9330 9209 9208)
  (255 256 135 134 9330 9331 9210 9209)
  (256 257 136 135 9331 9332 9211 9210)
  (257 258 137 136 9332 9333 9212 9211)
  (258 259 138 137 9333 9334 9213 9212)
  (259 260 139 138 9334 9335 9214 9213)
  (260 261 140 139 9335 9336 9215 9214)
  (261 262 141 140 9336 9337 9216 9215)
  (262 263 142 141 9337 9338 9217 9216)
  (263 264 143 142 9338 9339 9218 9217)
  (264 265 144 143 9339 9340 9219 9218)
  (265 266 145 144 9340 9341 9220 9219)
  (266 267 146 145 9341 9342 9221 9220)
  (267 268 147 146 9342 9343 9222 9221)
  (268 269 148 147 9343 9344 9223 9222)
  (269 270 149 148 9344 9345 9224 9223)
  (270 271 150 149 9345 9346 9225 9224)
  (271 272 151 150 9346 9347 9226 9225)
  (272 273 152 151 9347 9348 9227 9226)
  (273 274 153 152 9348 9349 9228 9227)
  (274 275 154 153 9349 9350 9229 9228)
  (275 276 155 154 9350 9351 9230 9229)
  (276 277 156 155 9351 9352 9231 9230)
  (277 278 157 156 9352 9353 9232 9231)
  (278 279 158 157 9353 9354 9233 9232)
  (279 280 159 158 9354 9355 9234 9233)
  (280 281 160 159 9355 9356 9235 9234)
  (281 282 161 160 9356 9357 9236 9235)
  (282 283 162 161 9357 9358 9237 9236)
  (283 284 163 162 9358 9359 9238 9237)
  (284 285 164 163 9359 9360 9239 9238)
  (285 286 165 164 9360 9361 9240 9239)
  (286 287 166 165 9361 9362 9241 9240)
  (287 288 167 166 9362 9363 9242 9241)
  (288 289 168 167 9363 9364 9243 9242)
  (289 290 169 168 9364 9365 9244 9243)
  (290 291 170 169 9365 9366 9245 9244)
  (291 292 171 170 9366 9367 9246 9245)
  (292 293 172 171 9367 9368 9247 9246)
  (293 294 173 172 9368 9369 9248 9247)
  (294 295 174 173 9369 9370 9249 9248)
  (295 296 175 174 9370 9371 9250 9249)
  (296 297 176 175 9371 9372 9251 9250)
  (297 298 177 176 9372 9373 9252 9251)
  (298 299 178 177 9373 9374 9253 9252)
  (299 300 179 178 9374 9375 9254 9253)
  (300 301 180 179 9375 9376 9255 9254)
  (301 302 181 180 9376 9377 9256 9255)
  (302 303 182 181 9377 9378 9257 9256)
  (303 304 183 182 9378 9379 9258 9257)
  (304 305 184 183 9379 9380 9259 9258)
  (305 306 185 184 9380 9381 9260 9259)
  (306 307 186 185 9381 9382 9261 9260)
  (307 308 187 186 9382 9383 9262 9261)
  (308 309 188 187 9383 9384 9263 9262)
  (309 310 189 188 9384 9385 9264 9263)
  (310 311 190 189 9385 9386 9265 9264)
  (311 312 191 190 9386 9387 9266 9265)
  (312 313 192 191 9387 9388 9267 9266)
  (313 314 193 192 9388 9389 9268 9267)
  (314 315 194 193 9389 9390 9269 9268)
  (315 316 195 194 9390 9391 9270 9269)
  (316 317 196 195 9391 9392 9271 9270)
  (317 318 197 196 9392 9393 9272 9271)
  (318 319 198 197 9393 9394 9273 9272)
  (319 320 199 198 9394 9395 9274 9273)
  (320 321 200 199 9395 9396 9275 9274)
  (321 322 201 200 9396 9397 9276 9275)
  (322 323 202 201 9397 9398 9277 9276)
  (323 324 203 202 9398 9399 9278 9277)
  (324 325 204 203 9399 9400 9279 9278)
  (325 326 205 204 9400 9401 9280 9279)
  (326 327 206 205 9401 9402 9281 9280)
  (327 328 207 206 9402 9403 9282 9281)
  (328 329 208 207 9403 9404 9283 9282)
  (329 330 209 208 9404 9405 9284 9283)
  (330 331 210 209 9405 9406 9285 9284)
  (331 332 211 210 9406 9407 9286 9285)
  (332 333 212 211 9407 9408 9287 9286)
  (333 334 213 212 9408 9409 9288 9287)
  (334 335 214 213 9409 9410 9289 9288)
  (335 336 215 214 9410 9411 9290 9289)
  (336 337 216 215 9411 9412 9291 9290)
  (337 338 217 216 9412 9413 9292 9291)
  (338 339 218 217 9413 9414 9293 9292)
  (339 340 219 218 9414 9415 9294 9293)
  (340 341 220 219 9415 9416 9295 9294)
  (341 342 221 220 9416 9417 9296 9295)
  (342 343 222 221 9417 9418 9297 9296)
  (343 344 223 222 9418 9419 9298 9297)
  (344 345 224 223 9419 9420 9299 9298)
  (345 346 225 224 9420 9421 9300 9299)
  (346 347 226 225 9421 9422 9301 9300)
  (347 348 227 226 9422 9423 9302 9301)
  (348 349 228 227 9423 9424 9303 9302)
  (349 350 229 228 9424 9425 9304 9303)
  (350 351 230 229 9425 9426 9305 9304)
  (351 352 231 230 9426 9427 9306 9305)
  (352 353 232 231 9427 9428 9307 9306)
  (353 354 233 232 9428 9429 9308 9307)
  (354 355 234 233 9429 9430 9309 9308)
  (355 356 235 234 9430 9431 9310 9309)
  (356 357 236 235 9431 9432 9311 9310)
  (357 358 237 236 9432 9433 9312 9311)
  (358 359 238 237 9433 9434 9313 9312)
  (359 360 239 238 9434 9435 9314 9313)
  (360 361 240 239 9435 9436 9315 9314)
  (361 362 241 240 9436 9437 9316 9315)
  (363 364 243 242 9438 9439 9318 9317)
  (364 365 244 243 9439 9440 9319 9318)
  (365 366 245 244 9440 9441 9320 9319)
  (366 367 246 245 9441 9442 9321 9320)
  (367 368 247 246 9442 9443 9322 9321)
  (368 369 248 247 9443 9444 9323 9322)
  (369 370 249 248 9444 9445 9324 9323)
  (370 371 250 249 9445 9446 9325 9324)
  (371 372 251 250 9446 9447 9326 9325)
  (372 373 252 251 9447 9448 9327 9326)
  (373 374 253 252 9448 9449 9328 9327)
  (374 375 254 253 9449 9450 9329 9328)
  (375 376 255 254 9450 9451 9330 9329)
  (376 377 256 255 9451 9452 9331 9330)
  (377 378 257 256 9452 9453 9332 9331)
  (378 379 258 257 9453 9454 9333 9332)
  (379 380 259 258 9454 9455 9334 9333)
  (380 381 260 259 9455 9456 9335 9334)
  (381 382 261 260 9456 9457 9336 9335)
  (382 383 262 261 9457 9458 9337 9336)
  (383 384 263 262 9458 9459 9338 9337)
  (384 385 264 263 9459 9460 9339 9338)
  (385 386 265 264 9460 9461 9340 9339)
  (386 387 266 265 9461 9462 9341 9340)
  (387 388 267 266 9462 9463 9342 9341)
  (388 389 268 267 9463 9464 9343 9342)
  (389 390 269 268 9464 9465 9344 9343)
  (390 391 270 269 9465 9466 9345 9344)
  (391 392 271 270 9466 9467 9346 9345)
  (392 393 272 271 9467 9468 9347 9346)
  (393 394 273 272 9468 9469 9348 9347)
  (394 395 274 273 9469 9470 9349 9348)
  (395 396 275 274 9470 9471 9350 9349)
  (396 397 276 275 9471 9472 9351 9350)
  (397 398 277 276 9472 9473 9352 9351)
  (398 399 278 277 9473 9474 9353 9352)
  (399 400 279 278 9474 9475 9354 9353)
  (400 401 280 279 9475 9476 9355 9354)
  (401 402 281 280 9476 9477 9356 9355)
  (402 403 282 281 9477 9478 9357 9356)
  (403 404 283 282 9478 9479 9358 9357)
  (404 405 284 283 9479 9480 9359 9358)
  (405 406 285 284 9480 9481 9360 9359)
  (406 407 286 285 9481 9482 9361 9360)
  (407 408 287 286 9482 9483 9362 9361)
  (408 409 288 287 9483 9484 9363 9362)
  (409 410 289 288 9484 9485 9364 9363)
  (410 411 290 289 9485 9486 9365 9364)
  (411 412 291 290 9486 9487 9366 9365)
  (412 413 292 291 9487 9488 9367 9366)
  (413 414 293 292 9488 9489 9368 9367)
  (414 415 294 293 9489 9490 9369 9368)
  (415 416 295 294 9490 9491 9370 9369)
  (416 417 296 295 9491 9492 9371 9370)
  (417 418 297 296 9492 9493 9372 9371)
  (418 419 298 297 9493 9494 9373 9372)
  (419 420 299 298 9494 9495 9374 9373)
  (420 421 300 299 9495 9496 9375 9374)
  (421 422 301 300 9496 9497 9376 9375)
  (422 423 302 301 9497 9498 9377 9376)
  (423 424 303 302 9498 9499 9378 9377)
  (424 425 304 303 9499 9500 9379 9378)
  (425 426 305 304 9500 9501 9380 9379)
  (426 427 306 305 9501 9502 9381 9380)
  (427 428 307 306 9502 9503 9382 9381)
  (428 429 308 307 9503 9504 9383 9382)
  (429 430 309 308 9504 9505 9384 9383)
  (430 431 310 309 9505 9506 9385 9384)
  (431 432 311 310 9506 9507 9386 9385)
  (432 433 312 311 9507 9508 9387 9386)
  (433 434 313 312 9508 9509 9388 9387)
  (434 435 314 313 9509 9510 9389 9388)
  (435 436 315 314 9510 9511 9390 9389)
  (436 437 316 315 9511 9512 9391 9390)
  (437 438 317 316 9512 9513 9392 9391)
  (438 439 318 317 9513 9514 9393 9392)
  (439 440 319 318 9514 9515 9394 9393)
  (440 441 320 319 9515 9516 9395 9394)
  (441 442 321 320 9516 9517 9396 9395)
  (442 443 322 321 9517 9518 9397 9396)
  (443 444 323 322 9518 9519 9398 9397)
  (444 445 324 323 9519 9520 9399 9398)
  (445 446 325 324 9520 9521 9400 9399)
  (446 447 326 325 9521 9522 9401 9400)
  (447 448 327 326 9522 9523 9402 9401)
  (448 449 328 327 9523 9524 9403 9402)
  (449 450 329 328 9524 9525 9404 9403)
  (450 451 330 329 9525 9526 9405 9404)
  (451 452 331 330 9526 9527 9406 9405)
  (452 453 332 331 9527 9528 9407 9406)
  (453 454 333 332 9528 9529 9408 9407)
  (454 455 334 333 9529 9530 9409 9408)
  (455 456 335 334 9530 9531 9410 9409)
  (456 457 336 335 9531 9532 9411 9410)
  (457 458 337 336 9532 9533 9412 9411)
  (458 459 338 337 9533 9534 9413 9412)
  (459 460 339 338 9534 9535 9414 9413)
  (460 461 340 339 9535 9536 9415 9414)
  (461 462 341 340 9536 9537 9416 9415)
  (462 463 342 341 9537 9538 9417 9416)
  (463 464 343 342 9538 9539 9418 9417)
  (464 465 344 343 9539 9540 9419 9418)
  (465 466 345 344 9540 9541 9420 9419)
  (466 467 346 345 9541 9542 9421 9420)
  (467 468 347 346 9542 9543 9422 9421)
  (468 469 348 347 9543 9544 9423 9422)
  (469 470 349 348 9544 9545 9424 9423)
  (470 471 350 349 9545 9546 9425 9424)
  (471 472 351 350 9546 9547 9426 9425)
  (472 473 352 351 9547 9548 9427 9426)
  (473 474 353 352 9548 9549 9428 9427)
  (474 475 354 353 9549 9550 9429 9428)
  (475 476 355 354 9550 9551 9430 9429)
  (476 477 356 355 9551 9552 9431 9430)
  (477 478 357 356 9552 9553 9432 9431)
  (478 479 358 357 9553 9554 9433 9432)
  (479 480 359 358 9554 9555 9434 9433)
  (480 481 360 359 9555 9556 9435 9434)
  (481 482 361 360 9556 9557 9436 9435)
  (482 483 362 361 9557 9558 9437 9436)
  (484 485 364 363 9559 9560 9439 9438)
  (485 486 365 364 9560 9561 9440 9439)
  (486 487 366 365 9561 9562 9441 9440)
  (487 488 367 366 9562 9563 9442 9441)
  (488 489 368 367 9563 9564 9443 9442)
  (489 490 369 368 9564 9565 9444 9443)
  (490 491 370 369 9565 9566 9445 9444)
  (491 492 371 370 9566 9567 9446 9445)
  (492 493 372 371 9567 9568 9447 9446)
  (493 494 373 372 9568 9569 9448 9447)
  (494 495 374 373 9569 9570 9449 9448)
  (495 496 375 374 9570 9571 9450 9449)
  (496 497 376 375 9571 9572 9451 9450)
  (497 498 377 376 9572 9573 9452 9451)
  (498 499 378 377 9573 9574 9453 9452)
  (499 500 379 378 9574 9575 9454 9453)
  (500 501 380 379 9575 9576 9455 9454)
  (501 502 381 380 9576 9577 9456 9455)
  (502 503 382 381 9577 9578 9457 9456)
  (503 504 383 382 9578 9579 9458 9457)
  (504 505 384 383 9579 9580 9459 9458)
  (505 506 385 384 9580 9581 9460 9459)
  (506 507 386 385 9581 9582 9461 9460)
  (507 508 387 386 9582 9583 9462 9461)
  (508 509 388 387 9583 9584 9463 9462)
  (509 510 389 388 9584 9585 9464 9463)
  (510 511 390 389 9585 9586 9465 9464)
  (511 512 391 390 9586 9587 9466 9465)
  (512 513 392 391 9587 9588 9467 9466)
  (513 514 393 392 9588 9589 9468 9467)
  (514 515 394 393 9589 9590 9469 9468)
  (515 516 395 394 9590 9591 9470 9469)
  (516 517 396 395 9591 9592 9471 9470)
  (517 518 397 396 9592 9593 9472 9471)
  (518 519 398 397 9593 9594 9473 9472)
  (519 520 399 398 9594 9595 9474 9473)
  (520 521 400 399 9595 9596 9475 9474)
  (521 522 401 400 9596 9597 9476 9475)
  (522 523 402 401 9597 9598 9477 9476)
  (523 524 403 402 9598 9599 9478 9477)
  (524 525 404 403 9599 9600 9479 9478)
  (525 526 405 404 9600 9601 9480 9479)
  (526 527 406 405 9601 9602 9481 9480)
  (527 528 407 406 9602 9603 9482 9481)
  (528 529 408 407 9603 9604 9483 9482)
  (529 530 409 408 9604 9605 9484 9483)
  (530 531 410 409 9605 9606 9485 9484)
  (531 532 411 410 9606 9607 9486 9485)
  (532 533 412 411 9607 9608 9487 9486)
  (533 534 413 412 9608 9609 9488 9487)
  (534 535 414 413 9609 9610 9489 9488)
  (535 536 415 414 9610 9611 9490 9489)
  (536 537 416 415 9611 9612 9491 9490)
  (537 538 417 416 9612 9613 9492 9491)
  (538 539 418 417 9613 9614 9493 9492)
  (539 540 419 418 9614 9615 9494 9493)
  (540 541 420 419 9615 9616 9495 9494)
  (541 542 421 420 9616 9617 9496 9495)
  (542 543 422 421 9617 9618 9497 9496)
  (543 544 423 422 9618 9619 9498 9497)
  (544 545 424 423 9619 9620 9499 9498)
  (545 546 425 424 9620 9621 9500 9499)
  (546 547 426 425 9621 9622 9501 9500)
  (547 548 427 426 9622 9623 9502 9501)
  (548 549 428 427 9623 9624 9503 9502)
  (549 550 429 428 9624 9625 9504 9503)
  (550 551 430 429 9625 9626 9505 9504)
  (551 552 431 430 9626 9627 9506 9505)
  (552 553 432 431 9627 9628 9507 9506)
  (553 554 433 432 9628 9629 9508 9507)
  (554 555 434 433 9629 9630 9509 9508)
  (555 556 435 434 9630 9631 9510 9509)
  (556 557 436 435 9631 9632 9511 9510)
  (557 558 437 436 9632 9633 9512 9511)
  (558 559 438 437 9633 9634 9513 9512)
  (559 560 439 438 9634 9635 9514 9513)
  (560 561 440 439 9635 9636 9515 9514)
  (561 562 441 440 9636 9637 9516 9515)
  (562 563 442 441 9637 9638 9517 9516)
  (563 564 443 442 9638 9639 9518 9517)
  (564 565 444 443 9639 9640 9519 9518)
  (565 566 445 444 9640 9641 9520 9519)
  (566 567 446 445 9641 9642 9521 9520)
  (567 568 447 446 9642 9643 9522 9521)
  (568 569 448 447 9643 9644 9523 9522)
  (569 570 449 448 9644 9645 9524 9523)
  (570 571 450 449 9645 9646 9525 9524)
  (571 572 451 450 9646 9647 9526 9525)
  (572 573 452 451 9647 9648 9527 9526)
  (573 574 453 452 9648 9649 9528 9527)
  (574 575 454 453 9649 9650 9529 9528)
  (575 576 455 454 9650 9651 9530 9529)
  (576 577 456 455 9651 9652 9531 9530)
  (577 578 457 456 9652 9653 9532 9531)
  (578 579 458 457 9653 9654 9533 9532)
  (579 580 459 458 9654 9655 9534 9533)
  (580 581 460 459 9655 9656 9535 9534)
  (581 582 461 460 9656 9657 9536 9535)
  (582 583 462 461 9657 9658 9537 9536)
  (583 584 463 462 9658 9659 9538 9537)
  (584 585 464 463 9659 9660 9539 9538)
  (585 586 465 464 9660 9661 9540 9539)
  (586 587 466 465 9661 9662 9541 9540)
  (587 588 467 466 9662 9663 9542 9541)
  (588 589 468 467 9663 9664 9543 9542)
  (589 590 469 468 9664 9665 9544 9543)
  (590 591 470 469 9665 9666 9545 9544)
  (591 592 471 470 9666 9667 9546 9545)
  (592 593 472 471 9667 9668 9547 9546)
  (593 594 473 472 9668 9669 9548 9547)
  (594 595 474 473 9669 9670 9549 9548)
  (595 596 475 474 9670 9671 9550 9549)
  (596 597 476 475 9671 9672 9551 9550)
  (597 598 477 476 9672 9673 9552 9551)
  (598 599 478 477 9673 9674 9553 9552)
  (599 600 479 478 9674 9675 9554 9553)
  (600 601 480 479 9675 9676 9555 9554)
  (601 602 481 480 9676 9677 9556 9555)
  (602 603 482 481 9677 9678 9557 9556)
  (603 604 483 482 9678 9679 9558 9557)
  (605 606 485 484 9680 9681 9560 9559)
  (606 607 486 485 9681 9682 9561 9560)
  (607 608 487 486 9682 9683 9562 9561)
  (608 609 488 487 9683 9684 9563 9562)
  (609 610 489 488 9684 9685 9564 9563)
  (610 611 490 489 9685 9686 9565 9564)
  (611 612 491 490 9686 9687 9566 9565)
  (612 613 492 491 9687 9688 9567 9566)
  (613 614 493 492 9688 9689 9568 9567)
  (614 615 494 493 9689 9690 9569 9568)
  (615 616 495 494 9690 9691 9570 9569)
  (616 617 496 495 9691 9692 9571 9570)
  (617 618 497 496 9692 9693 9572 9571)
  (618 619 498 497 9693 9694 9573 9572)
  (619 620 499 498 9694 9695 9574 9573)
  (620 621 500 499 9695 9696 9575 9574)
  (621 622 501 500 9696 9697 9576 9575)
  (622 623 502 501 9697 9698 9577 9576)
  (623 624 503 502 9698 9699 9578 9577)
  (624 625 504 503 9699 9700 9579 9578)
  (625 626 505 504 9700 9701 9580 9579)
  (626 627 506 505 9701 9702 9581 9580)
  (627 628 507 506 9702 9703 9582 9581)
  (628 629 508 507 9703 9704 9583 9582)
  (629 630 509 508 9704 9705 9584 9583)
  (630 631 510 509 9705 9706 9585 9584)
  (631 632 511 510 9706 9707 9586 9585)
  (632 633 512 511 9707 9708 9587 9586)
  (633 634 513 512 9708 9709 9588 9587)
  (634 635 514 513 9709 9710 9589 9588)
  (635 636 515 514 9710 9711 9590 9589)
  (636 637 516 515 9711 9712 9591 9590)
  (637 638 517 516 9712 9713 9592 9591)
  (638 639 518 517 9713 9714 9593 9592)
  (639 640 519 518 9714 9715 9594 9593)
  (640 641 520 519 9715 9716 9595 9594)
  (641 642 521 520 9716 9717 9596 9595)
  (642 643 522 521 9717 9718 9597 9596)
  (643 644 523 522 9718 9719 9598 9597)
  (644 645 524 523 9719 9720 9599 9598)
  (645 646 525 524 9720 9721 9600 9599)
  (646 647 526 525 9721 9722 9601 9600)
  (647 648 527 526 9722 9723 9602 9601)
  (648 649 528 527 9723 9724 9603 9602)
  (649 650 529 528 9724 9725 9604 9603)
  (650 651 530 529 9725 9726 9605 9604)
  (651 652 531 530 9726 9727 9606 9605)
  (652 653 532 531 9727 9728 9607 9606)
  (653 654 533 532 9728 9729 9608 9607)
  (654 655 534 533 9729 9730 9609 9608)
  (655 656 535 534 9730 9731 9610 9609)
  (656 657 536 535 9731 9732 9611 9610)
  (657 658 537 536 9732 9733 9612 9611)
  (658 659 538 537 9733 9734 9613 9612)
  (659 660 539 538 9734 9735 9614 9613)
  (660 661 540 539 9735 9736 9615 9614)
  (661 662 541 540 9736 9737 9616 9615)
  (662 663 542 541 9737 9738 9617 9616)
  (663 664 543 542 9738 9739 9618 9617)
  (664 665 544 543 9739 9740 9619 9618)
  (665 666 545 544 9740 9741 9620 9619)
  (666 667 546 545 9741 9742 9621 9620)
  (667 668 547 546 9742 9743 9622 9621)
  (668 669 548 547 9743 9744 9623 9622)
  (669 670 549 548 9744 9745 9624 9623)
  (670 671 550 549 9745 9746 9625 9624)
  (671 672 551 550 9746 9747 9626 9625)
  (672 673 552 551 9747 9748 9627 9626)
  (673 674 553 552 9748 9749 9628 9627)
  (674 675 554 553 9749 9750 9629 9628)
  (675 676 555 554 9750 9751 9630 9629)
  (676 677 556 555 9751 9752 9631 9630)
  (677 678 557 556 9752 9753 9632 9631)
  (678 679 558 557 9753 9754 9633 9632)
  (679 680 559 558 9754 9755 9634 9633)
  (680 681 560 559 9755 9756 9635 9634)
  (681 682 561 560 9756 9757 9636 9635)
  (682 683 562 561 9757 9758 9637 9636)
  (683 684 563 562 9758 9759 9638 9637)
  (684 685 564 563 9759 9760 9639 9638)
  (685 686 565 564 9760 9761 9640 9639)
  (686 687 566 565 9761 9762 9641 9640)
  (687 688 567 566 9762 9763 9642 9641)
  (688 689 568 567 9763 9764 9643 9642)
  (689 690 569 568 9764 9765 9644 9643)
  (690 691 570 569 9765 9766 9645 9644)
  (691 692 571 570 9766 9767 9646 9645)
  (692 693 572 571 9767 9768 9647 9646)
  (693 694 573 572 9768 9769 9648 9647)
  (694 695 574 573 9769 9770 9649 9648)
  (695 696 575 574 9770 9771 9650 9649)
  (696 697 576 575 9771 9772 9651 9650)
  (697 698 577 576 9772 9773 9652 9651)
  (698 699 578 577 9773 9774 9653 9652)
  (699 700 579 578 9774 9775 9654 9653)
  (700 701 580 579 9775 9776 9655 9654)
  (701 702 581 580 9776 9777 9656 9655)
  (702 703 582 581 9777 9778 9657 9656)
  (703 704 583 582 9778 9779 9658 9657)
  (704 705 584 583 9779 9780 9659 9658)
  (705 706 585 584 9780 9781 9660 9659)
  (706 707 586 585 9781 9782 9661 9660)
  (707 708 587 586 9782 9783 9662 9661)
  (708 709 588 587 9783 9784 9663 9662)
  (709 710 589 588 9784 9785 9664 9663)
  (710 711 590 589 9785 9786 9665 9664)
  (711 712 591 590 9786 9787 9666 9665)
  (712 713 592 591 9787 9788 9667 9666)
  (713 714 593 592 9788 9789 9668 9667)
  (714 715 594 593 9789 9790 9669 9668)
  (715 716 595 594 9790 9791 9670 9669)
  (716 717 596 595 9791 9792 9671 9670)
  (717 718 597 596 9792 9793 9672 9671)
  (718 719 598 597 9793 9794 9673 9672)
  (719 720 599 598 9794 9795 9674 9673)
  (720 721 600 599 9795 9796 9675 9674)
  (721 722 601 600 9796 9797 9676 9675)
  (722 723 602 601 9797 9798 9677 9676)
  (723 724 603 602 9798 9799 9678 9677)
  (724 725 604 603 9799 9800 9679 9678)
  (726 727 606 605 9801 9802 9681 9680)
  (727 728 607 606 9802 9803 9682 9681)
  (728 729 608 607 9803 9804 9683 9682)
  (729 730 609 608 9804 9805 9684 9683)
  (730 731 610 609 9805 9806 9685 9684)
  (731 732 611 610 9806 9807 9686 9685)
  (732 733 612 611 9807 9808 9687 9686)
  (733 734 613 612 9808 9809 9688 9687)
  (734 735 614 613 9809 9810 9689 9688)
  (735 736 615 614 9810 9811 9690 9689)
  (736 737 616 615 9811 9812 9691 9690)
  (737 738 617 616 9812 9813 9692 9691)
  (738 739 618 617 9813 9814 9693 9692)
  (739 740 619 618 9814 9815 9694 9693)
  (740 741 620 619 9815 9816 9695 9694)
  (741 742 621 620 9816 9817 9696 9695)
  (742 743 622 621 9817 9818 9697 9696)
  (743 744 623 622 9818 9819 9698 9697)
  (744 745 624 623 9819 9820 9699 9698)
  (745 746 625 624 9820 9821 9700 9699)
  (746 747 626 625 9821 9822 9701 9700)
  (747 748 627 626 9822 9823 9702 9701)
  (748 749 628 627 9823 9824 9703 9702)
  (749 750 629 628 9824 9825 9704 9703)
  (750 751 630 629 9825 9826 9705 9704)
  (751 752 631 630 9826 9827 9706 9705)
  (752 753 632 631 9827 9828 9707 9706)
  (753 754 633 632 9828 9829 9708 9707)
  (754 755 634 633 9829 9830 9709 9708)
  (755 756 635 634 9830 9831 9710 9709)
  (756 757 636 635 9831 9832 9711 9710)
  (757 758 637 636 9832 9833 9712 9711)
  (758 759 638 637 9833 9834 9713 9712)
  (759 760 639 638 9834 9835 9714 9713)
  (760 761 640 639 9835 9836 9715 9714)
  (761 762 641 640 9836 9837 9716 9715)
  (762 763 642 641 9837 9838 9717 9716)
  (763 764 643 642 9838 9839 9718 9717)
  (764 765 644 643 9839 9840 9719 9718)
  (765 766 645 644 9840 9841 9720 9719)
  (766 767 646 645 9841 9842 9721 9720)
  (767 768 647 646 9842 9843 9722 9721)
  (768 769 648 647 9843 9844 9723 9722)
  (769 770 649 648 9844 9845 9724 9723)
  (770 771 650 649 9845 9846 9725 9724)
  (771 772 651 650 9846 9847 9726 9725)
  (772 773 652 651 9847 9848 9727 9726)
  (773 774 653 652 9848 9849 9728 9727)
  (774 775 654 653 9849 9850 9729 9728)
  (775 776 655 654 9850 9851 9730 9729)
  (776 777 656 655 9851 9852 9731 9730)
  (777 778 657 656 9852 9853 9732 9731)
  (778 779 658 657 9853 9854 9733 9732)
  (779 780 659 658 9854 9855 9734 9733)
  (780 781 660 659 9855 9856 9735 9734)
  (781 782 661 660 9856 9857 9736 9735)
  (782 783 662 661 9857 9858 9737 9736)
  (783 784 663 662 9858 9859 9738 9737)
  (784 785 664 663 9859 9860 9739 9738)
  (785 786 665 664 9860 9861 9740 9739)
  (786 787 666 665 9861 9862 9741 9740)
  (787 788 667 666 9862 9863 9742 9741)
  (788 789 668 667 9863 9864 9743 9742)
  (789 790 669 668 9864 9865 9744 9743)
  (790 791 670 669 9865 9866 9745 9744)
  (791 792 671 670 9866 9867 9746 9745)
  (792 793 672 671 9867 9868 9747 9746)
  (793 794 673 672 9868 9869 9748 9747)
  (794 795 674 673 9869 9870 9749 9748)
  (795 796 675 674 9870 9871 9750 9749)
  (796 797 676 675 9871 9872 9751 9750)
  (797 798 677 676 9872 9873 9752 9751)
  (798 799 678 677 9873 9874 9753 9752)
  (799 800 679 678 9874 9875 9754 9753)
  (800 801 680 679 9875 9876 9755 9754)
  (801 802 681 680 9876 9877 9756 9755)
  (802 803 682 681 9877 9878 9757 9756)
  (803 804 683 682 9878 9879 9758 9757)
  (804 805 684 683 9879 9880 9759 9758)
  (805 806 685 684 9880 9881 9760 9759)
  (806 807 686 685 9881 9882 9761 9760)
  (807 808 687 686 9882 9883 9762 9761)
  (808 809 688 687 9883 9884 9763 9762)
  (809 810 689 688 9884 9885 9764 9763)
  (810 811 690 689 9885 9886 9765 9764)
  (811 812 691 690 9886 9887 9766 9765)
  (812 813 692 691 9887 9888 9767 9766)
  (813 814 693 692 9888 9889 9768 9767)
  (814 815 694 693 9889 9890 9769 9768)
  (815 816 695 694 9890 9891 9770 9769)
  (816 817 696 695 9891 9892 9771 9770)
  (817 818 697 696 9892 9893 9772 9771)
  (818 819 698 697 9893 9894 9773 9772)
  (819 820 699 698 9894 9895 9774 9773)
  (820 821 700 699 9895 9896 9775 9774)
  (821 822 701 700 9896 9897 9776 9775)
  (822 823 702 701 9897 9898 9777 9776)
  (823 824 703 702 9898 9899 9778 9777)
  (824 825 704 703 9899 9900 9779 9778)
  (825 826 705 704 9900 9901 9780 9779)
  (826 827 706 705 9901 9902 9781 9780)
  (827 828 707 706 9902 9903 9782 9781)
  (828 829 708 707 9903 9904 9783 9782)
  (829 830 709 708 9904 9905 9784 9783)
  (830 831 710 709 9905 9906 9785 9784)
  (831 832 711 710 9906 9907 9786 9785)
  (832 833 712 711 9907 9908 9787 9786)
  (833 834 713 712 9908 9909 9788 9787)
  (834 835 714 713 9909 9910 9789 9788)
  (835 836 715 714 9910 9911 9790 9789)
  (836 837 716 715 9911 9912 9791 9790)
  (837 838 717 716 9912 9913 9792 9791)
  (838 839 718 717 9913 9914 9793 9792)
  (839 840 719 718 9914 9915 9794 9793)
  (840 841 720 719 9915 9916 9795 9794)
  (841 842 721 720 9916 9917 9796 9795)
  (842 843 722 721 9917 9918 9797 9796)
  (843 844 723 722 9918 9919 9798 9797)
  (844 845 724 723 9919 9920 9799 9798)
  (845 846 725 724 9920 9921 9800 9799)
  (847 848 727 726 9922 9923 9802 9801)
  (848 849 728 727 9923 9924 9803 9802)
  (849 850 729 728 9924 9925 9804 9803)
  (850 851 730 729 9925 9926 9805 9804)
  (851 852 731 730 9926 9927 9806 9805)
  (852 853 732 731 9927 9928 9807 9806)
  (853 854 733 732 9928 9929 9808 9807)
  (854 855 734 733 9929 9930 9809 9808)
  (855 856 735 734 9930 9931 9810 9809)
  (856 857 736 735 9931 9932 9811 9810)
  (857 858 737 736 9932 9933 9812 9811)
  (858 859 738 737 9933 9934 9813 9812)
  (859 860 739 738 9934 9935 9814 9813)
  (860 861 740 739 9935 9936 9815 9814)
  (861 862 741 740 9936 9937 9816 9815)
  (862 863 742 741 9937 9938 9817 9816)
  (863 864 743 742 9938 9939 9818 9817)
  (864 865 744 743 9939 9940 9819 9818)
  (865 866 745 744 9940 9941 9820 9819)
  (866 867 746 745 9941 9942 9821 9820)
  (867 868 747 746 9942 9943 9822 9821)
  (868 869 748 747 9943 9944 9823 9822)
  (869 870 749 748 9944 9945 9824 9823)
  (870 871 750 749 9945 9946 9825 9824)
  (871 872 751 750 9946 9947 9826 9825)
  (872 873 752 751 9947 9948 9827 9826)
  (873 874 753 752 9948 9949 9828 9827)
  (874 875 754 753 9949 9950 9829 9828)
  (875 876 755 754 9950 9951 9830 9829)
  (876 877 756 755 9951 9952 9831 9830)
  (877 878 757 756 9952 9953 9832 9831)
  (878 879 758 757 9953 9954 9833 9832)
  (879 880 759 758 9954 9955 9834 9833)
  (880 881 760 759 9955 9956 9835 9834)
  (881 882 761 760 9956 9957 9836 9835)
  (882 883 762 761 9957 9958 9837 9836)
  (883 884 763 762 9958 9959 9838 9837)
  (884 885 764 763 9959 9960 9839 9838)
  (885 886 765 764 9960 9961 9840 9839)
  (886 887 766 765 9961 9962 9841 9840)
  (887 888 767 766 9962 9963 9842 9841)
  (888 889 768 767 9963 9964 9843 9842)
  (889 890 769 768 9964 9965 9844 9843)
  (890 891 770 769 9965 9966 9845 9844)
  (891 892 771 770 9966 9967 9846 9845)
  (892 893 772 771 9967 9968 9847 9846)
  (893 894 773 772 9968 9969 9848 9847)
  (894 895 774 773 9969 9970 9849 9848)
  (895 896 775 774 9970 9971 9850 9849)
  (896 897 776 775 9971 9972 9851 9850)
  (897 898 777 776 9972 9973 9852 9851)
  (898 899 778 777 9973 9974 9853 9852)
  (899 900 779 778 9974 9975 9854 9853)
  (900 901 780 779 9975 9976 9855 9854)
  (901 902 781 780 9976 9977 9856 9855)
  (902 903 782 781 9977 9978 9857 9856)
  (903 904 783 782 9978 9979 9858 9857)
  (904 905 784 783 9979 9980 9859 9858)
  (905 906 785 784 9980 9981 9860 9859)
  (906 907 786 785 9981 9982 9861 9860)
  (907 908 787 786 9982 9983 9862 9861)
  (908 909 788 787 9983 9984 9863 9862)
  (909 910 789 788 9984 9985 9864 9863)
  (910 911 790 789 9985 9986 9865 9864)
  (911 912 791 790 9986 9987 9866 9865)
  (912 913 792 791 9987 9988 9867 9866)
  (913 914 793 792 9988 9989 9868 9867)
  (914 915 794 793 9989 9990 9869 9868)
  (915 916 795 794 9990 9991 9870 9869)
  (916 917 796 795 9991 9992 9871 9870)
  (917 918 797 796 9992 9993 9872 9871)
  (918 919 798 797 9993 9994 9873 9872)
  (919 920 799 798 9994 9995 9874 9873)
  (920 921 800 799 9995 9996 9875 9874)
  (921 922 801 800 9996 9997 9876 9875)
  (922 923 802 801 9997 9998 9877 9876)
  (923 924 803 802 9998 9999 9878 9877)
  (924 925 804 803 9999 10000 9879 9878)
  (925 926 805 804 10000 10001 9880 9879)
  (926 927 806 805 10001 10002 9881 9880)
  (927 928 807 806 10002 10003 9882 9881)
  (928 929 808 807 10003 10004 9883 9882)
  (929 930 809 808 10004 10005 9884 9883)
  (930 931 810 809 10005 10006 9885 9884)
  (931 932 811 810 10006 10007 9886 9885)
  (932 933 812 811 10007 10008 9887 9886)
  (933 934 813 812 10008 10009 9888 9887)
  (934 935 814 813 10009 10010 9889 9888)
  (935 936 815 814 10010 10011 9890 9889)
  (936 937 816 815 10011 10012 9891 9890)
  (937 938 817 816 10012 10013 9892 9891)
  (938 939 818 817 10013 10014 9893 9892)
  (939 940 819 818 10014 10015 9894 9893)
  (940 941 820 819 10015 10016 9895 9894)
  (941 942 821 820 10016 10017 9896 9895)
  (942 943 822 821 10017 10018 9897 9896)
  (943 944 823 822 10018 10019 9898 9897)
  (944 945 824 823 10019 10020 9899 9898)
  (945 946 825 824 10020 10021 9900 9899)
  (946 947 826 825 10021 10022 9901 9900)
  (947 948 827 826 10022 10023 9902 9901)
  (948 949 828 827 10023 10024 9903 9902)
  (949 950 829 828 10024 10025 9904 9903)
  (950 951 830 829 10025 10026 9905 9904)
  (951 952 831 830 10026 10027 9906 9905)
  (952 953 832 831 10027 10028 9907 9906)
  (953 954 833 832 10028 10029 9908 9907)
  (954 955 834 833 10029 10030 9909 9908)
  (955 956 835 834 10030 10031 9910 9909)
  (956 957 836 835 10031 10032 9911 9910)
  (957 958 837 836 10032 10033 9912 9911)
  (958 959 838 837 10033 10034 9913 9912)
  (959 960 839 838 10034 10035 9914 9913)
  (960 961 840 839 10035 10036 9915 9914)
  (961 962 841 840 10036 10037 9916 9915)
  (962 963 842 841 10037 10038 9917 9916)
  (963 964 843 842 10038 10039 9918 9917)
  (964 965 844 843 10039 10040 9919 9918)
  (965 966 845 844 10040 10041 9920 9919)
  (966 967 846 845 10041 10042 9921 9920)
  (968 969 848 847 10043 10044 9923 9922)
  (969 970 849 848 10044 10045 9924 9923)
  (970 971 850 849 10045 10046 9925 9924)
  (971 972 851 850 10046 10047 9926 9925)
  (972 973 852 851 10047 10048 9927 9926)
  (973 974 853 852 10048 10049 9928 9927)
  (974 975 854 853 10049 10050 9929 9928)
  (975 976 855 854 10050 10051 9930 9929)
  (976 977 856 855 10051 10052 9931 9930)
  (977 978 857 856 10052 10053 9932 9931)
  (978 979 858 857 10053 10054 9933 9932)
  (979 980 859 858 10054 10055 9934 9933)
  (980 981 860 859 10055 10056 9935 9934)
  (981 982 861 860 10056 10057 9936 9935)
  (982 983 862 861 10057 10058 9937 9936)
  (983 984 863 862 10058 10059 9938 9937)
  (984 985 864 863 10059 10060 9939 9938)
  (985 986 865 864 10060 10061 9940 9939)
  (986 987 866 865 10061 10062 9941 9940)
  (987 988 867 866 10062 10063 9942 9941)
  (988 989 868 867 10063 10064 9943 9942)
  (989 990 869 868 10064 10065 9944 9943)
  (990 991 870 869 10065 10066 9945 9944)
  (991 992 871 870 10066 10067 9946 9945)
  (992 993 872 871 10067 10068 9947 9946)
  (993 994 873 872 10068 10069 9948 9947)
  (994 995 874 873 10069 10070 9949 9948)
  (995 996 875 874 10070 10071 9950 9949)
  (996 997 876 875 10071 10072 9951 9950)
  (997 998 877 876 10072 10073 9952 9951)
  (998 999 878 877 10073 10074 9953 9952)
  (999 1000 879 878 10074 10075 9954 9953)
  (1000 1001 880 879 10075 10076 9955 9954)
  (1001 1002 881 880 10076 10077 9956 9955)
  (1002 1003 882 881 10077 10078 9957 9956)
  (1003 1004 883 882 10078 10079 9958 9957)
  (1004 1005 884 883 10079 10080 9959 9958)
  (1005 1006 885 884 10080 10081 9960 9959)
  (1006 1007 886 885 10081 10082 9961 9960)
  (1007 1008 887 886 10082 10083 9962 9961)
  (1008 1009 888 887 10083 10084 9963 9962)
  (1009 1010 889 888 10084 10085 9964 9963)
  (1010 1011 890 889 10085 10086 9965 9964)
  (1011 1012 891 890 10086 10087 9966 9965)
  (1012 1013 892 891 10087 10088 9967 9966)
  (1013 1014 893 892 10088 10089 9968 9967)
  (1014 1015 894 893 10089 10090 9969 9968)
  (1015 1016 895 894 10090 10091 9970 9969)
  (1016 1017 896 895 10091 10092 9971 9970)
  (1017 1018 897 896 10092 10093 9972 9971)
  (1018 1019 898 897 10093 10094 9973 9972)
  (1019 1020 899 898 10094 10095 9974 9973)
  (1020 1021 900 899 10095 10096 9975 9974)
  (1021 1022 901 900 10096 10097 9976 9975)
  (1022 1023 902 901 10097 10098 9977 9976)
  (1023 1024 903 902 10098 10099 9978 9977)
  (1024 1025 904 903 10099 10100 9979 9978)
  (1025 1026 905 904 10100 10101 9980 9979)
  (1026 1027 906 905 10101 10102 9981 9980)
  (1027 1028 907 906 10102 10103 9982 9981)
  (1028 1029 908 907 10103 10104 9983 9982)
  (1029 1030 909 908 10104 10105 9984 9983)
  (1030 1031 910 909 10105 10106 9985 9984)
  (1031 1032 911 910 10106 10107 9986 9985)
  (1032 1033 912 911 10107 10108 9987 9986)
  (1033 1034 913 912 10108 10109 9988 9987)
  (1034 1035 914 913 10109 10110 9989 9988)
  (1035 1036 915 914 10110 10111 9990 9989)
  (1036 1037 916 915 10111 10112 9991 9990)
  (1037 1038 917 916 10112 10113 9992 9991)
  (1038 1039 918 917 10113 10114 9993 9992)
  (1039 1040 919 918 10114 10115 9994 9993)
  (1040 1041 920 919 10115 10116 9995 9994)
  (1041 1042 921 920 10116 10117 9996 9995)
  (1042 1043 922 921 10117 10118 9997 9996)
  (1043 1044 923 922 10118 10119 9998 9997)
  (1044 1045 924 923 10119 10120 9999 9998)
  (1045 1046 925 924 10120 10121 10000 9999)
  (1046 1047 926 925 10121 10122 10001 10000)
  (1047 1048 927 926 10122 10123 10002 10001)
  (1048 1049 928 927 10123 10124 10003 10002)
  (1049 1050 929 928 10124 10125 10004 10003)
  (1050 1051 930 929 10125 10126 10005 10004)
  (1051 1052 931 930 10126 10127 10006 10005)
  (1052 1053 932 931 10127 10128 10007 10006)
  (1053 1054 933 932 10128 10129 10008 10007)
  (1054 1055 934 933 10129 10130 10009 10008)
  (1055 1056 935 934 10130 10131 10010 10009)
  (1056 1057 936 935 10131 10132 10011 10010)
  (1057 1058 937 936 10132 10133 10012 10011)
  (1058 1059 938 937 10133 10134 10013 10012)
  (1059 1060 939 938 10134 10135 10014 10013)
  (1060 1061 940 939 10135 10136 10015 10014)
  (1061 1062 941 940 10136 10137 10016 10015)
  (1062 1063 942 941 10137 10138 10017 10016)
  (1063 1064 943 942 10138 10139 10018 10017)
  (1064 1065 944 943 10139 10140 10019 10018)
  (1065 1066 945 944 10140 10141 10020 10019)
  (1066 1067 946 945 10141 10142 10021 10020)
  (1067 1068 947 946 10142 10143 10022 10021)
  (1068 1069 948 947 10143 10144 10023 10022)
  (1069 1070 949 948 10144 10145 10024 10023)
  (1070 1071 950 949 10145 10146 10025 10024)
  (1071 1072 951 950 10146 10147 10026 10025)
  (1072 1073 952 951 10147 10148 10027 10026)
  (1073 1074 953 952 10148 10149 10028 10027)
  (1074 1075 954 953 10149 10150 10029 10028)
  (1075 1076 955 954 10150 10151 10030 10029)
  (1076 1077 956 955 10151 10152 10031 10030)
  (1077 1078 957 956 10152 10153 10032 10031)
  (1078 1079 958 957 10153 10154 10033 10032)
  (1079 1080 959 958 10154 10155 10034 10033)
  (1080 1081 960 959 10155 10156 10035 10034)
  (1081 1082 961 960 10156 10157 10036 10035)
  (1082 1083 962 961 10157 10158 10037 10036)
  (1083 1084 963 962 10158 10159 10038 10037)
  (1084 1085 964 963 10159 10160 10039 10038)
  (1085 1086 965 964 10160 10161 10040 10039)
  (1086 1087 966 965 10161 10162 10041 10040)
  (1087 1088 967 966 10162 10163 10042 10041)
  (1089 1090 969 968 10164 10165 10044 10043)
  (1090 1091 970 969 10165 10166 10045 10044)
  (1091 1092 971 970 10166 10167 10046 10045)
  (1092 1093 972 971 10167 10168 10047 10046)
  (1093 1094 973 972 10168 10169 10048 10047)
  (1094 1095 974 973 10169 10170 10049 10048)
  (1095 1096 975 974 10170 10171 10050 10049)
  (1096 1097 976 975 10171 10172 10051 10050)
  (1097 1098 977 976 10172 10173 10052 10051)
  (1098 1099 978 977 10173 10174 10053 10052)
  (1099 1100 979 978 10174 10175 10054 10053)
  (1100 1101 980 979 10175 10176 10055 10054)
  (1101 1102 981 980 10176 10177 10056 10055)
  (1102 1103 982 981 10177 10178 10057 10056)
  (1103 1104 983 982 10178 10179 10058 10057)
  (1104 1105 984 983 10179 10180 10059 10058)
  (1105 1106 985 984 10180 10181 10060 10059)
  (1106 1107 986 985 10181 10182 10061 10060)
  (1107 1108 987 986 10182 10183 10062 10061)
  (1108 1109 988 987 10183 10184 10063 10062)
  (1109 1110 989 988 10184 10185 10064 10063)
  (1110 1111 990 989 10185 10186 10065 10064)
  (1111 1112 991 990 10186 10187 10066 10065)
  (1112 1113 992 991 10187 10188 10067 10066)
  (1113 1114 993 992 10188 10189 10068 10067)
  (1114 1115 994 993 10189 10190 10069 10068)
  (1115 1116 995 994 10190 10191 10070 10069)
  (1116 1117 996 995 10191 10192 10071 10070)
  (1117 1118 997 996 10192 10193 10072 10071)
  (1118 1119 998 997 10193 10194 10073 10072)
  (1119 1120 999 998 10194 10195 10074 10073)
  (1120 1121 1000 999 10195 10196 10075 10074)
  (1121 1122 1001 1000 10196 10197 10076 10075)
  (1122 1123 1002 1001 10197 10198 10077 10076)
  (1123 1124 1003 1002 10198 10199 10078 10077)
  (1124 1125 1004 1003 10199 10200 10079 10078)
  (1125 1126 1005 1004 10200 10201 10080 10079)
  (1126 1127 1006 1005 10201 10202 10081 10080)
  (1127 1128 1007 1006 10202 10203 10082 10081)
  (1128 1129 1008 1007 10203 10204 10083 10082)
  (1129 1130 1009 1008 10204 10205 10084 10083)
  (1130 1131 1010 1009 10205 10206 10085 10084)
  (1131 1132 1011 1010 10206 10207 10086 10085)
  (1132 1133 1012 1011 10207 10208 10087 10086)
  (1133 1134 1013 1012 10208 10209 10088 10087)
  (1134 1135 1014 1013 10209 10210 10089 10088)
  (1135 1136 1015 1014 10210 10211 10090 10089)
  (1136 1137 1016 1015 10211 10212 10091 10090)
  (1137 1138 1017 1016 10212 10213 10092 10091)
  (1138 1139 1018 1017 10213 10214 10093 10092)
  (1139 1140 1019 1018 10214 10215 10094 10093)
  (1140 1141 1020 1019 10215 10216 10095 10094)
  (1141 1142 1021 1020 10216 10217 10096 10095)
  (1142 1143 1022 1021 10217 10218 10097 10096)
  (1143 1144 1023 1022 10218 10219 10098 10097)
  (1144 1145 1024 1023 10219 10220 10099 10098)
  (1145 1146 1025 1024 10220 10221 10100 10099)
  (1146 1147 1026 1025 10221 10222 10101 10100)
  (1147 1148 1027 1026 10222 10223 10102 10101)
  (1148 1149 1028 1027 10223 10224 10103 10102)
  (1149 1150 1029 1028 10224 10225 10104 10103)
  (1150 1151 1030 1029 10225 10226 10105 10104)
  (1151 1152 1031 1030 10226 10227 10106 10105)
  (1152 1153 1032 1031 10227 10228 10107 10106)
  (1153 1154 1033 1032 10228 10229 10108 10107)
  (1154 1155 1034 1033 10229 10230 10109 10108)
  (1155 1156 1035 1034 10230 10231 10110 10109)
  (1156 1157 1036 1035 10231 10232 10111 10110)
  (1157 1158 1037 1036 10232 10233 10112 10111)
  (1158 1159 1038 1037 10233 10234 10113 10112)
  (1159 1160 1039 1038 10234 10235 10114 10113)
  (1160 1161 1040 1039 10235 10236 10115 10114)
  (1161 1162 1041 1040 10236 10237 10116 10115)
  (1162 1163 1042 1041 10237 10238 10117 10116)
  (1163 1164 1043 1042 10238 10239 10118 10117)
  (1164 1165 1044 1043 10239 10240 10119 10118)
  (1165 1166 1045 1044 10240 10241 10120 10119)
  (1166 1167 1046 1045 10241 10242 10121 10120)
  (1167 1168 1047 1046 10242 10243 10122 10121)
  (1168 1169 1048 1047 10243 10244 10123 10122)
  (1169 1170 1049 1048 10244 10245 10124 10123)
  (1170 1171 1050 1049 10245 10246 10125 10124)
  (1171 1172 1051 1050 10246 10247 10126 10125)
  (1172 1173 1052 1051 10247 10248 10127 10126)
  (1173 1174 1053 1052 10248 10249 10128 10127)
  (1174 1175 1054 1053 10249 10250 10129 10128)
  (1175 1176 1055 1054 10250 10251 10130 10129)
  (1176 1177 1056 1055 10251 10252 10131 10130)
  (1177 1178 1057 1056 10252 10253 10132 10131)
  (1178 1179 1058 1057 10253 10254 10133 10132)
  (1179 1180 1059 1058 10254 10255 10134 10133)
  (1180 1181 1060 1059 10255 10256 10135 10134)
  (1181 1182 1061 1060 10256 10257 10136 10135)
  (1182 1183 1062 1061 10257 10258 10137 10136)
  (1183 1184 1063 1062 10258 10259 10138 10137)
  (1184 1185 1064 1063 10259 10260 10139 10138)
  (1185 1186 1065 1064 10260 10261 10140 10139)
  (1186 1187 1066 1065 10261 10262 10141 10140)
  (1187 1188 1067 1066 10262 10263 10142 10141)
  (1188 1189 1068 1067 10263 10264 10143 10142)
  (1189 1190 1069 1068 10264 10265 10144 10143)
  (1190 1191 1070 1069 10265 10266 10145 10144)
  (1191 1192 1071 1070 10266 10267 10146 10145)
  (1192 1193 1072 1071 10267 10268 10147 10146)
  (1193 1194 1073 1072 10268 10269 10148 10147)
  (1194 1195 1074 1073 10269 10270 10149 10148)
  (1195 1196 1075 1074 10270 10271 10150 10149)
  (1196 1197 1076 1075 10271 10272 10151 10150)
  (1197 1198 1077 1076 10272 10273 10152 10151)
  (1198 1199 1078 1077 10273 10274 10153 10152)
  (1199 1200 1079 1078 10274 10275 10154 10153)
  (1200 1201 1080 1079 10275 10276 10155 10154)
  (1201 1202 1081 1080 10276 10277 10156 10155)
  (1202 1203 1082 1081 10277 10278 10157 10156)
  (1203 1204 1083 1082 10278 10279 10158 10157)
  (1204 1205 1084 1083 10279 10280 10159 10158)
  (1205 1206 1085 1084 10280 10281 10160 10159)
  (1206 1207 1086 1085 10281 10282 10161 10160)
  (1207 1208 1087 1086 10282 10283 10162 10161)
  (1208 1209 1088 1087 10283 10284 10163 10162)
  (1210 1211 1090 1089 10285 10286 10165 10164)
  (1211 1212 1091 1090 10286 10287 10166 10165)
  (1212 1213 1092 1091 10287 10288 10167 10166)
  (1213 1214 1093 1092 10288 10289 10168 10167)
  (1214 1215 1094 1093 10289 10290 10169 10168)
  (1215 1216 1095 1094 10290 10291 10170 10169)
  (1216 1217 1096 1095 10291 10292 10171 10170)
  (1217 1218 1097 1096 10292 10293 10172 10171)
  (1218 1219 1098 1097 10293 10294 10173 10172)
  (1219 1220 1099 1098 10294 10295 10174 10173)
  (1220 1221 1100 1099 10295 10296 10175 10174)
  (1221 1222 1101 1100 10296 10297 10176 10175)
  (1222 1223 1102 1101 10297 10298 10177 10176)
  (1223 1224 1103 1102 10298 10299 10178 10177)
  (1224 1225 1104 1103 10299 10300 10179 10178)
  (1225 1226 1105 1104 10300 10301 10180 10179)
  (1226 1227 1106 1105 10301 10302 10181 10180)
  (1227 1228 1107 1106 10302 10303 10182 10181)
  (1228 1229 1108 1107 10303 10304 10183 10182)
  (1229 1230 1109 1108 10304 10305 10184 10183)
  (1230 1231 1110 1109 10305 10306 10185 10184)
  (1231 1232 1111 1110 10306 10307 10186 10185)
  (1232 1233 1112 1111 10307 10308 10187 10186)
  (1233 1234 1113 1112 10308 10309 10188 10187)
  (1234 1235 1114 1113 10309 10310 10189 10188)
  (1235 1236 1115 1114 10310 10311 10190 10189)
  (1236 1237 1116 1115 10311 10312 10191 10190)
  (1237 1238 1117 1116 10312 10313 10192 10191)
  (1238 1239 1118 1117 10313 10314 10193 10192)
  (1239 1240 1119 1118 10314 10315 10194 10193)
  (1240 1241 1120 1119 10315 10316 10195 10194)
  (1241 1242 1121 1120 10316 10317 10196 10195)
  (1242 1243 1122 1121 10317 10318 10197 10196)
  (1243 1244 1123 1122 10318 10319 10198 10197)
  (1244 1245 1124 1123 10319 10320 10199 10198)
  (1245 1246 1125 1124 10320 10321 10200 10199)
  (1246 1247 1126 1125 10321 10322 10201 10200)
  (1247 1248 1127 1126 10322 10323 10202 10201)
  (1248 1249 1128 1127 10323 10324 10203 10202)
  (1249 1250 1129 1128 10324 10325 10204 10203)
  (1250 1251 1130 1129 10325 10326 10205 10204)
  (1251 1252 1131 1130 10326 10327 10206 10205)
  (1252 1253 1132 1131 10327 10328 10207 10206)
  (1253 1254 1133 1132 10328 10329 10208 10207)
  (1254 1255 1134 1133 10329 10330 10209 10208)
  (1255 1256 1135 1134 10330 10331 10210 10209)
  (1256 1257 1136 1135 10331 10332 10211 10210)
  (1257 1258 1137 1136 10332 10333 10212 10211)
  (1258 1259 1138 1137 10333 10334 10213 10212)
  (1259 1260 1139 1138 10334 10335 10214 10213)
  (1260 1261 1140 1139 10335 10336 10215 10214)
  (1261 1262 1141 1140 10336 10337 10216 10215)
  (1262 1263 1142 1141 10337 10338 10217 10216)
  (1263 1264 1143 1142 10338 10339 10218 10217)
  (1264 1265 1144 1143 10339 10340 10219 10218)
  (1265 1266 1145 1144 10340 10341 10220 10219)
  (1266 1267 1146 1145 10341 10342 10221 10220)
  (1267 1268 1147 1146 10342 10343 10222 10221)
  (1268 1269 1148 1147 10343 10344 10223 10222)
  (1269 1270 1149 1148 10344 10345 10224 10223)
  (1270 1271 1150 1149 10345 10346 10225 10224)
  (1271 1272 1151 1150 10346 10347 10226 10225)
  (1272 1273 1152 1151 10347 10348 10227 10226)
  (1273 1274 1153 1152 10348 10349 10228 10227)
  (1274 1275 1154 1153 10349 10350 10229 10228)
  (1275 1276 1155 1154 10350 10351 10230 10229)
  (1276 1277 1156 1155 10351 10352 10231 10230)
  (1277 1278 1157 1156 10352 10353 10232 10231)
  (1278 1279 1158 1157 10353 10354 10233 10232)
  (1279 1280 1159 1158 10354 10355 10234 10233)
  (1280 1281 1160 1159 10355 10356 10235 10234)
  (1281 1282 1161 1160 10356 10357 10236 10235)
  (1282 1283 1162 1161 10357 10358 10237 10236)
  (1283 1284 1163 1162 10358 10359 10238 10237)
  (1284 1285 1164 1163 10359 10360 10239 10238)
  (1285 1286 1165 1164 10360 10361 10240 10239)
  (1286 1287 1166 1165 10361 10362 10241 10240)
  (1287 1288 1167 1166 10362 10363 10242 10241)
  (1288 1289 1168 1167 10363 10364 10243 10242)
  (1289 1290 1169 1168 10364 10365 10244 10243)
  (1290 1291 1170 1169 10365 10366 10245 10244)
  (1291 1292 1171 1170 10366 10367 10246 10245)
  (1292 1293 1172 1171 10367 10368 10247 10246)
  (1293 1294 1173 1172 10368 10369 10248 10247)
  (1294 1295 1174 1173 10369 10370 10249 10248)
  (1295 1296 1175 1174 10370 10371 10250 10249)
  (1296 1297 1176 1175 10371 10372 10251 10250)
  (1297 1298 1177 1176 10372 10373 10252 10251)
  (1298 1299 1178 1177 10373 10374 10253 10252)
  (1299 1300 1179 1178 10374 10375 10254 10253)
  (1300 1301 1180 1179 10375 10376 10255 10254)
  (1301 1302 1181 1180 10376 10377 10256 10255)
  (1302 1303 1182 1181 10377 10378 10257 10256)
  (1303 1304 1183 1182 10378 10379 10258 10257)
  (1304 1305 1184 1183 10379 10380 10259 10258)
  (1305 1306 1185 1184 10380 10381 10260 10259)
  (1306 1307 1186 1185 10381 10382 10261 10260)
  (1307 1308 1187 1186 10382 10383 10262 10261)
  (1308 1309 1188 1187 10383 10384 10263 10262)
  (1309 1310 1189 1188 10384 10385 10264 10263)
  (1310 1311 1190 1189 10385 10386 10265 10264)
  (1311 1312 1191 1190 10386 10387 10266 10265)
  (1312 1313 1192 1191 10387 10388 10267 10266)
  (1313 1314 1193 1192 10388 10389 10268 10267)
  (1314 1315 1194 1193 10389 10390 10269 10268)
  (1315 1316 1195 1194 10390 10391 10270 10269)
  (1316 1317 1196 1195 10391 10392 10271 10270)
  (1317 1318 1197 1196 10392 10393 10272 10271)
  (1318 1319 1198 1197 10393 10394 10273 10272)
  (1319 1320 1199 1198 10394 10395 10274 10273)
  (1320 1321 1200 1199 10395 10396 10275 10274)
  (1321 1322 1201 1200 10396 10397 10276 10275)
  (1322 1323 1202 1201 10397 10398 10277 10276)
  (1323 1324 1203 1202 10398 10399 10278 10277)
  (1324 1325 1204 1203 10399 10400 10279 10278)
  (1325 1326 1205 1204 10400 10401 10280 10279)
  (1326 1327 1206 1205 10401 10402 10281 10280)
  (1327 1328 1207 1206 10402 10403 10282 10281)
  (1328 1329 1208 1207 10403 10404 10283 10282)
  (1329 1330 1209 1208 10404 10405 10284 10283)
  (1331 1332 1211 1210 10406 10407 10286 10285)
  (1332 1333 1212 1211 10407 10408 10287 10286)
  (1333 1334 1213 1212 10408 10409 10288 10287)
  (1334 1335 1214 1213 10409 10410 10289 10288)
  (1335 1336 1215 1214 10410 10411 10290 10289)
  (1336 1337 1216 1215 10411 10412 10291 10290)
  (1337 1338 1217 1216 10412 10413 10292 10291)
  (1338 1339 1218 1217 10413 10414 10293 10292)
  (1339 1340 1219 1218 10414 10415 10294 10293)
  (1340 1341 1220 1219 10415 10416 10295 10294)
  (1341 1342 1221 1220 10416 10417 10296 10295)
  (1342 1343 1222 1221 10417 10418 10297 10296)
  (1343 1344 1223 1222 10418 10419 10298 10297)
  (1344 1345 1224 1223 10419 10420 10299 10298)
  (1345 1346 1225 1224 10420 10421 10300 10299)
  (1346 1347 1226 1225 10421 10422 10301 10300)
  (1347 1348 1227 1226 10422 10423 10302 10301)
  (1348 1349 1228 1227 10423 10424 10303 10302)
  (1349 1350 1229 1228 10424 10425 10304 10303)
  (1350 1351 1230 1229 10425 10426 10305 10304)
  (1351 1352 1231 1230 10426 10427 10306 10305)
  (1352 1353 1232 1231 10427 10428 10307 10306)
  (1353 1354 1233 1232 10428 10429 10308 10307)
  (1354 1355 1234 1233 10429 10430 10309 10308)
  (1355 1356 1235 1234 10430 10431 10310 10309)
  (1356 1357 1236 1235 10431 10432 10311 10310)
  (1357 1358 1237 1236 10432 10433 10312 10311)
  (1358 1359 1238 1237 10433 10434 10313 10312)
  (1359 1360 1239 1238 10434 10435 10314 10313)
  (1360 1361 1240 1239 10435 10436 10315 10314)
  (1361 1362 1241 1240 10436 10437 10316 10315)
  (1362 1363 1242 1241 10437 10438 10317 10316)
  (1363 1364 1243 1242 10438 10439 10318 10317)
  (1364 1365 1244 1243 10439 10440 10319 10318)
  (1365 1366 1245 1244 10440 10441 10320 10319)
  (1366 1367 1246 1245 10441 10442 10321 10320)
  (1367 1368 1247 1246 10442 10443 10322 10321)
  (1368 1369 1248 1247 10443 10444 10323 10322)
  (1369 1370 1249 1248 10444 10445 10324 10323)
  (1370 1371 1250 1249 10445 10446 10325 10324)
  (1371 1372 1251 1250 10446 10447 10326 10325)
  (1372 1373 1252 1251 10447 10448 10327 10326)
  (1373 1374 1253 1252 10448 10449 10328 10327)
  (1374 1375 1254 1253 10449 10450 10329 10328)
  (1375 1376 1255 1254 10450 10451 10330 10329)
  (1376 1377 1256 1255 10451 10452 10331 10330)
  (1377 1378 1257 1256 10452 10453 10332 10331)
  (1378 1379 1258 1257 10453 10454 10333 10332)
  (1379 1380 1259 1258 10454 10455 10334 10333)
  (1380 1381 1260 1259 10455 10456 10335 10334)
  (1381 1382 1261 1260 10456 10457 10336 10335)
  (1382 1383 1262 1261 10457 10458 10337 10336)
  (1383 1384 1263 1262 10458 10459 10338 10337)
  (1384 1385 1264 1263 10459 10460 10339 10338)
  (1385 1386 1265 1264 10460 10461 10340 10339)
  (1386 1387 1266 1265 10461 10462 10341 10340)
  (1387 1388 1267 1266 10462 10463 10342 10341)
  (1388 1389 1268 1267 10463 10464 10343 10342)
  (1389 1390 1269 1268 10464 10465 10344 10343)
  (1390 1391 1270 1269 10465 10466 10345 10344)
  (1391 1392 1271 1270 10466 10467 10346 10345)
  (1392 1393 1272 1271 10467 10468 10347 10346)
  (1393 1394 1273 1272 10468 10469 10348 10347)
  (1394 1395 1274 1273 10469 10470 10349 10348)
  (1395 1396 1275 1274 10470 10471 10350 10349)
  (1396 1397 1276 1275 10471 10472 10351 10350)
  (1397 1398 1277 1276 10472 10473 10352 10351)
  (1398 1399 1278 1277 10473 10474 10353 10352)
  (1399 1400 1279 1278 10474 10475 10354 10353)
  (1400 1401 1280 1279 10475 10476 10355 10354)
  (1401 1402 1281 1280 10476 10477 10356 10355)
  (1402 1403 1282 1281 10477 10478 10357 10356)
  (1403 1404 1283 1282 10478 10479 10358 10357)
  (1404 1405 1284 1283 10479 10480 10359 10358)
  (1405 1406 1285 1284 10480 10481 10360 10359)
  (1406 1407 1286 1285 10481 10482 10361 10360)
  (1407 1408 1287 1286 10482 10483 10362 10361)
  (1408 1409 1288 1287 10483 10484 10363 10362)
  (1409 1410 1289 1288 10484 10485 10364 10363)
  (1410 1411 1290 1289 10485 10486 10365 10364)
  (1411 1412 1291 1290 10486 10487 10366 10365)
  (1412 1413 1292 1291 10487 10488 10367 10366)
  (1413 1414 1293 1292 10488 10489 10368 10367)
  (1414 1415 1294 1293 10489 10490 10369 10368)
  (1415 1416 1295 1294 10490 10491 10370 10369)
  (1416 1417 1296 1295 10491 10492 10371 10370)
  (1417 1418 1297 1296 10492 10493 10372 10371)
  (1418 1419 1298 1297 10493 10494 10373 10372)
  (1419 1420 1299 1298 10494 10495 10374 10373)
  (1420 1421 1300 1299 10495 10496 10375 10374)
  (1421 1422 1301 1300 10496 10497 10376 10375)
  (1422 1423 1302 1301 10497 10498 10377 10376)
  (1423 1424 1303 1302 10498 10499 10378 10377)
  (1424 1425 1304 1303 10499 10500 10379 10378)
  (1425 1426 1305 1304 10500 10501 10380 10379)
  (1426 1427 1306 1305 10501 10502 10381 10380)
  (1427 1428 1307 1306 10502 10503 10382 10381)
  (1428 1429 1308 1307 10503 10504 10383 10382)
  (1429 1430 1309 1308 10504 10505 10384 10383)
  (1430 1431 1310 1309 10505 10506 10385 10384)
  (1431 1432 1311 1310 10506 10507 10386 10385)
  (1432 1433 1312 1311 10507 10508 10387 10386)
  (1433 1434 1313 1312 10508 10509 10388 10387)
  (1434 1435 1314 1313 10509 10510 10389 10388)
  (1435 1436 1315 1314 10510 10511 10390 10389)
  (1436 1437 1316 1315 10511 10512 10391 10390)
  (1437 1438 1317 1316 10512 10513 10392 10391)
  (1438 1439 1318 1317 10513 10514 10393 10392)
  (1439 1440 1319 1318 10514 10515 10394 10393)
  (1440 1441 1320 1319 10515 10516 10395 10394)
  (1441 1442 1321 1320 10516 10517 10396 10395)
  (1442 1443 1322 1321 10517 10518 10397 10396)
  (1443 1444 1323 1322 10518 10519 10398 10397)
  (1444 1445 1324 1323 10519 10520 10399 10398)
  (1445 1446 1325 1324 10520 10521 10400 10399)
  (1446 1447 1326 1325 10521 10522 10401 10400)
  (1447 1448 1327 1326 10522 10523 10402 10401)
  (1448 1449 1328 1327 10523 10524 10403 10402)
  (1449 1450 1329 1328 10524 10525 10404 10403)
  (1450 1451 1330 1329 10525 10526 10405 10404)
  (1452 1453 1332 1331 10527 10528 10407 10406)
  (1453 1454 1333 1332 10528 10529 10408 10407)
  (1454 1455 1334 1333 10529 10530 10409 10408)
  (1455 1456 1335 1334 10530 10531 10410 10409)
  (1456 1457 1336 1335 10531 10532 10411 10410)
  (1457 1458 1337 1336 10532 10533 10412 10411)
  (1458 1459 1338 1337 10533 10534 10413 10412)
  (1459 1460 1339 1338 10534 10535 10414 10413)
  (1460 1461 1340 1339 10535 10536 10415 10414)
  (1461 1462 1341 1340 10536 10537 10416 10415)
  (1462 1463 1342 1341 10537 10538 10417 10416)
  (1463 1464 1343 1342 10538 10539 10418 10417)
  (1464 1465 1344 1343 10539 10540 10419 10418)
  (1465 1466 1345 1344 10540 10541 10420 10419)
  (1466 1467 1346 1345 10541 10542 10421 10420)
  (1467 1468 1347 1346 10542 10543 10422 10421)
  (1468 1469 1348 1347 10543 10544 10423 10422)
  (1469 1470 1349 1348 10544 10545 10424 10423)
  (1470 1471 1350 1349 10545 10546 10425 10424)
  (1471 1472 1351 1350 10546 10547 10426 10425)
  (1472 1473 1352 1351 10547 10548 10427 10426)
  (1473 1474 1353 1352 10548 10549 10428 10427)
  (1474 1475 1354 1353 10549 10550 10429 10428)
  (1475 1476 1355 1354 10550 10551 10430 10429)
  (1476 1477 1356 1355 10551 10552 10431 10430)
  (1477 1478 1357 1356 10552 10553 10432 10431)
  (1478 1479 1358 1357 10553 10554 10433 10432)
  (1479 1480 1359 1358 10554 10555 10434 10433)
  (1480 1481 1360 1359 10555 10556 10435 10434)
  (1481 1482 1361 1360 10556 10557 10436 10435)
  (1482 1483 1362 1361 10557 10558 10437 10436)
  (1483 1484 1363 1362 10558 10559 10438 10437)
  (1484 1485 1364 1363 10559 10560 10439 10438)
  (1485 1486 1365 1364 10560 10561 10440 10439)
  (1486 1487 1366 1365 10561 10562 10441 10440)
  (1487 1488 1367 1366 10562 10563 10442 10441)
  (1488 1489 1368 1367 10563 10564 10443 10442)
  (1489 1490 1369 1368 10564 10565 10444 10443)
  (1490 1491 1370 1369 10565 10566 10445 10444)
  (1491 1492 1371 1370 10566 10567 10446 10445)
  (1492 1493 1372 1371 10567 10568 10447 10446)
  (1493 1494 1373 1372 10568 10569 10448 10447)
  (1494 1495 1374 1373 10569 10570 10449 10448)
  (1495 1496 1375 1374 10570 10571 10450 10449)
  (1496 1497 1376 1375 10571 10572 10451 10450)
  (1497 1498 1377 1376 10572 10573 10452 10451)
  (1498 1499 1378 1377 10573 10574 10453 10452)
  (1499 1500 1379 1378 10574 10575 10454 10453)
  (1500 1501 1380 1379 10575 10576 10455 10454)
  (1501 1502 1381 1380 10576 10577 10456 10455)
  (1502 1503 1382 1381 10577 10578 10457 10456)
  (1503 1504 1383 1382 10578 10579 10458 10457)
  (1504 1505 1384 1383 10579 10580 10459 10458)
  (1505 1506 1385 1384 10580 10581 10460 10459)
  (1506 1507 1386 1385 10581 10582 10461 10460)
  (1507 1508 1387 1386 10582 10583 10462 10461)
  (1508 1509 1388 1387 10583 10584 10463 10462)
  (1509 1510 1389 1388 10584 10585 10464 10463)
  (1510 1511 1390 1389 10585 10586 10465 10464)
  (1511 1512 1391 1390 10586 10587 10466 10465)
  (1512 1513 1392 1391 10587 10588 10467 10466)
  (1513 1514 1393 1392 10588 10589 10468 10467)
  (1514 1515 1394 1393 10589 10590 10469 10468)
  (1515 1516 1395 1394 10590 10591 10470 10469)
  (1516 1517 1396 1395 10591 10592 10471 10470)
  (1517 1518 1397 1396 10592 10593 10472 10471)
  (1518 1519 1398 1397 10593 10594 10473 10472)
  (1519 1520 1399 1398 10594 10595 10474 10473)
  (1520 1521 1400 1399 10595 10596 10475 10474)
  (1521 1522 1401 1400 10596 10597 10476 10475)
  (1522 1523 1402 1401 10597 10598 10477 10476)
  (1523 1524 1403 1402 10598 10599 10478 10477)
  (1524 1525 1404 1403 10599 10600 10479 10478)
  (1525 1526 1405 1404 10600 10601 10480 10479)
  (1526 1527 1406 1405 10601 10602 10481 10480)
  (1527 1528 1407 1406 10602 10603 10482 10481)
  (1528 1529 1408 1407 10603 10604 10483 10482)
  (1529 1530 1409 1408 10604 10605 10484 10483)
  (1530 1531 1410 1409 10605 10606 10485 10484)
  (1531 1532 1411 1410 10606 10607 10486 10485)
  (1532 1533 1412 1411 10607 10608 10487 10486)
  (1533 1534 1413 1412 10608 10609 10488 10487)
  (1534 1535 1414 1413 10609 10610 10489 10488)
  (1535 1536 1415 1414 10610 10611 10490 10489)
  (1536 1537 1416 1415 10611 10612 10491 10490)
  (1537 1538 1417 1416 10612 10613 10492 10491)
  (1538 1539 1418 1417 10613 10614 10493 10492)
  (1539 1540 1419 1418 10614 10615 10494 10493)
  (1540 1541 1420 1419 10615 10616 10495 10494)
  (1541 1542 1421 1420 10616 10617 10496 10495)
  (1542 1543 1422 1421 10617 10618 10497 10496)
  (1543 1544 1423 1422 10618 10619 10498 10497)
  (1544 1545 1424 1423 10619 10620 10499 10498)
  (1545 1546 1425 1424 10620 10621 10500 10499)
  (1546 1547 1426 1425 10621 10622 10501 10500)
  (1547 1548 1427 1426 10622 10623 10502 10501)
  (1548 1549 1428 1427 10623 10624 10503 10502)
  (1549 1550 1429 1428 10624 10625 10504 10503)
  (1550 1551 1430 1429 10625 10626 10505 10504)
  (1551 1552 1431 1430 10626 10627 10506 10505)
  (1552 1553 1432 1431 10627 10628 10507 10506)
  (1553 1554 1433 1432 10628 10629 10508 10507)
  (1554 1555 1434 1433 10629 10630 10509 10508)
  (1555 1556 1435 1434 10630 10631 10510 10509)
  (1556 1557 1436 1435 10631 10632 10511 10510)
  (1557 1558 1437 1436 10632 10633 10512 10511)
  (1558 1559 1438 1437 10633 10634 10513 10512)
  (1559 1560 1439 1438 10634 10635 10514 10513)
  (1560 1561 1440 1439 10635 10636 10515 10514)
  (1561 1562 1441 1440 10636 10637 10516 10515)
  (1562 1563 1442 1441 10637 10638 10517 10516)
  (1563 1564 1443 1442 10638 10639 10518 10517)
  (1564 1565 1444 1443 10639 10640 10519 10518)
  (1565 1566 1445 1444 10640 10641 10520 10519)
  (1566 1567 1446 1445 10641 10642 10521 10520)
  (1567 1568 1447 1446 10642 10643 10522 10521)
  (1568 1569 1448 1447 10643 10644 10523 10522)
  (1569 1570 1449 1448 10644 10645 10524 10523)
  (1570 1571 1450 1449 10645 10646 10525 10524)
  (1571 1572 1451 1450 10646 10647 10526 10525)
  (1573 1574 1453 1452 10648 10649 10528 10527)
  (1574 1575 1454 1453 10649 10650 10529 10528)
  (1575 1576 1455 1454 10650 10651 10530 10529)
  (1576 1577 1456 1455 10651 10652 10531 10530)
  (1577 1578 1457 1456 10652 10653 10532 10531)
  (1578 1579 1458 1457 10653 10654 10533 10532)
  (1579 1580 1459 1458 10654 10655 10534 10533)
  (1580 1581 1460 1459 10655 10656 10535 10534)
  (1581 1582 1461 1460 10656 10657 10536 10535)
  (1582 1583 1462 1461 10657 10658 10537 10536)
  (1583 1584 1463 1462 10658 10659 10538 10537)
  (1584 1585 1464 1463 10659 10660 10539 10538)
  (1585 1586 1465 1464 10660 10661 10540 10539)
  (1586 1587 1466 1465 10661 10662 10541 10540)
  (1587 1588 1467 1466 10662 10663 10542 10541)
  (1588 1589 1468 1467 10663 10664 10543 10542)
  (1589 1590 1469 1468 10664 10665 10544 10543)
  (1590 1591 1470 1469 10665 10666 10545 10544)
  (1591 1592 1471 1470 10666 10667 10546 10545)
  (1592 1593 1472 1471 10667 10668 10547 10546)
  (1593 1594 1473 1472 10668 10669 10548 10547)
  (1594 1595 1474 1473 10669 10670 10549 10548)
  (1595 1596 1475 1474 10670 10671 10550 10549)
  (1596 1597 1476 1475 10671 10672 10551 10550)
  (1597 1598 1477 1476 10672 10673 10552 10551)
  (1598 1599 1478 1477 10673 10674 10553 10552)
  (1599 1600 1479 1478 10674 10675 10554 10553)
  (1600 1601 1480 1479 10675 10676 10555 10554)
  (1601 1602 1481 1480 10676 10677 10556 10555)
  (1602 1603 1482 1481 10677 10678 10557 10556)
  (1603 1604 1483 1482 10678 10679 10558 10557)
  (1604 1605 1484 1483 10679 10680 10559 10558)
  (1605 1606 1485 1484 10680 10681 10560 10559)
  (1606 1607 1486 1485 10681 10682 10561 10560)
  (1607 1608 1487 1486 10682 10683 10562 10561)
  (1608 1609 1488 1487 10683 10684 10563 10562)
  (1609 1610 1489 1488 10684 10685 10564 10563)
  (1610 1611 1490 1489 10685 10686 10565 10564)
  (1611 1612 1491 1490 10686 10687 10566 10565)
  (1612 1613 1492 1491 10687 10688 10567 10566)
  (1613 1614 1493 1492 10688 10689 10568 10567)
  (1614 1615 1494 1493 10689 10690 10569 10568)
  (1615 1616 1495 1494 10690 10691 10570 10569)
  (1616 1617 1496 1495 10691 10692 10571 10570)
  (1617 1618 1497 1496 10692 10693 10572 10571)
  (1618 1619 1498 1497 10693 10694 10573 10572)
  (1619 1620 1499 1498 10694 10695 10574 10573)
  (1620 1621 1500 1499 10695 10696 10575 10574)
  (1621 1622 1501 1500 10696 10697 10576 10575)
  (1622 1623 1502 1501 10697 10698 10577 10576)
  (1623 1624 1503 1502 10698 10699 10578 10577)
  (1624 1625 1504 1503 10699 10700 10579 10578)
  (1625 1626 1505 1504 10700 10701 10580 10579)
  (1626 1627 1506 1505 10701 10702 10581 10580)
  (1627 1628 1507 1506 10702 10703 10582 10581)
  (1628 1629 1508 1507 10703 10704 10583 10582)
  (1629 1630 1509 1508 10704 10705 10584 10583)
  (1630 1631 1510 1509 10705 10706 10585 10584)
  (1631 1632 1511 1510 10706 10707 10586 10585)
  (1632 1633 1512 1511 10707 10708 10587 10586)
  (1633 1634 1513 1512 10708 10709 10588 10587)
  (1634 1635 1514 1513 10709 10710 10589 10588)
  (1635 1636 1515 1514 10710 10711 10590 10589)
  (1636 1637 1516 1515 10711 10712 10591 10590)
  (1637 1638 1517 1516 10712 10713 10592 10591)
  (1638 1639 1518 1517 10713 10714 10593 10592)
  (1639 1640 1519 1518 10714 10715 10594 10593)
  (1640 1641 1520 1519 10715 10716 10595 10594)
  (1641 1642 1521 1520 10716 10717 10596 10595)
  (1642 1643 1522 1521 10717 10718 10597 10596)
  (1643 1644 1523 1522 10718 10719 10598 10597)
  (1644 1645 1524 1523 10719 10720 10599 10598)
  (1645 1646 1525 1524 10720 10721 10600 10599)
  (1646 1647 1526 1525 10721 10722 10601 10600)
  (1647 1648 1527 1526 10722 10723 10602 10601)
  (1648 1649 1528 1527 10723 10724 10603 10602)
  (1649 1650 1529 1528 10724 10725 10604 10603)
  (1650 1651 1530 1529 10725 10726 10605 10604)
  (1651 1652 1531 1530 10726 10727 10606 10605)
  (1652 1653 1532 1531 10727 10728 10607 10606)
  (1653 1654 1533 1532 10728 10729 10608 10607)
  (1654 1655 1534 1533 10729 10730 10609 10608)
  (1655 1656 1535 1534 10730 10731 10610 10609)
  (1656 1657 1536 1535 10731 10732 10611 10610)
  (1657 1658 1537 1536 10732 10733 10612 10611)
  (1658 1659 1538 1537 10733 10734 10613 10612)
  (1659 1660 1539 1538 10734 10735 10614 10613)
  (1660 1661 1540 1539 10735 10736 10615 10614)
  (1661 1662 1541 1540 10736 10737 10616 10615)
  (1662 1663 1542 1541 10737 10738 10617 10616)
  (1663 1664 1543 1542 10738 10739 10618 10617)
  (1664 1665 1544 1543 10739 10740 10619 10618)
  (1665 1666 1545 1544 10740 10741 10620 10619)
  (1666 1667 1546 1545 10741 10742 10621 10620)
  (1667 1668 1547 1546 10742 10743 10622 10621)
  (1668 1669 1548 1547 10743 10744 10623 10622)
  (1669 1670 1549 1548 10744 10745 10624 10623)
  (1670 1671 1550 1549 10745 10746 10625 10624)
  (1671 1672 1551 1550 10746 10747 10626 10625)
  (1672 1673 1552 1551 10747 10748 10627 10626)
  (1673 1674 1553 1552 10748 10749 10628 10627)
  (1674 1675 1554 1553 10749 10750 10629 10628)
  (1675 1676 1555 1554 10750 10751 10630 10629)
  (1676 1677 1556 1555 10751 10752 10631 10630)
  (1677 1678 1557 1556 10752 10753 10632 10631)
  (1678 1679 1558 1557 10753 10754 10633 10632)
  (1679 1680 1559 1558 10754 10755 10634 10633)
  (1680 1681 1560 1559 10755 10756 10635 10634)
  (1681 1682 1561 1560 10756 10757 10636 10635)
  (1682 1683 1562 1561 10757 10758 10637 10636)
  (1683 1684 1563 1562 10758 10759 10638 10637)
  (1684 1685 1564 1563 10759 10760 10639 10638)
  (1685 1686 1565 1564 10760 10761 10640 10639)
  (1686 1687 1566 1565 10761 10762 10641 10640)
  (1687 1688 1567 1566 10762 10763 10642 10641)
  (1688 1689 1568 1567 10763 10764 10643 10642)
  (1689 1690 1569 1568 10764 10765 10644 10643)
  (1690 1691 1570 1569 10765 10766 10645 10644)
  (1691 1692 1571 1570 10766 10767 10646 10645)
  (1692 1693 1572 1571 10767 10768 10647 10646)
  (1694 1695 1574 1573 10769 10770 10649 10648)
  (1695 1696 1575 1574 10770 10771 10650 10649)
  (1696 1697 1576 1575 10771 10772 10651 10650)
  (1697 1698 1577 1576 10772 10773 10652 10651)
  (1698 1699 1578 1577 10773 10774 10653 10652)
  (1699 1700 1579 1578 10774 10775 10654 10653)
  (1700 1701 1580 1579 10775 10776 10655 10654)
  (1701 1702 1581 1580 10776 10777 10656 10655)
  (1702 1703 1582 1581 10777 10778 10657 10656)
  (1703 1704 1583 1582 10778 10779 10658 10657)
  (1704 1705 1584 1583 10779 10780 10659 10658)
  (1705 1706 1585 1584 10780 10781 10660 10659)
  (1706 1707 1586 1585 10781 10782 10661 10660)
  (1707 1708 1587 1586 10782 10783 10662 10661)
  (1708 1709 1588 1587 10783 10784 10663 10662)
  (1709 1710 1589 1588 10784 10785 10664 10663)
  (1710 1711 1590 1589 10785 10786 10665 10664)
  (1711 1712 1591 1590 10786 10787 10666 10665)
  (1712 1713 1592 1591 10787 10788 10667 10666)
  (1713 1714 1593 1592 10788 10789 10668 10667)
  (1714 1715 1594 1593 10789 10790 10669 10668)
  (1715 1716 1595 1594 10790 10791 10670 10669)
  (1716 1717 1596 1595 10791 10792 10671 10670)
  (1717 1718 1597 1596 10792 10793 10672 10671)
  (1718 1719 1598 1597 10793 10794 10673 10672)
  (1719 1720 1599 1598 10794 10795 10674 10673)
  (1720 1721 1600 1599 10795 10796 10675 10674)
  (1721 1722 1601 1600 10796 10797 10676 10675)
  (1722 1723 1602 1601 10797 10798 10677 10676)
  (1723 1724 1603 1602 10798 10799 10678 10677)
  (1724 1725 1604 1603 10799 10800 10679 10678)
  (1725 1726 1605 1604 10800 10801 10680 10679)
  (1726 1727 1606 1605 10801 10802 10681 10680)
  (1727 1728 1607 1606 10802 10803 10682 10681)
  (1728 1729 1608 1607 10803 10804 10683 10682)
  (1729 1730 1609 1608 10804 10805 10684 10683)
  (1730 1731 1610 1609 10805 10806 10685 10684)
  (1731 1732 1611 1610 10806 10807 10686 10685)
  (1732 1733 1612 1611 10807 10808 10687 10686)
  (1733 1734 1613 1612 10808 10809 10688 10687)
  (1734 1735 1614 1613 10809 10810 10689 10688)
  (1735 1736 1615 1614 10810 10811 10690 10689)
  (1736 1737 1616 1615 10811 10812 10691 10690)
  (1737 1738 1617 1616 10812 10813 10692 10691)
  (1738 1739 1618 1617 10813 10814 10693 10692)
  (1739 1740 1619 1618 10814 10815 10694 10693)
  (1740 1741 1620 1619 10815 10816 10695 10694)
  (1741 1742 1621 1620 10816 10817 10696 10695)
  (1742 1743 1622 1621 10817 10818 10697 10696)
  (1743 1744 1623 1622 10818 10819 10698 10697)
  (1744 1745 1624 1623 10819 10820 10699 10698)
  (1745 1746 1625 1624 10820 10821 10700 10699)
  (1746 1747 1626 1625 10821 10822 10701 10700)
  (1747 1748 1627 1626 10822 10823 10702 10701)
  (1748 1749 1628 1627 10823 10824 10703 10702)
  (1749 1750 1629 1628 10824 10825 10704 10703)
  (1750 1751 1630 1629 10825 10826 10705 10704)
  (1751 1752 1631 1630 10826 10827 10706 10705)
  (1752 1753 1632 1631 10827 10828 10707 10706)
  (1753 1754 1633 1632 10828 10829 10708 10707)
  (1754 1755 1634 1633 10829 10830 10709 10708)
  (1755 1756 1635 1634 10830 10831 10710 10709)
  (1756 1757 1636 1635 10831 10832 10711 10710)
  (1757 1758 1637 1636 10832 10833 10712 10711)
  (1758 1759 1638 1637 10833 10834 10713 10712)
  (1759 1760 1639 1638 10834 10835 10714 10713)
  (1760 1761 1640 1639 10835 10836 10715 10714)
  (1761 1762 1641 1640 10836 10837 10716 10715)
  (1762 1763 1642 1641 10837 10838 10717 10716)
  (1763 1764 1643 1642 10838 10839 10718 10717)
  (1764 1765 1644 1643 10839 10840 10719 10718)
  (1765 1766 1645 1644 10840 10841 10720 10719)
  (1766 1767 1646 1645 10841 10842 10721 10720)
  (1767 1768 1647 1646 10842 10843 10722 10721)
  (1768 1769 1648 1647 10843 10844 10723 10722)
  (1769 1770 1649 1648 10844 10845 10724 10723)
  (1770 1771 1650 1649 10845 10846 10725 10724)
  (1771 1772 1651 1650 10846 10847 10726 10725)
  (1772 1773 1652 1651 10847 10848 10727 10726)
  (1773 1774 1653 1652 10848 10849 10728 10727)
  (1774 1775 1654 1653 10849 10850 10729 10728)
  (1775 1776 1655 1654 10850 10851 10730 10729)
  (1776 1777 1656 1655 10851 10852 10731 10730)
  (1777 1778 1657 1656 10852 10853 10732 10731)
  (1778 1779 1658 1657 10853 10854 10733 10732)
  (1779 1780 1659 1658 10854 10855 10734 10733)
  (1780 1781 1660 1659 10855 10856 10735 10734)
  (1781 1782 1661 1660 10856 10857 10736 10735)
  (1782 1783 1662 1661 10857 10858 10737 10736)
  (1783 1784 1663 1662 10858 10859 10738 10737)
  (1784 1785 1664 1663 10859 10860 10739 10738)
  (1785 1786 1665 1664 10860 10861 10740 10739)
  (1786 1787 1666 1665 10861 10862 10741 10740)
  (1787 1788 1667 1666 10862 10863 10742 10741)
  (1788 1789 1668 1667 10863 10864 10743 10742)
  (1789 1790 1669 1668 10864 10865 10744 10743)
  (1790 1791 1670 1669 10865 10866 10745 10744)
  (1791 1792 1671 1670 10866 10867 10746 10745)
  (1792 1793 1672 1671 10867 10868 10747 10746)
  (1793 1794 1673 1672 10868 10869 10748 10747)
  (1794 1795 1674 1673 10869 10870 10749 10748)
  (1795 1796 1675 1674 10870 10871 10750 10749)
  (1796 1797 1676 1675 10871 10872 10751 10750)
  (1797 1798 1677 1676 10872 10873 10752 10751)
  (1798 1799 1678 1677 10873 10874 10753 10752)
  (1799 1800 1679 1678 10874 10875 10754 10753)
  (1800 1801 1680 1679 10875 10876 10755 10754)
  (1801 1802 1681 1680 10876 10877 10756 10755)
  (1802 1803 1682 1681 10877 10878 10757 10756)
  (1803 1804 1683 1682 10878 10879 10758 10757)
  (1804 1805 1684 1683 10879 10880 10759 10758)
  (1805 1806 1685 1684 10880 10881 10760 10759)
  (1806 1807 1686 1685 10881 10882 10761 10760)
  (1807 1808 1687 1686 10882 10883 10762 10761)
  (1808 1809 1688 1687 10883 10884 10763 10762)
  (1809 1810 1689 1688 10884 10885 10764 10763)
  (1810 1811 1690 1689 10885 10886 10765 10764)
  (1811 1812 1691 1690 10886 10887 10766 10765)
  (1812 1813 1692 1691 10887 10888 10767 10766)
  (1813 1814 1693 1692 10888 10889 10768 10767)
  (1815 1816 1695 1694 10890 10891 10770 10769)
  (1816 1817 1696 1695 10891 10892 10771 10770)
  (1817 1818 1697 1696 10892 10893 10772 10771)
  (1818 1819 1698 1697 10893 10894 10773 10772)
  (1819 1820 1699 1698 10894 10895 10774 10773)
  (1820 1821 1700 1699 10895 10896 10775 10774)
  (1821 1822 1701 1700 10896 10897 10776 10775)
  (1822 1823 1702 1701 10897 10898 10777 10776)
  (1823 1824 1703 1702 10898 10899 10778 10777)
  (1824 1825 1704 1703 10899 10900 10779 10778)
  (1825 1826 1705 1704 10900 10901 10780 10779)
  (1826 1827 1706 1705 10901 10902 10781 10780)
  (1827 1828 1707 1706 10902 10903 10782 10781)
  (1828 1829 1708 1707 10903 10904 10783 10782)
  (1829 1830 1709 1708 10904 10905 10784 10783)
  (1830 1831 1710 1709 10905 10906 10785 10784)
  (1831 1832 1711 1710 10906 10907 10786 10785)
  (1832 1833 1712 1711 10907 10908 10787 10786)
  (1833 1834 1713 1712 10908 10909 10788 10787)
  (1834 1835 1714 1713 10909 10910 10789 10788)
  (1835 1836 1715 1714 10910 10911 10790 10789)
  (1836 1837 1716 1715 10911 10912 10791 10790)
  (1837 1838 1717 1716 10912 10913 10792 10791)
  (1838 1839 1718 1717 10913 10914 10793 10792)
  (1839 1840 1719 1718 10914 10915 10794 10793)
  (1840 1841 1720 1719 10915 10916 10795 10794)
  (1841 1842 1721 1720 10916 10917 10796 10795)
  (1842 1843 1722 1721 10917 10918 10797 10796)
  (1843 1844 1723 1722 10918 10919 10798 10797)
  (1844 1845 1724 1723 10919 10920 10799 10798)
  (1845 1846 1725 1724 10920 10921 10800 10799)
  (1846 1847 1726 1725 10921 10922 10801 10800)
  (1847 1848 1727 1726 10922 10923 10802 10801)
  (1848 1849 1728 1727 10923 10924 10803 10802)
  (1849 1850 1729 1728 10924 10925 10804 10803)
  (1850 1851 1730 1729 10925 10926 10805 10804)
  (1851 1852 1731 1730 10926 10927 10806 10805)
  (1852 1853 1732 1731 10927 10928 10807 10806)
  (1853 1854 1733 1732 10928 10929 10808 10807)
  (1854 1855 1734 1733 10929 10930 10809 10808)
  (1855 1856 1735 1734 10930 10931 10810 10809)
  (1856 1857 1736 1735 10931 10932 10811 10810)
  (1857 1858 1737 1736 10932 10933 10812 10811)
  (1858 1859 1738 1737 10933 10934 10813 10812)
  (1859 1860 1739 1738 10934 10935 10814 10813)
  (1860 1861 1740 1739 10935 10936 10815 10814)
  (1861 1862 1741 1740 10936 10937 10816 10815)
  (1862 1863 1742 1741 10937 10938 10817 10816)
  (1863 1864 1743 1742 10938 10939 10818 10817)
  (1864 1865 1744 1743 10939 10940 10819 10818)
  (1865 1866 1745 1744 10940 10941 10820 10819)
  (1866 1867 1746 1745 10941 10942 10821 10820)
  (1867 1868 1747 1746 10942 10943 10822 10821)
  (1868 1869 1748 1747 10943 10944 10823 10822)
  (1869 1870 1749 1748 10944 10945 10824 10823)
  (1870 1871 1750 1749 10945 10946 10825 10824)
  (1871 1872 1751 1750 10946 10947 10826 10825)
  (1872 1873 1752 1751 10947 10948 10827 10826)
  (1873 1874 1753 1752 10948 10949 10828 10827)
  (1874 1875 1754 1753 10949 10950 10829 10828)
  (1875 1876 1755 1754 10950 10951 10830 10829)
  (1876 1877 1756 1755 10951 10952 10831 10830)
  (1877 1878 1757 1756 10952 10953 10832 10831)
  (1878 1879 1758 1757 10953 10954 10833 10832)
  (1879 1880 1759 1758 10954 10955 10834 10833)
  (1880 1881 1760 1759 10955 10956 10835 10834)
  (1881 1882 1761 1760 10956 10957 10836 10835)
  (1882 1883 1762 1761 10957 10958 10837 10836)
  (1883 1884 1763 1762 10958 10959 10838 10837)
  (1884 1885 1764 1763 10959 10960 10839 10838)
  (1885 1886 1765 1764 10960 10961 10840 10839)
  (1886 1887 1766 1765 10961 10962 10841 10840)
  (1887 1888 1767 1766 10962 10963 10842 10841)
  (1888 1889 1768 1767 10963 10964 10843 10842)
  (1889 1890 1769 1768 10964 10965 10844 10843)
  (1890 1891 1770 1769 10965 10966 10845 10844)
  (1891 1892 1771 1770 10966 10967 10846 10845)
  (1892 1893 1772 1771 10967 10968 10847 10846)
  (1893 1894 1773 1772 10968 10969 10848 10847)
  (1894 1895 1774 1773 10969 10970 10849 10848)
  (1895 1896 1775 1774 10970 10971 10850 10849)
  (1896 1897 1776 1775 10971 10972 10851 10850)
  (1897 1898 1777 1776 10972 10973 10852 10851)
  (1898 1899 1778 1777 10973 10974 10853 10852)
  (1899 1900 1779 1778 10974 10975 10854 10853)
  (1900 1901 1780 1779 10975 10976 10855 10854)
  (1901 1902 1781 1780 10976 10977 10856 10855)
  (1902 1903 1782 1781 10977 10978 10857 10856)
  (1903 1904 1783 1782 10978 10979 10858 10857)
  (1904 1905 1784 1783 10979 10980 10859 10858)
  (1905 1906 1785 1784 10980 10981 10860 10859)
  (1906 1907 1786 1785 10981 10982 10861 10860)
  (1907 1908 1787 1786 10982 10983 10862 10861)
  (1908 1909 1788 1787 10983 10984 10863 10862)
  (1909 1910 1789 1788 10984 10985 10864 10863)
  (1910 1911 1790 1789 10985 10986 10865 10864)
  (1911 1912 1791 1790 10986 10987 10866 10865)
  (1912 1913 1792 1791 10987 10988 10867 10866)
  (1913 1914 1793 1792 10988 10989 10868 10867)
  (1914 1915 1794 1793 10989 10990 10869 10868)
  (1915 1916 1795 1794 10990 10991 10870 10869)
  (1916 1917 1796 1795 10991 10992 10871 10870)
  (1917 1918 1797 1796 10992 10993 10872 10871)
  (1918 1919 1798 1797 10993 10994 10873 10872)
  (1919 1920 1799 1798 10994 10995 10874 10873)
  (1920 1921 1800 1799 10995 10996 10875 10874)
  (1921 1922 1801 1800 10996 10997 10876 10875)
  (1922 1923 1802 1801 10997 10998 10877 10876)
  (1923 1924 1803 1802 10998 10999 10878 10877)
  (1924 1925 1804 1803 10999 11000 10879 10878)
  (1925 1926 1805 1804 11000 11001 10880 10879)
  (1926 1927 1806 1805 11001 11002 10881 10880)
  (1927 1928 1807 1806 11002 11003 10882 10881)
  (1928 1929 1808 1807 11003 11004 10883 10882)
  (1929 1930 1809 1808 11004 11005 10884 10883)
  (1930 1931 1810 1809 11005 11006 10885 10884)
  (1931 1932 1811 1810 11006 11007 10886 10885)
  (1932 1933 1812 1811 11007 11008 10887 10886)
  (1933 1934 1813 1812 11008 11009 10888 10887)
  (1934 1935 1814 1813 11009 11010 10889 10888)
  (1936 1937 1816 1815 11011 11012 10891 10890)
  (1937 1938 1817 1816 11012 11013 10892 10891)
  (1938 1939 1818 1817 11013 11014 10893 10892)
  (1939 1940 1819 1818 11014 11015 10894 10893)
  (1940 1941 1820 1819 11015 11016 10895 10894)
  (1941 1942 1821 1820 11016 11017 10896 10895)
  (1942 1943 1822 1821 11017 11018 10897 10896)
  (1943 1944 1823 1822 11018 11019 10898 10897)
  (1944 1945 1824 1823 11019 11020 10899 10898)
  (1945 1946 1825 1824 11020 11021 10900 10899)
  (1946 1947 1826 1825 11021 11022 10901 10900)
  (1947 1948 1827 1826 11022 11023 10902 10901)
  (1948 1949 1828 1827 11023 11024 10903 10902)
  (1949 1950 1829 1828 11024 11025 10904 10903)
  (1950 1951 1830 1829 11025 11026 10905 10904)
  (1951 1952 1831 1830 11026 11027 10906 10905)
  (1952 1953 1832 1831 11027 11028 10907 10906)
  (1953 1954 1833 1832 11028 11029 10908 10907)
  (1954 1955 1834 1833 11029 11030 10909 10908)
  (1955 1956 1835 1834 11030 11031 10910 10909)
  (1956 1957 1836 1835 11031 11032 10911 10910)
  (1957 1958 1837 1836 11032 11033 10912 10911)
  (1958 1959 1838 1837 11033 11034 10913 10912)
  (1959 1960 1839 1838 11034 11035 10914 10913)
  (1960 1961 1840 1839 11035 11036 10915 10914)
  (1961 1962 1841 1840 11036 11037 10916 10915)
  (1962 1963 1842 1841 11037 11038 10917 10916)
  (1963 1964 1843 1842 11038 11039 10918 10917)
  (1964 1965 1844 1843 11039 11040 10919 10918)
  (1965 1966 1845 1844 11040 11041 10920 10919)
  (1966 1967 1846 1845 11041 11042 10921 10920)
  (1967 1968 1847 1846 11042 11043 10922 10921)
  (1968 1969 1848 1847 11043 11044 10923 10922)
  (1969 1970 1849 1848 11044 11045 10924 10923)
  (1970 1971 1850 1849 11045 11046 10925 10924)
  (1971 1972 1851 1850 11046 11047 10926 10925)
  (1972 1973 1852 1851 11047 11048 10927 10926)
  (1973 1974 1853 1852 11048 11049 10928 10927)
  (1974 1975 1854 1853 11049 11050 10929 10928)
  (1975 1976 1855 1854 11050 11051 10930 10929)
  (1976 1977 1856 1855 11051 11052 10931 10930)
  (1977 1978 1857 1856 11052 11053 10932 10931)
  (1978 1979 1858 1857 11053 11054 10933 10932)
  (1979 1980 1859 1858 11054 11055 10934 10933)
  (1980 1981 1860 1859 11055 11056 10935 10934)
  (1981 1982 1861 1860 11056 11057 10936 10935)
  (1982 1983 1862 1861 11057 11058 10937 10936)
  (1983 1984 1863 1862 11058 11059 10938 10937)
  (1984 1985 1864 1863 11059 11060 10939 10938)
  (1985 1986 1865 1864 11060 11061 10940 10939)
  (1986 1987 1866 1865 11061 11062 10941 10940)
  (1987 1988 1867 1866 11062 11063 10942 10941)
  (1988 1989 1868 1867 11063 11064 10943 10942)
  (1989 1990 1869 1868 11064 11065 10944 10943)
  (1990 1991 1870 1869 11065 11066 10945 10944)
  (1991 1992 1871 1870 11066 11067 10946 10945)
  (1992 1993 1872 1871 11067 11068 10947 10946)
  (1993 1994 1873 1872 11068 11069 10948 10947)
  (1994 1995 1874 1873 11069 11070 10949 10948)
  (1995 1996 1875 1874 11070 11071 10950 10949)
  (1996 1997 1876 1875 11071 11072 10951 10950)
  (1997 1998 1877 1876 11072 11073 10952 10951)
  (1998 1999 1878 1877 11073 11074 10953 10952)
  (1999 2000 1879 1878 11074 11075 10954 10953)
  (2000 2001 1880 1879 11075 11076 10955 10954)
  (2001 2002 1881 1880 11076 11077 10956 10955)
  (2002 2003 1882 1881 11077 11078 10957 10956)
  (2003 2004 1883 1882 11078 11079 10958 10957)
  (2004 2005 1884 1883 11079 11080 10959 10958)
  (2005 2006 1885 1884 11080 11081 10960 10959)
  (2006 2007 1886 1885 11081 11082 10961 10960)
  (2007 2008 1887 1886 11082 11083 10962 10961)
  (2008 2009 1888 1887 11083 11084 10963 10962)
  (2009 2010 1889 1888 11084 11085 10964 10963)
  (2010 2011 1890 1889 11085 11086 10965 10964)
  (2011 2012 1891 1890 11086 11087 10966 10965)
  (2012 2013 1892 1891 11087 11088 10967 10966)
  (2013 2014 1893 1892 11088 11089 10968 10967)
  (2014 2015 1894 1893 11089 11090 10969 10968)
  (2015 2016 1895 1894 11090 11091 10970 10969)
  (2016 2017 1896 1895 11091 11092 10971 10970)
  (2017 2018 1897 1896 11092 11093 10972 10971)
  (2018 2019 1898 1897 11093 11094 10973 10972)
  (2019 2020 1899 1898 11094 11095 10974 10973)
  (2020 2021 1900 1899 11095 11096 10975 10974)
  (2021 2022 1901 1900 11096 11097 10976 10975)
  (2022 2023 1902 1901 11097 11098 10977 10976)
  (2023 2024 1903 1902 11098 11099 10978 10977)
  (2024 2025 1904 1903 11099 11100 10979 10978)
  (2025 2026 1905 1904 11100 11101 10980 10979)
  (2026 2027 1906 1905 11101 11102 10981 10980)
  (2027 2028 1907 1906 11102 11103 10982 10981)
  (2028 2029 1908 1907 11103 11104 10983 10982)
  (2029 2030 1909 1908 11104 11105 10984 10983)
  (2030 2031 1910 1909 11105 11106 10985 10984)
  (2031 2032 1911 1910 11106 11107 10986 10985)
  (2032 2033 1912 1911 11107 11108 10987 10986)
  (2033 2034 1913 1912 11108 11109 10988 10987)
  (2034 2035 1914 1913 11109 11110 10989 10988)
  (2035 2036 1915 1914 11110 11111 10990 10989)
  (2036 2037 1916 1915 11111 11112 10991 10990)
  (2037 2038 1917 1916 11112 11113 10992 10991)
  (2038 2039 1918 1917 11113 11114 10993 10992)
  (2039 2040 1919 1918 11114 11115 10994 10993)
  (2040 2041 1920 1919 11115 11116 10995 10994)
  (2041 2042 1921 1920 11116 11117 10996 10995)
  (2042 2043 1922 1921 11117 11118 10997 10996)
  (2043 2044 1923 1922 11118 11119 10998 10997)
  (2044 2045 1924 1923 11119 11120 10999 10998)
  (2045 2046 1925 1924 11120 11121 11000 10999)
  (2046 2047 1926 1925 11121 11122 11001 11000)
  (2047 2048 1927 1926 11122 11123 11002 11001)
  (2048 2049 1928 1927 11123 11124 11003 11002)
  (2049 2050 1929 1928 11124 11125 11004 11003)
  (2050 2051 1930 1929 11125 11126 11005 11004)
  (2051 2052 1931 1930 11126 11127 11006 11005)
  (2052 2053 1932 1931 11127 11128 11007 11006)
  (2053 2054 1933 1932 11128 11129 11008 11007)
  (2054 2055 1934 1933 11129 11130 11009 11008)
  (2055 2056 1935 1934 11130 11131 11010 11009)
  (2057 2058 1937 1936 11132 11133 11012 11011)
  (2058 2059 1938 1937 11133 11134 11013 11012)
  (2059 2060 1939 1938 11134 11135 11014 11013)
  (2060 2061 1940 1939 11135 11136 11015 11014)
  (2061 2062 1941 1940 11136 11137 11016 11015)
  (2062 2063 1942 1941 11137 11138 11017 11016)
  (2063 2064 1943 1942 11138 11139 11018 11017)
  (2064 2065 1944 1943 11139 11140 11019 11018)
  (2065 2066 1945 1944 11140 11141 11020 11019)
  (2066 2067 1946 1945 11141 11142 11021 11020)
  (2067 2068 1947 1946 11142 11143 11022 11021)
  (2068 2069 1948 1947 11143 11144 11023 11022)
  (2069 2070 1949 1948 11144 11145 11024 11023)
  (2070 2071 1950 1949 11145 11146 11025 11024)
  (2071 2072 1951 1950 11146 11147 11026 11025)
  (2072 2073 1952 1951 11147 11148 11027 11026)
  (2073 2074 1953 1952 11148 11149 11028 11027)
  (2074 2075 1954 1953 11149 11150 11029 11028)
  (2075 2076 1955 1954 11150 11151 11030 11029)
  (2076 2077 1956 1955 11151 11152 11031 11030)
  (2077 2078 1957 1956 11152 11153 11032 11031)
  (2078 2079 1958 1957 11153 11154 11033 11032)
  (2079 2080 1959 1958 11154 11155 11034 11033)
  (2080 2081 1960 1959 11155 11156 11035 11034)
  (2081 2082 1961 1960 11156 11157 11036 11035)
  (2082 2083 1962 1961 11157 11158 11037 11036)
  (2083 2084 1963 1962 11158 11159 11038 11037)
  (2084 2085 1964 1963 11159 11160 11039 11038)
  (2085 2086 1965 1964 11160 11161 11040 11039)
  (2086 2087 1966 1965 11161 11162 11041 11040)
  (2087 2088 1967 1966 11162 11163 11042 11041)
  (2088 2089 1968 1967 11163 11164 11043 11042)
  (2089 2090 1969 1968 11164 11165 11044 11043)
  (2090 2091 1970 1969 11165 11166 11045 11044)
  (2091 2092 1971 1970 11166 11167 11046 11045)
  (2092 2093 1972 1971 11167 11168 11047 11046)
  (2093 2094 1973 1972 11168 11169 11048 11047)
  (2094 2095 1974 1973 11169 11170 11049 11048)
  (2095 2096 1975 1974 11170 11171 11050 11049)
  (2096 2097 1976 1975 11171 11172 11051 11050)
  (2097 2098 1977 1976 11172 11173 11052 11051)
  (2098 2099 1978 1977 11173 11174 11053 11052)
  (2099 2100 1979 1978 11174 11175 11054 11053)
  (2100 2101 1980 1979 11175 11176 11055 11054)
  (2101 2102 1981 1980 11176 11177 11056 11055)
  (2102 2103 1982 1981 11177 11178 11057 11056)
  (2103 2104 1983 1982 11178 11179 11058 11057)
  (2104 2105 1984 1983 11179 11180 11059 11058)
  (2105 2106 1985 1984 11180 11181 11060 11059)
  (2106 2107 1986 1985 11181 11182 11061 11060)
  (2107 2108 1987 1986 11182 11183 11062 11061)
  (2108 2109 1988 1987 11183 11184 11063 11062)
  (2109 2110 1989 1988 11184 11185 11064 11063)
  (2110 2111 1990 1989 11185 11186 11065 11064)
  (2111 2112 1991 1990 11186 11187 11066 11065)
  (2112 2113 1992 1991 11187 11188 11067 11066)
  (2113 2114 1993 1992 11188 11189 11068 11067)
  (2114 2115 1994 1993 11189 11190 11069 11068)
  (2115 2116 1995 1994 11190 11191 11070 11069)
  (2116 2117 1996 1995 11191 11192 11071 11070)
  (2117 2118 1997 1996 11192 11193 11072 11071)
  (2118 2119 1998 1997 11193 11194 11073 11072)
  (2119 2120 1999 1998 11194 11195 11074 11073)
  (2120 2121 2000 1999 11195 11196 11075 11074)
  (2121 2122 2001 2000 11196 11197 11076 11075)
  (2122 2123 2002 2001 11197 11198 11077 11076)
  (2123 2124 2003 2002 11198 11199 11078 11077)
  (2124 2125 2004 2003 11199 11200 11079 11078)
  (2125 2126 2005 2004 11200 11201 11080 11079)
  (2126 2127 2006 2005 11201 11202 11081 11080)
  (2127 2128 2007 2006 11202 11203 11082 11081)
  (2128 2129 2008 2007 11203 11204 11083 11082)
  (2129 2130 2009 2008 11204 11205 11084 11083)
  (2130 2131 2010 2009 11205 11206 11085 11084)
  (2131 2132 2011 2010 11206 11207 11086 11085)
  (2132 2133 2012 2011 11207 11208 11087 11086)
  (2133 2134 2013 2012 11208 11209 11088 11087)
  (2134 2135 2014 2013 11209 11210 11089 11088)
  (2135 2136 2015 2014 11210 11211 11090 11089)
  (2136 2137 2016 2015 11211 11212 11091 11090)
  (2137 2138 2017 2016 11212 11213 11092 11091)
  (2138 2139 2018 2017 11213 11214 11093 11092)
  (2139 2140 2019 2018 11214 11215 11094 11093)
  (2140 2141 2020 2019 11215 11216 11095 11094)
  (2141 2142 2021 2020 11216 11217 11096 11095)
  (2142 2143 2022 2021 11217 11218 11097 11096)
  (2143 2144 2023 2022 11218 11219 11098 11097)
  (2144 2145 2024 2023 11219 11220 11099 11098)
  (2145 2146 2025 2024 11220 11221 11100 11099)
  (2146 2147 2026 2025 11221 11222 11101 11100)
  (2147 2148 2027 2026 11222 11223 11102 11101)
  (2148 2149 2028 2027 11223 11224 11103 11102)
  (2149 2150 2029 2028 11224 11225 11104 11103)
  (2150 2151 2030 2029 11225 11226 11105 11104)
  (2151 2152 2031 2030 11226 11227 11106 11105)
  (2152 2153 2032 2031 11227 11228 11107 11106)
  (2153 2154 2033 2032 11228 11229 11108 11107)
  (2154 2155 2034 2033 11229 11230 11109 11108)
  (2155 2156 2035 2034 11230 11231 11110 11109)
  (2156 2157 2036 2035 11231 11232 11111 11110)
  (2157 2158 2037 2036 11232 11233 11112 11111)
  (2158 2159 2038 2037 11233 11234 11113 11112)
  (2159 2160 2039 2038 11234 11235 11114 11113)
  (2160 2161 2040 2039 11235 11236 11115 11114)
  (2161 2162 2041 2040 11236 11237 11116 11115)
  (2162 2163 2042 2041 11237 11238 11117 11116)
  (2163 2164 2043 2042 11238 11239 11118 11117)
  (2164 2165 2044 2043 11239 11240 11119 11118)
  (2165 2166 2045 2044 11240 11241 11120 11119)
  (2166 2167 2046 2045 11241 11242 11121 11120)
  (2167 2168 2047 2046 11242 11243 11122 11121)
  (2168 2169 2048 2047 11243 11244 11123 11122)
  (2169 2170 2049 2048 11244 11245 11124 11123)
  (2170 2171 2050 2049 11245 11246 11125 11124)
  (2171 2172 2051 2050 11246 11247 11126 11125)
  (2172 2173 2052 2051 11247 11248 11127 11126)
  (2173 2174 2053 2052 11248 11249 11128 11127)
  (2174 2175 2054 2053 11249 11250 11129 11128)
  (2175 2176 2055 2054 11250 11251 11130 11129)
  (2176 2177 2056 2055 11251 11252 11131 11130)
  (2178 2179 2058 2057 11253 11254 11133 11132)
  (2179 2180 2059 2058 11254 11255 11134 11133)
  (2180 2181 2060 2059 11255 11256 11135 11134)
  (2181 2182 2061 2060 11256 11257 11136 11135)
  (2182 2183 2062 2061 11257 11258 11137 11136)
  (2183 2184 2063 2062 11258 11259 11138 11137)
  (2184 2185 2064 2063 11259 11260 11139 11138)
  (2185 2186 2065 2064 11260 11261 11140 11139)
  (2186 2187 2066 2065 11261 11262 11141 11140)
  (2187 2188 2067 2066 11262 11263 11142 11141)
  (2188 2189 2068 2067 11263 11264 11143 11142)
  (2189 2190 2069 2068 11264 11265 11144 11143)
  (2190 2191 2070 2069 11265 11266 11145 11144)
  (2191 2192 2071 2070 11266 11267 11146 11145)
  (2192 2193 2072 2071 11267 11268 11147 11146)
  (2193 2194 2073 2072 11268 11269 11148 11147)
  (2194 2195 2074 2073 11269 11270 11149 11148)
  (2195 2196 2075 2074 11270 11271 11150 11149)
  (2196 2197 2076 2075 11271 11272 11151 11150)
  (2197 2198 2077 2076 11272 11273 11152 11151)
  (2198 2199 2078 2077 11273 11274 11153 11152)
  (2199 2200 2079 2078 11274 11275 11154 11153)
  (2200 2201 2080 2079 11275 11276 11155 11154)
  (2201 2202 2081 2080 11276 11277 11156 11155)
  (2202 2203 2082 2081 11277 11278 11157 11156)
  (2203 2204 2083 2082 11278 11279 11158 11157)
  (2204 2205 2084 2083 11279 11280 11159 11158)
  (2205 2206 2085 2084 11280 11281 11160 11159)
  (2206 2207 2086 2085 11281 11282 11161 11160)
  (2207 2208 2087 2086 11282 11283 11162 11161)
  (2208 2209 2088 2087 11283 11284 11163 11162)
  (2209 2210 2089 2088 11284 11285 11164 11163)
  (2210 2211 2090 2089 11285 11286 11165 11164)
  (2211 2212 2091 2090 11286 11287 11166 11165)
  (2212 2213 2092 2091 11287 11288 11167 11166)
  (2213 2214 2093 2092 11288 11289 11168 11167)
  (2214 2215 2094 2093 11289 11290 11169 11168)
  (2215 2216 2095 2094 11290 11291 11170 11169)
  (2216 2217 2096 2095 11291 11292 11171 11170)
  (2217 2218 2097 2096 11292 11293 11172 11171)
  (2218 2219 2098 2097 11293 11294 11173 11172)
  (2219 2220 2099 2098 11294 11295 11174 11173)
  (2220 2221 2100 2099 11295 11296 11175 11174)
  (2221 2222 2101 2100 11296 11297 11176 11175)
  (2222 2223 2102 2101 11297 11298 11177 11176)
  (2223 2224 2103 2102 11298 11299 11178 11177)
  (2224 2225 2104 2103 11299 11300 11179 11178)
  (2225 2226 2105 2104 11300 11301 11180 11179)
  (2226 2227 2106 2105 11301 11302 11181 11180)
  (2227 2228 2107 2106 11302 11303 11182 11181)
  (2228 2229 2108 2107 11303 11304 11183 11182)
  (2229 2230 2109 2108 11304 11305 11184 11183)
  (2230 2231 2110 2109 11305 11306 11185 11184)
  (2231 2232 2111 2110 11306 11307 11186 11185)
  (2232 2233 2112 2111 11307 11308 11187 11186)
  (2233 2234 2113 2112 11308 11309 11188 11187)
  (2234 2235 2114 2113 11309 11310 11189 11188)
  (2235 2236 2115 2114 11310 11311 11190 11189)
  (2236 2237 2116 2115 11311 11312 11191 11190)
  (2237 2238 2117 2116 11312 11313 11192 11191)
  (2238 2239 2118 2117 11313 11314 11193 11192)
  (2239 2240 2119 2118 11314 11315 11194 11193)
  (2240 2241 2120 2119 11315 11316 11195 11194)
  (2241 2242 2121 2120 11316 11317 11196 11195)
  (2242 2243 2122 2121 11317 11318 11197 11196)
  (2243 2244 2123 2122 11318 11319 11198 11197)
  (2244 2245 2124 2123 11319 11320 11199 11198)
  (2245 2246 2125 2124 11320 11321 11200 11199)
  (2246 2247 2126 2125 11321 11322 11201 11200)
  (2247 2248 2127 2126 11322 11323 11202 11201)
  (2248 2249 2128 2127 11323 11324 11203 11202)
  (2249 2250 2129 2128 11324 11325 11204 11203)
  (2250 2251 2130 2129 11325 11326 11205 11204)
  (2251 2252 2131 2130 11326 11327 11206 11205)
  (2252 2253 2132 2131 11327 11328 11207 11206)
  (2253 2254 2133 2132 11328 11329 11208 11207)
  (2254 2255 2134 2133 11329 11330 11209 11208)
  (2255 2256 2135 2134 11330 11331 11210 11209)
  (2256 2257 2136 2135 11331 11332 11211 11210)
  (2257 2258 2137 2136 11332 11333 11212 11211)
  (2258 2259 2138 2137 11333 11334 11213 11212)
  (2259 2260 2139 2138 11334 11335 11214 11213)
  (2260 2261 2140 2139 11335 11336 11215 11214)
  (2261 2262 2141 2140 11336 11337 11216 11215)
  (2262 2263 2142 2141 11337 11338 11217 11216)
  (2263 2264 2143 2142 11338 11339 11218 11217)
  (2264 2265 2144 2143 11339 11340 11219 11218)
  (2265 2266 2145 2144 11340 11341 11220 11219)
  (2266 2267 2146 2145 11341 11342 11221 11220)
  (2267 2268 2147 2146 11342 11343 11222 11221)
  (2268 2269 2148 2147 11343 11344 11223 11222)
  (2269 2270 2149 2148 11344 11345 11224 11223)
  (2270 2271 2150 2149 11345 11346 11225 11224)
  (2271 2272 2151 2150 11346 11347 11226 11225)
  (2272 2273 2152 2151 11347 11348 11227 11226)
  (2273 2274 2153 2152 11348 11349 11228 11227)
  (2274 2275 2154 2153 11349 11350 11229 11228)
  (2275 2276 2155 2154 11350 11351 11230 11229)
  (2276 2277 2156 2155 11351 11352 11231 11230)
  (2277 2278 2157 2156 11352 11353 11232 11231)
  (2278 2279 2158 2157 11353 11354 11233 11232)
  (2279 2280 2159 2158 11354 11355 11234 11233)
  (2280 2281 2160 2159 11355 11356 11235 11234)
  (2281 2282 2161 2160 11356 11357 11236 11235)
  (2282 2283 2162 2161 11357 11358 11237 11236)
  (2283 2284 2163 2162 11358 11359 11238 11237)
  (2284 2285 2164 2163 11359 11360 11239 11238)
  (2285 2286 2165 2164 11360 11361 11240 11239)
  (2286 2287 2166 2165 11361 11362 11241 11240)
  (2287 2288 2167 2166 11362 11363 11242 11241)
  (2288 2289 2168 2167 11363 11364 11243 11242)
  (2289 2290 2169 2168 11364 11365 11244 11243)
  (2290 2291 2170 2169 11365 11366 11245 11244)
  (2291 2292 2171 2170 11366 11367 11246 11245)
  (2292 2293 2172 2171 11367 11368 11247 11246)
  (2293 2294 2173 2172 11368 11369 11248 11247)
  (2294 2295 2174 2173 11369 11370 11249 11248)
  (2295 2296 2175 2174 11370 11371 11250 11249)
  (2296 2297 2176 2175 11371 11372 11251 11250)
  (2297 2298 2177 2176 11372 11373 11252 11251)
  (2299 2300 2179 2178 11374 11375 11254 11253)
  (2300 2301 2180 2179 11375 11376 11255 11254)
  (2301 2302 2181 2180 11376 11377 11256 11255)
  (2302 2303 2182 2181 11377 11378 11257 11256)
  (2303 2304 2183 2182 11378 11379 11258 11257)
  (2304 2305 2184 2183 11379 11380 11259 11258)
  (2305 2306 2185 2184 11380 11381 11260 11259)
  (2306 2307 2186 2185 11381 11382 11261 11260)
  (2307 2308 2187 2186 11382 11383 11262 11261)
  (2308 2309 2188 2187 11383 11384 11263 11262)
  (2309 2310 2189 2188 11384 11385 11264 11263)
  (2310 2311 2190 2189 11385 11386 11265 11264)
  (2311 2312 2191 2190 11386 11387 11266 11265)
  (2312 2313 2192 2191 11387 11388 11267 11266)
  (2313 2314 2193 2192 11388 11389 11268 11267)
  (2314 2315 2194 2193 11389 11390 11269 11268)
  (2315 2316 2195 2194 11390 11391 11270 11269)
  (2316 2317 2196 2195 11391 11392 11271 11270)
  (2317 2318 2197 2196 11392 11393 11272 11271)
  (2318 2319 2198 2197 11393 11394 11273 11272)
  (2319 2320 2199 2198 11394 11395 11274 11273)
  (2320 2321 2200 2199 11395 11396 11275 11274)
  (2321 2322 2201 2200 11396 11397 11276 11275)
  (2322 2323 2202 2201 11397 11398 11277 11276)
  (2323 2324 2203 2202 11398 11399 11278 11277)
  (2324 2325 2204 2203 11399 11400 11279 11278)
  (2325 2326 2205 2204 11400 11401 11280 11279)
  (2326 2327 2206 2205 11401 11402 11281 11280)
  (2327 2328 2207 2206 11402 11403 11282 11281)
  (2328 2329 2208 2207 11403 11404 11283 11282)
  (2329 2330 2209 2208 11404 11405 11284 11283)
  (2330 2331 2210 2209 11405 11406 11285 11284)
  (2331 2332 2211 2210 11406 11407 11286 11285)
  (2332 2333 2212 2211 11407 11408 11287 11286)
  (2333 2334 2213 2212 11408 11409 11288 11287)
  (2334 2335 2214 2213 11409 11410 11289 11288)
  (2335 2336 2215 2214 11410 11411 11290 11289)
  (2336 2337 2216 2215 11411 11412 11291 11290)
  (2337 2338 2217 2216 11412 11413 11292 11291)
  (2338 2339 2218 2217 11413 11414 11293 11292)
  (2339 2340 2219 2218 11414 11415 11294 11293)
  (2340 2341 2220 2219 11415 11416 11295 11294)
  (2341 2342 2221 2220 11416 11417 11296 11295)
  (2342 2343 2222 2221 11417 11418 11297 11296)
  (2343 2344 2223 2222 11418 11419 11298 11297)
  (2344 2345 2224 2223 11419 11420 11299 11298)
  (2345 2346 2225 2224 11420 11421 11300 11299)
  (2346 2347 2226 2225 11421 11422 11301 11300)
  (2347 2348 2227 2226 11422 11423 11302 11301)
  (2348 2349 2228 2227 11423 11424 11303 11302)
  (2349 2350 2229 2228 11424 11425 11304 11303)
  (2350 2351 2230 2229 11425 11426 11305 11304)
  (2351 2352 2231 2230 11426 11427 11306 11305)
  (2352 2353 2232 2231 11427 11428 11307 11306)
  (2353 2354 2233 2232 11428 11429 11308 11307)
  (2354 2355 2234 2233 11429 11430 11309 11308)
  (2355 2356 2235 2234 11430 11431 11310 11309)
  (2356 2357 2236 2235 11431 11432 11311 11310)
  (2357 2358 2237 2236 11432 11433 11312 11311)
  (2358 2359 2238 2237 11433 11434 11313 11312)
  (2359 2360 2239 2238 11434 11435 11314 11313)
  (2360 2361 2240 2239 11435 11436 11315 11314)
  (2361 2362 2241 2240 11436 11437 11316 11315)
  (2362 2363 2242 2241 11437 11438 11317 11316)
  (2363 2364 2243 2242 11438 11439 11318 11317)
  (2364 2365 2244 2243 11439 11440 11319 11318)
  (2365 2366 2245 2244 11440 11441 11320 11319)
  (2366 2367 2246 2245 11441 11442 11321 11320)
  (2367 2368 2247 2246 11442 11443 11322 11321)
  (2368 2369 2248 2247 11443 11444 11323 11322)
  (2369 2370 2249 2248 11444 11445 11324 11323)
  (2370 2371 2250 2249 11445 11446 11325 11324)
  (2371 2372 2251 2250 11446 11447 11326 11325)
  (2372 2373 2252 2251 11447 11448 11327 11326)
  (2373 2374 2253 2252 11448 11449 11328 11327)
  (2374 2375 2254 2253 11449 11450 11329 11328)
  (2375 2376 2255 2254 11450 11451 11330 11329)
  (2376 2377 2256 2255 11451 11452 11331 11330)
  (2377 2378 2257 2256 11452 11453 11332 11331)
  (2378 2379 2258 2257 11453 11454 11333 11332)
  (2379 2380 2259 2258 11454 11455 11334 11333)
  (2380 2381 2260 2259 11455 11456 11335 11334)
  (2381 2382 2261 2260 11456 11457 11336 11335)
  (2382 2383 2262 2261 11457 11458 11337 11336)
  (2383 2384 2263 2262 11458 11459 11338 11337)
  (2384 2385 2264 2263 11459 11460 11339 11338)
  (2385 2386 2265 2264 11460 11461 11340 11339)
  (2386 2387 2266 2265 11461 11462 11341 11340)
  (2387 2388 2267 2266 11462 11463 11342 11341)
  (2388 2389 2268 2267 11463 11464 11343 11342)
  (2389 2390 2269 2268 11464 11465 11344 11343)
  (2390 2391 2270 2269 11465 11466 11345 11344)
  (2391 2392 2271 2270 11466 11467 11346 11345)
  (2392 2393 2272 2271 11467 11468 11347 11346)
  (2393 2394 2273 2272 11468 11469 11348 11347)
  (2394 2395 2274 2273 11469 11470 11349 11348)
  (2395 2396 2275 2274 11470 11471 11350 11349)
  (2396 2397 2276 2275 11471 11472 11351 11350)
  (2397 2398 2277 2276 11472 11473 11352 11351)
  (2398 2399 2278 2277 11473 11474 11353 11352)
  (2399 2400 2279 2278 11474 11475 11354 11353)
  (2400 2401 2280 2279 11475 11476 11355 11354)
  (2401 2402 2281 2280 11476 11477 11356 11355)
  (2402 2403 2282 2281 11477 11478 11357 11356)
  (2403 2404 2283 2282 11478 11479 11358 11357)
  (2404 2405 2284 2283 11479 11480 11359 11358)
  (2405 2406 2285 2284 11480 11481 11360 11359)
  (2406 2407 2286 2285 11481 11482 11361 11360)
  (2407 2408 2287 2286 11482 11483 11362 11361)
  (2408 2409 2288 2287 11483 11484 11363 11362)
  (2409 2410 2289 2288 11484 11485 11364 11363)
  (2410 2411 2290 2289 11485 11486 11365 11364)
  (2411 2412 2291 2290 11486 11487 11366 11365)
  (2412 2413 2292 2291 11487 11488 11367 11366)
  (2413 2414 2293 2292 11488 11489 11368 11367)
  (2414 2415 2294 2293 11489 11490 11369 11368)
  (2415 2416 2295 2294 11490 11491 11370 11369)
  (2416 2417 2296 2295 11491 11492 11371 11370)
  (2417 2418 2297 2296 11492 11493 11372 11371)
  (2418 2419 2298 2297 11493 11494 11373 11372)
  (2420 2421 2300 2299 11495 11496 11375 11374)
  (2421 2422 2301 2300 11496 11497 11376 11375)
  (2422 2423 2302 2301 11497 11498 11377 11376)
  (2423 2424 2303 2302 11498 11499 11378 11377)
  (2424 2425 2304 2303 11499 11500 11379 11378)
  (2425 2426 2305 2304 11500 11501 11380 11379)
  (2426 2427 2306 2305 11501 11502 11381 11380)
  (2427 2428 2307 2306 11502 11503 11382 11381)
  (2428 2429 2308 2307 11503 11504 11383 11382)
  (2429 2430 2309 2308 11504 11505 11384 11383)
  (2430 2431 2310 2309 11505 11506 11385 11384)
  (2431 2432 2311 2310 11506 11507 11386 11385)
  (2432 2433 2312 2311 11507 11508 11387 11386)
  (2433 2434 2313 2312 11508 11509 11388 11387)
  (2434 2435 2314 2313 11509 11510 11389 11388)
  (2435 2436 2315 2314 11510 11511 11390 11389)
  (2436 2437 2316 2315 11511 11512 11391 11390)
  (2437 2438 2317 2316 11512 11513 11392 11391)
  (2438 2439 2318 2317 11513 11514 11393 11392)
  (2439 2440 2319 2318 11514 11515 11394 11393)
  (2440 2441 2320 2319 11515 11516 11395 11394)
  (2441 2442 2321 2320 11516 11517 11396 11395)
  (2442 2443 2322 2321 11517 11518 11397 11396)
  (2443 2444 2323 2322 11518 11519 11398 11397)
  (2444 2445 2324 2323 11519 11520 11399 11398)
  (2445 2446 2325 2324 11520 11521 11400 11399)
  (2446 2447 2326 2325 11521 11522 11401 11400)
  (2447 2448 2327 2326 11522 11523 11402 11401)
  (2448 2449 2328 2327 11523 11524 11403 11402)
  (2449 2450 2329 2328 11524 11525 11404 11403)
  (2450 2451 2330 2329 11525 11526 11405 11404)
  (2451 2452 2331 2330 11526 11527 11406 11405)
  (2452 2453 2332 2331 11527 11528 11407 11406)
  (2453 2454 2333 2332 11528 11529 11408 11407)
  (2454 2455 2334 2333 11529 11530 11409 11408)
  (2455 2456 2335 2334 11530 11531 11410 11409)
  (2456 2457 2336 2335 11531 11532 11411 11410)
  (2457 2458 2337 2336 11532 11533 11412 11411)
  (2458 2459 2338 2337 11533 11534 11413 11412)
  (2459 2460 2339 2338 11534 11535 11414 11413)
  (2460 2461 2340 2339 11535 11536 11415 11414)
  (2461 2462 2341 2340 11536 11537 11416 11415)
  (2462 2463 2342 2341 11537 11538 11417 11416)
  (2463 2464 2343 2342 11538 11539 11418 11417)
  (2464 2465 2344 2343 11539 11540 11419 11418)
  (2465 2466 2345 2344 11540 11541 11420 11419)
  (2466 2467 2346 2345 11541 11542 11421 11420)
  (2467 2468 2347 2346 11542 11543 11422 11421)
  (2468 2469 2348 2347 11543 11544 11423 11422)
  (2469 2470 2349 2348 11544 11545 11424 11423)
  (2470 2471 2350 2349 11545 11546 11425 11424)
  (2471 2472 2351 2350 11546 11547 11426 11425)
  (2472 2473 2352 2351 11547 11548 11427 11426)
  (2473 2474 2353 2352 11548 11549 11428 11427)
  (2474 2475 2354 2353 11549 11550 11429 11428)
  (2475 2476 2355 2354 11550 11551 11430 11429)
  (2476 2477 2356 2355 11551 11552 11431 11430)
  (2477 2478 2357 2356 11552 11553 11432 11431)
  (2478 2479 2358 2357 11553 11554 11433 11432)
  (2479 2480 2359 2358 11554 11555 11434 11433)
  (2480 2481 2360 2359 11555 11556 11435 11434)
  (2481 2482 2361 2360 11556 11557 11436 11435)
  (2482 2483 2362 2361 11557 11558 11437 11436)
  (2483 2484 2363 2362 11558 11559 11438 11437)
  (2484 2485 2364 2363 11559 11560 11439 11438)
  (2485 2486 2365 2364 11560 11561 11440 11439)
  (2486 2487 2366 2365 11561 11562 11441 11440)
  (2487 2488 2367 2366 11562 11563 11442 11441)
  (2488 2489 2368 2367 11563 11564 11443 11442)
  (2489 2490 2369 2368 11564 11565 11444 11443)
  (2490 2491 2370 2369 11565 11566 11445 11444)
  (2491 2492 2371 2370 11566 11567 11446 11445)
  (2492 2493 2372 2371 11567 11568 11447 11446)
  (2493 2494 2373 2372 11568 11569 11448 11447)
  (2494 2495 2374 2373 11569 11570 11449 11448)
  (2495 2496 2375 2374 11570 11571 11450 11449)
  (2496 2497 2376 2375 11571 11572 11451 11450)
  (2497 2498 2377 2376 11572 11573 11452 11451)
  (2498 2499 2378 2377 11573 11574 11453 11452)
  (2499 2500 2379 2378 11574 11575 11454 11453)
  (2500 2501 2380 2379 11575 11576 11455 11454)
  (2501 2502 2381 2380 11576 11577 11456 11455)
  (2502 2503 2382 2381 11577 11578 11457 11456)
  (2503 2504 2383 2382 11578 11579 11458 11457)
  (2504 2505 2384 2383 11579 11580 11459 11458)
  (2505 2506 2385 2384 11580 11581 11460 11459)
  (2506 2507 2386 2385 11581 11582 11461 11460)
  (2507 2508 2387 2386 11582 11583 11462 11461)
  (2508 2509 2388 2387 11583 11584 11463 11462)
  (2509 2510 2389 2388 11584 11585 11464 11463)
  (2510 2511 2390 2389 11585 11586 11465 11464)
  (2511 2512 2391 2390 11586 11587 11466 11465)
  (2512 2513 2392 2391 11587 11588 11467 11466)
  (2513 2514 2393 2392 11588 11589 11468 11467)
  (2514 2515 2394 2393 11589 11590 11469 11468)
  (2515 2516 2395 2394 11590 11591 11470 11469)
  (2516 2517 2396 2395 11591 11592 11471 11470)
  (2517 2518 2397 2396 11592 11593 11472 11471)
  (2518 2519 2398 2397 11593 11594 11473 11472)
  (2519 2520 2399 2398 11594 11595 11474 11473)
  (2520 2521 2400 2399 11595 11596 11475 11474)
  (2521 2522 2401 2400 11596 11597 11476 11475)
  (2522 2523 2402 2401 11597 11598 11477 11476)
  (2523 2524 2403 2402 11598 11599 11478 11477)
  (2524 2525 2404 2403 11599 11600 11479 11478)
  (2525 2526 2405 2404 11600 11601 11480 11479)
  (2526 2527 2406 2405 11601 11602 11481 11480)
  (2527 2528 2407 2406 11602 11603 11482 11481)
  (2528 2529 2408 2407 11603 11604 11483 11482)
  (2529 2530 2409 2408 11604 11605 11484 11483)
  (2530 2531 2410 2409 11605 11606 11485 11484)
  (2531 2532 2411 2410 11606 11607 11486 11485)
  (2532 2533 2412 2411 11607 11608 11487 11486)
  (2533 2534 2413 2412 11608 11609 11488 11487)
  (2534 2535 2414 2413 11609 11610 11489 11488)
  (2535 2536 2415 2414 11610 11611 11490 11489)
  (2536 2537 2416 2415 11611 11612 11491 11490)
  (2537 2538 2417 2416 11612 11613 11492 11491)
  (2538 2539 2418 2417 11613 11614 11493 11492)
  (2539 2540 2419 2418 11614 11615 11494 11493)
  (2541 2542 2421 2420 11616 11617 11496 11495)
  (2542 2543 2422 2421 11617 11618 11497 11496)
  (2543 2544 2423 2422 11618 11619 11498 11497)
  (2544 2545 2424 2423 11619 11620 11499 11498)
  (2545 2546 2425 2424 11620 11621 11500 11499)
  (2546 2547 2426 2425 11621 11622 11501 11500)
  (2547 2548 2427 2426 11622 11623 11502 11501)
  (2548 2549 2428 2427 11623 11624 11503 11502)
  (2549 2550 2429 2428 11624 11625 11504 11503)
  (2550 2551 2430 2429 11625 11626 11505 11504)
  (2551 2552 2431 2430 11626 11627 11506 11505)
  (2552 2553 2432 2431 11627 11628 11507 11506)
  (2553 2554 2433 2432 11628 11629 11508 11507)
  (2554 2555 2434 2433 11629 11630 11509 11508)
  (2555 2556 2435 2434 11630 11631 11510 11509)
  (2556 2557 2436 2435 11631 11632 11511 11510)
  (2557 2558 2437 2436 11632 11633 11512 11511)
  (2558 2559 2438 2437 11633 11634 11513 11512)
  (2559 2560 2439 2438 11634 11635 11514 11513)
  (2560 2561 2440 2439 11635 11636 11515 11514)
  (2561 2562 2441 2440 11636 11637 11516 11515)
  (2562 2563 2442 2441 11637 11638 11517 11516)
  (2563 2564 2443 2442 11638 11639 11518 11517)
  (2564 2565 2444 2443 11639 11640 11519 11518)
  (2565 2566 2445 2444 11640 11641 11520 11519)
  (2566 2567 2446 2445 11641 11642 11521 11520)
  (2567 2568 2447 2446 11642 11643 11522 11521)
  (2568 2569 2448 2447 11643 11644 11523 11522)
  (2569 2570 2449 2448 11644 11645 11524 11523)
  (2570 2571 2450 2449 11645 11646 11525 11524)
  (2571 2572 2451 2450 11646 11647 11526 11525)
  (2572 2573 2452 2451 11647 11648 11527 11526)
  (2573 2574 2453 2452 11648 11649 11528 11527)
  (2574 2575 2454 2453 11649 11650 11529 11528)
  (2575 2576 2455 2454 11650 11651 11530 11529)
  (2576 2577 2456 2455 11651 11652 11531 11530)
  (2577 2578 2457 2456 11652 11653 11532 11531)
  (2578 2579 2458 2457 11653 11654 11533 11532)
  (2579 2580 2459 2458 11654 11655 11534 11533)
  (2580 2581 2460 2459 11655 11656 11535 11534)
  (2581 2582 2461 2460 11656 11657 11536 11535)
  (2582 2583 2462 2461 11657 11658 11537 11536)
  (2583 2584 2463 2462 11658 11659 11538 11537)
  (2584 2585 2464 2463 11659 11660 11539 11538)
  (2585 2586 2465 2464 11660 11661 11540 11539)
  (2586 2587 2466 2465 11661 11662 11541 11540)
  (2587 2588 2467 2466 11662 11663 11542 11541)
  (2588 2589 2468 2467 11663 11664 11543 11542)
  (2589 2590 2469 2468 11664 11665 11544 11543)
  (2590 2591 2470 2469 11665 11666 11545 11544)
  (2591 2592 2471 2470 11666 11667 11546 11545)
  (2592 2593 2472 2471 11667 11668 11547 11546)
  (2593 2594 2473 2472 11668 11669 11548 11547)
  (2594 2595 2474 2473 11669 11670 11549 11548)
  (2595 2596 2475 2474 11670 11671 11550 11549)
  (2596 2597 2476 2475 11671 11672 11551 11550)
  (2597 2598 2477 2476 11672 11673 11552 11551)
  (2598 2599 2478 2477 11673 11674 11553 11552)
  (2599 2600 2479 2478 11674 11675 11554 11553)
  (2600 2601 2480 2479 11675 11676 11555 11554)
  (2601 2602 2481 2480 11676 11677 11556 11555)
  (2602 2603 2482 2481 11677 11678 11557 11556)
  (2603 2604 2483 2482 11678 11679 11558 11557)
  (2604 2605 2484 2483 11679 11680 11559 11558)
  (2605 2606 2485 2484 11680 11681 11560 11559)
  (2606 2607 2486 2485 11681 11682 11561 11560)
  (2607 2608 2487 2486 11682 11683 11562 11561)
  (2608 2609 2488 2487 11683 11684 11563 11562)
  (2609 2610 2489 2488 11684 11685 11564 11563)
  (2610 2611 2490 2489 11685 11686 11565 11564)
  (2611 2612 2491 2490 11686 11687 11566 11565)
  (2612 2613 2492 2491 11687 11688 11567 11566)
  (2613 2614 2493 2492 11688 11689 11568 11567)
  (2614 2615 2494 2493 11689 11690 11569 11568)
  (2615 2616 2495 2494 11690 11691 11570 11569)
  (2616 2617 2496 2495 11691 11692 11571 11570)
  (2617 2618 2497 2496 11692 11693 11572 11571)
  (2618 2619 2498 2497 11693 11694 11573 11572)
  (2619 2620 2499 2498 11694 11695 11574 11573)
  (2620 2621 2500 2499 11695 11696 11575 11574)
  (2621 2622 2501 2500 11696 11697 11576 11575)
  (2622 2623 2502 2501 11697 11698 11577 11576)
  (2623 2624 2503 2502 11698 11699 11578 11577)
  (2624 2625 2504 2503 11699 11700 11579 11578)
  (2625 2626 2505 2504 11700 11701 11580 11579)
  (2626 2627 2506 2505 11701 11702 11581 11580)
  (2627 2628 2507 2506 11702 11703 11582 11581)
  (2628 2629 2508 2507 11703 11704 11583 11582)
  (2629 2630 2509 2508 11704 11705 11584 11583)
  (2630 2631 2510 2509 11705 11706 11585 11584)
  (2631 2632 2511 2510 11706 11707 11586 11585)
  (2632 2633 2512 2511 11707 11708 11587 11586)
  (2633 2634 2513 2512 11708 11709 11588 11587)
  (2634 2635 2514 2513 11709 11710 11589 11588)
  (2635 2636 2515 2514 11710 11711 11590 11589)
  (2636 2637 2516 2515 11711 11712 11591 11590)
  (2637 2638 2517 2516 11712 11713 11592 11591)
  (2638 2639 2518 2517 11713 11714 11593 11592)
  (2639 2640 2519 2518 11714 11715 11594 11593)
  (2640 2641 2520 2519 11715 11716 11595 11594)
  (2641 2642 2521 2520 11716 11717 11596 11595)
  (2642 2643 2522 2521 11717 11718 11597 11596)
  (2643 2644 2523 2522 11718 11719 11598 11597)
  (2644 2645 2524 2523 11719 11720 11599 11598)
  (2645 2646 2525 2524 11720 11721 11600 11599)
  (2646 2647 2526 2525 11721 11722 11601 11600)
  (2647 2648 2527 2526 11722 11723 11602 11601)
  (2648 2649 2528 2527 11723 11724 11603 11602)
  (2649 2650 2529 2528 11724 11725 11604 11603)
  (2650 2651 2530 2529 11725 11726 11605 11604)
  (2651 2652 2531 2530 11726 11727 11606 11605)
  (2652 2653 2532 2531 11727 11728 11607 11606)
  (2653 2654 2533 2532 11728 11729 11608 11607)
  (2654 2655 2534 2533 11729 11730 11609 11608)
  (2655 2656 2535 2534 11730 11731 11610 11609)
  (2656 2657 2536 2535 11731 11732 11611 11610)
  (2657 2658 2537 2536 11732 11733 11612 11611)
  (2658 2659 2538 2537 11733 11734 11613 11612)
  (2659 2660 2539 2538 11734 11735 11614 11613)
  (2660 2661 2540 2539 11735 11736 11615 11614)
  (2662 2663 2542 2541 11737 11738 11617 11616)
  (2663 2664 2543 2542 11738 11739 11618 11617)
  (2664 2665 2544 2543 11739 11740 11619 11618)
  (2665 2666 2545 2544 11740 11741 11620 11619)
  (2666 2667 2546 2545 11741 11742 11621 11620)
  (2667 2668 2547 2546 11742 11743 11622 11621)
  (2668 2669 2548 2547 11743 11744 11623 11622)
  (2669 2670 2549 2548 11744 11745 11624 11623)
  (2670 2671 2550 2549 11745 11746 11625 11624)
  (2671 2672 2551 2550 11746 11747 11626 11625)
  (2672 2673 2552 2551 11747 11748 11627 11626)
  (2673 2674 2553 2552 11748 11749 11628 11627)
  (2674 2675 2554 2553 11749 11750 11629 11628)
  (2675 2676 2555 2554 11750 11751 11630 11629)
  (2676 2677 2556 2555 11751 11752 11631 11630)
  (2677 2678 2557 2556 11752 11753 11632 11631)
  (2678 2679 2558 2557 11753 11754 11633 11632)
  (2679 2680 2559 2558 11754 11755 11634 11633)
  (2680 2681 2560 2559 11755 11756 11635 11634)
  (2681 2682 2561 2560 11756 11757 11636 11635)
  (2682 2683 2562 2561 11757 11758 11637 11636)
  (2683 2684 2563 2562 11758 11759 11638 11637)
  (2684 2685 2564 2563 11759 11760 11639 11638)
  (2685 2686 2565 2564 11760 11761 11640 11639)
  (2686 2687 2566 2565 11761 11762 11641 11640)
  (2687 2688 2567 2566 11762 11763 11642 11641)
  (2688 2689 2568 2567 11763 11764 11643 11642)
  (2689 2690 2569 2568 11764 11765 11644 11643)
  (2690 2691 2570 2569 11765 11766 11645 11644)
  (2691 2692 2571 2570 11766 11767 11646 11645)
  (2692 2693 2572 2571 11767 11768 11647 11646)
  (2693 2694 2573 2572 11768 11769 11648 11647)
  (2694 2695 2574 2573 11769 11770 11649 11648)
  (2695 2696 2575 2574 11770 11771 11650 11649)
  (2696 2697 2576 2575 11771 11772 11651 11650)
  (2697 2698 2577 2576 11772 11773 11652 11651)
  (2698 2699 2578 2577 11773 11774 11653 11652)
  (2699 2700 2579 2578 11774 11775 11654 11653)
  (2700 2701 2580 2579 11775 11776 11655 11654)
  (2701 2702 2581 2580 11776 11777 11656 11655)
  (2702 2703 2582 2581 11777 11778 11657 11656)
  (2703 2704 2583 2582 11778 11779 11658 11657)
  (2704 2705 2584 2583 11779 11780 11659 11658)
  (2705 2706 2585 2584 11780 11781 11660 11659)
  (2706 2707 2586 2585 11781 11782 11661 11660)
  (2707 2708 2587 2586 11782 11783 11662 11661)
  (2708 2709 2588 2587 11783 11784 11663 11662)
  (2709 2710 2589 2588 11784 11785 11664 11663)
  (2710 2711 2590 2589 11785 11786 11665 11664)
  (2711 2712 2591 2590 11786 11787 11666 11665)
  (2712 2713 2592 2591 11787 11788 11667 11666)
  (2713 2714 2593 2592 11788 11789 11668 11667)
  (2714 2715 2594 2593 11789 11790 11669 11668)
  (2715 2716 2595 2594 11790 11791 11670 11669)
  (2716 2717 2596 2595 11791 11792 11671 11670)
  (2717 2718 2597 2596 11792 11793 11672 11671)
  (2718 2719 2598 2597 11793 11794 11673 11672)
  (2719 2720 2599 2598 11794 11795 11674 11673)
  (2720 2721 2600 2599 11795 11796 11675 11674)
  (2721 2722 2601 2600 11796 11797 11676 11675)
  (2722 2723 2602 2601 11797 11798 11677 11676)
  (2723 2724 2603 2602 11798 11799 11678 11677)
  (2724 2725 2604 2603 11799 11800 11679 11678)
  (2725 2726 2605 2604 11800 11801 11680 11679)
  (2726 2727 2606 2605 11801 11802 11681 11680)
  (2727 2728 2607 2606 11802 11803 11682 11681)
  (2728 2729 2608 2607 11803 11804 11683 11682)
  (2729 2730 2609 2608 11804 11805 11684 11683)
  (2730 2731 2610 2609 11805 11806 11685 11684)
  (2731 2732 2611 2610 11806 11807 11686 11685)
  (2732 2733 2612 2611 11807 11808 11687 11686)
  (2733 2734 2613 2612 11808 11809 11688 11687)
  (2734 2735 2614 2613 11809 11810 11689 11688)
  (2735 2736 2615 2614 11810 11811 11690 11689)
  (2736 2737 2616 2615 11811 11812 11691 11690)
  (2737 2738 2617 2616 11812 11813 11692 11691)
  (2738 2739 2618 2617 11813 11814 11693 11692)
  (2739 2740 2619 2618 11814 11815 11694 11693)
  (2740 2741 2620 2619 11815 11816 11695 11694)
  (2741 2742 2621 2620 11816 11817 11696 11695)
  (2742 2743 2622 2621 11817 11818 11697 11696)
  (2743 2744 2623 2622 11818 11819 11698 11697)
  (2744 2745 2624 2623 11819 11820 11699 11698)
  (2745 2746 2625 2624 11820 11821 11700 11699)
  (2746 2747 2626 2625 11821 11822 11701 11700)
  (2747 2748 2627 2626 11822 11823 11702 11701)
  (2748 2749 2628 2627 11823 11824 11703 11702)
  (2749 2750 2629 2628 11824 11825 11704 11703)
  (2750 2751 2630 2629 11825 11826 11705 11704)
  (2751 2752 2631 2630 11826 11827 11706 11705)
  (2752 2753 2632 2631 11827 11828 11707 11706)
  (2753 2754 2633 2632 11828 11829 11708 11707)
  (2754 2755 2634 2633 11829 11830 11709 11708)
  (2755 2756 2635 2634 11830 11831 11710 11709)
  (2756 2757 2636 2635 11831 11832 11711 11710)
  (2757 2758 2637 2636 11832 11833 11712 11711)
  (2758 2759 2638 2637 11833 11834 11713 11712)
  (2759 2760 2639 2638 11834 11835 11714 11713)
  (2760 2761 2640 2639 11835 11836 11715 11714)
  (2761 2762 2641 2640 11836 11837 11716 11715)
  (2762 2763 2642 2641 11837 11838 11717 11716)
  (2763 2764 2643 2642 11838 11839 11718 11717)
  (2764 2765 2644 2643 11839 11840 11719 11718)
  (2765 2766 2645 2644 11840 11841 11720 11719)
  (2766 2767 2646 2645 11841 11842 11721 11720)
  (2767 2768 2647 2646 11842 11843 11722 11721)
  (2768 2769 2648 2647 11843 11844 11723 11722)
  (2769 2770 2649 2648 11844 11845 11724 11723)
  (2770 2771 2650 2649 11845 11846 11725 11724)
  (2771 2772 2651 2650 11846 11847 11726 11725)
  (2772 2773 2652 2651 11847 11848 11727 11726)
  (2773 2774 2653 2652 11848 11849 11728 11727)
  (2774 2775 2654 2653 11849 11850 11729 11728)
  (2775 2776 2655 2654 11850 11851 11730 11729)
  (2776 2777 2656 2655 11851 11852 11731 11730)
  (2777 2778 2657 2656 11852 11853 11732 11731)
  (2778 2779 2658 2657 11853 11854 11733 11732)
  (2779 2780 2659 2658 11854 11855 11734 11733)
  (2780 2781 2660 2659 11855 11856 11735 11734)
  (2781 2782 2661 2660 11856 11857 11736 11735)
  (2783 2784 2663 2662 11858 11859 11738 11737)
  (2784 2785 2664 2663 11859 11860 11739 11738)
  (2785 2786 2665 2664 11860 11861 11740 11739)
  (2786 2787 2666 2665 11861 11862 11741 11740)
  (2787 2788 2667 2666 11862 11863 11742 11741)
  (2788 2789 2668 2667 11863 11864 11743 11742)
  (2789 2790 2669 2668 11864 11865 11744 11743)
  (2790 2791 2670 2669 11865 11866 11745 11744)
  (2791 2792 2671 2670 11866 11867 11746 11745)
  (2792 2793 2672 2671 11867 11868 11747 11746)
  (2793 2794 2673 2672 11868 11869 11748 11747)
  (2794 2795 2674 2673 11869 11870 11749 11748)
  (2795 2796 2675 2674 11870 11871 11750 11749)
  (2796 2797 2676 2675 11871 11872 11751 11750)
  (2797 2798 2677 2676 11872 11873 11752 11751)
  (2798 2799 2678 2677 11873 11874 11753 11752)
  (2799 2800 2679 2678 11874 11875 11754 11753)
  (2800 2801 2680 2679 11875 11876 11755 11754)
  (2801 2802 2681 2680 11876 11877 11756 11755)
  (2802 2803 2682 2681 11877 11878 11757 11756)
  (2803 2804 2683 2682 11878 11879 11758 11757)
  (2804 2805 2684 2683 11879 11880 11759 11758)
  (2805 2806 2685 2684 11880 11881 11760 11759)
  (2806 2807 2686 2685 11881 11882 11761 11760)
  (2807 2808 2687 2686 11882 11883 11762 11761)
  (2808 2809 2688 2687 11883 11884 11763 11762)
  (2809 2810 2689 2688 11884 11885 11764 11763)
  (2810 2811 2690 2689 11885 11886 11765 11764)
  (2811 2812 2691 2690 11886 11887 11766 11765)
  (2812 2813 2692 2691 11887 11888 11767 11766)
  (2813 2814 2693 2692 11888 11889 11768 11767)
  (2814 2815 2694 2693 11889 11890 11769 11768)
  (2815 2816 2695 2694 11890 11891 11770 11769)
  (2816 2817 2696 2695 11891 11892 11771 11770)
  (2817 2818 2697 2696 11892 11893 11772 11771)
  (2818 2819 2698 2697 11893 11894 11773 11772)
  (2819 2820 2699 2698 11894 11895 11774 11773)
  (2820 2821 2700 2699 11895 11896 11775 11774)
  (2821 2822 2701 2700 11896 11897 11776 11775)
  (2822 2823 2702 2701 11897 11898 11777 11776)
  (2823 2824 2703 2702 11898 11899 11778 11777)
  (2824 2825 2704 2703 11899 11900 11779 11778)
  (2825 2826 2705 2704 11900 11901 11780 11779)
  (2826 2827 2706 2705 11901 11902 11781 11780)
  (2827 2828 2707 2706 11902 11903 11782 11781)
  (2828 2829 2708 2707 11903 11904 11783 11782)
  (2829 2830 2709 2708 11904 11905 11784 11783)
  (2830 2831 2710 2709 11905 11906 11785 11784)
  (2831 2832 2711 2710 11906 11907 11786 11785)
  (2832 2833 2712 2711 11907 11908 11787 11786)
  (2833 2834 2713 2712 11908 11909 11788 11787)
  (2834 2835 2714 2713 11909 11910 11789 11788)
  (2835 2836 2715 2714 11910 11911 11790 11789)
  (2836 2837 2716 2715 11911 11912 11791 11790)
  (2837 2838 2717 2716 11912 11913 11792 11791)
  (2838 2839 2718 2717 11913 11914 11793 11792)
  (2839 2840 2719 2718 11914 11915 11794 11793)
  (2840 2841 2720 2719 11915 11916 11795 11794)
  (2841 2842 2721 2720 11916 11917 11796 11795)
  (2842 2843 2722 2721 11917 11918 11797 11796)
  (2843 2844 2723 2722 11918 11919 11798 11797)
  (2844 2845 2724 2723 11919 11920 11799 11798)
  (2845 2846 2725 2724 11920 11921 11800 11799)
  (2846 2847 2726 2725 11921 11922 11801 11800)
  (2847 2848 2727 2726 11922 11923 11802 11801)
  (2848 2849 2728 2727 11923 11924 11803 11802)
  (2849 2850 2729 2728 11924 11925 11804 11803)
  (2850 2851 2730 2729 11925 11926 11805 11804)
  (2851 2852 2731 2730 11926 11927 11806 11805)
  (2852 2853 2732 2731 11927 11928 11807 11806)
  (2853 2854 2733 2732 11928 11929 11808 11807)
  (2854 2855 2734 2733 11929 11930 11809 11808)
  (2855 2856 2735 2734 11930 11931 11810 11809)
  (2856 2857 2736 2735 11931 11932 11811 11810)
  (2857 2858 2737 2736 11932 11933 11812 11811)
  (2858 2859 2738 2737 11933 11934 11813 11812)
  (2859 2860 2739 2738 11934 11935 11814 11813)
  (2860 2861 2740 2739 11935 11936 11815 11814)
  (2861 2862 2741 2740 11936 11937 11816 11815)
  (2862 2863 2742 2741 11937 11938 11817 11816)
  (2863 2864 2743 2742 11938 11939 11818 11817)
  (2864 2865 2744 2743 11939 11940 11819 11818)
  (2865 2866 2745 2744 11940 11941 11820 11819)
  (2866 2867 2746 2745 11941 11942 11821 11820)
  (2867 2868 2747 2746 11942 11943 11822 11821)
  (2868 2869 2748 2747 11943 11944 11823 11822)
  (2869 2870 2749 2748 11944 11945 11824 11823)
  (2870 2871 2750 2749 11945 11946 11825 11824)
  (2871 2872 2751 2750 11946 11947 11826 11825)
  (2872 2873 2752 2751 11947 11948 11827 11826)
  (2873 2874 2753 2752 11948 11949 11828 11827)
  (2874 2875 2754 2753 11949 11950 11829 11828)
  (2875 2876 2755 2754 11950 11951 11830 11829)
  (2876 2877 2756 2755 11951 11952 11831 11830)
  (2877 2878 2757 2756 11952 11953 11832 11831)
  (2878 2879 2758 2757 11953 11954 11833 11832)
  (2879 2880 2759 2758 11954 11955 11834 11833)
  (2880 2881 2760 2759 11955 11956 11835 11834)
  (2881 2882 2761 2760 11956 11957 11836 11835)
  (2882 2883 2762 2761 11957 11958 11837 11836)
  (2883 2884 2763 2762 11958 11959 11838 11837)
  (2884 2885 2764 2763 11959 11960 11839 11838)
  (2885 2886 2765 2764 11960 11961 11840 11839)
  (2886 2887 2766 2765 11961 11962 11841 11840)
  (2887 2888 2767 2766 11962 11963 11842 11841)
  (2888 2889 2768 2767 11963 11964 11843 11842)
  (2889 2890 2769 2768 11964 11965 11844 11843)
  (2890 2891 2770 2769 11965 11966 11845 11844)
  (2891 2892 2771 2770 11966 11967 11846 11845)
  (2892 2893 2772 2771 11967 11968 11847 11846)
  (2893 2894 2773 2772 11968 11969 11848 11847)
  (2894 2895 2774 2773 11969 11970 11849 11848)
  (2895 2896 2775 2774 11970 11971 11850 11849)
  (2896 2897 2776 2775 11971 11972 11851 11850)
  (2897 2898 2777 2776 11972 11973 11852 11851)
  (2898 2899 2778 2777 11973 11974 11853 11852)
  (2899 2900 2779 2778 11974 11975 11854 11853)
  (2900 2901 2780 2779 11975 11976 11855 11854)
  (2901 2902 2781 2780 11976 11977 11856 11855)
  (2902 2903 2782 2781 11977 11978 11857 11856)
  (2904 2905 2784 2783 11979 11980 11859 11858)
  (2905 2906 2785 2784 11980 11981 11860 11859)
  (2906 2907 2786 2785 11981 11982 11861 11860)
  (2907 2908 2787 2786 11982 11983 11862 11861)
  (2908 2909 2788 2787 11983 11984 11863 11862)
  (2909 2910 2789 2788 11984 11985 11864 11863)
  (2910 2911 2790 2789 11985 11986 11865 11864)
  (2911 2912 2791 2790 11986 11987 11866 11865)
  (2912 2913 2792 2791 11987 11988 11867 11866)
  (2913 2914 2793 2792 11988 11989 11868 11867)
  (2914 2915 2794 2793 11989 11990 11869 11868)
  (2915 2916 2795 2794 11990 11991 11870 11869)
  (2916 2917 2796 2795 11991 11992 11871 11870)
  (2917 2918 2797 2796 11992 11993 11872 11871)
  (2918 2919 2798 2797 11993 11994 11873 11872)
  (2919 2920 2799 2798 11994 11995 11874 11873)
  (2920 2921 2800 2799 11995 11996 11875 11874)
  (2921 2922 2801 2800 11996 11997 11876 11875)
  (2922 2923 2802 2801 11997 11998 11877 11876)
  (2923 2924 2803 2802 11998 11999 11878 11877)
  (2924 2925 2804 2803 11999 12000 11879 11878)
  (2925 2926 2805 2804 12000 12001 11880 11879)
  (2926 2927 2806 2805 12001 12002 11881 11880)
  (2927 2928 2807 2806 12002 12003 11882 11881)
  (2928 2929 2808 2807 12003 12004 11883 11882)
  (2929 2930 2809 2808 12004 12005 11884 11883)
  (2930 2931 2810 2809 12005 12006 11885 11884)
  (2931 2932 2811 2810 12006 12007 11886 11885)
  (2932 2933 2812 2811 12007 12008 11887 11886)
  (2933 2934 2813 2812 12008 12009 11888 11887)
  (2934 2935 2814 2813 12009 12010 11889 11888)
  (2935 2936 2815 2814 12010 12011 11890 11889)
  (2936 2937 2816 2815 12011 12012 11891 11890)
  (2937 2938 2817 2816 12012 12013 11892 11891)
  (2938 2939 2818 2817 12013 12014 11893 11892)
  (2939 2940 2819 2818 12014 12015 11894 11893)
  (2940 2941 2820 2819 12015 12016 11895 11894)
  (2941 2942 2821 2820 12016 12017 11896 11895)
  (2942 2943 2822 2821 12017 12018 11897 11896)
  (2943 2944 2823 2822 12018 12019 11898 11897)
  (2944 2945 2824 2823 12019 12020 11899 11898)
  (2945 2946 2825 2824 12020 12021 11900 11899)
  (2946 2947 2826 2825 12021 12022 11901 11900)
  (2947 2948 2827 2826 12022 12023 11902 11901)
  (2948 2949 2828 2827 12023 12024 11903 11902)
  (2949 2950 2829 2828 12024 12025 11904 11903)
  (2950 2951 2830 2829 12025 12026 11905 11904)
  (2951 2952 2831 2830 12026 12027 11906 11905)
  (2952 2953 2832 2831 12027 12028 11907 11906)
  (2953 2954 2833 2832 12028 12029 11908 11907)
  (2954 2955 2834 2833 12029 12030 11909 11908)
  (2955 2956 2835 2834 12030 12031 11910 11909)
  (2956 2957 2836 2835 12031 12032 11911 11910)
  (2957 2958 2837 2836 12032 12033 11912 11911)
  (2958 2959 2838 2837 12033 12034 11913 11912)
  (2959 2960 2839 2838 12034 12035 11914 11913)
  (2960 2961 2840 2839 12035 12036 11915 11914)
  (2961 2962 2841 2840 12036 12037 11916 11915)
  (2962 2963 2842 2841 12037 12038 11917 11916)
  (2963 2964 2843 2842 12038 12039 11918 11917)
  (2964 2965 2844 2843 12039 12040 11919 11918)
  (2965 2966 2845 2844 12040 12041 11920 11919)
  (2966 2967 2846 2845 12041 12042 11921 11920)
  (2967 2968 2847 2846 12042 12043 11922 11921)
  (2968 2969 2848 2847 12043 12044 11923 11922)
  (2969 2970 2849 2848 12044 12045 11924 11923)
  (2970 2971 2850 2849 12045 12046 11925 11924)
  (2971 2972 2851 2850 12046 12047 11926 11925)
  (2972 2973 2852 2851 12047 12048 11927 11926)
  (2973 2974 2853 2852 12048 12049 11928 11927)
  (2974 2975 2854 2853 12049 12050 11929 11928)
  (2975 2976 2855 2854 12050 12051 11930 11929)
  (2976 2977 2856 2855 12051 12052 11931 11930)
  (2977 2978 2857 2856 12052 12053 11932 11931)
  (2978 2979 2858 2857 12053 12054 11933 11932)
  (2979 2980 2859 2858 12054 12055 11934 11933)
  (2980 2981 2860 2859 12055 12056 11935 11934)
  (2981 2982 2861 2860 12056 12057 11936 11935)
  (2982 2983 2862 2861 12057 12058 11937 11936)
  (2983 2984 2863 2862 12058 12059 11938 11937)
  (2984 2985 2864 2863 12059 12060 11939 11938)
  (2985 2986 2865 2864 12060 12061 11940 11939)
  (2986 2987 2866 2865 12061 12062 11941 11940)
  (2987 2988 2867 2866 12062 12063 11942 11941)
  (2988 2989 2868 2867 12063 12064 11943 11942)
  (2989 2990 2869 2868 12064 12065 11944 11943)
  (2990 2991 2870 2869 12065 12066 11945 11944)
  (2991 2992 2871 2870 12066 12067 11946 11945)
  (2992 2993 2872 2871 12067 12068 11947 11946)
  (2993 2994 2873 2872 12068 12069 11948 11947)
  (2994 2995 2874 2873 12069 12070 11949 11948)
  (2995 2996 2875 2874 12070 12071 11950 11949)
  (2996 2997 2876 2875 12071 12072 11951 11950)
  (2997 2998 2877 2876 12072 12073 11952 11951)
  (2998 2999 2878 2877 12073 12074 11953 11952)
  (2999 3000 2879 2878 12074 12075 11954 11953)
  (3000 3001 2880 2879 12075 12076 11955 11954)
  (3001 3002 2881 2880 12076 12077 11956 11955)
  (3002 3003 2882 2881 12077 12078 11957 11956)
  (3003 3004 2883 2882 12078 12079 11958 11957)
  (3004 3005 2884 2883 12079 12080 11959 11958)
  (3005 3006 2885 2884 12080 12081 11960 11959)
  (3006 3007 2886 2885 12081 12082 11961 11960)
  (3007 3008 2887 2886 12082 12083 11962 11961)
  (3008 3009 2888 2887 12083 12084 11963 11962)
  (3009 3010 2889 2888 12084 12085 11964 11963)
  (3010 3011 2890 2889 12085 12086 11965 11964)
  (3011 3012 2891 2890 12086 12087 11966 11965)
  (3012 3013 2892 2891 12087 12088 11967 11966)
  (3013 3014 2893 2892 12088 12089 11968 11967)
  (3014 3015 2894 2893 12089 12090 11969 11968)
  (3015 3016 2895 2894 12090 12091 11970 11969)
  (3016 3017 2896 2895 12091 12092 11971 11970)
  (3017 3018 2897 2896 12092 12093 11972 11971)
  (3018 3019 2898 2897 12093 12094 11973 11972)
  (3019 3020 2899 2898 12094 12095 11974 11973)
  (3020 3021 2900 2899 12095 12096 11975 11974)
  (3021 3022 2901 2900 12096 12097 11976 11975)
  (3022 3023 2902 2901 12097 12098 11977 11976)
  (3023 3024 2903 2902 12098 12099 11978 11977)
  (3025 3026 2905 2904 12100 12101 11980 11979)
  (3026 3027 2906 2905 12101 12102 11981 11980)
  (3027 3028 2907 2906 12102 12103 11982 11981)
  (3028 3029 2908 2907 12103 12104 11983 11982)
  (3029 3030 2909 2908 12104 12105 11984 11983)
  (3030 3031 2910 2909 12105 12106 11985 11984)
  (3031 3032 2911 2910 12106 12107 11986 11985)
  (3032 3033 2912 2911 12107 12108 11987 11986)
  (3033 3034 2913 2912 12108 12109 11988 11987)
  (3034 3035 2914 2913 12109 12110 11989 11988)
  (3035 3036 2915 2914 12110 12111 11990 11989)
  (3036 3037 2916 2915 12111 12112 11991 11990)
  (3037 3038 2917 2916 12112 12113 11992 11991)
  (3038 3039 2918 2917 12113 12114 11993 11992)
  (3039 3040 2919 2918 12114 12115 11994 11993)
  (3040 3041 2920 2919 12115 12116 11995 11994)
  (3041 3042 2921 2920 12116 12117 11996 11995)
  (3042 3043 2922 2921 12117 12118 11997 11996)
  (3043 3044 2923 2922 12118 12119 11998 11997)
  (3044 3045 2924 2923 12119 12120 11999 11998)
  (3045 3046 2925 2924 12120 12121 12000 11999)
  (3046 3047 2926 2925 12121 12122 12001 12000)
  (3047 3048 2927 2926 12122 12123 12002 12001)
  (3048 3049 2928 2927 12123 12124 12003 12002)
  (3049 3050 2929 2928 12124 12125 12004 12003)
  (3050 3051 2930 2929 12125 12126 12005 12004)
  (3051 3052 2931 2930 12126 12127 12006 12005)
  (3052 3053 2932 2931 12127 12128 12007 12006)
  (3053 3054 2933 2932 12128 12129 12008 12007)
  (3054 3055 2934 2933 12129 12130 12009 12008)
  (3055 3056 2935 2934 12130 12131 12010 12009)
  (3056 3057 2936 2935 12131 12132 12011 12010)
  (3057 3058 2937 2936 12132 12133 12012 12011)
  (3058 3059 2938 2937 12133 12134 12013 12012)
  (3059 3060 2939 2938 12134 12135 12014 12013)
  (3060 3061 2940 2939 12135 12136 12015 12014)
  (3061 3062 2941 2940 12136 12137 12016 12015)
  (3062 3063 2942 2941 12137 12138 12017 12016)
  (3063 3064 2943 2942 12138 12139 12018 12017)
  (3064 3065 2944 2943 12139 12140 12019 12018)
  (3065 3066 2945 2944 12140 12141 12020 12019)
  (3066 3067 2946 2945 12141 12142 12021 12020)
  (3067 3068 2947 2946 12142 12143 12022 12021)
  (3068 3069 2948 2947 12143 12144 12023 12022)
  (3069 3070 2949 2948 12144 12145 12024 12023)
  (3070 3071 2950 2949 12145 12146 12025 12024)
  (3071 3072 2951 2950 12146 12147 12026 12025)
  (3072 3073 2952 2951 12147 12148 12027 12026)
  (3073 3074 2953 2952 12148 12149 12028 12027)
  (3074 3075 2954 2953 12149 12150 12029 12028)
  (3075 3076 2955 2954 12150 12151 12030 12029)
  (3076 3077 2956 2955 12151 12152 12031 12030)
  (3077 3078 2957 2956 12152 12153 12032 12031)
  (3078 3079 2958 2957 12153 12154 12033 12032)
  (3079 3080 2959 2958 12154 12155 12034 12033)
  (3080 3081 2960 2959 12155 12156 12035 12034)
  (3081 3082 2961 2960 12156 12157 12036 12035)
  (3082 3083 2962 2961 12157 12158 12037 12036)
  (3083 3084 2963 2962 12158 12159 12038 12037)
  (3084 3085 2964 2963 12159 12160 12039 12038)
  (3085 3086 2965 2964 12160 12161 12040 12039)
  (3086 3087 2966 2965 12161 12162 12041 12040)
  (3087 3088 2967 2966 12162 12163 12042 12041)
  (3088 3089 2968 2967 12163 12164 12043 12042)
  (3089 3090 2969 2968 12164 12165 12044 12043)
  (3090 3091 2970 2969 12165 12166 12045 12044)
  (3091 3092 2971 2970 12166 12167 12046 12045)
  (3092 3093 2972 2971 12167 12168 12047 12046)
  (3093 3094 2973 2972 12168 12169 12048 12047)
  (3094 3095 2974 2973 12169 12170 12049 12048)
  (3095 3096 2975 2974 12170 12171 12050 12049)
  (3096 3097 2976 2975 12171 12172 12051 12050)
  (3097 3098 2977 2976 12172 12173 12052 12051)
  (3098 3099 2978 2977 12173 12174 12053 12052)
  (3099 3100 2979 2978 12174 12175 12054 12053)
  (3100 3101 2980 2979 12175 12176 12055 12054)
  (3101 3102 2981 2980 12176 12177 12056 12055)
  (3102 3103 2982 2981 12177 12178 12057 12056)
  (3103 3104 2983 2982 12178 12179 12058 12057)
  (3104 3105 2984 2983 12179 12180 12059 12058)
  (3105 3106 2985 2984 12180 12181 12060 12059)
  (3106 3107 2986 2985 12181 12182 12061 12060)
  (3107 3108 2987 2986 12182 12183 12062 12061)
  (3108 3109 2988 2987 12183 12184 12063 12062)
  (3109 3110 2989 2988 12184 12185 12064 12063)
  (3110 3111 2990 2989 12185 12186 12065 12064)
  (3111 3112 2991 2990 12186 12187 12066 12065)
  (3112 3113 2992 2991 12187 12188 12067 12066)
  (3113 3114 2993 2992 12188 12189 12068 12067)
  (3114 3115 2994 2993 12189 12190 12069 12068)
  (3115 3116 2995 2994 12190 12191 12070 12069)
  (3116 3117 2996 2995 12191 12192 12071 12070)
  (3117 3118 2997 2996 12192 12193 12072 12071)
  (3118 3119 2998 2997 12193 12194 12073 12072)
  (3119 3120 2999 2998 12194 12195 12074 12073)
  (3120 3121 3000 2999 12195 12196 12075 12074)
  (3121 3122 3001 3000 12196 12197 12076 12075)
  (3122 3123 3002 3001 12197 12198 12077 12076)
  (3123 3124 3003 3002 12198 12199 12078 12077)
  (3124 3125 3004 3003 12199 12200 12079 12078)
  (3125 3126 3005 3004 12200 12201 12080 12079)
  (3126 3127 3006 3005 12201 12202 12081 12080)
  (3127 3128 3007 3006 12202 12203 12082 12081)
  (3128 3129 3008 3007 12203 12204 12083 12082)
  (3129 3130 3009 3008 12204 12205 12084 12083)
  (3130 3131 3010 3009 12205 12206 12085 12084)
  (3131 3132 3011 3010 12206 12207 12086 12085)
  (3132 3133 3012 3011 12207 12208 12087 12086)
  (3133 3134 3013 3012 12208 12209 12088 12087)
  (3134 3135 3014 3013 12209 12210 12089 12088)
  (3135 3136 3015 3014 12210 12211 12090 12089)
  (3136 3137 3016 3015 12211 12212 12091 12090)
  (3137 3138 3017 3016 12212 12213 12092 12091)
  (3138 3139 3018 3017 12213 12214 12093 12092)
  (3139 3140 3019 3018 12214 12215 12094 12093)
  (3140 3141 3020 3019 12215 12216 12095 12094)
  (3141 3142 3021 3020 12216 12217 12096 12095)
  (3142 3143 3022 3021 12217 12218 12097 12096)
  (3143 3144 3023 3022 12218 12219 12098 12097)
  (3144 3145 3024 3023 12219 12220 12099 12098)
  (3146 3147 3026 3025 12221 12222 12101 12100)
  (3147 3148 3027 3026 12222 12223 12102 12101)
  (3148 3149 3028 3027 12223 12224 12103 12102)
  (3149 3150 3029 3028 12224 12225 12104 12103)
  (3150 3151 3030 3029 12225 12226 12105 12104)
  (3151 3152 3031 3030 12226 12227 12106 12105)
  (3152 3153 3032 3031 12227 12228 12107 12106)
  (3153 3154 3033 3032 12228 12229 12108 12107)
  (3154 3155 3034 3033 12229 12230 12109 12108)
  (3155 3156 3035 3034 12230 12231 12110 12109)
  (3156 3157 3036 3035 12231 12232 12111 12110)
  (3157 3158 3037 3036 12232 12233 12112 12111)
  (3158 3159 3038 3037 12233 12234 12113 12112)
  (3159 3160 3039 3038 12234 12235 12114 12113)
  (3160 3161 3040 3039 12235 12236 12115 12114)
  (3161 3162 3041 3040 12236 12237 12116 12115)
  (3162 3163 3042 3041 12237 12238 12117 12116)
  (3163 3164 3043 3042 12238 12239 12118 12117)
  (3164 3165 3044 3043 12239 12240 12119 12118)
  (3165 3166 3045 3044 12240 12241 12120 12119)
  (3166 3167 3046 3045 12241 12242 12121 12120)
  (3167 3168 3047 3046 12242 12243 12122 12121)
  (3168 3169 3048 3047 12243 12244 12123 12122)
  (3169 3170 3049 3048 12244 12245 12124 12123)
  (3170 3171 3050 3049 12245 12246 12125 12124)
  (3171 3172 3051 3050 12246 12247 12126 12125)
  (3172 3173 3052 3051 12247 12248 12127 12126)
  (3173 3174 3053 3052 12248 12249 12128 12127)
  (3174 3175 3054 3053 12249 12250 12129 12128)
  (3175 3176 3055 3054 12250 12251 12130 12129)
  (3176 3177 3056 3055 12251 12252 12131 12130)
  (3177 3178 3057 3056 12252 12253 12132 12131)
  (3178 3179 3058 3057 12253 12254 12133 12132)
  (3179 3180 3059 3058 12254 12255 12134 12133)
  (3180 3181 3060 3059 12255 12256 12135 12134)
  (3181 3182 3061 3060 12256 12257 12136 12135)
  (3182 3183 3062 3061 12257 12258 12137 12136)
  (3183 3184 3063 3062 12258 12259 12138 12137)
  (3184 3185 3064 3063 12259 12260 12139 12138)
  (3185 3186 3065 3064 12260 12261 12140 12139)
  (3186 3187 3066 3065 12261 12262 12141 12140)
  (3187 3188 3067 3066 12262 12263 12142 12141)
  (3188 3189 3068 3067 12263 12264 12143 12142)
  (3189 3190 3069 3068 12264 12265 12144 12143)
  (3190 3191 3070 3069 12265 12266 12145 12144)
  (3191 3192 3071 3070 12266 12267 12146 12145)
  (3192 3193 3072 3071 12267 12268 12147 12146)
  (3193 3194 3073 3072 12268 12269 12148 12147)
  (3194 3195 3074 3073 12269 12270 12149 12148)
  (3195 3196 3075 3074 12270 12271 12150 12149)
  (3196 3197 3076 3075 12271 12272 12151 12150)
  (3197 3198 3077 3076 12272 12273 12152 12151)
  (3198 3199 3078 3077 12273 12274 12153 12152)
  (3199 3200 3079 3078 12274 12275 12154 12153)
  (3200 3201 3080 3079 12275 12276 12155 12154)
  (3201 3202 3081 3080 12276 12277 12156 12155)
  (3202 3203 3082 3081 12277 12278 12157 12156)
  (3203 3204 3083 3082 12278 12279 12158 12157)
  (3204 3205 3084 3083 12279 12280 12159 12158)
  (3205 3206 3085 3084 12280 12281 12160 12159)
  (3206 3207 3086 3085 12281 12282 12161 12160)
  (3207 3208 3087 3086 12282 12283 12162 12161)
  (3208 3209 3088 3087 12283 12284 12163 12162)
  (3209 3210 3089 3088 12284 12285 12164 12163)
  (3210 3211 3090 3089 12285 12286 12165 12164)
  (3211 3212 3091 3090 12286 12287 12166 12165)
  (3212 3213 3092 3091 12287 12288 12167 12166)
  (3213 3214 3093 3092 12288 12289 12168 12167)
  (3214 3215 3094 3093 12289 12290 12169 12168)
  (3215 3216 3095 3094 12290 12291 12170 12169)
  (3216 3217 3096 3095 12291 12292 12171 12170)
  (3217 3218 3097 3096 12292 12293 12172 12171)
  (3218 3219 3098 3097 12293 12294 12173 12172)
  (3219 3220 3099 3098 12294 12295 12174 12173)
  (3220 3221 3100 3099 12295 12296 12175 12174)
  (3221 3222 3101 3100 12296 12297 12176 12175)
  (3222 3223 3102 3101 12297 12298 12177 12176)
  (3223 3224 3103 3102 12298 12299 12178 12177)
  (3224 3225 3104 3103 12299 12300 12179 12178)
  (3225 3226 3105 3104 12300 12301 12180 12179)
  (3226 3227 3106 3105 12301 12302 12181 12180)
  (3227 3228 3107 3106 12302 12303 12182 12181)
  (3228 3229 3108 3107 12303 12304 12183 12182)
  (3229 3230 3109 3108 12304 12305 12184 12183)
  (3230 3231 3110 3109 12305 12306 12185 12184)
  (3231 3232 3111 3110 12306 12307 12186 12185)
  (3232 3233 3112 3111 12307 12308 12187 12186)
  (3233 3234 3113 3112 12308 12309 12188 12187)
  (3234 3235 3114 3113 12309 12310 12189 12188)
  (3235 3236 3115 3114 12310 12311 12190 12189)
  (3236 3237 3116 3115 12311 12312 12191 12190)
  (3237 3238 3117 3116 12312 12313 12192 12191)
  (3238 3239 3118 3117 12313 12314 12193 12192)
  (3239 3240 3119 3118 12314 12315 12194 12193)
  (3240 3241 3120 3119 12315 12316 12195 12194)
  (3241 3242 3121 3120 12316 12317 12196 12195)
  (3242 3243 3122 3121 12317 12318 12197 12196)
  (3243 3244 3123 3122 12318 12319 12198 12197)
  (3244 3245 3124 3123 12319 12320 12199 12198)
  (3245 3246 3125 3124 12320 12321 12200 12199)
  (3246 3247 3126 3125 12321 12322 12201 12200)
  (3247 3248 3127 3126 12322 12323 12202 12201)
  (3248 3249 3128 3127 12323 12324 12203 12202)
  (3249 3250 3129 3128 12324 12325 12204 12203)
  (3250 3251 3130 3129 12325 12326 12205 12204)
  (3251 3252 3131 3130 12326 12327 12206 12205)
  (3252 3253 3132 3131 12327 12328 12207 12206)
  (3253 3254 3133 3132 12328 12329 12208 12207)
  (3254 3255 3134 3133 12329 12330 12209 12208)
  (3255 3256 3135 3134 12330 12331 12210 12209)
  (3256 3257 3136 3135 12331 12332 12211 12210)
  (3257 3258 3137 3136 12332 12333 12212 12211)
  (3258 3259 3138 3137 12333 12334 12213 12212)
  (3259 3260 3139 3138 12334 12335 12214 12213)
  (3260 3261 3140 3139 12335 12336 12215 12214)
  (3261 3262 3141 3140 12336 12337 12216 12215)
  (3262 3263 3142 3141 12337 12338 12217 12216)
  (3263 3264 3143 3142 12338 12339 12218 12217)
  (3264 3265 3144 3143 12339 12340 12219 12218)
  (3265 3266 3145 3144 12340 12341 12220 12219)
  (3267 3268 3147 3146 12342 12343 12222 12221)
  (3268 3269 3148 3147 12343 12344 12223 12222)
  (3269 3270 3149 3148 12344 12345 12224 12223)
  (3270 3271 3150 3149 12345 12346 12225 12224)
  (3271 3272 3151 3150 12346 12347 12226 12225)
  (3272 3273 3152 3151 12347 12348 12227 12226)
  (3273 3274 3153 3152 12348 12349 12228 12227)
  (3274 3275 3154 3153 12349 12350 12229 12228)
  (3275 3276 3155 3154 12350 12351 12230 12229)
  (3276 3277 3156 3155 12351 12352 12231 12230)
  (3277 3278 3157 3156 12352 12353 12232 12231)
  (3278 3279 3158 3157 12353 12354 12233 12232)
  (3279 3280 3159 3158 12354 12355 12234 12233)
  (3280 3281 3160 3159 12355 12356 12235 12234)
  (3281 3282 3161 3160 12356 12357 12236 12235)
  (3282 3283 3162 3161 12357 12358 12237 12236)
  (3283 3284 3163 3162 12358 12359 12238 12237)
  (3284 3285 3164 3163 12359 12360 12239 12238)
  (3285 3286 3165 3164 12360 12361 12240 12239)
  (3286 3287 3166 3165 12361 12362 12241 12240)
  (3287 3288 3167 3166 12362 12363 12242 12241)
  (3288 3289 3168 3167 12363 12364 12243 12242)
  (3289 3290 3169 3168 12364 12365 12244 12243)
  (3290 3291 3170 3169 12365 12366 12245 12244)
  (3291 3292 3171 3170 12366 12367 12246 12245)
  (3292 3293 3172 3171 12367 12368 12247 12246)
  (3293 3294 3173 3172 12368 12369 12248 12247)
  (3294 3295 3174 3173 12369 12370 12249 12248)
  (3295 3296 3175 3174 12370 12371 12250 12249)
  (3296 3297 3176 3175 12371 12372 12251 12250)
  (3297 3298 3177 3176 12372 12373 12252 12251)
  (3298 3299 3178 3177 12373 12374 12253 12252)
  (3299 3300 3179 3178 12374 12375 12254 12253)
  (3300 3301 3180 3179 12375 12376 12255 12254)
  (3301 3302 3181 3180 12376 12377 12256 12255)
  (3302 3303 3182 3181 12377 12378 12257 12256)
  (3303 3304 3183 3182 12378 12379 12258 12257)
  (3304 3305 3184 3183 12379 12380 12259 12258)
  (3305 3306 3185 3184 12380 12381 12260 12259)
  (3306 3307 3186 3185 12381 12382 12261 12260)
  (3307 3308 3187 3186 12382 12383 12262 12261)
  (3308 3309 3188 3187 12383 12384 12263 12262)
  (3309 3310 3189 3188 12384 12385 12264 12263)
  (3310 3311 3190 3189 12385 12386 12265 12264)
  (3311 3312 3191 3190 12386 12387 12266 12265)
  (3312 3313 3192 3191 12387 12388 12267 12266)
  (3313 3314 3193 3192 12388 12389 12268 12267)
  (3314 3315 3194 3193 12389 12390 12269 12268)
  (3315 3316 3195 3194 12390 12391 12270 12269)
  (3316 3317 3196 3195 12391 12392 12271 12270)
  (3317 3318 3197 3196 12392 12393 12272 12271)
  (3318 3319 3198 3197 12393 12394 12273 12272)
  (3319 3320 3199 3198 12394 12395 12274 12273)
  (3320 3321 3200 3199 12395 12396 12275 12274)
  (3321 3322 3201 3200 12396 12397 12276 12275)
  (3322 3323 3202 3201 12397 12398 12277 12276)
  (3323 3324 3203 3202 12398 12399 12278 12277)
  (3324 3325 3204 3203 12399 12400 12279 12278)
  (3325 3326 3205 3204 12400 12401 12280 12279)
  (3326 3327 3206 3205 12401 12402 12281 12280)
  (3327 3328 3207 3206 12402 12403 12282 12281)
  (3328 3329 3208 3207 12403 12404 12283 12282)
  (3329 3330 3209 3208 12404 12405 12284 12283)
  (3330 3331 3210 3209 12405 12406 12285 12284)
  (3331 3332 3211 3210 12406 12407 12286 12285)
  (3332 3333 3212 3211 12407 12408 12287 12286)
  (3333 3334 3213 3212 12408 12409 12288 12287)
  (3334 3335 3214 3213 12409 12410 12289 12288)
  (3335 3336 3215 3214 12410 12411 12290 12289)
  (3336 3337 3216 3215 12411 12412 12291 12290)
  (3337 3338 3217 3216 12412 12413 12292 12291)
  (3338 3339 3218 3217 12413 12414 12293 12292)
  (3339 3340 3219 3218 12414 12415 12294 12293)
  (3340 3341 3220 3219 12415 12416 12295 12294)
  (3341 3342 3221 3220 12416 12417 12296 12295)
  (3342 3343 3222 3221 12417 12418 12297 12296)
  (3343 3344 3223 3222 12418 12419 12298 12297)
  (3344 3345 3224 3223 12419 12420 12299 12298)
  (3345 3346 3225 3224 12420 12421 12300 12299)
  (3346 3347 3226 3225 12421 12422 12301 12300)
  (3347 3348 3227 3226 12422 12423 12302 12301)
  (3348 3349 3228 3227 12423 12424 12303 12302)
  (3349 3350 3229 3228 12424 12425 12304 12303)
  (3350 3351 3230 3229 12425 12426 12305 12304)
  (3351 3352 3231 3230 12426 12427 12306 12305)
  (3352 3353 3232 3231 12427 12428 12307 12306)
  (3353 3354 3233 3232 12428 12429 12308 12307)
  (3354 3355 3234 3233 12429 12430 12309 12308)
  (3355 3356 3235 3234 12430 12431 12310 12309)
  (3356 3357 3236 3235 12431 12432 12311 12310)
  (3357 3358 3237 3236 12432 12433 12312 12311)
  (3358 3359 3238 3237 12433 12434 12313 12312)
  (3359 3360 3239 3238 12434 12435 12314 12313)
  (3360 3361 3240 3239 12435 12436 12315 12314)
  (3361 3362 3241 3240 12436 12437 12316 12315)
  (3362 3363 3242 3241 12437 12438 12317 12316)
  (3363 3364 3243 3242 12438 12439 12318 12317)
  (3364 3365 3244 3243 12439 12440 12319 12318)
  (3365 3366 3245 3244 12440 12441 12320 12319)
  (3366 3367 3246 3245 12441 12442 12321 12320)
  (3367 3368 3247 3246 12442 12443 12322 12321)
  (3368 3369 3248 3247 12443 12444 12323 12322)
  (3369 3370 3249 3248 12444 12445 12324 12323)
  (3370 3371 3250 3249 12445 12446 12325 12324)
  (3371 3372 3251 3250 12446 12447 12326 12325)
  (3372 3373 3252 3251 12447 12448 12327 12326)
  (3373 3374 3253 3252 12448 12449 12328 12327)
  (3374 3375 3254 3253 12449 12450 12329 12328)
  (3375 3376 3255 3254 12450 12451 12330 12329)
  (3376 3377 3256 3255 12451 12452 12331 12330)
  (3377 3378 3257 3256 12452 12453 12332 12331)
  (3378 3379 3258 3257 12453 12454 12333 12332)
  (3379 3380 3259 3258 12454 12455 12334 12333)
  (3380 3381 3260 3259 12455 12456 12335 12334)
  (3381 3382 3261 3260 12456 12457 12336 12335)
  (3382 3383 3262 3261 12457 12458 12337 12336)
  (3383 3384 3263 3262 12458 12459 12338 12337)
  (3384 3385 3264 3263 12459 12460 12339 12338)
  (3385 3386 3265 3264 12460 12461 12340 12339)
  (3386 3387 3266 3265 12461 12462 12341 12340)
  (3388 3389 3268 3267 12463 12464 12343 12342)
  (3389 3390 3269 3268 12464 12465 12344 12343)
  (3390 3391 3270 3269 12465 12466 12345 12344)
  (3391 3392 3271 3270 12466 12467 12346 12345)
  (3392 3393 3272 3271 12467 12468 12347 12346)
  (3393 3394 3273 3272 12468 12469 12348 12347)
  (3394 3395 3274 3273 12469 12470 12349 12348)
  (3395 3396 3275 3274 12470 12471 12350 12349)
  (3396 3397 3276 3275 12471 12472 12351 12350)
  (3397 3398 3277 3276 12472 12473 12352 12351)
  (3398 3399 3278 3277 12473 12474 12353 12352)
  (3399 3400 3279 3278 12474 12475 12354 12353)
  (3400 3401 3280 3279 12475 12476 12355 12354)
  (3401 3402 3281 3280 12476 12477 12356 12355)
  (3402 3403 3282 3281 12477 12478 12357 12356)
  (3403 3404 3283 3282 12478 12479 12358 12357)
  (3404 3405 3284 3283 12479 12480 12359 12358)
  (3405 3406 3285 3284 12480 12481 12360 12359)
  (3406 3407 3286 3285 12481 12482 12361 12360)
  (3407 3408 3287 3286 12482 12483 12362 12361)
  (3408 3409 3288 3287 12483 12484 12363 12362)
  (3409 3410 3289 3288 12484 12485 12364 12363)
  (3410 3411 3290 3289 12485 12486 12365 12364)
  (3411 3412 3291 3290 12486 12487 12366 12365)
  (3412 3413 3292 3291 12487 12488 12367 12366)
  (3413 3414 3293 3292 12488 12489 12368 12367)
  (3414 3415 3294 3293 12489 12490 12369 12368)
  (3415 3416 3295 3294 12490 12491 12370 12369)
  (3416 3417 3296 3295 12491 12492 12371 12370)
  (3417 3418 3297 3296 12492 12493 12372 12371)
  (3418 3419 3298 3297 12493 12494 12373 12372)
  (3419 3420 3299 3298 12494 12495 12374 12373)
  (3420 3421 3300 3299 12495 12496 12375 12374)
  (3421 3422 3301 3300 12496 12497 12376 12375)
  (3422 3423 3302 3301 12497 12498 12377 12376)
  (3423 3424 3303 3302 12498 12499 12378 12377)
  (3424 3425 3304 3303 12499 12500 12379 12378)
  (3425 3426 3305 3304 12500 12501 12380 12379)
  (3426 3427 3306 3305 12501 12502 12381 12380)
  (3427 3428 3307 3306 12502 12503 12382 12381)
  (3428 3429 3308 3307 12503 12504 12383 12382)
  (3429 3430 3309 3308 12504 12505 12384 12383)
  (3430 3431 3310 3309 12505 12506 12385 12384)
  (3431 3432 3311 3310 12506 12507 12386 12385)
  (3432 3433 3312 3311 12507 12508 12387 12386)
  (3433 3434 3313 3312 12508 12509 12388 12387)
  (3434 3435 3314 3313 12509 12510 12389 12388)
  (3435 3436 3315 3314 12510 12511 12390 12389)
  (3436 3437 3316 3315 12511 12512 12391 12390)
  (3437 3438 3317 3316 12512 12513 12392 12391)
  (3438 3439 3318 3317 12513 12514 12393 12392)
  (3439 3440 3319 3318 12514 12515 12394 12393)
  (3440 3441 3320 3319 12515 12516 12395 12394)
  (3441 3442 3321 3320 12516 12517 12396 12395)
  (3442 3443 3322 3321 12517 12518 12397 12396)
  (3443 3444 3323 3322 12518 12519 12398 12397)
  (3444 3445 3324 3323 12519 12520 12399 12398)
  (3445 3446 3325 3324 12520 12521 12400 12399)
  (3446 3447 3326 3325 12521 12522 12401 12400)
  (3447 3448 3327 3326 12522 12523 12402 12401)
  (3448 3449 3328 3327 12523 12524 12403 12402)
  (3449 3450 3329 3328 12524 12525 12404 12403)
  (3450 3451 3330 3329 12525 12526 12405 12404)
  (3451 3452 3331 3330 12526 12527 12406 12405)
  (3452 3453 3332 3331 12527 12528 12407 12406)
  (3453 3454 3333 3332 12528 12529 12408 12407)
  (3454 3455 3334 3333 12529 12530 12409 12408)
  (3455 3456 3335 3334 12530 12531 12410 12409)
  (3456 3457 3336 3335 12531 12532 12411 12410)
  (3457 3458 3337 3336 12532 12533 12412 12411)
  (3458 3459 3338 3337 12533 12534 12413 12412)
  (3459 3460 3339 3338 12534 12535 12414 12413)
  (3460 3461 3340 3339 12535 12536 12415 12414)
  (3461 3462 3341 3340 12536 12537 12416 12415)
  (3462 3463 3342 3341 12537 12538 12417 12416)
  (3463 3464 3343 3342 12538 12539 12418 12417)
  (3464 3465 3344 3343 12539 12540 12419 12418)
  (3465 3466 3345 3344 12540 12541 12420 12419)
  (3466 3467 3346 3345 12541 12542 12421 12420)
  (3467 3468 3347 3346 12542 12543 12422 12421)
  (3468 3469 3348 3347 12543 12544 12423 12422)
  (3469 3470 3349 3348 12544 12545 12424 12423)
  (3470 3471 3350 3349 12545 12546 12425 12424)
  (3471 3472 3351 3350 12546 12547 12426 12425)
  (3472 3473 3352 3351 12547 12548 12427 12426)
  (3473 3474 3353 3352 12548 12549 12428 12427)
  (3474 3475 3354 3353 12549 12550 12429 12428)
  (3475 3476 3355 3354 12550 12551 12430 12429)
  (3476 3477 3356 3355 12551 12552 12431 12430)
  (3477 3478 3357 3356 12552 12553 12432 12431)
  (3478 3479 3358 3357 12553 12554 12433 12432)
  (3479 3480 3359 3358 12554 12555 12434 12433)
  (3480 3481 3360 3359 12555 12556 12435 12434)
  (3481 3482 3361 3360 12556 12557 12436 12435)
  (3482 3483 3362 3361 12557 12558 12437 12436)
  (3483 3484 3363 3362 12558 12559 12438 12437)
  (3484 3485 3364 3363 12559 12560 12439 12438)
  (3485 3486 3365 3364 12560 12561 12440 12439)
  (3486 3487 3366 3365 12561 12562 12441 12440)
  (3487 3488 3367 3366 12562 12563 12442 12441)
  (3488 3489 3368 3367 12563 12564 12443 12442)
  (3489 3490 3369 3368 12564 12565 12444 12443)
  (3490 3491 3370 3369 12565 12566 12445 12444)
  (3491 3492 3371 3370 12566 12567 12446 12445)
  (3492 3493 3372 3371 12567 12568 12447 12446)
  (3493 3494 3373 3372 12568 12569 12448 12447)
  (3494 3495 3374 3373 12569 12570 12449 12448)
  (3495 3496 3375 3374 12570 12571 12450 12449)
  (3496 3497 3376 3375 12571 12572 12451 12450)
  (3497 3498 3377 3376 12572 12573 12452 12451)
  (3498 3499 3378 3377 12573 12574 12453 12452)
  (3499 3500 3379 3378 12574 12575 12454 12453)
  (3500 3501 3380 3379 12575 12576 12455 12454)
  (3501 3502 3381 3380 12576 12577 12456 12455)
  (3502 3503 3382 3381 12577 12578 12457 12456)
  (3503 3504 3383 3382 12578 12579 12458 12457)
  (3504 3505 3384 3383 12579 12580 12459 12458)
  (3505 3506 3385 3384 12580 12581 12460 12459)
  (3506 3507 3386 3385 12581 12582 12461 12460)
  (3507 3508 3387 3386 12582 12583 12462 12461)
  (3509 3510 3389 3388 12584 12585 12464 12463)
  (3510 3511 3390 3389 12585 12586 12465 12464)
  (3511 3512 3391 3390 12586 12587 12466 12465)
  (3512 3513 3392 3391 12587 12588 12467 12466)
  (3513 3514 3393 3392 12588 12589 12468 12467)
  (3514 3515 3394 3393 12589 12590 12469 12468)
  (3515 3516 3395 3394 12590 12591 12470 12469)
  (3516 3517 3396 3395 12591 12592 12471 12470)
  (3517 3518 3397 3396 12592 12593 12472 12471)
  (3518 3519 3398 3397 12593 12594 12473 12472)
  (3519 3520 3399 3398 12594 12595 12474 12473)
  (3520 3521 3400 3399 12595 12596 12475 12474)
  (3521 3522 3401 3400 12596 12597 12476 12475)
  (3522 3523 3402 3401 12597 12598 12477 12476)
  (3523 3524 3403 3402 12598 12599 12478 12477)
  (3524 3525 3404 3403 12599 12600 12479 12478)
  (3525 3526 3405 3404 12600 12601 12480 12479)
  (3526 3527 3406 3405 12601 12602 12481 12480)
  (3527 3528 3407 3406 12602 12603 12482 12481)
  (3528 3529 3408 3407 12603 12604 12483 12482)
  (3529 3530 3409 3408 12604 12605 12484 12483)
  (3530 3531 3410 3409 12605 12606 12485 12484)
  (3531 3532 3411 3410 12606 12607 12486 12485)
  (3532 3533 3412 3411 12607 12608 12487 12486)
  (3533 3534 3413 3412 12608 12609 12488 12487)
  (3534 3535 3414 3413 12609 12610 12489 12488)
  (3535 3536 3415 3414 12610 12611 12490 12489)
  (3536 3537 3416 3415 12611 12612 12491 12490)
  (3537 3538 3417 3416 12612 12613 12492 12491)
  (3538 3539 3418 3417 12613 12614 12493 12492)
  (3539 3540 3419 3418 12614 12615 12494 12493)
  (3540 3541 3420 3419 12615 12616 12495 12494)
  (3541 3542 3421 3420 12616 12617 12496 12495)
  (3542 3543 3422 3421 12617 12618 12497 12496)
  (3543 3544 3423 3422 12618 12619 12498 12497)
  (3544 3545 3424 3423 12619 12620 12499 12498)
  (3545 3546 3425 3424 12620 12621 12500 12499)
  (3546 3547 3426 3425 12621 12622 12501 12500)
  (3547 3548 3427 3426 12622 12623 12502 12501)
  (3548 3549 3428 3427 12623 12624 12503 12502)
  (3549 3550 3429 3428 12624 12625 12504 12503)
  (3550 3551 3430 3429 12625 12626 12505 12504)
  (3551 3552 3431 3430 12626 12627 12506 12505)
  (3552 3553 3432 3431 12627 12628 12507 12506)
  (3553 3554 3433 3432 12628 12629 12508 12507)
  (3554 3555 3434 3433 12629 12630 12509 12508)
  (3555 3556 3435 3434 12630 12631 12510 12509)
  (3556 3557 3436 3435 12631 12632 12511 12510)
  (3557 3558 3437 3436 12632 12633 12512 12511)
  (3558 3559 3438 3437 12633 12634 12513 12512)
  (3559 3560 3439 3438 12634 12635 12514 12513)
  (3560 3561 3440 3439 12635 12636 12515 12514)
  (3561 3562 3441 3440 12636 12637 12516 12515)
  (3562 3563 3442 3441 12637 12638 12517 12516)
  (3563 3564 3443 3442 12638 12639 12518 12517)
  (3564 3565 3444 3443 12639 12640 12519 12518)
  (3565 3566 3445 3444 12640 12641 12520 12519)
  (3566 3567 3446 3445 12641 12642 12521 12520)
  (3567 3568 3447 3446 12642 12643 12522 12521)
  (3568 3569 3448 3447 12643 12644 12523 12522)
  (3569 3570 3449 3448 12644 12645 12524 12523)
  (3570 3571 3450 3449 12645 12646 12525 12524)
  (3571 3572 3451 3450 12646 12647 12526 12525)
  (3572 3573 3452 3451 12647 12648 12527 12526)
  (3573 3574 3453 3452 12648 12649 12528 12527)
  (3574 3575 3454 3453 12649 12650 12529 12528)
  (3575 3576 3455 3454 12650 12651 12530 12529)
  (3576 3577 3456 3455 12651 12652 12531 12530)
  (3577 3578 3457 3456 12652 12653 12532 12531)
  (3578 3579 3458 3457 12653 12654 12533 12532)
  (3579 3580 3459 3458 12654 12655 12534 12533)
  (3580 3581 3460 3459 12655 12656 12535 12534)
  (3581 3582 3461 3460 12656 12657 12536 12535)
  (3582 3583 3462 3461 12657 12658 12537 12536)
  (3583 3584 3463 3462 12658 12659 12538 12537)
  (3584 3585 3464 3463 12659 12660 12539 12538)
  (3585 3586 3465 3464 12660 12661 12540 12539)
  (3586 3587 3466 3465 12661 12662 12541 12540)
  (3587 3588 3467 3466 12662 12663 12542 12541)
  (3588 3589 3468 3467 12663 12664 12543 12542)
  (3589 3590 3469 3468 12664 12665 12544 12543)
  (3590 3591 3470 3469 12665 12666 12545 12544)
  (3591 3592 3471 3470 12666 12667 12546 12545)
  (3592 3593 3472 3471 12667 12668 12547 12546)
  (3593 3594 3473 3472 12668 12669 12548 12547)
  (3594 3595 3474 3473 12669 12670 12549 12548)
  (3595 3596 3475 3474 12670 12671 12550 12549)
  (3596 3597 3476 3475 12671 12672 12551 12550)
  (3597 3598 3477 3476 12672 12673 12552 12551)
  (3598 3599 3478 3477 12673 12674 12553 12552)
  (3599 3600 3479 3478 12674 12675 12554 12553)
  (3600 3601 3480 3479 12675 12676 12555 12554)
  (3601 3602 3481 3480 12676 12677 12556 12555)
  (3602 3603 3482 3481 12677 12678 12557 12556)
  (3603 3604 3483 3482 12678 12679 12558 12557)
  (3604 3605 3484 3483 12679 12680 12559 12558)
  (3605 3606 3485 3484 12680 12681 12560 12559)
  (3606 3607 3486 3485 12681 12682 12561 12560)
  (3607 3608 3487 3486 12682 12683 12562 12561)
  (3608 3609 3488 3487 12683 12684 12563 12562)
  (3609 3610 3489 3488 12684 12685 12564 12563)
  (3610 3611 3490 3489 12685 12686 12565 12564)
  (3611 3612 3491 3490 12686 12687 12566 12565)
  (3612 3613 3492 3491 12687 12688 12567 12566)
  (3613 3614 3493 3492 12688 12689 12568 12567)
  (3614 3615 3494 3493 12689 12690 12569 12568)
  (3615 3616 3495 3494 12690 12691 12570 12569)
  (3616 3617 3496 3495 12691 12692 12571 12570)
  (3617 3618 3497 3496 12692 12693 12572 12571)
  (3618 3619 3498 3497 12693 12694 12573 12572)
  (3619 3620 3499 3498 12694 12695 12574 12573)
  (3620 3621 3500 3499 12695 12696 12575 12574)
  (3621 3622 3501 3500 12696 12697 12576 12575)
  (3622 3623 3502 3501 12697 12698 12577 12576)
  (3623 3624 3503 3502 12698 12699 12578 12577)
  (3624 3625 3504 3503 12699 12700 12579 12578)
  (3625 3626 3505 3504 12700 12701 12580 12579)
  (3626 3627 3506 3505 12701 12702 12581 12580)
  (3627 3628 3507 3506 12702 12703 12582 12581)
  (3628 3629 3508 3507 12703 12704 12583 12582)
  (3630 3631 3510 3509 12705 12706 12585 12584)
  (3631 3632 3511 3510 12706 12707 12586 12585)
  (3632 3633 3512 3511 12707 12708 12587 12586)
  (3633 3634 3513 3512 12708 12709 12588 12587)
  (3634 3635 3514 3513 12709 12710 12589 12588)
  (3635 3636 3515 3514 12710 12711 12590 12589)
  (3636 3637 3516 3515 12711 12712 12591 12590)
  (3637 3638 3517 3516 12712 12713 12592 12591)
  (3638 3639 3518 3517 12713 12714 12593 12592)
  (3639 3640 3519 3518 12714 12715 12594 12593)
  (3640 3641 3520 3519 12715 12716 12595 12594)
  (3641 3642 3521 3520 12716 12717 12596 12595)
  (3642 3643 3522 3521 12717 12718 12597 12596)
  (3643 3644 3523 3522 12718 12719 12598 12597)
  (3644 3645 3524 3523 12719 12720 12599 12598)
  (3645 3646 3525 3524 12720 12721 12600 12599)
  (3646 3647 3526 3525 12721 12722 12601 12600)
  (3647 3648 3527 3526 12722 12723 12602 12601)
  (3648 3649 3528 3527 12723 12724 12603 12602)
  (3649 3650 3529 3528 12724 12725 12604 12603)
  (3650 3651 3530 3529 12725 12726 12605 12604)
  (3651 3652 3531 3530 12726 12727 12606 12605)
  (3652 3653 3532 3531 12727 12728 12607 12606)
  (3653 3654 3533 3532 12728 12729 12608 12607)
  (3654 3655 3534 3533 12729 12730 12609 12608)
  (3655 3656 3535 3534 12730 12731 12610 12609)
  (3656 3657 3536 3535 12731 12732 12611 12610)
  (3657 3658 3537 3536 12732 12733 12612 12611)
  (3658 3659 3538 3537 12733 12734 12613 12612)
  (3659 3660 3539 3538 12734 12735 12614 12613)
  (3660 3661 3540 3539 12735 12736 12615 12614)
  (3661 3662 3541 3540 12736 12737 12616 12615)
  (3662 3663 3542 3541 12737 12738 12617 12616)
  (3663 3664 3543 3542 12738 12739 12618 12617)
  (3664 3665 3544 3543 12739 12740 12619 12618)
  (3665 3666 3545 3544 12740 12741 12620 12619)
  (3666 3667 3546 3545 12741 12742 12621 12620)
  (3667 3668 3547 3546 12742 12743 12622 12621)
  (3668 3669 3548 3547 12743 12744 12623 12622)
  (3669 3670 3549 3548 12744 12745 12624 12623)
  (3670 3671 3550 3549 12745 12746 12625 12624)
  (3671 3672 3551 3550 12746 12747 12626 12625)
  (3672 3673 3552 3551 12747 12748 12627 12626)
  (3673 3674 3553 3552 12748 12749 12628 12627)
  (3674 3675 3554 3553 12749 12750 12629 12628)
  (3675 3676 3555 3554 12750 12751 12630 12629)
  (3676 3677 3556 3555 12751 12752 12631 12630)
  (3677 3678 3557 3556 12752 12753 12632 12631)
  (3678 3679 3558 3557 12753 12754 12633 12632)
  (3679 3680 3559 3558 12754 12755 12634 12633)
  (3680 3681 3560 3559 12755 12756 12635 12634)
  (3681 3682 3561 3560 12756 12757 12636 12635)
  (3682 3683 3562 3561 12757 12758 12637 12636)
  (3683 3684 3563 3562 12758 12759 12638 12637)
  (3684 3685 3564 3563 12759 12760 12639 12638)
  (3685 3686 3565 3564 12760 12761 12640 12639)
  (3686 3687 3566 3565 12761 12762 12641 12640)
  (3687 3688 3567 3566 12762 12763 12642 12641)
  (3688 3689 3568 3567 12763 12764 12643 12642)
  (3689 3690 3569 3568 12764 12765 12644 12643)
  (3690 3691 3570 3569 12765 12766 12645 12644)
  (3691 3692 3571 3570 12766 12767 12646 12645)
  (3692 3693 3572 3571 12767 12768 12647 12646)
  (3693 3694 3573 3572 12768 12769 12648 12647)
  (3694 3695 3574 3573 12769 12770 12649 12648)
  (3695 3696 3575 3574 12770 12771 12650 12649)
  (3696 3697 3576 3575 12771 12772 12651 12650)
  (3697 3698 3577 3576 12772 12773 12652 12651)
  (3698 3699 3578 3577 12773 12774 12653 12652)
  (3699 3700 3579 3578 12774 12775 12654 12653)
  (3700 3701 3580 3579 12775 12776 12655 12654)
  (3701 3702 3581 3580 12776 12777 12656 12655)
  (3702 3703 3582 3581 12777 12778 12657 12656)
  (3703 3704 3583 3582 12778 12779 12658 12657)
  (3704 3705 3584 3583 12779 12780 12659 12658)
  (3705 3706 3585 3584 12780 12781 12660 12659)
  (3706 3707 3586 3585 12781 12782 12661 12660)
  (3707 3708 3587 3586 12782 12783 12662 12661)
  (3708 3709 3588 3587 12783 12784 12663 12662)
  (3709 3710 3589 3588 12784 12785 12664 12663)
  (3710 3711 3590 3589 12785 12786 12665 12664)
  (3711 3712 3591 3590 12786 12787 12666 12665)
  (3712 3713 3592 3591 12787 12788 12667 12666)
  (3713 3714 3593 3592 12788 12789 12668 12667)
  (3714 3715 3594 3593 12789 12790 12669 12668)
  (3715 3716 3595 3594 12790 12791 12670 12669)
  (3716 3717 3596 3595 12791 12792 12671 12670)
  (3717 3718 3597 3596 12792 12793 12672 12671)
  (3718 3719 3598 3597 12793 12794 12673 12672)
  (3719 3720 3599 3598 12794 12795 12674 12673)
  (3720 3721 3600 3599 12795 12796 12675 12674)
  (3721 3722 3601 3600 12796 12797 12676 12675)
  (3722 3723 3602 3601 12797 12798 12677 12676)
  (3723 3724 3603 3602 12798 12799 12678 12677)
  (3724 3725 3604 3603 12799 12800 12679 12678)
  (3725 3726 3605 3604 12800 12801 12680 12679)
  (3726 3727 3606 3605 12801 12802 12681 12680)
  (3727 3728 3607 3606 12802 12803 12682 12681)
  (3728 3729 3608 3607 12803 12804 12683 12682)
  (3729 3730 3609 3608 12804 12805 12684 12683)
  (3730 3731 3610 3609 12805 12806 12685 12684)
  (3731 3732 3611 3610 12806 12807 12686 12685)
  (3732 3733 3612 3611 12807 12808 12687 12686)
  (3733 3734 3613 3612 12808 12809 12688 12687)
  (3734 3735 3614 3613 12809 12810 12689 12688)
  (3735 3736 3615 3614 12810 12811 12690 12689)
  (3736 3737 3616 3615 12811 12812 12691 12690)
  (3737 3738 3617 3616 12812 12813 12692 12691)
  (3738 3739 3618 3617 12813 12814 12693 12692)
  (3739 3740 3619 3618 12814 12815 12694 12693)
  (3740 3741 3620 3619 12815 12816 12695 12694)
  (3741 3742 3621 3620 12816 12817 12696 12695)
  (3742 3743 3622 3621 12817 12818 12697 12696)
  (3743 3744 3623 3622 12818 12819 12698 12697)
  (3744 3745 3624 3623 12819 12820 12699 12698)
  (3745 3746 3625 3624 12820 12821 12700 12699)
  (3746 3747 3626 3625 12821 12822 12701 12700)
  (3747 3748 3627 3626 12822 12823 12702 12701)
  (3748 3749 3628 3627 12823 12824 12703 12702)
  (3749 3750 3629 3628 12824 12825 12704 12703)
  (3751 3752 3631 3630 12826 12827 12706 12705)
  (3752 3753 3632 3631 12827 12828 12707 12706)
  (3753 3754 3633 3632 12828 12829 12708 12707)
  (3754 3755 3634 3633 12829 12830 12709 12708)
  (3755 3756 3635 3634 12830 12831 12710 12709)
  (3756 3757 3636 3635 12831 12832 12711 12710)
  (3757 3758 3637 3636 12832 12833 12712 12711)
  (3758 3759 3638 3637 12833 12834 12713 12712)
  (3759 3760 3639 3638 12834 12835 12714 12713)
  (3760 3761 3640 3639 12835 12836 12715 12714)
  (3761 3762 3641 3640 12836 12837 12716 12715)
  (3762 3763 3642 3641 12837 12838 12717 12716)
  (3763 3764 3643 3642 12838 12839 12718 12717)
  (3764 3765 3644 3643 12839 12840 12719 12718)
  (3765 3766 3645 3644 12840 12841 12720 12719)
  (3766 3767 3646 3645 12841 12842 12721 12720)
  (3767 3768 3647 3646 12842 12843 12722 12721)
  (3768 3769 3648 3647 12843 12844 12723 12722)
  (3769 3770 3649 3648 12844 12845 12724 12723)
  (3770 3771 3650 3649 12845 12846 12725 12724)
  (3771 3772 3651 3650 12846 12847 12726 12725)
  (3772 3773 3652 3651 12847 12848 12727 12726)
  (3773 3774 3653 3652 12848 12849 12728 12727)
  (3774 3775 3654 3653 12849 12850 12729 12728)
  (3775 3776 3655 3654 12850 12851 12730 12729)
  (3776 3777 3656 3655 12851 12852 12731 12730)
  (3777 3778 3657 3656 12852 12853 12732 12731)
  (3778 3779 3658 3657 12853 12854 12733 12732)
  (3779 3780 3659 3658 12854 12855 12734 12733)
  (3780 3781 3660 3659 12855 12856 12735 12734)
  (3781 3782 3661 3660 12856 12857 12736 12735)
  (3782 3783 3662 3661 12857 12858 12737 12736)
  (3783 3784 3663 3662 12858 12859 12738 12737)
  (3784 3785 3664 3663 12859 12860 12739 12738)
  (3785 3786 3665 3664 12860 12861 12740 12739)
  (3786 3787 3666 3665 12861 12862 12741 12740)
  (3787 3788 3667 3666 12862 12863 12742 12741)
  (3788 3789 3668 3667 12863 12864 12743 12742)
  (3789 3790 3669 3668 12864 12865 12744 12743)
  (3790 3791 3670 3669 12865 12866 12745 12744)
  (3791 3792 3671 3670 12866 12867 12746 12745)
  (3792 3793 3672 3671 12867 12868 12747 12746)
  (3793 3794 3673 3672 12868 12869 12748 12747)
  (3794 3795 3674 3673 12869 12870 12749 12748)
  (3795 3796 3675 3674 12870 12871 12750 12749)
  (3796 3797 3676 3675 12871 12872 12751 12750)
  (3797 3798 3677 3676 12872 12873 12752 12751)
  (3798 3799 3678 3677 12873 12874 12753 12752)
  (3799 3800 3679 3678 12874 12875 12754 12753)
  (3800 3801 3680 3679 12875 12876 12755 12754)
  (3801 3802 3681 3680 12876 12877 12756 12755)
  (3802 3803 3682 3681 12877 12878 12757 12756)
  (3803 3804 3683 3682 12878 12879 12758 12757)
  (3804 3805 3684 3683 12879 12880 12759 12758)
  (3805 3806 3685 3684 12880 12881 12760 12759)
  (3806 3807 3686 3685 12881 12882 12761 12760)
  (3807 3808 3687 3686 12882 12883 12762 12761)
  (3808 3809 3688 3687 12883 12884 12763 12762)
  (3809 3810 3689 3688 12884 12885 12764 12763)
  (3810 3811 3690 3689 12885 12886 12765 12764)
  (3811 3812 3691 3690 12886 12887 12766 12765)
  (3812 3813 3692 3691 12887 12888 12767 12766)
  (3813 3814 3693 3692 12888 12889 12768 12767)
  (3814 3815 3694 3693 12889 12890 12769 12768)
  (3815 3816 3695 3694 12890 12891 12770 12769)
  (3816 3817 3696 3695 12891 12892 12771 12770)
  (3817 3818 3697 3696 12892 12893 12772 12771)
  (3818 3819 3698 3697 12893 12894 12773 12772)
  (3819 3820 3699 3698 12894 12895 12774 12773)
  (3820 3821 3700 3699 12895 12896 12775 12774)
  (3821 3822 3701 3700 12896 12897 12776 12775)
  (3822 3823 3702 3701 12897 12898 12777 12776)
  (3823 3824 3703 3702 12898 12899 12778 12777)
  (3824 3825 3704 3703 12899 12900 12779 12778)
  (3825 3826 3705 3704 12900 12901 12780 12779)
  (3826 3827 3706 3705 12901 12902 12781 12780)
  (3827 3828 3707 3706 12902 12903 12782 12781)
  (3828 3829 3708 3707 12903 12904 12783 12782)
  (3829 3830 3709 3708 12904 12905 12784 12783)
  (3830 3831 3710 3709 12905 12906 12785 12784)
  (3831 3832 3711 3710 12906 12907 12786 12785)
  (3832 3833 3712 3711 12907 12908 12787 12786)
  (3833 3834 3713 3712 12908 12909 12788 12787)
  (3834 3835 3714 3713 12909 12910 12789 12788)
  (3835 3836 3715 3714 12910 12911 12790 12789)
  (3836 3837 3716 3715 12911 12912 12791 12790)
  (3837 3838 3717 3716 12912 12913 12792 12791)
  (3838 3839 3718 3717 12913 12914 12793 12792)
  (3839 3840 3719 3718 12914 12915 12794 12793)
  (3840 3841 3720 3719 12915 12916 12795 12794)
  (3841 3842 3721 3720 12916 12917 12796 12795)
  (3842 3843 3722 3721 12917 12918 12797 12796)
  (3843 3844 3723 3722 12918 12919 12798 12797)
  (3844 3845 3724 3723 12919 12920 12799 12798)
  (3845 3846 3725 3724 12920 12921 12800 12799)
  (3846 3847 3726 3725 12921 12922 12801 12800)
  (3847 3848 3727 3726 12922 12923 12802 12801)
  (3848 3849 3728 3727 12923 12924 12803 12802)
  (3849 3850 3729 3728 12924 12925 12804 12803)
  (3850 3851 3730 3729 12925 12926 12805 12804)
  (3851 3852 3731 3730 12926 12927 12806 12805)
  (3852 3853 3732 3731 12927 12928 12807 12806)
  (3853 3854 3733 3732 12928 12929 12808 12807)
  (3854 3855 3734 3733 12929 12930 12809 12808)
  (3855 3856 3735 3734 12930 12931 12810 12809)
  (3856 3857 3736 3735 12931 12932 12811 12810)
  (3857 3858 3737 3736 12932 12933 12812 12811)
  (3858 3859 3738 3737 12933 12934 12813 12812)
  (3859 3860 3739 3738 12934 12935 12814 12813)
  (3860 3861 3740 3739 12935 12936 12815 12814)
  (3861 3862 3741 3740 12936 12937 12816 12815)
  (3862 3863 3742 3741 12937 12938 12817 12816)
  (3863 3864 3743 3742 12938 12939 12818 12817)
  (3864 3865 3744 3743 12939 12940 12819 12818)
  (3865 3866 3745 3744 12940 12941 12820 12819)
  (3866 3867 3746 3745 12941 12942 12821 12820)
  (3867 3868 3747 3746 12942 12943 12822 12821)
  (3868 3869 3748 3747 12943 12944 12823 12822)
  (3869 3870 3749 3748 12944 12945 12824 12823)
  (3870 3871 3750 3749 12945 12946 12825 12824)
  (3872 3873 3752 3751 12947 12948 12827 12826)
  (3873 3874 3753 3752 12948 12949 12828 12827)
  (3874 3875 3754 3753 12949 12950 12829 12828)
  (3875 3876 3755 3754 12950 12951 12830 12829)
  (3876 3877 3756 3755 12951 12952 12831 12830)
  (3877 3878 3757 3756 12952 12953 12832 12831)
  (3878 3879 3758 3757 12953 12954 12833 12832)
  (3879 3880 3759 3758 12954 12955 12834 12833)
  (3880 3881 3760 3759 12955 12956 12835 12834)
  (3881 3882 3761 3760 12956 12957 12836 12835)
  (3882 3883 3762 3761 12957 12958 12837 12836)
  (3883 3884 3763 3762 12958 12959 12838 12837)
  (3884 3885 3764 3763 12959 12960 12839 12838)
  (3885 3886 3765 3764 12960 12961 12840 12839)
  (3886 3887 3766 3765 12961 12962 12841 12840)
  (3887 3888 3767 3766 12962 12963 12842 12841)
  (3888 3889 3768 3767 12963 12964 12843 12842)
  (3889 3890 3769 3768 12964 12965 12844 12843)
  (3890 3891 3770 3769 12965 12966 12845 12844)
  (3891 3892 3771 3770 12966 12967 12846 12845)
  (3892 3893 3772 3771 12967 12968 12847 12846)
  (3893 3894 3773 3772 12968 12969 12848 12847)
  (3894 3895 3774 3773 12969 12970 12849 12848)
  (3895 3896 3775 3774 12970 12971 12850 12849)
  (3896 3897 3776 3775 12971 12972 12851 12850)
  (3897 3898 3777 3776 12972 12973 12852 12851)
  (3898 3899 3778 3777 12973 12974 12853 12852)
  (3899 3900 3779 3778 12974 12975 12854 12853)
  (3900 3901 3780 3779 12975 12976 12855 12854)
  (3901 3902 3781 3780 12976 12977 12856 12855)
  (3902 3903 3782 3781 12977 12978 12857 12856)
  (3903 3904 3783 3782 12978 12979 12858 12857)
  (3904 3905 3784 3783 12979 12980 12859 12858)
  (3905 3906 3785 3784 12980 12981 12860 12859)
  (3906 3907 3786 3785 12981 12982 12861 12860)
  (3907 3908 3787 3786 12982 12983 12862 12861)
  (3908 3909 3788 3787 12983 12984 12863 12862)
  (3909 3910 3789 3788 12984 12985 12864 12863)
  (3910 3911 3790 3789 12985 12986 12865 12864)
  (3911 3912 3791 3790 12986 12987 12866 12865)
  (3912 3913 3792 3791 12987 12988 12867 12866)
  (3913 3914 3793 3792 12988 12989 12868 12867)
  (3914 3915 3794 3793 12989 12990 12869 12868)
  (3915 3916 3795 3794 12990 12991 12870 12869)
  (3916 3917 3796 3795 12991 12992 12871 12870)
  (3917 3918 3797 3796 12992 12993 12872 12871)
  (3918 3919 3798 3797 12993 12994 12873 12872)
  (3919 3920 3799 3798 12994 12995 12874 12873)
  (3920 3921 3800 3799 12995 12996 12875 12874)
  (3921 3922 3801 3800 12996 12997 12876 12875)
  (3922 3923 3802 3801 12997 12998 12877 12876)
  (3923 3924 3803 3802 12998 12999 12878 12877)
  (3924 3925 3804 3803 12999 13000 12879 12878)
  (3925 3926 3805 3804 13000 13001 12880 12879)
  (3926 3927 3806 3805 13001 13002 12881 12880)
  (3927 3928 3807 3806 13002 13003 12882 12881)
  (3928 3929 3808 3807 13003 13004 12883 12882)
  (3929 3930 3809 3808 13004 13005 12884 12883)
  (3930 3931 3810 3809 13005 13006 12885 12884)
  (3931 3932 3811 3810 13006 13007 12886 12885)
  (3932 3933 3812 3811 13007 13008 12887 12886)
  (3933 3934 3813 3812 13008 13009 12888 12887)
  (3934 3935 3814 3813 13009 13010 12889 12888)
  (3935 3936 3815 3814 13010 13011 12890 12889)
  (3936 3937 3816 3815 13011 13012 12891 12890)
  (3937 3938 3817 3816 13012 13013 12892 12891)
  (3938 3939 3818 3817 13013 13014 12893 12892)
  (3939 3940 3819 3818 13014 13015 12894 12893)
  (3940 3941 3820 3819 13015 13016 12895 12894)
  (3941 3942 3821 3820 13016 13017 12896 12895)
  (3942 3943 3822 3821 13017 13018 12897 12896)
  (3943 3944 3823 3822 13018 13019 12898 12897)
  (3944 3945 3824 3823 13019 13020 12899 12898)
  (3945 3946 3825 3824 13020 13021 12900 12899)
  (3946 3947 3826 3825 13021 13022 12901 12900)
  (3947 3948 3827 3826 13022 13023 12902 12901)
  (3948 3949 3828 3827 13023 13024 12903 12902)
  (3949 3950 3829 3828 13024 13025 12904 12903)
  (3950 3951 3830 3829 13025 13026 12905 12904)
  (3951 3952 3831 3830 13026 13027 12906 12905)
  (3952 3953 3832 3831 13027 13028 12907 12906)
  (3953 3954 3833 3832 13028 13029 12908 12907)
  (3954 3955 3834 3833 13029 13030 12909 12908)
  (3955 3956 3835 3834 13030 13031 12910 12909)
  (3956 3957 3836 3835 13031 13032 12911 12910)
  (3957 3958 3837 3836 13032 13033 12912 12911)
  (3958 3959 3838 3837 13033 13034 12913 12912)
  (3959 3960 3839 3838 13034 13035 12914 12913)
  (3960 3961 3840 3839 13035 13036 12915 12914)
  (3961 3962 3841 3840 13036 13037 12916 12915)
  (3962 3963 3842 3841 13037 13038 12917 12916)
  (3963 3964 3843 3842 13038 13039 12918 12917)
  (3964 3965 3844 3843 13039 13040 12919 12918)
  (3965 3966 3845 3844 13040 13041 12920 12919)
  (3966 3967 3846 3845 13041 13042 12921 12920)
  (3967 3968 3847 3846 13042 13043 12922 12921)
  (3968 3969 3848 3847 13043 13044 12923 12922)
  (3969 3970 3849 3848 13044 13045 12924 12923)
  (3970 3971 3850 3849 13045 13046 12925 12924)
  (3971 3972 3851 3850 13046 13047 12926 12925)
  (3972 3973 3852 3851 13047 13048 12927 12926)
  (3973 3974 3853 3852 13048 13049 12928 12927)
  (3974 3975 3854 3853 13049 13050 12929 12928)
  (3975 3976 3855 3854 13050 13051 12930 12929)
  (3976 3977 3856 3855 13051 13052 12931 12930)
  (3977 3978 3857 3856 13052 13053 12932 12931)
  (3978 3979 3858 3857 13053 13054 12933 12932)
  (3979 3980 3859 3858 13054 13055 12934 12933)
  (3980 3981 3860 3859 13055 13056 12935 12934)
  (3981 3982 3861 3860 13056 13057 12936 12935)
  (3982 3983 3862 3861 13057 13058 12937 12936)
  (3983 3984 3863 3862 13058 13059 12938 12937)
  (3984 3985 3864 3863 13059 13060 12939 12938)
  (3985 3986 3865 3864 13060 13061 12940 12939)
  (3986 3987 3866 3865 13061 13062 12941 12940)
  (3987 3988 3867 3866 13062 13063 12942 12941)
  (3988 3989 3868 3867 13063 13064 12943 12942)
  (3989 3990 3869 3868 13064 13065 12944 12943)
  (3990 3991 3870 3869 13065 13066 12945 12944)
  (3991 3992 3871 3870 13066 13067 12946 12945)
  (3993 3994 3873 3872 13068 13069 12948 12947)
  (3994 3995 3874 3873 13069 13070 12949 12948)
  (3995 3996 3875 3874 13070 13071 12950 12949)
  (3996 3997 3876 3875 13071 13072 12951 12950)
  (3997 3998 3877 3876 13072 13073 12952 12951)
  (3998 3999 3878 3877 13073 13074 12953 12952)
  (3999 4000 3879 3878 13074 13075 12954 12953)
  (4000 4001 3880 3879 13075 13076 12955 12954)
  (4001 4002 3881 3880 13076 13077 12956 12955)
  (4002 4003 3882 3881 13077 13078 12957 12956)
  (4003 4004 3883 3882 13078 13079 12958 12957)
  (4004 4005 3884 3883 13079 13080 12959 12958)
  (4005 4006 3885 3884 13080 13081 12960 12959)
  (4006 4007 3886 3885 13081 13082 12961 12960)
  (4007 4008 3887 3886 13082 13083 12962 12961)
  (4008 4009 3888 3887 13083 13084 12963 12962)
  (4009 4010 3889 3888 13084 13085 12964 12963)
  (4010 4011 3890 3889 13085 13086 12965 12964)
  (4011 4012 3891 3890 13086 13087 12966 12965)
  (4012 4013 3892 3891 13087 13088 12967 12966)
  (4013 4014 3893 3892 13088 13089 12968 12967)
  (4014 4015 3894 3893 13089 13090 12969 12968)
  (4015 4016 3895 3894 13090 13091 12970 12969)
  (4016 4017 3896 3895 13091 13092 12971 12970)
  (4017 4018 3897 3896 13092 13093 12972 12971)
  (4018 4019 3898 3897 13093 13094 12973 12972)
  (4019 4020 3899 3898 13094 13095 12974 12973)
  (4020 4021 3900 3899 13095 13096 12975 12974)
  (4021 4022 3901 3900 13096 13097 12976 12975)
  (4022 4023 3902 3901 13097 13098 12977 12976)
  (4023 4024 3903 3902 13098 13099 12978 12977)
  (4024 4025 3904 3903 13099 13100 12979 12978)
  (4025 4026 3905 3904 13100 13101 12980 12979)
  (4026 4027 3906 3905 13101 13102 12981 12980)
  (4027 4028 3907 3906 13102 13103 12982 12981)
  (4028 4029 3908 3907 13103 13104 12983 12982)
  (4029 4030 3909 3908 13104 13105 12984 12983)
  (4030 4031 3910 3909 13105 13106 12985 12984)
  (4031 4032 3911 3910 13106 13107 12986 12985)
  (4032 4033 3912 3911 13107 13108 12987 12986)
  (4033 4034 3913 3912 13108 13109 12988 12987)
  (4034 4035 3914 3913 13109 13110 12989 12988)
  (4035 4036 3915 3914 13110 13111 12990 12989)
  (4036 4037 3916 3915 13111 13112 12991 12990)
  (4037 4038 3917 3916 13112 13113 12992 12991)
  (4038 4039 3918 3917 13113 13114 12993 12992)
  (4039 4040 3919 3918 13114 13115 12994 12993)
  (4040 4041 3920 3919 13115 13116 12995 12994)
  (4041 4042 3921 3920 13116 13117 12996 12995)
  (4042 4043 3922 3921 13117 13118 12997 12996)
  (4043 4044 3923 3922 13118 13119 12998 12997)
  (4044 4045 3924 3923 13119 13120 12999 12998)
  (4045 4046 3925 3924 13120 13121 13000 12999)
  (4046 4047 3926 3925 13121 13122 13001 13000)
  (4047 4048 3927 3926 13122 13123 13002 13001)
  (4048 4049 3928 3927 13123 13124 13003 13002)
  (4049 4050 3929 3928 13124 13125 13004 13003)
  (4050 4051 3930 3929 13125 13126 13005 13004)
  (4051 4052 3931 3930 13126 13127 13006 13005)
  (4052 4053 3932 3931 13127 13128 13007 13006)
  (4053 4054 3933 3932 13128 13129 13008 13007)
  (4054 4055 3934 3933 13129 13130 13009 13008)
  (4055 4056 3935 3934 13130 13131 13010 13009)
  (4056 4057 3936 3935 13131 13132 13011 13010)
  (4057 4058 3937 3936 13132 13133 13012 13011)
  (4058 4059 3938 3937 13133 13134 13013 13012)
  (4059 4060 3939 3938 13134 13135 13014 13013)
  (4060 4061 3940 3939 13135 13136 13015 13014)
  (4061 4062 3941 3940 13136 13137 13016 13015)
  (4062 4063 3942 3941 13137 13138 13017 13016)
  (4063 4064 3943 3942 13138 13139 13018 13017)
  (4064 4065 3944 3943 13139 13140 13019 13018)
  (4065 4066 3945 3944 13140 13141 13020 13019)
  (4066 4067 3946 3945 13141 13142 13021 13020)
  (4067 4068 3947 3946 13142 13143 13022 13021)
  (4068 4069 3948 3947 13143 13144 13023 13022)
  (4069 4070 3949 3948 13144 13145 13024 13023)
  (4070 4071 3950 3949 13145 13146 13025 13024)
  (4071 4072 3951 3950 13146 13147 13026 13025)
  (4072 4073 3952 3951 13147 13148 13027 13026)
  (4073 4074 3953 3952 13148 13149 13028 13027)
  (4074 4075 3954 3953 13149 13150 13029 13028)
  (4075 4076 3955 3954 13150 13151 13030 13029)
  (4076 4077 3956 3955 13151 13152 13031 13030)
  (4077 4078 3957 3956 13152 13153 13032 13031)
  (4078 4079 3958 3957 13153 13154 13033 13032)
  (4079 4080 3959 3958 13154 13155 13034 13033)
  (4080 4081 3960 3959 13155 13156 13035 13034)
  (4081 4082 3961 3960 13156 13157 13036 13035)
  (4082 4083 3962 3961 13157 13158 13037 13036)
  (4083 4084 3963 3962 13158 13159 13038 13037)
  (4084 4085 3964 3963 13159 13160 13039 13038)
  (4085 4086 3965 3964 13160 13161 13040 13039)
  (4086 4087 3966 3965 13161 13162 13041 13040)
  (4087 4088 3967 3966 13162 13163 13042 13041)
  (4088 4089 3968 3967 13163 13164 13043 13042)
  (4089 4090 3969 3968 13164 13165 13044 13043)
  (4090 4091 3970 3969 13165 13166 13045 13044)
  (4091 4092 3971 3970 13166 13167 13046 13045)
  (4092 4093 3972 3971 13167 13168 13047 13046)
  (4093 4094 3973 3972 13168 13169 13048 13047)
  (4094 4095 3974 3973 13169 13170 13049 13048)
  (4095 4096 3975 3974 13170 13171 13050 13049)
  (4096 4097 3976 3975 13171 13172 13051 13050)
  (4097 4098 3977 3976 13172 13173 13052 13051)
  (4098 4099 3978 3977 13173 13174 13053 13052)
  (4099 4100 3979 3978 13174 13175 13054 13053)
  (4100 4101 3980 3979 13175 13176 13055 13054)
  (4101 4102 3981 3980 13176 13177 13056 13055)
  (4102 4103 3982 3981 13177 13178 13057 13056)
  (4103 4104 3983 3982 13178 13179 13058 13057)
  (4104 4105 3984 3983 13179 13180 13059 13058)
  (4105 4106 3985 3984 13180 13181 13060 13059)
  (4106 4107 3986 3985 13181 13182 13061 13060)
  (4107 4108 3987 3986 13182 13183 13062 13061)
  (4108 4109 3988 3987 13183 13184 13063 13062)
  (4109 4110 3989 3988 13184 13185 13064 13063)
  (4110 4111 3990 3989 13185 13186 13065 13064)
  (4111 4112 3991 3990 13186 13187 13066 13065)
  (4112 4113 3992 3991 13187 13188 13067 13066)
  (4114 4115 3994 3993 13189 13190 13069 13068)
  (4115 4116 3995 3994 13190 13191 13070 13069)
  (4116 4117 3996 3995 13191 13192 13071 13070)
  (4117 4118 3997 3996 13192 13193 13072 13071)
  (4118 4119 3998 3997 13193 13194 13073 13072)
  (4119 4120 3999 3998 13194 13195 13074 13073)
  (4120 4121 4000 3999 13195 13196 13075 13074)
  (4121 4122 4001 4000 13196 13197 13076 13075)
  (4122 4123 4002 4001 13197 13198 13077 13076)
  (4123 4124 4003 4002 13198 13199 13078 13077)
  (4124 4125 4004 4003 13199 13200 13079 13078)
  (4125 4126 4005 4004 13200 13201 13080 13079)
  (4126 4127 4006 4005 13201 13202 13081 13080)
  (4127 4128 4007 4006 13202 13203 13082 13081)
  (4128 4129 4008 4007 13203 13204 13083 13082)
  (4129 4130 4009 4008 13204 13205 13084 13083)
  (4130 4131 4010 4009 13205 13206 13085 13084)
  (4131 4132 4011 4010 13206 13207 13086 13085)
  (4132 4133 4012 4011 13207 13208 13087 13086)
  (4133 4134 4013 4012 13208 13209 13088 13087)
  (4134 4135 4014 4013 13209 13210 13089 13088)
  (4135 4136 4015 4014 13210 13211 13090 13089)
  (4136 4137 4016 4015 13211 13212 13091 13090)
  (4137 4138 4017 4016 13212 13213 13092 13091)
  (4138 4139 4018 4017 13213 13214 13093 13092)
  (4139 4140 4019 4018 13214 13215 13094 13093)
  (4140 4141 4020 4019 13215 13216 13095 13094)
  (4141 4142 4021 4020 13216 13217 13096 13095)
  (4142 4143 4022 4021 13217 13218 13097 13096)
  (4143 4144 4023 4022 13218 13219 13098 13097)
  (4144 4145 4024 4023 13219 13220 13099 13098)
  (4145 4146 4025 4024 13220 13221 13100 13099)
  (4146 4147 4026 4025 13221 13222 13101 13100)
  (4147 4148 4027 4026 13222 13223 13102 13101)
  (4148 4149 4028 4027 13223 13224 13103 13102)
  (4149 4150 4029 4028 13224 13225 13104 13103)
  (4150 4151 4030 4029 13225 13226 13105 13104)
  (4151 4152 4031 4030 13226 13227 13106 13105)
  (4152 4153 4032 4031 13227 13228 13107 13106)
  (4153 4154 4033 4032 13228 13229 13108 13107)
  (4154 4155 4034 4033 13229 13230 13109 13108)
  (4155 4156 4035 4034 13230 13231 13110 13109)
  (4156 4157 4036 4035 13231 13232 13111 13110)
  (4157 4158 4037 4036 13232 13233 13112 13111)
  (4158 4159 4038 4037 13233 13234 13113 13112)
  (4159 4160 4039 4038 13234 13235 13114 13113)
  (4160 4161 4040 4039 13235 13236 13115 13114)
  (4161 4162 4041 4040 13236 13237 13116 13115)
  (4162 4163 4042 4041 13237 13238 13117 13116)
  (4163 4164 4043 4042 13238 13239 13118 13117)
  (4164 4165 4044 4043 13239 13240 13119 13118)
  (4165 4166 4045 4044 13240 13241 13120 13119)
  (4166 4167 4046 4045 13241 13242 13121 13120)
  (4167 4168 4047 4046 13242 13243 13122 13121)
  (4168 4169 4048 4047 13243 13244 13123 13122)
  (4169 4170 4049 4048 13244 13245 13124 13123)
  (4170 4171 4050 4049 13245 13246 13125 13124)
  (4171 4172 4051 4050 13246 13247 13126 13125)
  (4172 4173 4052 4051 13247 13248 13127 13126)
  (4173 4174 4053 4052 13248 13249 13128 13127)
  (4174 4175 4054 4053 13249 13250 13129 13128)
  (4175 4176 4055 4054 13250 13251 13130 13129)
  (4176 4177 4056 4055 13251 13252 13131 13130)
  (4177 4178 4057 4056 13252 13253 13132 13131)
  (4178 4179 4058 4057 13253 13254 13133 13132)
  (4179 4180 4059 4058 13254 13255 13134 13133)
  (4180 4181 4060 4059 13255 13256 13135 13134)
  (4181 4182 4061 4060 13256 13257 13136 13135)
  (4182 4183 4062 4061 13257 13258 13137 13136)
  (4183 4184 4063 4062 13258 13259 13138 13137)
  (4184 4185 4064 4063 13259 13260 13139 13138)
  (4185 4186 4065 4064 13260 13261 13140 13139)
  (4186 4187 4066 4065 13261 13262 13141 13140)
  (4187 4188 4067 4066 13262 13263 13142 13141)
  (4188 4189 4068 4067 13263 13264 13143 13142)
  (4189 4190 4069 4068 13264 13265 13144 13143)
  (4190 4191 4070 4069 13265 13266 13145 13144)
  (4191 4192 4071 4070 13266 13267 13146 13145)
  (4192 4193 4072 4071 13267 13268 13147 13146)
  (4193 4194 4073 4072 13268 13269 13148 13147)
  (4194 4195 4074 4073 13269 13270 13149 13148)
  (4195 4196 4075 4074 13270 13271 13150 13149)
  (4196 4197 4076 4075 13271 13272 13151 13150)
  (4197 4198 4077 4076 13272 13273 13152 13151)
  (4198 4199 4078 4077 13273 13274 13153 13152)
  (4199 4200 4079 4078 13274 13275 13154 13153)
  (4200 4201 4080 4079 13275 13276 13155 13154)
  (4201 4202 4081 4080 13276 13277 13156 13155)
  (4202 4203 4082 4081 13277 13278 13157 13156)
  (4203 4204 4083 4082 13278 13279 13158 13157)
  (4204 4205 4084 4083 13279 13280 13159 13158)
  (4205 4206 4085 4084 13280 13281 13160 13159)
  (4206 4207 4086 4085 13281 13282 13161 13160)
  (4207 4208 4087 4086 13282 13283 13162 13161)
  (4208 4209 4088 4087 13283 13284 13163 13162)
  (4209 4210 4089 4088 13284 13285 13164 13163)
  (4210 4211 4090 4089 13285 13286 13165 13164)
  (4211 4212 4091 4090 13286 13287 13166 13165)
  (4212 4213 4092 4091 13287 13288 13167 13166)
  (4213 4214 4093 4092 13288 13289 13168 13167)
  (4214 4215 4094 4093 13289 13290 13169 13168)
  (4215 4216 4095 4094 13290 13291 13170 13169)
  (4216 4217 4096 4095 13291 13292 13171 13170)
  (4217 4218 4097 4096 13292 13293 13172 13171)
  (4218 4219 4098 4097 13293 13294 13173 13172)
  (4219 4220 4099 4098 13294 13295 13174 13173)
  (4220 4221 4100 4099 13295 13296 13175 13174)
  (4221 4222 4101 4100 13296 13297 13176 13175)
  (4222 4223 4102 4101 13297 13298 13177 13176)
  (4223 4224 4103 4102 13298 13299 13178 13177)
  (4224 4225 4104 4103 13299 13300 13179 13178)
  (4225 4226 4105 4104 13300 13301 13180 13179)
  (4226 4227 4106 4105 13301 13302 13181 13180)
  (4227 4228 4107 4106 13302 13303 13182 13181)
  (4228 4229 4108 4107 13303 13304 13183 13182)
  (4229 4230 4109 4108 13304 13305 13184 13183)
  (4230 4231 4110 4109 13305 13306 13185 13184)
  (4231 4232 4111 4110 13306 13307 13186 13185)
  (4232 4233 4112 4111 13307 13308 13187 13186)
  (4233 4234 4113 4112 13308 13309 13188 13187)
  (4235 4236 4115 4114 13310 13311 13190 13189)
  (4236 4237 4116 4115 13311 13312 13191 13190)
  (4237 4238 4117 4116 13312 13313 13192 13191)
  (4238 4239 4118 4117 13313 13314 13193 13192)
  (4239 4240 4119 4118 13314 13315 13194 13193)
  (4240 4241 4120 4119 13315 13316 13195 13194)
  (4241 4242 4121 4120 13316 13317 13196 13195)
  (4242 4243 4122 4121 13317 13318 13197 13196)
  (4243 4244 4123 4122 13318 13319 13198 13197)
  (4244 4245 4124 4123 13319 13320 13199 13198)
  (4245 4246 4125 4124 13320 13321 13200 13199)
  (4246 4247 4126 4125 13321 13322 13201 13200)
  (4247 4248 4127 4126 13322 13323 13202 13201)
  (4248 4249 4128 4127 13323 13324 13203 13202)
  (4249 4250 4129 4128 13324 13325 13204 13203)
  (4250 4251 4130 4129 13325 13326 13205 13204)
  (4251 4252 4131 4130 13326 13327 13206 13205)
  (4252 4253 4132 4131 13327 13328 13207 13206)
  (4253 4254 4133 4132 13328 13329 13208 13207)
  (4254 4255 4134 4133 13329 13330 13209 13208)
  (4255 4256 4135 4134 13330 13331 13210 13209)
  (4256 4257 4136 4135 13331 13332 13211 13210)
  (4257 4258 4137 4136 13332 13333 13212 13211)
  (4258 4259 4138 4137 13333 13334 13213 13212)
  (4259 4260 4139 4138 13334 13335 13214 13213)
  (4260 4261 4140 4139 13335 13336 13215 13214)
  (4261 4262 4141 4140 13336 13337 13216 13215)
  (4262 4263 4142 4141 13337 13338 13217 13216)
  (4263 4264 4143 4142 13338 13339 13218 13217)
  (4264 4265 4144 4143 13339 13340 13219 13218)
  (4265 4266 4145 4144 13340 13341 13220 13219)
  (4266 4267 4146 4145 13341 13342 13221 13220)
  (4267 4268 4147 4146 13342 13343 13222 13221)
  (4268 4269 4148 4147 13343 13344 13223 13222)
  (4269 4270 4149 4148 13344 13345 13224 13223)
  (4270 4271 4150 4149 13345 13346 13225 13224)
  (4271 4272 4151 4150 13346 13347 13226 13225)
  (4272 4273 4152 4151 13347 13348 13227 13226)
  (4273 4274 4153 4152 13348 13349 13228 13227)
  (4274 4275 4154 4153 13349 13350 13229 13228)
  (4275 4276 4155 4154 13350 13351 13230 13229)
  (4276 4277 4156 4155 13351 13352 13231 13230)
  (4277 4278 4157 4156 13352 13353 13232 13231)
  (4278 4279 4158 4157 13353 13354 13233 13232)
  (4279 4280 4159 4158 13354 13355 13234 13233)
  (4280 4281 4160 4159 13355 13356 13235 13234)
  (4281 4282 4161 4160 13356 13357 13236 13235)
  (4282 4283 4162 4161 13357 13358 13237 13236)
  (4283 4284 4163 4162 13358 13359 13238 13237)
  (4284 4285 4164 4163 13359 13360 13239 13238)
  (4285 4286 4165 4164 13360 13361 13240 13239)
  (4286 4287 4166 4165 13361 13362 13241 13240)
  (4287 4288 4167 4166 13362 13363 13242 13241)
  (4288 4289 4168 4167 13363 13364 13243 13242)
  (4289 4290 4169 4168 13364 13365 13244 13243)
  (4290 4291 4170 4169 13365 13366 13245 13244)
  (4291 4292 4171 4170 13366 13367 13246 13245)
  (4292 4293 4172 4171 13367 13368 13247 13246)
  (4293 4294 4173 4172 13368 13369 13248 13247)
  (4294 4295 4174 4173 13369 13370 13249 13248)
  (4295 4296 4175 4174 13370 13371 13250 13249)
  (4296 4297 4176 4175 13371 13372 13251 13250)
  (4297 4298 4177 4176 13372 13373 13252 13251)
  (4298 4299 4178 4177 13373 13374 13253 13252)
  (4299 4300 4179 4178 13374 13375 13254 13253)
  (4300 4301 4180 4179 13375 13376 13255 13254)
  (4301 4302 4181 4180 13376 13377 13256 13255)
  (4302 4303 4182 4181 13377 13378 13257 13256)
  (4303 4304 4183 4182 13378 13379 13258 13257)
  (4304 4305 4184 4183 13379 13380 13259 13258)
  (4305 4306 4185 4184 13380 13381 13260 13259)
  (4306 4307 4186 4185 13381 13382 13261 13260)
  (4307 4308 4187 4186 13382 13383 13262 13261)
  (4308 4309 4188 4187 13383 13384 13263 13262)
  (4309 4310 4189 4188 13384 13385 13264 13263)
  (4310 4311 4190 4189 13385 13386 13265 13264)
  (4311 4312 4191 4190 13386 13387 13266 13265)
  (4312 4313 4192 4191 13387 13388 13267 13266)
  (4313 4314 4193 4192 13388 13389 13268 13267)
  (4314 4315 4194 4193 13389 13390 13269 13268)
  (4315 4316 4195 4194 13390 13391 13270 13269)
  (4316 4317 4196 4195 13391 13392 13271 13270)
  (4317 4318 4197 4196 13392 13393 13272 13271)
  (4318 4319 4198 4197 13393 13394 13273 13272)
  (4319 4320 4199 4198 13394 13395 13274 13273)
  (4320 4321 4200 4199 13395 13396 13275 13274)
  (4321 4322 4201 4200 13396 13397 13276 13275)
  (4322 4323 4202 4201 13397 13398 13277 13276)
  (4323 4324 4203 4202 13398 13399 13278 13277)
  (4324 4325 4204 4203 13399 13400 13279 13278)
  (4325 4326 4205 4204 13400 13401 13280 13279)
  (4326 4327 4206 4205 13401 13402 13281 13280)
  (4327 4328 4207 4206 13402 13403 13282 13281)
  (4328 4329 4208 4207 13403 13404 13283 13282)
  (4329 4330 4209 4208 13404 13405 13284 13283)
  (4330 4331 4210 4209 13405 13406 13285 13284)
  (4331 4332 4211 4210 13406 13407 13286 13285)
  (4332 4333 4212 4211 13407 13408 13287 13286)
  (4333 4334 4213 4212 13408 13409 13288 13287)
  (4334 4335 4214 4213 13409 13410 13289 13288)
  (4335 4336 4215 4214 13410 13411 13290 13289)
  (4336 4337 4216 4215 13411 13412 13291 13290)
  (4337 4338 4217 4216 13412 13413 13292 13291)
  (4338 4339 4218 4217 13413 13414 13293 13292)
  (4339 4340 4219 4218 13414 13415 13294 13293)
  (4340 4341 4220 4219 13415 13416 13295 13294)
  (4341 4342 4221 4220 13416 13417 13296 13295)
  (4342 4343 4222 4221 13417 13418 13297 13296)
  (4343 4344 4223 4222 13418 13419 13298 13297)
  (4344 4345 4224 4223 13419 13420 13299 13298)
  (4345 4346 4225 4224 13420 13421 13300 13299)
  (4346 4347 4226 4225 13421 13422 13301 13300)
  (4347 4348 4227 4226 13422 13423 13302 13301)
  (4348 4349 4228 4227 13423 13424 13303 13302)
  (4349 4350 4229 4228 13424 13425 13304 13303)
  (4350 4351 4230 4229 13425 13426 13305 13304)
  (4351 4352 4231 4230 13426 13427 13306 13305)
  (4352 4353 4232 4231 13427 13428 13307 13306)
  (4353 4354 4233 4232 13428 13429 13308 13307)
  (4354 4355 4234 4233 13429 13430 13309 13308)
  (4356 4357 4236 4235 13431 13432 13311 13310)
  (4357 4358 4237 4236 13432 13433 13312 13311)
  (4358 4359 4238 4237 13433 13434 13313 13312)
  (4359 4360 4239 4238 13434 13435 13314 13313)
  (4360 4361 4240 4239 13435 13436 13315 13314)
  (4361 4362 4241 4240 13436 13437 13316 13315)
  (4362 4363 4242 4241 13437 13438 13317 13316)
  (4363 4364 4243 4242 13438 13439 13318 13317)
  (4364 4365 4244 4243 13439 13440 13319 13318)
  (4365 4366 4245 4244 13440 13441 13320 13319)
  (4366 4367 4246 4245 13441 13442 13321 13320)
  (4367 4368 4247 4246 13442 13443 13322 13321)
  (4368 4369 4248 4247 13443 13444 13323 13322)
  (4369 4370 4249 4248 13444 13445 13324 13323)
  (4370 4371 4250 4249 13445 13446 13325 13324)
  (4371 4372 4251 4250 13446 13447 13326 13325)
  (4372 4373 4252 4251 13447 13448 13327 13326)
  (4373 4374 4253 4252 13448 13449 13328 13327)
  (4374 4375 4254 4253 13449 13450 13329 13328)
  (4375 4376 4255 4254 13450 13451 13330 13329)
  (4376 4377 4256 4255 13451 13452 13331 13330)
  (4377 4378 4257 4256 13452 13453 13332 13331)
  (4378 4379 4258 4257 13453 13454 13333 13332)
  (4379 4380 4259 4258 13454 13455 13334 13333)
  (4380 4381 4260 4259 13455 13456 13335 13334)
  (4381 4382 4261 4260 13456 13457 13336 13335)
  (4382 4383 4262 4261 13457 13458 13337 13336)
  (4383 4384 4263 4262 13458 13459 13338 13337)
  (4384 4385 4264 4263 13459 13460 13339 13338)
  (4385 4386 4265 4264 13460 13461 13340 13339)
  (4386 4387 4266 4265 13461 13462 13341 13340)
  (4387 4388 4267 4266 13462 13463 13342 13341)
  (4388 4389 4268 4267 13463 13464 13343 13342)
  (4389 4390 4269 4268 13464 13465 13344 13343)
  (4390 4391 4270 4269 13465 13466 13345 13344)
  (4391 4392 4271 4270 13466 13467 13346 13345)
  (4392 4393 4272 4271 13467 13468 13347 13346)
  (4393 4394 4273 4272 13468 13469 13348 13347)
  (4394 4395 4274 4273 13469 13470 13349 13348)
  (4395 4396 4275 4274 13470 13471 13350 13349)
  (4396 4397 4276 4275 13471 13472 13351 13350)
  (4397 4398 4277 4276 13472 13473 13352 13351)
  (4398 4399 4278 4277 13473 13474 13353 13352)
  (4399 4400 4279 4278 13474 13475 13354 13353)
  (4400 4401 4280 4279 13475 13476 13355 13354)
  (4401 4402 4281 4280 13476 13477 13356 13355)
  (4402 4403 4282 4281 13477 13478 13357 13356)
  (4403 4404 4283 4282 13478 13479 13358 13357)
  (4404 4405 4284 4283 13479 13480 13359 13358)
  (4405 4406 4285 4284 13480 13481 13360 13359)
  (4406 4407 4286 4285 13481 13482 13361 13360)
  (4407 4408 4287 4286 13482 13483 13362 13361)
  (4408 4409 4288 4287 13483 13484 13363 13362)
  (4409 4410 4289 4288 13484 13485 13364 13363)
  (4410 4411 4290 4289 13485 13486 13365 13364)
  (4411 4412 4291 4290 13486 13487 13366 13365)
  (4412 4413 4292 4291 13487 13488 13367 13366)
  (4413 4414 4293 4292 13488 13489 13368 13367)
  (4414 4415 4294 4293 13489 13490 13369 13368)
  (4415 4416 4295 4294 13490 13491 13370 13369)
  (4416 4417 4296 4295 13491 13492 13371 13370)
  (4417 4418 4297 4296 13492 13493 13372 13371)
  (4418 4419 4298 4297 13493 13494 13373 13372)
  (4419 4420 4299 4298 13494 13495 13374 13373)
  (4420 4421 4300 4299 13495 13496 13375 13374)
  (4421 4422 4301 4300 13496 13497 13376 13375)
  (4422 4423 4302 4301 13497 13498 13377 13376)
  (4423 4424 4303 4302 13498 13499 13378 13377)
  (4424 4425 4304 4303 13499 13500 13379 13378)
  (4425 4426 4305 4304 13500 13501 13380 13379)
  (4426 4427 4306 4305 13501 13502 13381 13380)
  (4427 4428 4307 4306 13502 13503 13382 13381)
  (4428 4429 4308 4307 13503 13504 13383 13382)
  (4429 4430 4309 4308 13504 13505 13384 13383)
  (4430 4431 4310 4309 13505 13506 13385 13384)
  (4431 4432 4311 4310 13506 13507 13386 13385)
  (4432 4433 4312 4311 13507 13508 13387 13386)
  (4433 4434 4313 4312 13508 13509 13388 13387)
  (4434 4435 4314 4313 13509 13510 13389 13388)
  (4435 4436 4315 4314 13510 13511 13390 13389)
  (4436 4437 4316 4315 13511 13512 13391 13390)
  (4437 4438 4317 4316 13512 13513 13392 13391)
  (4438 4439 4318 4317 13513 13514 13393 13392)
  (4439 4440 4319 4318 13514 13515 13394 13393)
  (4440 4441 4320 4319 13515 13516 13395 13394)
  (4441 4442 4321 4320 13516 13517 13396 13395)
  (4442 4443 4322 4321 13517 13518 13397 13396)
  (4443 4444 4323 4322 13518 13519 13398 13397)
  (4444 4445 4324 4323 13519 13520 13399 13398)
  (4445 4446 4325 4324 13520 13521 13400 13399)
  (4446 4447 4326 4325 13521 13522 13401 13400)
  (4447 4448 4327 4326 13522 13523 13402 13401)
  (4448 4449 4328 4327 13523 13524 13403 13402)
  (4449 4450 4329 4328 13524 13525 13404 13403)
  (4450 4451 4330 4329 13525 13526 13405 13404)
  (4451 4452 4331 4330 13526 13527 13406 13405)
  (4452 4453 4332 4331 13527 13528 13407 13406)
  (4453 4454 4333 4332 13528 13529 13408 13407)
  (4454 4455 4334 4333 13529 13530 13409 13408)
  (4455 4456 4335 4334 13530 13531 13410 13409)
  (4456 4457 4336 4335 13531 13532 13411 13410)
  (4457 4458 4337 4336 13532 13533 13412 13411)
  (4458 4459 4338 4337 13533 13534 13413 13412)
  (4459 4460 4339 4338 13534 13535 13414 13413)
  (4460 4461 4340 4339 13535 13536 13415 13414)
  (4461 4462 4341 4340 13536 13537 13416 13415)
  (4462 4463 4342 4341 13537 13538 13417 13416)
  (4463 4464 4343 4342 13538 13539 13418 13417)
  (4464 4465 4344 4343 13539 13540 13419 13418)
  (4465 4466 4345 4344 13540 13541 13420 13419)
  (4466 4467 4346 4345 13541 13542 13421 13420)
  (4467 4468 4347 4346 13542 13543 13422 13421)
  (4468 4469 4348 4347 13543 13544 13423 13422)
  (4469 4470 4349 4348 13544 13545 13424 13423)
  (4470 4471 4350 4349 13545 13546 13425 13424)
  (4471 4472 4351 4350 13546 13547 13426 13425)
  (4472 4473 4352 4351 13547 13548 13427 13426)
  (4473 4474 4353 4352 13548 13549 13428 13427)
  (4474 4475 4354 4353 13549 13550 13429 13428)
  (4475 4476 4355 4354 13550 13551 13430 13429)
  (4477 4478 4357 4356 13552 13553 13432 13431)
  (4478 4479 4358 4357 13553 13554 13433 13432)
  (4479 4480 4359 4358 13554 13555 13434 13433)
  (4480 4481 4360 4359 13555 13556 13435 13434)
  (4481 4482 4361 4360 13556 13557 13436 13435)
  (4482 4483 4362 4361 13557 13558 13437 13436)
  (4483 4484 4363 4362 13558 13559 13438 13437)
  (4484 4485 4364 4363 13559 13560 13439 13438)
  (4485 4486 4365 4364 13560 13561 13440 13439)
  (4486 4487 4366 4365 13561 13562 13441 13440)
  (4487 4488 4367 4366 13562 13563 13442 13441)
  (4488 4489 4368 4367 13563 13564 13443 13442)
  (4489 4490 4369 4368 13564 13565 13444 13443)
  (4490 4491 4370 4369 13565 13566 13445 13444)
  (4491 4492 4371 4370 13566 13567 13446 13445)
  (4492 4493 4372 4371 13567 13568 13447 13446)
  (4493 4494 4373 4372 13568 13569 13448 13447)
  (4494 4495 4374 4373 13569 13570 13449 13448)
  (4495 4496 4375 4374 13570 13571 13450 13449)
  (4496 4497 4376 4375 13571 13572 13451 13450)
  (4497 4498 4377 4376 13572 13573 13452 13451)
  (4498 4499 4378 4377 13573 13574 13453 13452)
  (4499 4500 4379 4378 13574 13575 13454 13453)
  (4500 4501 4380 4379 13575 13576 13455 13454)
  (4501 4502 4381 4380 13576 13577 13456 13455)
  (4502 4503 4382 4381 13577 13578 13457 13456)
  (4503 4504 4383 4382 13578 13579 13458 13457)
  (4504 4505 4384 4383 13579 13580 13459 13458)
  (4505 4506 4385 4384 13580 13581 13460 13459)
  (4506 4507 4386 4385 13581 13582 13461 13460)
  (4507 4508 4387 4386 13582 13583 13462 13461)
  (4508 4509 4388 4387 13583 13584 13463 13462)
  (4509 4510 4389 4388 13584 13585 13464 13463)
  (4510 4511 4390 4389 13585 13586 13465 13464)
  (4511 4512 4391 4390 13586 13587 13466 13465)
  (4512 4513 4392 4391 13587 13588 13467 13466)
  (4513 4514 4393 4392 13588 13589 13468 13467)
  (4514 4515 4394 4393 13589 13590 13469 13468)
  (4515 4516 4395 4394 13590 13591 13470 13469)
  (4516 4517 4396 4395 13591 13592 13471 13470)
  (4517 4518 4397 4396 13592 13593 13472 13471)
  (4518 4519 4398 4397 13593 13594 13473 13472)
  (4519 4520 4399 4398 13594 13595 13474 13473)
  (4520 4521 4400 4399 13595 13596 13475 13474)
  (4521 4522 4401 4400 13596 13597 13476 13475)
  (4522 4523 4402 4401 13597 13598 13477 13476)
  (4523 4524 4403 4402 13598 13599 13478 13477)
  (4524 4525 4404 4403 13599 13600 13479 13478)
  (4525 4526 4405 4404 13600 13601 13480 13479)
  (4526 4527 4406 4405 13601 13602 13481 13480)
  (4527 4528 4407 4406 13602 13603 13482 13481)
  (4528 4529 4408 4407 13603 13604 13483 13482)
  (4529 4530 4409 4408 13604 13605 13484 13483)
  (4530 4531 4410 4409 13605 13606 13485 13484)
  (4531 4532 4411 4410 13606 13607 13486 13485)
  (4532 4533 4412 4411 13607 13608 13487 13486)
  (4533 4534 4413 4412 13608 13609 13488 13487)
  (4534 4535 4414 4413 13609 13610 13489 13488)
  (4535 4536 4415 4414 13610 13611 13490 13489)
  (4536 4537 4416 4415 13611 13612 13491 13490)
  (4537 4538 4417 4416 13612 13613 13492 13491)
  (4538 4539 4418 4417 13613 13614 13493 13492)
  (4539 4540 4419 4418 13614 13615 13494 13493)
  (4540 4541 4420 4419 13615 13616 13495 13494)
  (4541 4542 4421 4420 13616 13617 13496 13495)
  (4542 4543 4422 4421 13617 13618 13497 13496)
  (4543 4544 4423 4422 13618 13619 13498 13497)
  (4544 4545 4424 4423 13619 13620 13499 13498)
  (4545 4546 4425 4424 13620 13621 13500 13499)
  (4546 4547 4426 4425 13621 13622 13501 13500)
  (4547 4548 4427 4426 13622 13623 13502 13501)
  (4548 4549 4428 4427 13623 13624 13503 13502)
  (4549 4550 4429 4428 13624 13625 13504 13503)
  (4550 4551 4430 4429 13625 13626 13505 13504)
  (4551 4552 4431 4430 13626 13627 13506 13505)
  (4552 4553 4432 4431 13627 13628 13507 13506)
  (4553 4554 4433 4432 13628 13629 13508 13507)
  (4554 4555 4434 4433 13629 13630 13509 13508)
  (4555 4556 4435 4434 13630 13631 13510 13509)
  (4556 4557 4436 4435 13631 13632 13511 13510)
  (4557 4558 4437 4436 13632 13633 13512 13511)
  (4558 4559 4438 4437 13633 13634 13513 13512)
  (4559 4560 4439 4438 13634 13635 13514 13513)
  (4560 4561 4440 4439 13635 13636 13515 13514)
  (4561 4562 4441 4440 13636 13637 13516 13515)
  (4562 4563 4442 4441 13637 13638 13517 13516)
  (4563 4564 4443 4442 13638 13639 13518 13517)
  (4564 4565 4444 4443 13639 13640 13519 13518)
  (4565 4566 4445 4444 13640 13641 13520 13519)
  (4566 4567 4446 4445 13641 13642 13521 13520)
  (4567 4568 4447 4446 13642 13643 13522 13521)
  (4568 4569 4448 4447 13643 13644 13523 13522)
  (4569 4570 4449 4448 13644 13645 13524 13523)
  (4570 4571 4450 4449 13645 13646 13525 13524)
  (4571 4572 4451 4450 13646 13647 13526 13525)
  (4572 4573 4452 4451 13647 13648 13527 13526)
  (4573 4574 4453 4452 13648 13649 13528 13527)
  (4574 4575 4454 4453 13649 13650 13529 13528)
  (4575 4576 4455 4454 13650 13651 13530 13529)
  (4576 4577 4456 4455 13651 13652 13531 13530)
  (4577 4578 4457 4456 13652 13653 13532 13531)
  (4578 4579 4458 4457 13653 13654 13533 13532)
  (4579 4580 4459 4458 13654 13655 13534 13533)
  (4580 4581 4460 4459 13655 13656 13535 13534)
  (4581 4582 4461 4460 13656 13657 13536 13535)
  (4582 4583 4462 4461 13657 13658 13537 13536)
  (4583 4584 4463 4462 13658 13659 13538 13537)
  (4584 4585 4464 4463 13659 13660 13539 13538)
  (4585 4586 4465 4464 13660 13661 13540 13539)
  (4586 4587 4466 4465 13661 13662 13541 13540)
  (4587 4588 4467 4466 13662 13663 13542 13541)
  (4588 4589 4468 4467 13663 13664 13543 13542)
  (4589 4590 4469 4468 13664 13665 13544 13543)
  (4590 4591 4470 4469 13665 13666 13545 13544)
  (4591 4592 4471 4470 13666 13667 13546 13545)
  (4592 4593 4472 4471 13667 13668 13547 13546)
  (4593 4594 4473 4472 13668 13669 13548 13547)
  (4594 4595 4474 4473 13669 13670 13549 13548)
  (4595 4596 4475 4474 13670 13671 13550 13549)
  (4596 4597 4476 4475 13671 13672 13551 13550)
  (4598 4599 4478 4477 13673 13674 13553 13552)
  (4599 4600 4479 4478 13674 13675 13554 13553)
  (4600 4601 4480 4479 13675 13676 13555 13554)
  (4601 4602 4481 4480 13676 13677 13556 13555)
  (4602 4603 4482 4481 13677 13678 13557 13556)
  (4603 4604 4483 4482 13678 13679 13558 13557)
  (4604 4605 4484 4483 13679 13680 13559 13558)
  (4605 4606 4485 4484 13680 13681 13560 13559)
  (4606 4607 4486 4485 13681 13682 13561 13560)
  (4607 4608 4487 4486 13682 13683 13562 13561)
  (4608 4609 4488 4487 13683 13684 13563 13562)
  (4609 4610 4489 4488 13684 13685 13564 13563)
  (4610 4611 4490 4489 13685 13686 13565 13564)
  (4611 4612 4491 4490 13686 13687 13566 13565)
  (4612 4613 4492 4491 13687 13688 13567 13566)
  (4613 4614 4493 4492 13688 13689 13568 13567)
  (4614 4615 4494 4493 13689 13690 13569 13568)
  (4615 4616 4495 4494 13690 13691 13570 13569)
  (4616 4617 4496 4495 13691 13692 13571 13570)
  (4617 4618 4497 4496 13692 13693 13572 13571)
  (4618 4619 4498 4497 13693 13694 13573 13572)
  (4619 4620 4499 4498 13694 13695 13574 13573)
  (4620 4621 4500 4499 13695 13696 13575 13574)
  (4621 4622 4501 4500 13696 13697 13576 13575)
  (4622 4623 4502 4501 13697 13698 13577 13576)
  (4623 4624 4503 4502 13698 13699 13578 13577)
  (4624 4625 4504 4503 13699 13700 13579 13578)
  (4625 4626 4505 4504 13700 13701 13580 13579)
  (4626 4627 4506 4505 13701 13702 13581 13580)
  (4627 4628 4507 4506 13702 13703 13582 13581)
  (4628 4629 4508 4507 13703 13704 13583 13582)
  (4629 4630 4509 4508 13704 13705 13584 13583)
  (4630 4631 4510 4509 13705 13706 13585 13584)
  (4631 4632 4511 4510 13706 13707 13586 13585)
  (4632 4633 4512 4511 13707 13708 13587 13586)
  (4633 4634 4513 4512 13708 13709 13588 13587)
  (4634 4635 4514 4513 13709 13710 13589 13588)
  (4635 4636 4515 4514 13710 13711 13590 13589)
  (4636 4637 4516 4515 13711 13712 13591 13590)
  (4637 4638 4517 4516 13712 13713 13592 13591)
  (4638 4639 4518 4517 13713 13714 13593 13592)
  (4639 4640 4519 4518 13714 13715 13594 13593)
  (4640 4641 4520 4519 13715 13716 13595 13594)
  (4641 4642 4521 4520 13716 13717 13596 13595)
  (4642 4643 4522 4521 13717 13718 13597 13596)
  (4643 4644 4523 4522 13718 13719 13598 13597)
  (4644 4645 4524 4523 13719 13720 13599 13598)
  (4645 4646 4525 4524 13720 13721 13600 13599)
  (4646 4647 4526 4525 13721 13722 13601 13600)
  (4647 4648 4527 4526 13722 13723 13602 13601)
  (4648 4649 4528 4527 13723 13724 13603 13602)
  (4649 4650 4529 4528 13724 13725 13604 13603)
  (4650 4651 4530 4529 13725 13726 13605 13604)
  (4651 4652 4531 4530 13726 13727 13606 13605)
  (4652 4653 4532 4531 13727 13728 13607 13606)
  (4653 4654 4533 4532 13728 13729 13608 13607)
  (4654 4655 4534 4533 13729 13730 13609 13608)
  (4655 4656 4535 4534 13730 13731 13610 13609)
  (4656 4657 4536 4535 13731 13732 13611 13610)
  (4657 4658 4537 4536 13732 13733 13612 13611)
  (4658 4659 4538 4537 13733 13734 13613 13612)
  (4659 4660 4539 4538 13734 13735 13614 13613)
  (4660 4661 4540 4539 13735 13736 13615 13614)
  (4661 4662 4541 4540 13736 13737 13616 13615)
  (4662 4663 4542 4541 13737 13738 13617 13616)
  (4663 4664 4543 4542 13738 13739 13618 13617)
  (4664 4665 4544 4543 13739 13740 13619 13618)
  (4665 4666 4545 4544 13740 13741 13620 13619)
  (4666 4667 4546 4545 13741 13742 13621 13620)
  (4667 4668 4547 4546 13742 13743 13622 13621)
  (4668 4669 4548 4547 13743 13744 13623 13622)
  (4669 4670 4549 4548 13744 13745 13624 13623)
  (4670 4671 4550 4549 13745 13746 13625 13624)
  (4671 4672 4551 4550 13746 13747 13626 13625)
  (4672 4673 4552 4551 13747 13748 13627 13626)
  (4673 4674 4553 4552 13748 13749 13628 13627)
  (4674 4675 4554 4553 13749 13750 13629 13628)
  (4675 4676 4555 4554 13750 13751 13630 13629)
  (4676 4677 4556 4555 13751 13752 13631 13630)
  (4677 4678 4557 4556 13752 13753 13632 13631)
  (4678 4679 4558 4557 13753 13754 13633 13632)
  (4679 4680 4559 4558 13754 13755 13634 13633)
  (4680 4681 4560 4559 13755 13756 13635 13634)
  (4681 4682 4561 4560 13756 13757 13636 13635)
  (4682 4683 4562 4561 13757 13758 13637 13636)
  (4683 4684 4563 4562 13758 13759 13638 13637)
  (4684 4685 4564 4563 13759 13760 13639 13638)
  (4685 4686 4565 4564 13760 13761 13640 13639)
  (4686 4687 4566 4565 13761 13762 13641 13640)
  (4687 4688 4567 4566 13762 13763 13642 13641)
  (4688 4689 4568 4567 13763 13764 13643 13642)
  (4689 4690 4569 4568 13764 13765 13644 13643)
  (4690 4691 4570 4569 13765 13766 13645 13644)
  (4691 4692 4571 4570 13766 13767 13646 13645)
  (4692 4693 4572 4571 13767 13768 13647 13646)
  (4693 4694 4573 4572 13768 13769 13648 13647)
  (4694 4695 4574 4573 13769 13770 13649 13648)
  (4695 4696 4575 4574 13770 13771 13650 13649)
  (4696 4697 4576 4575 13771 13772 13651 13650)
  (4697 4698 4577 4576 13772 13773 13652 13651)
  (4698 4699 4578 4577 13773 13774 13653 13652)
  (4699 4700 4579 4578 13774 13775 13654 13653)
  (4700 4701 4580 4579 13775 13776 13655 13654)
  (4701 4702 4581 4580 13776 13777 13656 13655)
  (4702 4703 4582 4581 13777 13778 13657 13656)
  (4703 4704 4583 4582 13778 13779 13658 13657)
  (4704 4705 4584 4583 13779 13780 13659 13658)
  (4705 4706 4585 4584 13780 13781 13660 13659)
  (4706 4707 4586 4585 13781 13782 13661 13660)
  (4707 4708 4587 4586 13782 13783 13662 13661)
  (4708 4709 4588 4587 13783 13784 13663 13662)
  (4709 4710 4589 4588 13784 13785 13664 13663)
  (4710 4711 4590 4589 13785 13786 13665 13664)
  (4711 4712 4591 4590 13786 13787 13666 13665)
  (4712 4713 4592 4591 13787 13788 13667 13666)
  (4713 4714 4593 4592 13788 13789 13668 13667)
  (4714 4715 4594 4593 13789 13790 13669 13668)
  (4715 4716 4595 4594 13790 13791 13670 13669)
  (4716 4717 4596 4595 13791 13792 13671 13670)
  (4717 4718 4597 4596 13792 13793 13672 13671)
  (4719 4720 4599 4598 13794 13795 13674 13673)
  (4720 4721 4600 4599 13795 13796 13675 13674)
  (4721 4722 4601 4600 13796 13797 13676 13675)
  (4722 4723 4602 4601 13797 13798 13677 13676)
  (4723 4724 4603 4602 13798 13799 13678 13677)
  (4724 4725 4604 4603 13799 13800 13679 13678)
  (4725 4726 4605 4604 13800 13801 13680 13679)
  (4726 4727 4606 4605 13801 13802 13681 13680)
  (4727 4728 4607 4606 13802 13803 13682 13681)
  (4728 4729 4608 4607 13803 13804 13683 13682)
  (4729 4730 4609 4608 13804 13805 13684 13683)
  (4730 4731 4610 4609 13805 13806 13685 13684)
  (4731 4732 4611 4610 13806 13807 13686 13685)
  (4732 4733 4612 4611 13807 13808 13687 13686)
  (4733 4734 4613 4612 13808 13809 13688 13687)
  (4734 4735 4614 4613 13809 13810 13689 13688)
  (4735 4736 4615 4614 13810 13811 13690 13689)
  (4736 4737 4616 4615 13811 13812 13691 13690)
  (4737 4738 4617 4616 13812 13813 13692 13691)
  (4738 4739 4618 4617 13813 13814 13693 13692)
  (4739 4740 4619 4618 13814 13815 13694 13693)
  (4740 4741 4620 4619 13815 13816 13695 13694)
  (4741 4742 4621 4620 13816 13817 13696 13695)
  (4742 4743 4622 4621 13817 13818 13697 13696)
  (4743 4744 4623 4622 13818 13819 13698 13697)
  (4744 4745 4624 4623 13819 13820 13699 13698)
  (4745 4746 4625 4624 13820 13821 13700 13699)
  (4746 4747 4626 4625 13821 13822 13701 13700)
  (4747 4748 4627 4626 13822 13823 13702 13701)
  (4748 4749 4628 4627 13823 13824 13703 13702)
  (4749 4750 4629 4628 13824 13825 13704 13703)
  (4750 4751 4630 4629 13825 13826 13705 13704)
  (4751 4752 4631 4630 13826 13827 13706 13705)
  (4752 4753 4632 4631 13827 13828 13707 13706)
  (4753 4754 4633 4632 13828 13829 13708 13707)
  (4754 4755 4634 4633 13829 13830 13709 13708)
  (4755 4756 4635 4634 13830 13831 13710 13709)
  (4756 4757 4636 4635 13831 13832 13711 13710)
  (4757 4758 4637 4636 13832 13833 13712 13711)
  (4758 4759 4638 4637 13833 13834 13713 13712)
  (4759 4760 4639 4638 13834 13835 13714 13713)
  (4760 4761 4640 4639 13835 13836 13715 13714)
  (4761 4762 4641 4640 13836 13837 13716 13715)
  (4762 4763 4642 4641 13837 13838 13717 13716)
  (4763 4764 4643 4642 13838 13839 13718 13717)
  (4764 4765 4644 4643 13839 13840 13719 13718)
  (4765 4766 4645 4644 13840 13841 13720 13719)
  (4766 4767 4646 4645 13841 13842 13721 13720)
  (4767 4768 4647 4646 13842 13843 13722 13721)
  (4768 4769 4648 4647 13843 13844 13723 13722)
  (4769 4770 4649 4648 13844 13845 13724 13723)
  (4770 4771 4650 4649 13845 13846 13725 13724)
  (4771 4772 4651 4650 13846 13847 13726 13725)
  (4772 4773 4652 4651 13847 13848 13727 13726)
  (4773 4774 4653 4652 13848 13849 13728 13727)
  (4774 4775 4654 4653 13849 13850 13729 13728)
  (4775 4776 4655 4654 13850 13851 13730 13729)
  (4776 4777 4656 4655 13851 13852 13731 13730)
  (4777 4778 4657 4656 13852 13853 13732 13731)
  (4778 4779 4658 4657 13853 13854 13733 13732)
  (4779 4780 4659 4658 13854 13855 13734 13733)
  (4780 4781 4660 4659 13855 13856 13735 13734)
  (4781 4782 4661 4660 13856 13857 13736 13735)
  (4782 4783 4662 4661 13857 13858 13737 13736)
  (4783 4784 4663 4662 13858 13859 13738 13737)
  (4784 4785 4664 4663 13859 13860 13739 13738)
  (4785 4786 4665 4664 13860 13861 13740 13739)
  (4786 4787 4666 4665 13861 13862 13741 13740)
  (4787 4788 4667 4666 13862 13863 13742 13741)
  (4788 4789 4668 4667 13863 13864 13743 13742)
  (4789 4790 4669 4668 13864 13865 13744 13743)
  (4790 4791 4670 4669 13865 13866 13745 13744)
  (4791 4792 4671 4670 13866 13867 13746 13745)
  (4792 4793 4672 4671 13867 13868 13747 13746)
  (4793 4794 4673 4672 13868 13869 13748 13747)
  (4794 4795 4674 4673 13869 13870 13749 13748)
  (4795 4796 4675 4674 13870 13871 13750 13749)
  (4796 4797 4676 4675 13871 13872 13751 13750)
  (4797 4798 4677 4676 13872 13873 13752 13751)
  (4798 4799 4678 4677 13873 13874 13753 13752)
  (4799 4800 4679 4678 13874 13875 13754 13753)
  (4800 4801 4680 4679 13875 13876 13755 13754)
  (4801 4802 4681 4680 13876 13877 13756 13755)
  (4802 4803 4682 4681 13877 13878 13757 13756)
  (4803 4804 4683 4682 13878 13879 13758 13757)
  (4804 4805 4684 4683 13879 13880 13759 13758)
  (4805 4806 4685 4684 13880 13881 13760 13759)
  (4806 4807 4686 4685 13881 13882 13761 13760)
  (4807 4808 4687 4686 13882 13883 13762 13761)
  (4808 4809 4688 4687 13883 13884 13763 13762)
  (4809 4810 4689 4688 13884 13885 13764 13763)
  (4810 4811 4690 4689 13885 13886 13765 13764)
  (4811 4812 4691 4690 13886 13887 13766 13765)
  (4812 4813 4692 4691 13887 13888 13767 13766)
  (4813 4814 4693 4692 13888 13889 13768 13767)
  (4814 4815 4694 4693 13889 13890 13769 13768)
  (4815 4816 4695 4694 13890 13891 13770 13769)
  (4816 4817 4696 4695 13891 13892 13771 13770)
  (4817 4818 4697 4696 13892 13893 13772 13771)
  (4818 4819 4698 4697 13893 13894 13773 13772)
  (4819 4820 4699 4698 13894 13895 13774 13773)
  (4820 4821 4700 4699 13895 13896 13775 13774)
  (4821 4822 4701 4700 13896 13897 13776 13775)
  (4822 4823 4702 4701 13897 13898 13777 13776)
  (4823 4824 4703 4702 13898 13899 13778 13777)
  (4824 4825 4704 4703 13899 13900 13779 13778)
  (4825 4826 4705 4704 13900 13901 13780 13779)
  (4826 4827 4706 4705 13901 13902 13781 13780)
  (4827 4828 4707 4706 13902 13903 13782 13781)
  (4828 4829 4708 4707 13903 13904 13783 13782)
  (4829 4830 4709 4708 13904 13905 13784 13783)
  (4830 4831 4710 4709 13905 13906 13785 13784)
  (4831 4832 4711 4710 13906 13907 13786 13785)
  (4832 4833 4712 4711 13907 13908 13787 13786)
  (4833 4834 4713 4712 13908 13909 13788 13787)
  (4834 4835 4714 4713 13909 13910 13789 13788)
  (4835 4836 4715 4714 13910 13911 13790 13789)
  (4836 4837 4716 4715 13911 13912 13791 13790)
  (4837 4838 4717 4716 13912 13913 13792 13791)
  (4838 4839 4718 4717 13913 13914 13793 13792)
  (4840 4841 4720 4719 13915 13916 13795 13794)
  (4841 4842 4721 4720 13916 13917 13796 13795)
  (4842 4843 4722 4721 13917 13918 13797 13796)
  (4843 4844 4723 4722 13918 13919 13798 13797)
  (4844 4845 4724 4723 13919 13920 13799 13798)
  (4845 4846 4725 4724 13920 13921 13800 13799)
  (4846 4847 4726 4725 13921 13922 13801 13800)
  (4847 4848 4727 4726 13922 13923 13802 13801)
  (4848 4849 4728 4727 13923 13924 13803 13802)
  (4849 4850 4729 4728 13924 13925 13804 13803)
  (4850 4851 4730 4729 13925 13926 13805 13804)
  (4851 4852 4731 4730 13926 13927 13806 13805)
  (4852 4853 4732 4731 13927 13928 13807 13806)
  (4853 4854 4733 4732 13928 13929 13808 13807)
  (4854 4855 4734 4733 13929 13930 13809 13808)
  (4855 4856 4735 4734 13930 13931 13810 13809)
  (4856 4857 4736 4735 13931 13932 13811 13810)
  (4857 4858 4737 4736 13932 13933 13812 13811)
  (4858 4859 4738 4737 13933 13934 13813 13812)
  (4859 4860 4739 4738 13934 13935 13814 13813)
  (4860 4861 4740 4739 13935 13936 13815 13814)
  (4861 4862 4741 4740 13936 13937 13816 13815)
  (4862 4863 4742 4741 13937 13938 13817 13816)
  (4863 4864 4743 4742 13938 13939 13818 13817)
  (4864 4865 4744 4743 13939 13940 13819 13818)
  (4865 4866 4745 4744 13940 13941 13820 13819)
  (4866 4867 4746 4745 13941 13942 13821 13820)
  (4867 4868 4747 4746 13942 13943 13822 13821)
  (4868 4869 4748 4747 13943 13944 13823 13822)
  (4869 4870 4749 4748 13944 13945 13824 13823)
  (4870 4871 4750 4749 13945 13946 13825 13824)
  (4871 4872 4751 4750 13946 13947 13826 13825)
  (4872 4873 4752 4751 13947 13948 13827 13826)
  (4873 4874 4753 4752 13948 13949 13828 13827)
  (4874 4875 4754 4753 13949 13950 13829 13828)
  (4875 4876 4755 4754 13950 13951 13830 13829)
  (4876 4877 4756 4755 13951 13952 13831 13830)
  (4877 4878 4757 4756 13952 13953 13832 13831)
  (4878 4879 4758 4757 13953 13954 13833 13832)
  (4879 4880 4759 4758 13954 13955 13834 13833)
  (4880 4881 4760 4759 13955 13956 13835 13834)
  (4881 4882 4761 4760 13956 13957 13836 13835)
  (4882 4883 4762 4761 13957 13958 13837 13836)
  (4883 4884 4763 4762 13958 13959 13838 13837)
  (4884 4885 4764 4763 13959 13960 13839 13838)
  (4885 4886 4765 4764 13960 13961 13840 13839)
  (4886 4887 4766 4765 13961 13962 13841 13840)
  (4887 4888 4767 4766 13962 13963 13842 13841)
  (4888 4889 4768 4767 13963 13964 13843 13842)
  (4889 4890 4769 4768 13964 13965 13844 13843)
  (4890 4891 4770 4769 13965 13966 13845 13844)
  (4891 4892 4771 4770 13966 13967 13846 13845)
  (4892 4893 4772 4771 13967 13968 13847 13846)
  (4893 4894 4773 4772 13968 13969 13848 13847)
  (4894 4895 4774 4773 13969 13970 13849 13848)
  (4895 4896 4775 4774 13970 13971 13850 13849)
  (4896 4897 4776 4775 13971 13972 13851 13850)
  (4897 4898 4777 4776 13972 13973 13852 13851)
  (4898 4899 4778 4777 13973 13974 13853 13852)
  (4899 4900 4779 4778 13974 13975 13854 13853)
  (4900 4901 4780 4779 13975 13976 13855 13854)
  (4901 4902 4781 4780 13976 13977 13856 13855)
  (4902 4903 4782 4781 13977 13978 13857 13856)
  (4903 4904 4783 4782 13978 13979 13858 13857)
  (4904 4905 4784 4783 13979 13980 13859 13858)
  (4905 4906 4785 4784 13980 13981 13860 13859)
  (4906 4907 4786 4785 13981 13982 13861 13860)
  (4907 4908 4787 4786 13982 13983 13862 13861)
  (4908 4909 4788 4787 13983 13984 13863 13862)
  (4909 4910 4789 4788 13984 13985 13864 13863)
  (4910 4911 4790 4789 13985 13986 13865 13864)
  (4911 4912 4791 4790 13986 13987 13866 13865)
  (4912 4913 4792 4791 13987 13988 13867 13866)
  (4913 4914 4793 4792 13988 13989 13868 13867)
  (4914 4915 4794 4793 13989 13990 13869 13868)
  (4915 4916 4795 4794 13990 13991 13870 13869)
  (4916 4917 4796 4795 13991 13992 13871 13870)
  (4917 4918 4797 4796 13992 13993 13872 13871)
  (4918 4919 4798 4797 13993 13994 13873 13872)
  (4919 4920 4799 4798 13994 13995 13874 13873)
  (4920 4921 4800 4799 13995 13996 13875 13874)
  (4921 4922 4801 4800 13996 13997 13876 13875)
  (4922 4923 4802 4801 13997 13998 13877 13876)
  (4923 4924 4803 4802 13998 13999 13878 13877)
  (4924 4925 4804 4803 13999 14000 13879 13878)
  (4925 4926 4805 4804 14000 14001 13880 13879)
  (4926 4927 4806 4805 14001 14002 13881 13880)
  (4927 4928 4807 4806 14002 14003 13882 13881)
  (4928 4929 4808 4807 14003 14004 13883 13882)
  (4929 4930 4809 4808 14004 14005 13884 13883)
  (4930 4931 4810 4809 14005 14006 13885 13884)
  (4931 4932 4811 4810 14006 14007 13886 13885)
  (4932 4933 4812 4811 14007 14008 13887 13886)
  (4933 4934 4813 4812 14008 14009 13888 13887)
  (4934 4935 4814 4813 14009 14010 13889 13888)
  (4935 4936 4815 4814 14010 14011 13890 13889)
  (4936 4937 4816 4815 14011 14012 13891 13890)
  (4937 4938 4817 4816 14012 14013 13892 13891)
  (4938 4939 4818 4817 14013 14014 13893 13892)
  (4939 4940 4819 4818 14014 14015 13894 13893)
  (4940 4941 4820 4819 14015 14016 13895 13894)
  (4941 4942 4821 4820 14016 14017 13896 13895)
  (4942 4943 4822 4821 14017 14018 13897 13896)
  (4943 4944 4823 4822 14018 14019 13898 13897)
  (4944 4945 4824 4823 14019 14020 13899 13898)
  (4945 4946 4825 4824 14020 14021 13900 13899)
  (4946 4947 4826 4825 14021 14022 13901 13900)
  (4947 4948 4827 4826 14022 14023 13902 13901)
  (4948 4949 4828 4827 14023 14024 13903 13902)
  (4949 4950 4829 4828 14024 14025 13904 13903)
  (4950 4951 4830 4829 14025 14026 13905 13904)
  (4951 4952 4831 4830 14026 14027 13906 13905)
  (4952 4953 4832 4831 14027 14028 13907 13906)
  (4953 4954 4833 4832 14028 14029 13908 13907)
  (4954 4955 4834 4833 14029 14030 13909 13908)
  (4955 4956 4835 4834 14030 14031 13910 13909)
  (4956 4957 4836 4835 14031 14032 13911 13910)
  (4957 4958 4837 4836 14032 14033 13912 13911)
  (4958 4959 4838 4837 14033 14034 13913 13912)
  (4959 4960 4839 4838 14034 14035 13914 13913)
  (4961 4962 4841 4840 14036 14037 13916 13915)
  (4962 4963 4842 4841 14037 14038 13917 13916)
  (4963 4964 4843 4842 14038 14039 13918 13917)
  (4964 4965 4844 4843 14039 14040 13919 13918)
  (4965 4966 4845 4844 14040 14041 13920 13919)
  (4966 4967 4846 4845 14041 14042 13921 13920)
  (4967 4968 4847 4846 14042 14043 13922 13921)
  (4968 4969 4848 4847 14043 14044 13923 13922)
  (4969 4970 4849 4848 14044 14045 13924 13923)
  (4970 4971 4850 4849 14045 14046 13925 13924)
  (4971 4972 4851 4850 14046 14047 13926 13925)
  (4972 4973 4852 4851 14047 14048 13927 13926)
  (4973 4974 4853 4852 14048 14049 13928 13927)
  (4974 4975 4854 4853 14049 14050 13929 13928)
  (4975 4976 4855 4854 14050 14051 13930 13929)
  (4976 4977 4856 4855 14051 14052 13931 13930)
  (4977 4978 4857 4856 14052 14053 13932 13931)
  (4978 4979 4858 4857 14053 14054 13933 13932)
  (4979 4980 4859 4858 14054 14055 13934 13933)
  (4980 4981 4860 4859 14055 14056 13935 13934)
  (4981 4982 4861 4860 14056 14057 13936 13935)
  (4982 4983 4862 4861 14057 14058 13937 13936)
  (4983 4984 4863 4862 14058 14059 13938 13937)
  (4984 4985 4864 4863 14059 14060 13939 13938)
  (4985 4986 4865 4864 14060 14061 13940 13939)
  (4986 4987 4866 4865 14061 14062 13941 13940)
  (4987 4988 4867 4866 14062 14063 13942 13941)
  (4988 4989 4868 4867 14063 14064 13943 13942)
  (4989 4990 4869 4868 14064 14065 13944 13943)
  (4990 4991 4870 4869 14065 14066 13945 13944)
  (4991 4992 4871 4870 14066 14067 13946 13945)
  (4992 4993 4872 4871 14067 14068 13947 13946)
  (4993 4994 4873 4872 14068 14069 13948 13947)
  (4994 4995 4874 4873 14069 14070 13949 13948)
  (4995 4996 4875 4874 14070 14071 13950 13949)
  (4996 4997 4876 4875 14071 14072 13951 13950)
  (4997 4998 4877 4876 14072 14073 13952 13951)
  (4998 4999 4878 4877 14073 14074 13953 13952)
  (4999 5000 4879 4878 14074 14075 13954 13953)
  (5000 5001 4880 4879 14075 14076 13955 13954)
  (5001 5002 4881 4880 14076 14077 13956 13955)
  (5002 5003 4882 4881 14077 14078 13957 13956)
  (5003 5004 4883 4882 14078 14079 13958 13957)
  (5004 5005 4884 4883 14079 14080 13959 13958)
  (5005 5006 4885 4884 14080 14081 13960 13959)
  (5006 5007 4886 4885 14081 14082 13961 13960)
  (5007 5008 4887 4886 14082 14083 13962 13961)
  (5008 5009 4888 4887 14083 14084 13963 13962)
  (5009 5010 4889 4888 14084 14085 13964 13963)
  (5010 5011 4890 4889 14085 14086 13965 13964)
  (5011 5012 4891 4890 14086 14087 13966 13965)
  (5012 5013 4892 4891 14087 14088 13967 13966)
  (5013 5014 4893 4892 14088 14089 13968 13967)
  (5014 5015 4894 4893 14089 14090 13969 13968)
  (5015 5016 4895 4894 14090 14091 13970 13969)
  (5016 5017 4896 4895 14091 14092 13971 13970)
  (5017 5018 4897 4896 14092 14093 13972 13971)
  (5018 5019 4898 4897 14093 14094 13973 13972)
  (5019 5020 4899 4898 14094 14095 13974 13973)
  (5020 5021 4900 4899 14095 14096 13975 13974)
  (5021 5022 4901 4900 14096 14097 13976 13975)
  (5022 5023 4902 4901 14097 14098 13977 13976)
  (5023 5024 4903 4902 14098 14099 13978 13977)
  (5024 5025 4904 4903 14099 14100 13979 13978)
  (5025 5026 4905 4904 14100 14101 13980 13979)
  (5026 5027 4906 4905 14101 14102 13981 13980)
  (5027 5028 4907 4906 14102 14103 13982 13981)
  (5028 5029 4908 4907 14103 14104 13983 13982)
  (5029 5030 4909 4908 14104 14105 13984 13983)
  (5030 5031 4910 4909 14105 14106 13985 13984)
  (5031 5032 4911 4910 14106 14107 13986 13985)
  (5032 5033 4912 4911 14107 14108 13987 13986)
  (5033 5034 4913 4912 14108 14109 13988 13987)
  (5034 5035 4914 4913 14109 14110 13989 13988)
  (5035 5036 4915 4914 14110 14111 13990 13989)
  (5036 5037 4916 4915 14111 14112 13991 13990)
  (5037 5038 4917 4916 14112 14113 13992 13991)
  (5038 5039 4918 4917 14113 14114 13993 13992)
  (5039 5040 4919 4918 14114 14115 13994 13993)
  (5040 5041 4920 4919 14115 14116 13995 13994)
  (5041 5042 4921 4920 14116 14117 13996 13995)
  (5042 5043 4922 4921 14117 14118 13997 13996)
  (5043 5044 4923 4922 14118 14119 13998 13997)
  (5044 5045 4924 4923 14119 14120 13999 13998)
  (5045 5046 4925 4924 14120 14121 14000 13999)
  (5046 5047 4926 4925 14121 14122 14001 14000)
  (5047 5048 4927 4926 14122 14123 14002 14001)
  (5048 5049 4928 4927 14123 14124 14003 14002)
  (5049 5050 4929 4928 14124 14125 14004 14003)
  (5050 5051 4930 4929 14125 14126 14005 14004)
  (5051 5052 4931 4930 14126 14127 14006 14005)
  (5052 5053 4932 4931 14127 14128 14007 14006)
  (5053 5054 4933 4932 14128 14129 14008 14007)
  (5054 5055 4934 4933 14129 14130 14009 14008)
  (5055 5056 4935 4934 14130 14131 14010 14009)
  (5056 5057 4936 4935 14131 14132 14011 14010)
  (5057 5058 4937 4936 14132 14133 14012 14011)
  (5058 5059 4938 4937 14133 14134 14013 14012)
  (5059 5060 4939 4938 14134 14135 14014 14013)
  (5060 5061 4940 4939 14135 14136 14015 14014)
  (5061 5062 4941 4940 14136 14137 14016 14015)
  (5062 5063 4942 4941 14137 14138 14017 14016)
  (5063 5064 4943 4942 14138 14139 14018 14017)
  (5064 5065 4944 4943 14139 14140 14019 14018)
  (5065 5066 4945 4944 14140 14141 14020 14019)
  (5066 5067 4946 4945 14141 14142 14021 14020)
  (5067 5068 4947 4946 14142 14143 14022 14021)
  (5068 5069 4948 4947 14143 14144 14023 14022)
  (5069 5070 4949 4948 14144 14145 14024 14023)
  (5070 5071 4950 4949 14145 14146 14025 14024)
  (5071 5072 4951 4950 14146 14147 14026 14025)
  (5072 5073 4952 4951 14147 14148 14027 14026)
  (5073 5074 4953 4952 14148 14149 14028 14027)
  (5074 5075 4954 4953 14149 14150 14029 14028)
  (5075 5076 4955 4954 14150 14151 14030 14029)
  (5076 5077 4956 4955 14151 14152 14031 14030)
  (5077 5078 4957 4956 14152 14153 14032 14031)
  (5078 5079 4958 4957 14153 14154 14033 14032)
  (5079 5080 4959 4958 14154 14155 14034 14033)
  (5080 5081 4960 4959 14155 14156 14035 14034)
  (5082 5083 4962 4961 14157 14158 14037 14036)
  (5083 5084 4963 4962 14158 14159 14038 14037)
  (5084 5085 4964 4963 14159 14160 14039 14038)
  (5085 5086 4965 4964 14160 14161 14040 14039)
  (5086 5087 4966 4965 14161 14162 14041 14040)
  (5087 5088 4967 4966 14162 14163 14042 14041)
  (5088 5089 4968 4967 14163 14164 14043 14042)
  (5089 5090 4969 4968 14164 14165 14044 14043)
  (5090 5091 4970 4969 14165 14166 14045 14044)
  (5091 5092 4971 4970 14166 14167 14046 14045)
  (5092 5093 4972 4971 14167 14168 14047 14046)
  (5093 5094 4973 4972 14168 14169 14048 14047)
  (5094 5095 4974 4973 14169 14170 14049 14048)
  (5095 5096 4975 4974 14170 14171 14050 14049)
  (5096 5097 4976 4975 14171 14172 14051 14050)
  (5097 5098 4977 4976 14172 14173 14052 14051)
  (5098 5099 4978 4977 14173 14174 14053 14052)
  (5099 5100 4979 4978 14174 14175 14054 14053)
  (5100 5101 4980 4979 14175 14176 14055 14054)
  (5101 5102 4981 4980 14176 14177 14056 14055)
  (5102 5103 4982 4981 14177 14178 14057 14056)
  (5103 5104 4983 4982 14178 14179 14058 14057)
  (5104 5105 4984 4983 14179 14180 14059 14058)
  (5105 5106 4985 4984 14180 14181 14060 14059)
  (5106 5107 4986 4985 14181 14182 14061 14060)
  (5107 5108 4987 4986 14182 14183 14062 14061)
  (5108 5109 4988 4987 14183 14184 14063 14062)
  (5109 5110 4989 4988 14184 14185 14064 14063)
  (5110 5111 4990 4989 14185 14186 14065 14064)
  (5111 5112 4991 4990 14186 14187 14066 14065)
  (5112 5113 4992 4991 14187 14188 14067 14066)
  (5113 5114 4993 4992 14188 14189 14068 14067)
  (5114 5115 4994 4993 14189 14190 14069 14068)
  (5115 5116 4995 4994 14190 14191 14070 14069)
  (5116 5117 4996 4995 14191 14192 14071 14070)
  (5117 5118 4997 4996 14192 14193 14072 14071)
  (5118 5119 4998 4997 14193 14194 14073 14072)
  (5119 5120 4999 4998 14194 14195 14074 14073)
  (5120 5121 5000 4999 14195 14196 14075 14074)
  (5121 5122 5001 5000 14196 14197 14076 14075)
  (5122 5123 5002 5001 14197 14198 14077 14076)
  (5123 5124 5003 5002 14198 14199 14078 14077)
  (5124 5125 5004 5003 14199 14200 14079 14078)
  (5125 5126 5005 5004 14200 14201 14080 14079)
  (5126 5127 5006 5005 14201 14202 14081 14080)
  (5127 5128 5007 5006 14202 14203 14082 14081)
  (5128 5129 5008 5007 14203 14204 14083 14082)
  (5129 5130 5009 5008 14204 14205 14084 14083)
  (5130 5131 5010 5009 14205 14206 14085 14084)
  (5131 5132 5011 5010 14206 14207 14086 14085)
  (5132 5133 5012 5011 14207 14208 14087 14086)
  (5133 5134 5013 5012 14208 14209 14088 14087)
  (5134 5135 5014 5013 14209 14210 14089 14088)
  (5135 5136 5015 5014 14210 14211 14090 14089)
  (5136 5137 5016 5015 14211 14212 14091 14090)
  (5137 5138 5017 5016 14212 14213 14092 14091)
  (5138 5139 5018 5017 14213 14214 14093 14092)
  (5139 5140 5019 5018 14214 14215 14094 14093)
  (5140 5141 5020 5019 14215 14216 14095 14094)
  (5141 5142 5021 5020 14216 14217 14096 14095)
  (5142 5143 5022 5021 14217 14218 14097 14096)
  (5143 5144 5023 5022 14218 14219 14098 14097)
  (5144 5145 5024 5023 14219 14220 14099 14098)
  (5145 5146 5025 5024 14220 14221 14100 14099)
  (5146 5147 5026 5025 14221 14222 14101 14100)
  (5147 5148 5027 5026 14222 14223 14102 14101)
  (5148 5149 5028 5027 14223 14224 14103 14102)
  (5149 5150 5029 5028 14224 14225 14104 14103)
  (5150 5151 5030 5029 14225 14226 14105 14104)
  (5151 5152 5031 5030 14226 14227 14106 14105)
  (5152 5153 5032 5031 14227 14228 14107 14106)
  (5153 5154 5033 5032 14228 14229 14108 14107)
  (5154 5155 5034 5033 14229 14230 14109 14108)
  (5155 5156 5035 5034 14230 14231 14110 14109)
  (5156 5157 5036 5035 14231 14232 14111 14110)
  (5157 5158 5037 5036 14232 14233 14112 14111)
  (5158 5159 5038 5037 14233 14234 14113 14112)
  (5159 5160 5039 5038 14234 14235 14114 14113)
  (5160 5161 5040 5039 14235 14236 14115 14114)
  (5161 5162 5041 5040 14236 14237 14116 14115)
  (5162 5163 5042 5041 14237 14238 14117 14116)
  (5163 5164 5043 5042 14238 14239 14118 14117)
  (5164 5165 5044 5043 14239 14240 14119 14118)
  (5165 5166 5045 5044 14240 14241 14120 14119)
  (5166 5167 5046 5045 14241 14242 14121 14120)
  (5167 5168 5047 5046 14242 14243 14122 14121)
  (5168 5169 5048 5047 14243 14244 14123 14122)
  (5169 5170 5049 5048 14244 14245 14124 14123)
  (5170 5171 5050 5049 14245 14246 14125 14124)
  (5171 5172 5051 5050 14246 14247 14126 14125)
  (5172 5173 5052 5051 14247 14248 14127 14126)
  (5173 5174 5053 5052 14248 14249 14128 14127)
  (5174 5175 5054 5053 14249 14250 14129 14128)
  (5175 5176 5055 5054 14250 14251 14130 14129)
  (5176 5177 5056 5055 14251 14252 14131 14130)
  (5177 5178 5057 5056 14252 14253 14132 14131)
  (5178 5179 5058 5057 14253 14254 14133 14132)
  (5179 5180 5059 5058 14254 14255 14134 14133)
  (5180 5181 5060 5059 14255 14256 14135 14134)
  (5181 5182 5061 5060 14256 14257 14136 14135)
  (5182 5183 5062 5061 14257 14258 14137 14136)
  (5183 5184 5063 5062 14258 14259 14138 14137)
  (5184 5185 5064 5063 14259 14260 14139 14138)
  (5185 5186 5065 5064 14260 14261 14140 14139)
  (5186 5187 5066 5065 14261 14262 14141 14140)
  (5187 5188 5067 5066 14262 14263 14142 14141)
  (5188 5189 5068 5067 14263 14264 14143 14142)
  (5189 5190 5069 5068 14264 14265 14144 14143)
  (5190 5191 5070 5069 14265 14266 14145 14144)
  (5191 5192 5071 5070 14266 14267 14146 14145)
  (5192 5193 5072 5071 14267 14268 14147 14146)
  (5193 5194 5073 5072 14268 14269 14148 14147)
  (5194 5195 5074 5073 14269 14270 14149 14148)
  (5195 5196 5075 5074 14270 14271 14150 14149)
  (5196 5197 5076 5075 14271 14272 14151 14150)
  (5197 5198 5077 5076 14272 14273 14152 14151)
  (5198 5199 5078 5077 14273 14274 14153 14152)
  (5199 5200 5079 5078 14274 14275 14154 14153)
  (5200 5201 5080 5079 14275 14276 14155 14154)
  (5201 5202 5081 5080 14276 14277 14156 14155)
  (5203 5204 5083 5082 14278 14279 14158 14157)
  (5204 5205 5084 5083 14279 14280 14159 14158)
  (5205 5206 5085 5084 14280 14281 14160 14159)
  (5206 5207 5086 5085 14281 14282 14161 14160)
  (5207 5208 5087 5086 14282 14283 14162 14161)
  (5208 5209 5088 5087 14283 14284 14163 14162)
  (5209 5210 5089 5088 14284 14285 14164 14163)
  (5210 5211 5090 5089 14285 14286 14165 14164)
  (5211 5212 5091 5090 14286 14287 14166 14165)
  (5212 5213 5092 5091 14287 14288 14167 14166)
  (5213 5214 5093 5092 14288 14289 14168 14167)
  (5214 5215 5094 5093 14289 14290 14169 14168)
  (5215 5216 5095 5094 14290 14291 14170 14169)
  (5216 5217 5096 5095 14291 14292 14171 14170)
  (5217 5218 5097 5096 14292 14293 14172 14171)
  (5218 5219 5098 5097 14293 14294 14173 14172)
  (5219 5220 5099 5098 14294 14295 14174 14173)
  (5220 5221 5100 5099 14295 14296 14175 14174)
  (5221 5222 5101 5100 14296 14297 14176 14175)
  (5222 5223 5102 5101 14297 14298 14177 14176)
  (5223 5224 5103 5102 14298 14299 14178 14177)
  (5224 5225 5104 5103 14299 14300 14179 14178)
  (5225 5226 5105 5104 14300 14301 14180 14179)
  (5226 5227 5106 5105 14301 14302 14181 14180)
  (5227 5228 5107 5106 14302 14303 14182 14181)
  (5228 5229 5108 5107 14303 14304 14183 14182)
  (5229 5230 5109 5108 14304 14305 14184 14183)
  (5230 5231 5110 5109 14305 14306 14185 14184)
  (5231 5232 5111 5110 14306 14307 14186 14185)
  (5232 5233 5112 5111 14307 14308 14187 14186)
  (5233 5234 5113 5112 14308 14309 14188 14187)
  (5234 5235 5114 5113 14309 14310 14189 14188)
  (5235 5236 5115 5114 14310 14311 14190 14189)
  (5236 5237 5116 5115 14311 14312 14191 14190)
  (5237 5238 5117 5116 14312 14313 14192 14191)
  (5238 5239 5118 5117 14313 14314 14193 14192)
  (5239 5240 5119 5118 14314 14315 14194 14193)
  (5240 5241 5120 5119 14315 14316 14195 14194)
  (5241 5242 5121 5120 14316 14317 14196 14195)
  (5242 5243 5122 5121 14317 14318 14197 14196)
  (5243 5244 5123 5122 14318 14319 14198 14197)
  (5244 5245 5124 5123 14319 14320 14199 14198)
  (5245 5246 5125 5124 14320 14321 14200 14199)
  (5246 5247 5126 5125 14321 14322 14201 14200)
  (5247 5248 5127 5126 14322 14323 14202 14201)
  (5248 5249 5128 5127 14323 14324 14203 14202)
  (5249 5250 5129 5128 14324 14325 14204 14203)
  (5250 5251 5130 5129 14325 14326 14205 14204)
  (5251 5252 5131 5130 14326 14327 14206 14205)
  (5252 5253 5132 5131 14327 14328 14207 14206)
  (5253 5254 5133 5132 14328 14329 14208 14207)
  (5254 5255 5134 5133 14329 14330 14209 14208)
  (5255 5256 5135 5134 14330 14331 14210 14209)
  (5256 5257 5136 5135 14331 14332 14211 14210)
  (5257 5258 5137 5136 14332 14333 14212 14211)
  (5258 5259 5138 5137 14333 14334 14213 14212)
  (5259 5260 5139 5138 14334 14335 14214 14213)
  (5260 5261 5140 5139 14335 14336 14215 14214)
  (5261 5262 5141 5140 14336 14337 14216 14215)
  (5262 5263 5142 5141 14337 14338 14217 14216)
  (5263 5264 5143 5142 14338 14339 14218 14217)
  (5264 5265 5144 5143 14339 14340 14219 14218)
  (5265 5266 5145 5144 14340 14341 14220 14219)
  (5266 5267 5146 5145 14341 14342 14221 14220)
  (5267 5268 5147 5146 14342 14343 14222 14221)
  (5268 5269 5148 5147 14343 14344 14223 14222)
  (5269 5270 5149 5148 14344 14345 14224 14223)
  (5270 5271 5150 5149 14345 14346 14225 14224)
  (5271 5272 5151 5150 14346 14347 14226 14225)
  (5272 5273 5152 5151 14347 14348 14227 14226)
  (5273 5274 5153 5152 14348 14349 14228 14227)
  (5274 5275 5154 5153 14349 14350 14229 14228)
  (5275 5276 5155 5154 14350 14351 14230 14229)
  (5276 5277 5156 5155 14351 14352 14231 14230)
  (5277 5278 5157 5156 14352 14353 14232 14231)
  (5278 5279 5158 5157 14353 14354 14233 14232)
  (5279 5280 5159 5158 14354 14355 14234 14233)
  (5280 5281 5160 5159 14355 14356 14235 14234)
  (5281 5282 5161 5160 14356 14357 14236 14235)
  (5282 5283 5162 5161 14357 14358 14237 14236)
  (5283 5284 5163 5162 14358 14359 14238 14237)
  (5284 5285 5164 5163 14359 14360 14239 14238)
  (5285 5286 5165 5164 14360 14361 14240 14239)
  (5286 5287 5166 5165 14361 14362 14241 14240)
  (5287 5288 5167 5166 14362 14363 14242 14241)
  (5288 5289 5168 5167 14363 14364 14243 14242)
  (5289 5290 5169 5168 14364 14365 14244 14243)
  (5290 5291 5170 5169 14365 14366 14245 14244)
  (5291 5292 5171 5170 14366 14367 14246 14245)
  (5292 5293 5172 5171 14367 14368 14247 14246)
  (5293 5294 5173 5172 14368 14369 14248 14247)
  (5294 5295 5174 5173 14369 14370 14249 14248)
  (5295 5296 5175 5174 14370 14371 14250 14249)
  (5296 5297 5176 5175 14371 14372 14251 14250)
  (5297 5298 5177 5176 14372 14373 14252 14251)
  (5298 5299 5178 5177 14373 14374 14253 14252)
  (5299 5300 5179 5178 14374 14375 14254 14253)
  (5300 5301 5180 5179 14375 14376 14255 14254)
  (5301 5302 5181 5180 14376 14377 14256 14255)
  (5302 5303 5182 5181 14377 14378 14257 14256)
  (5303 5304 5183 5182 14378 14379 14258 14257)
  (5304 5305 5184 5183 14379 14380 14259 14258)
  (5305 5306 5185 5184 14380 14381 14260 14259)
  (5306 5307 5186 5185 14381 14382 14261 14260)
  (5307 5308 5187 5186 14382 14383 14262 14261)
  (5308 5309 5188 5187 14383 14384 14263 14262)
  (5309 5310 5189 5188 14384 14385 14264 14263)
  (5310 5311 5190 5189 14385 14386 14265 14264)
  (5311 5312 5191 5190 14386 14387 14266 14265)
  (5312 5313 5192 5191 14387 14388 14267 14266)
  (5313 5314 5193 5192 14388 14389 14268 14267)
  (5314 5315 5194 5193 14389 14390 14269 14268)
  (5315 5316 5195 5194 14390 14391 14270 14269)
  (5316 5317 5196 5195 14391 14392 14271 14270)
  (5317 5318 5197 5196 14392 14393 14272 14271)
  (5318 5319 5198 5197 14393 14394 14273 14272)
  (5319 5320 5199 5198 14394 14395 14274 14273)
  (5320 5321 5200 5199 14395 14396 14275 14274)
  (5321 5322 5201 5200 14396 14397 14276 14275)
  (5322 5323 5202 5201 14397 14398 14277 14276)
  (5324 5325 5204 5203 14399 14400 14279 14278)
  (5325 5326 5205 5204 14400 14401 14280 14279)
  (5326 5327 5206 5205 14401 14402 14281 14280)
  (5327 5328 5207 5206 14402 14403 14282 14281)
  (5328 5329 5208 5207 14403 14404 14283 14282)
  (5329 5330 5209 5208 14404 14405 14284 14283)
  (5330 5331 5210 5209 14405 14406 14285 14284)
  (5331 5332 5211 5210 14406 14407 14286 14285)
  (5332 5333 5212 5211 14407 14408 14287 14286)
  (5333 5334 5213 5212 14408 14409 14288 14287)
  (5334 5335 5214 5213 14409 14410 14289 14288)
  (5335 5336 5215 5214 14410 14411 14290 14289)
  (5336 5337 5216 5215 14411 14412 14291 14290)
  (5337 5338 5217 5216 14412 14413 14292 14291)
  (5338 5339 5218 5217 14413 14414 14293 14292)
  (5339 5340 5219 5218 14414 14415 14294 14293)
  (5340 5341 5220 5219 14415 14416 14295 14294)
  (5341 5342 5221 5220 14416 14417 14296 14295)
  (5342 5343 5222 5221 14417 14418 14297 14296)
  (5343 5344 5223 5222 14418 14419 14298 14297)
  (5344 5345 5224 5223 14419 14420 14299 14298)
  (5345 5346 5225 5224 14420 14421 14300 14299)
  (5346 5347 5226 5225 14421 14422 14301 14300)
  (5347 5348 5227 5226 14422 14423 14302 14301)
  (5348 5349 5228 5227 14423 14424 14303 14302)
  (5349 5350 5229 5228 14424 14425 14304 14303)
  (5350 5351 5230 5229 14425 14426 14305 14304)
  (5351 5352 5231 5230 14426 14427 14306 14305)
  (5352 5353 5232 5231 14427 14428 14307 14306)
  (5353 5354 5233 5232 14428 14429 14308 14307)
  (5354 5355 5234 5233 14429 14430 14309 14308)
  (5355 5356 5235 5234 14430 14431 14310 14309)
  (5356 5357 5236 5235 14431 14432 14311 14310)
  (5357 5358 5237 5236 14432 14433 14312 14311)
  (5358 5359 5238 5237 14433 14434 14313 14312)
  (5359 5360 5239 5238 14434 14435 14314 14313)
  (5360 5361 5240 5239 14435 14436 14315 14314)
  (5361 5362 5241 5240 14436 14437 14316 14315)
  (5362 5363 5242 5241 14437 14438 14317 14316)
  (5363 5364 5243 5242 14438 14439 14318 14317)
  (5364 5365 5244 5243 14439 14440 14319 14318)
  (5365 5366 5245 5244 14440 14441 14320 14319)
  (5366 5367 5246 5245 14441 14442 14321 14320)
  (5367 5368 5247 5246 14442 14443 14322 14321)
  (5368 5369 5248 5247 14443 14444 14323 14322)
  (5369 5370 5249 5248 14444 14445 14324 14323)
  (5370 5371 5250 5249 14445 14446 14325 14324)
  (5371 5372 5251 5250 14446 14447 14326 14325)
  (5372 5373 5252 5251 14447 14448 14327 14326)
  (5373 5374 5253 5252 14448 14449 14328 14327)
  (5374 5375 5254 5253 14449 14450 14329 14328)
  (5375 5376 5255 5254 14450 14451 14330 14329)
  (5376 5377 5256 5255 14451 14452 14331 14330)
  (5377 5378 5257 5256 14452 14453 14332 14331)
  (5378 5379 5258 5257 14453 14454 14333 14332)
  (5379 5380 5259 5258 14454 14455 14334 14333)
  (5380 5381 5260 5259 14455 14456 14335 14334)
  (5381 5382 5261 5260 14456 14457 14336 14335)
  (5382 5383 5262 5261 14457 14458 14337 14336)
  (5383 5384 5263 5262 14458 14459 14338 14337)
  (5384 5385 5264 5263 14459 14460 14339 14338)
  (5385 5386 5265 5264 14460 14461 14340 14339)
  (5386 5387 5266 5265 14461 14462 14341 14340)
  (5387 5388 5267 5266 14462 14463 14342 14341)
  (5388 5389 5268 5267 14463 14464 14343 14342)
  (5389 5390 5269 5268 14464 14465 14344 14343)
  (5390 5391 5270 5269 14465 14466 14345 14344)
  (5391 5392 5271 5270 14466 14467 14346 14345)
  (5392 5393 5272 5271 14467 14468 14347 14346)
  (5393 5394 5273 5272 14468 14469 14348 14347)
  (5394 5395 5274 5273 14469 14470 14349 14348)
  (5395 5396 5275 5274 14470 14471 14350 14349)
  (5396 5397 5276 5275 14471 14472 14351 14350)
  (5397 5398 5277 5276 14472 14473 14352 14351)
  (5398 5399 5278 5277 14473 14474 14353 14352)
  (5399 5400 5279 5278 14474 14475 14354 14353)
  (5400 5401 5280 5279 14475 14476 14355 14354)
  (5401 5402 5281 5280 14476 14477 14356 14355)
  (5402 5403 5282 5281 14477 14478 14357 14356)
  (5403 5404 5283 5282 14478 14479 14358 14357)
  (5404 5405 5284 5283 14479 14480 14359 14358)
  (5405 5406 5285 5284 14480 14481 14360 14359)
  (5406 5407 5286 5285 14481 14482 14361 14360)
  (5407 5408 5287 5286 14482 14483 14362 14361)
  (5408 5409 5288 5287 14483 14484 14363 14362)
  (5409 5410 5289 5288 14484 14485 14364 14363)
  (5410 5411 5290 5289 14485 14486 14365 14364)
  (5411 5412 5291 5290 14486 14487 14366 14365)
  (5412 5413 5292 5291 14487 14488 14367 14366)
  (5413 5414 5293 5292 14488 14489 14368 14367)
  (5414 5415 5294 5293 14489 14490 14369 14368)
  (5415 5416 5295 5294 14490 14491 14370 14369)
  (5416 5417 5296 5295 14491 14492 14371 14370)
  (5417 5418 5297 5296 14492 14493 14372 14371)
  (5418 5419 5298 5297 14493 14494 14373 14372)
  (5419 5420 5299 5298 14494 14495 14374 14373)
  (5420 5421 5300 5299 14495 14496 14375 14374)
  (5421 5422 5301 5300 14496 14497 14376 14375)
  (5422 5423 5302 5301 14497 14498 14377 14376)
  (5423 5424 5303 5302 14498 14499 14378 14377)
  (5424 5425 5304 5303 14499 14500 14379 14378)
  (5425 5426 5305 5304 14500 14501 14380 14379)
  (5426 5427 5306 5305 14501 14502 14381 14380)
  (5427 5428 5307 5306 14502 14503 14382 14381)
  (5428 5429 5308 5307 14503 14504 14383 14382)
  (5429 5430 5309 5308 14504 14505 14384 14383)
  (5430 5431 5310 5309 14505 14506 14385 14384)
  (5431 5432 5311 5310 14506 14507 14386 14385)
  (5432 5433 5312 5311 14507 14508 14387 14386)
  (5433 5434 5313 5312 14508 14509 14388 14387)
  (5434 5435 5314 5313 14509 14510 14389 14388)
  (5435 5436 5315 5314 14510 14511 14390 14389)
  (5436 5437 5316 5315 14511 14512 14391 14390)
  (5437 5438 5317 5316 14512 14513 14392 14391)
  (5438 5439 5318 5317 14513 14514 14393 14392)
  (5439 5440 5319 5318 14514 14515 14394 14393)
  (5440 5441 5320 5319 14515 14516 14395 14394)
  (5441 5442 5321 5320 14516 14517 14396 14395)
  (5442 5443 5322 5321 14517 14518 14397 14396)
  (5443 5444 5323 5322 14518 14519 14398 14397)
  (5445 5446 5325 5324 14520 14521 14400 14399)
  (5446 5447 5326 5325 14521 14522 14401 14400)
  (5447 5448 5327 5326 14522 14523 14402 14401)
  (5448 5449 5328 5327 14523 14524 14403 14402)
  (5449 5450 5329 5328 14524 14525 14404 14403)
  (5450 5451 5330 5329 14525 14526 14405 14404)
  (5451 5452 5331 5330 14526 14527 14406 14405)
  (5452 5453 5332 5331 14527 14528 14407 14406)
  (5453 5454 5333 5332 14528 14529 14408 14407)
  (5454 5455 5334 5333 14529 14530 14409 14408)
  (5455 5456 5335 5334 14530 14531 14410 14409)
  (5456 5457 5336 5335 14531 14532 14411 14410)
  (5457 5458 5337 5336 14532 14533 14412 14411)
  (5458 5459 5338 5337 14533 14534 14413 14412)
  (5459 5460 5339 5338 14534 14535 14414 14413)
  (5460 5461 5340 5339 14535 14536 14415 14414)
  (5461 5462 5341 5340 14536 14537 14416 14415)
  (5462 5463 5342 5341 14537 14538 14417 14416)
  (5463 5464 5343 5342 14538 14539 14418 14417)
  (5464 5465 5344 5343 14539 14540 14419 14418)
  (5465 5466 5345 5344 14540 14541 14420 14419)
  (5466 5467 5346 5345 14541 14542 14421 14420)
  (5467 5468 5347 5346 14542 14543 14422 14421)
  (5468 5469 5348 5347 14543 14544 14423 14422)
  (5469 5470 5349 5348 14544 14545 14424 14423)
  (5470 5471 5350 5349 14545 14546 14425 14424)
  (5471 5472 5351 5350 14546 14547 14426 14425)
  (5472 5473 5352 5351 14547 14548 14427 14426)
  (5473 5474 5353 5352 14548 14549 14428 14427)
  (5474 5475 5354 5353 14549 14550 14429 14428)
  (5475 5476 5355 5354 14550 14551 14430 14429)
  (5476 5477 5356 5355 14551 14552 14431 14430)
  (5477 5478 5357 5356 14552 14553 14432 14431)
  (5478 5479 5358 5357 14553 14554 14433 14432)
  (5479 5480 5359 5358 14554 14555 14434 14433)
  (5480 5481 5360 5359 14555 14556 14435 14434)
  (5481 5482 5361 5360 14556 14557 14436 14435)
  (5482 5483 5362 5361 14557 14558 14437 14436)
  (5483 5484 5363 5362 14558 14559 14438 14437)
  (5484 5485 5364 5363 14559 14560 14439 14438)
  (5485 5486 5365 5364 14560 14561 14440 14439)
  (5486 5487 5366 5365 14561 14562 14441 14440)
  (5487 5488 5367 5366 14562 14563 14442 14441)
  (5488 5489 5368 5367 14563 14564 14443 14442)
  (5489 5490 5369 5368 14564 14565 14444 14443)
  (5490 5491 5370 5369 14565 14566 14445 14444)
  (5491 5492 5371 5370 14566 14567 14446 14445)
  (5492 5493 5372 5371 14567 14568 14447 14446)
  (5493 5494 5373 5372 14568 14569 14448 14447)
  (5494 5495 5374 5373 14569 14570 14449 14448)
  (5495 5496 5375 5374 14570 14571 14450 14449)
  (5496 5497 5376 5375 14571 14572 14451 14450)
  (5497 5498 5377 5376 14572 14573 14452 14451)
  (5498 5499 5378 5377 14573 14574 14453 14452)
  (5499 5500 5379 5378 14574 14575 14454 14453)
  (5500 5501 5380 5379 14575 14576 14455 14454)
  (5501 5502 5381 5380 14576 14577 14456 14455)
  (5502 5503 5382 5381 14577 14578 14457 14456)
  (5503 5504 5383 5382 14578 14579 14458 14457)
  (5504 5505 5384 5383 14579 14580 14459 14458)
  (5505 5506 5385 5384 14580 14581 14460 14459)
  (5506 5507 5386 5385 14581 14582 14461 14460)
  (5507 5508 5387 5386 14582 14583 14462 14461)
  (5508 5509 5388 5387 14583 14584 14463 14462)
  (5509 5510 5389 5388 14584 14585 14464 14463)
  (5510 5511 5390 5389 14585 14586 14465 14464)
  (5511 5512 5391 5390 14586 14587 14466 14465)
  (5512 5513 5392 5391 14587 14588 14467 14466)
  (5513 5514 5393 5392 14588 14589 14468 14467)
  (5514 5515 5394 5393 14589 14590 14469 14468)
  (5515 5516 5395 5394 14590 14591 14470 14469)
  (5516 5517 5396 5395 14591 14592 14471 14470)
  (5517 5518 5397 5396 14592 14593 14472 14471)
  (5518 5519 5398 5397 14593 14594 14473 14472)
  (5519 5520 5399 5398 14594 14595 14474 14473)
  (5520 5521 5400 5399 14595 14596 14475 14474)
  (5521 5522 5401 5400 14596 14597 14476 14475)
  (5522 5523 5402 5401 14597 14598 14477 14476)
  (5523 5524 5403 5402 14598 14599 14478 14477)
  (5524 5525 5404 5403 14599 14600 14479 14478)
  (5525 5526 5405 5404 14600 14601 14480 14479)
  (5526 5527 5406 5405 14601 14602 14481 14480)
  (5527 5528 5407 5406 14602 14603 14482 14481)
  (5528 5529 5408 5407 14603 14604 14483 14482)
  (5529 5530 5409 5408 14604 14605 14484 14483)
  (5530 5531 5410 5409 14605 14606 14485 14484)
  (5531 5532 5411 5410 14606 14607 14486 14485)
  (5532 5533 5412 5411 14607 14608 14487 14486)
  (5533 5534 5413 5412 14608 14609 14488 14487)
  (5534 5535 5414 5413 14609 14610 14489 14488)
  (5535 5536 5415 5414 14610 14611 14490 14489)
  (5536 5537 5416 5415 14611 14612 14491 14490)
  (5537 5538 5417 5416 14612 14613 14492 14491)
  (5538 5539 5418 5417 14613 14614 14493 14492)
  (5539 5540 5419 5418 14614 14615 14494 14493)
  (5540 5541 5420 5419 14615 14616 14495 14494)
  (5541 5542 5421 5420 14616 14617 14496 14495)
  (5542 5543 5422 5421 14617 14618 14497 14496)
  (5543 5544 5423 5422 14618 14619 14498 14497)
  (5544 5545 5424 5423 14619 14620 14499 14498)
  (5545 5546 5425 5424 14620 14621 14500 14499)
  (5546 5547 5426 5425 14621 14622 14501 14500)
  (5547 5548 5427 5426 14622 14623 14502 14501)
  (5548 5549 5428 5427 14623 14624 14503 14502)
  (5549 5550 5429 5428 14624 14625 14504 14503)
  (5550 5551 5430 5429 14625 14626 14505 14504)
  (5551 5552 5431 5430 14626 14627 14506 14505)
  (5552 5553 5432 5431 14627 14628 14507 14506)
  (5553 5554 5433 5432 14628 14629 14508 14507)
  (5554 5555 5434 5433 14629 14630 14509 14508)
  (5555 5556 5435 5434 14630 14631 14510 14509)
  (5556 5557 5436 5435 14631 14632 14511 14510)
  (5557 5558 5437 5436 14632 14633 14512 14511)
  (5558 5559 5438 5437 14633 14634 14513 14512)
  (5559 5560 5439 5438 14634 14635 14514 14513)
  (5560 5561 5440 5439 14635 14636 14515 14514)
  (5561 5562 5441 5440 14636 14637 14516 14515)
  (5562 5563 5442 5441 14637 14638 14517 14516)
  (5563 5564 5443 5442 14638 14639 14518 14517)
  (5564 5565 5444 5443 14639 14640 14519 14518)
  (5566 5567 5446 5445 14641 14642 14521 14520)
  (5567 5568 5447 5446 14642 14643 14522 14521)
  (5568 5569 5448 5447 14643 14644 14523 14522)
  (5569 5570 5449 5448 14644 14645 14524 14523)
  (5570 5571 5450 5449 14645 14646 14525 14524)
  (5571 5572 5451 5450 14646 14647 14526 14525)
  (5572 5573 5452 5451 14647 14648 14527 14526)
  (5573 5574 5453 5452 14648 14649 14528 14527)
  (5574 5575 5454 5453 14649 14650 14529 14528)
  (5575 5576 5455 5454 14650 14651 14530 14529)
  (5576 5577 5456 5455 14651 14652 14531 14530)
  (5577 5578 5457 5456 14652 14653 14532 14531)
  (5578 5579 5458 5457 14653 14654 14533 14532)
  (5579 5580 5459 5458 14654 14655 14534 14533)
  (5580 5581 5460 5459 14655 14656 14535 14534)
  (5581 5582 5461 5460 14656 14657 14536 14535)
  (5582 5583 5462 5461 14657 14658 14537 14536)
  (5583 5584 5463 5462 14658 14659 14538 14537)
  (5584 5585 5464 5463 14659 14660 14539 14538)
  (5585 5586 5465 5464 14660 14661 14540 14539)
  (5586 5587 5466 5465 14661 14662 14541 14540)
  (5587 5588 5467 5466 14662 14663 14542 14541)
  (5588 5589 5468 5467 14663 14664 14543 14542)
  (5589 5590 5469 5468 14664 14665 14544 14543)
  (5590 5591 5470 5469 14665 14666 14545 14544)
  (5591 5592 5471 5470 14666 14667 14546 14545)
  (5592 5593 5472 5471 14667 14668 14547 14546)
  (5593 5594 5473 5472 14668 14669 14548 14547)
  (5594 5595 5474 5473 14669 14670 14549 14548)
  (5595 5596 5475 5474 14670 14671 14550 14549)
  (5596 5597 5476 5475 14671 14672 14551 14550)
  (5597 5598 5477 5476 14672 14673 14552 14551)
  (5598 5599 5478 5477 14673 14674 14553 14552)
  (5599 5600 5479 5478 14674 14675 14554 14553)
  (5600 5601 5480 5479 14675 14676 14555 14554)
  (5601 5602 5481 5480 14676 14677 14556 14555)
  (5602 5603 5482 5481 14677 14678 14557 14556)
  (5603 5604 5483 5482 14678 14679 14558 14557)
  (5604 5605 5484 5483 14679 14680 14559 14558)
  (5605 5606 5485 5484 14680 14681 14560 14559)
  (5606 5607 5486 5485 14681 14682 14561 14560)
  (5607 5608 5487 5486 14682 14683 14562 14561)
  (5608 5609 5488 5487 14683 14684 14563 14562)
  (5609 5610 5489 5488 14684 14685 14564 14563)
  (5610 5611 5490 5489 14685 14686 14565 14564)
  (5611 5612 5491 5490 14686 14687 14566 14565)
  (5612 5613 5492 5491 14687 14688 14567 14566)
  (5613 5614 5493 5492 14688 14689 14568 14567)
  (5614 5615 5494 5493 14689 14690 14569 14568)
  (5615 5616 5495 5494 14690 14691 14570 14569)
  (5616 5617 5496 5495 14691 14692 14571 14570)
  (5617 5618 5497 5496 14692 14693 14572 14571)
  (5618 5619 5498 5497 14693 14694 14573 14572)
  (5619 5620 5499 5498 14694 14695 14574 14573)
  (5620 5621 5500 5499 14695 14696 14575 14574)
  (5621 5622 5501 5500 14696 14697 14576 14575)
  (5622 5623 5502 5501 14697 14698 14577 14576)
  (5623 5624 5503 5502 14698 14699 14578 14577)
  (5624 5625 5504 5503 14699 14700 14579 14578)
  (5625 5626 5505 5504 14700 14701 14580 14579)
  (5626 5627 5506 5505 14701 14702 14581 14580)
  (5627 5628 5507 5506 14702 14703 14582 14581)
  (5628 5629 5508 5507 14703 14704 14583 14582)
  (5629 5630 5509 5508 14704 14705 14584 14583)
  (5630 5631 5510 5509 14705 14706 14585 14584)
  (5631 5632 5511 5510 14706 14707 14586 14585)
  (5632 5633 5512 5511 14707 14708 14587 14586)
  (5633 5634 5513 5512 14708 14709 14588 14587)
  (5634 5635 5514 5513 14709 14710 14589 14588)
  (5635 5636 5515 5514 14710 14711 14590 14589)
  (5636 5637 5516 5515 14711 14712 14591 14590)
  (5637 5638 5517 5516 14712 14713 14592 14591)
  (5638 5639 5518 5517 14713 14714 14593 14592)
  (5639 5640 5519 5518 14714 14715 14594 14593)
  (5640 5641 5520 5519 14715 14716 14595 14594)
  (5641 5642 5521 5520 14716 14717 14596 14595)
  (5642 5643 5522 5521 14717 14718 14597 14596)
  (5643 5644 5523 5522 14718 14719 14598 14597)
  (5644 5645 5524 5523 14719 14720 14599 14598)
  (5645 5646 5525 5524 14720 14721 14600 14599)
  (5646 5647 5526 5525 14721 14722 14601 14600)
  (5647 5648 5527 5526 14722 14723 14602 14601)
  (5648 5649 5528 5527 14723 14724 14603 14602)
  (5649 5650 5529 5528 14724 14725 14604 14603)
  (5650 5651 5530 5529 14725 14726 14605 14604)
  (5651 5652 5531 5530 14726 14727 14606 14605)
  (5652 5653 5532 5531 14727 14728 14607 14606)
  (5653 5654 5533 5532 14728 14729 14608 14607)
  (5654 5655 5534 5533 14729 14730 14609 14608)
  (5655 5656 5535 5534 14730 14731 14610 14609)
  (5656 5657 5536 5535 14731 14732 14611 14610)
  (5657 5658 5537 5536 14732 14733 14612 14611)
  (5658 5659 5538 5537 14733 14734 14613 14612)
  (5659 5660 5539 5538 14734 14735 14614 14613)
  (5660 5661 5540 5539 14735 14736 14615 14614)
  (5661 5662 5541 5540 14736 14737 14616 14615)
  (5662 5663 5542 5541 14737 14738 14617 14616)
  (5663 5664 5543 5542 14738 14739 14618 14617)
  (5664 5665 5544 5543 14739 14740 14619 14618)
  (5665 5666 5545 5544 14740 14741 14620 14619)
  (5666 5667 5546 5545 14741 14742 14621 14620)
  (5667 5668 5547 5546 14742 14743 14622 14621)
  (5668 5669 5548 5547 14743 14744 14623 14622)
  (5669 5670 5549 5548 14744 14745 14624 14623)
  (5670 5671 5550 5549 14745 14746 14625 14624)
  (5671 5672 5551 5550 14746 14747 14626 14625)
  (5672 5673 5552 5551 14747 14748 14627 14626)
  (5673 5674 5553 5552 14748 14749 14628 14627)
  (5674 5675 5554 5553 14749 14750 14629 14628)
  (5675 5676 5555 5554 14750 14751 14630 14629)
  (5676 5677 5556 5555 14751 14752 14631 14630)
  (5677 5678 5557 5556 14752 14753 14632 14631)
  (5678 5679 5558 5557 14753 14754 14633 14632)
  (5679 5680 5559 5558 14754 14755 14634 14633)
  (5680 5681 5560 5559 14755 14756 14635 14634)
  (5681 5682 5561 5560 14756 14757 14636 14635)
  (5682 5683 5562 5561 14757 14758 14637 14636)
  (5683 5684 5563 5562 14758 14759 14638 14637)
  (5684 5685 5564 5563 14759 14760 14639 14638)
  (5685 5686 5565 5564 14760 14761 14640 14639)
  (5687 5688 5567 5566 14762 14763 14642 14641)
  (5688 5689 5568 5567 14763 14764 14643 14642)
  (5689 5690 5569 5568 14764 14765 14644 14643)
  (5690 5691 5570 5569 14765 14766 14645 14644)
  (5691 5692 5571 5570 14766 14767 14646 14645)
  (5692 5693 5572 5571 14767 14768 14647 14646)
  (5693 5694 5573 5572 14768 14769 14648 14647)
  (5694 5695 5574 5573 14769 14770 14649 14648)
  (5695 5696 5575 5574 14770 14771 14650 14649)
  (5696 5697 5576 5575 14771 14772 14651 14650)
  (5697 5698 5577 5576 14772 14773 14652 14651)
  (5698 5699 5578 5577 14773 14774 14653 14652)
  (5699 5700 5579 5578 14774 14775 14654 14653)
  (5700 5701 5580 5579 14775 14776 14655 14654)
  (5701 5702 5581 5580 14776 14777 14656 14655)
  (5702 5703 5582 5581 14777 14778 14657 14656)
  (5703 5704 5583 5582 14778 14779 14658 14657)
  (5704 5705 5584 5583 14779 14780 14659 14658)
  (5705 5706 5585 5584 14780 14781 14660 14659)
  (5706 5707 5586 5585 14781 14782 14661 14660)
  (5707 5708 5587 5586 14782 14783 14662 14661)
  (5708 5709 5588 5587 14783 14784 14663 14662)
  (5709 5710 5589 5588 14784 14785 14664 14663)
  (5710 5711 5590 5589 14785 14786 14665 14664)
  (5711 5712 5591 5590 14786 14787 14666 14665)
  (5712 5713 5592 5591 14787 14788 14667 14666)
  (5713 5714 5593 5592 14788 14789 14668 14667)
  (5714 5715 5594 5593 14789 14790 14669 14668)
  (5715 5716 5595 5594 14790 14791 14670 14669)
  (5716 5717 5596 5595 14791 14792 14671 14670)
  (5717 5718 5597 5596 14792 14793 14672 14671)
  (5718 5719 5598 5597 14793 14794 14673 14672)
  (5719 5720 5599 5598 14794 14795 14674 14673)
  (5720 5721 5600 5599 14795 14796 14675 14674)
  (5721 5722 5601 5600 14796 14797 14676 14675)
  (5722 5723 5602 5601 14797 14798 14677 14676)
  (5723 5724 5603 5602 14798 14799 14678 14677)
  (5724 5725 5604 5603 14799 14800 14679 14678)
  (5725 5726 5605 5604 14800 14801 14680 14679)
  (5726 5727 5606 5605 14801 14802 14681 14680)
  (5727 5728 5607 5606 14802 14803 14682 14681)
  (5728 5729 5608 5607 14803 14804 14683 14682)
  (5729 5730 5609 5608 14804 14805 14684 14683)
  (5730 5731 5610 5609 14805 14806 14685 14684)
  (5731 5732 5611 5610 14806 14807 14686 14685)
  (5732 5733 5612 5611 14807 14808 14687 14686)
  (5733 5734 5613 5612 14808 14809 14688 14687)
  (5734 5735 5614 5613 14809 14810 14689 14688)
  (5735 5736 5615 5614 14810 14811 14690 14689)
  (5736 5737 5616 5615 14811 14812 14691 14690)
  (5737 5738 5617 5616 14812 14813 14692 14691)
  (5738 5739 5618 5617 14813 14814 14693 14692)
  (5739 5740 5619 5618 14814 14815 14694 14693)
  (5740 5741 5620 5619 14815 14816 14695 14694)
  (5741 5742 5621 5620 14816 14817 14696 14695)
  (5742 5743 5622 5621 14817 14818 14697 14696)
  (5743 5744 5623 5622 14818 14819 14698 14697)
  (5744 5745 5624 5623 14819 14820 14699 14698)
  (5745 5746 5625 5624 14820 14821 14700 14699)
  (5746 5747 5626 5625 14821 14822 14701 14700)
  (5747 5748 5627 5626 14822 14823 14702 14701)
  (5748 5749 5628 5627 14823 14824 14703 14702)
  (5749 5750 5629 5628 14824 14825 14704 14703)
  (5750 5751 5630 5629 14825 14826 14705 14704)
  (5751 5752 5631 5630 14826 14827 14706 14705)
  (5752 5753 5632 5631 14827 14828 14707 14706)
  (5753 5754 5633 5632 14828 14829 14708 14707)
  (5754 5755 5634 5633 14829 14830 14709 14708)
  (5755 5756 5635 5634 14830 14831 14710 14709)
  (5756 5757 5636 5635 14831 14832 14711 14710)
  (5757 5758 5637 5636 14832 14833 14712 14711)
  (5758 5759 5638 5637 14833 14834 14713 14712)
  (5759 5760 5639 5638 14834 14835 14714 14713)
  (5760 5761 5640 5639 14835 14836 14715 14714)
  (5761 5762 5641 5640 14836 14837 14716 14715)
  (5762 5763 5642 5641 14837 14838 14717 14716)
  (5763 5764 5643 5642 14838 14839 14718 14717)
  (5764 5765 5644 5643 14839 14840 14719 14718)
  (5765 5766 5645 5644 14840 14841 14720 14719)
  (5766 5767 5646 5645 14841 14842 14721 14720)
  (5767 5768 5647 5646 14842 14843 14722 14721)
  (5768 5769 5648 5647 14843 14844 14723 14722)
  (5769 5770 5649 5648 14844 14845 14724 14723)
  (5770 5771 5650 5649 14845 14846 14725 14724)
  (5771 5772 5651 5650 14846 14847 14726 14725)
  (5772 5773 5652 5651 14847 14848 14727 14726)
  (5773 5774 5653 5652 14848 14849 14728 14727)
  (5774 5775 5654 5653 14849 14850 14729 14728)
  (5775 5776 5655 5654 14850 14851 14730 14729)
  (5776 5777 5656 5655 14851 14852 14731 14730)
  (5777 5778 5657 5656 14852 14853 14732 14731)
  (5778 5779 5658 5657 14853 14854 14733 14732)
  (5779 5780 5659 5658 14854 14855 14734 14733)
  (5780 5781 5660 5659 14855 14856 14735 14734)
  (5781 5782 5661 5660 14856 14857 14736 14735)
  (5782 5783 5662 5661 14857 14858 14737 14736)
  (5783 5784 5663 5662 14858 14859 14738 14737)
  (5784 5785 5664 5663 14859 14860 14739 14738)
  (5785 5786 5665 5664 14860 14861 14740 14739)
  (5786 5787 5666 5665 14861 14862 14741 14740)
  (5787 5788 5667 5666 14862 14863 14742 14741)
  (5788 5789 5668 5667 14863 14864 14743 14742)
  (5789 5790 5669 5668 14864 14865 14744 14743)
  (5790 5791 5670 5669 14865 14866 14745 14744)
  (5791 5792 5671 5670 14866 14867 14746 14745)
  (5792 5793 5672 5671 14867 14868 14747 14746)
  (5793 5794 5673 5672 14868 14869 14748 14747)
  (5794 5795 5674 5673 14869 14870 14749 14748)
  (5795 5796 5675 5674 14870 14871 14750 14749)
  (5796 5797 5676 5675 14871 14872 14751 14750)
  (5797 5798 5677 5676 14872 14873 14752 14751)
  (5798 5799 5678 5677 14873 14874 14753 14752)
  (5799 5800 5679 5678 14874 14875 14754 14753)
  (5800 5801 5680 5679 14875 14876 14755 14754)
  (5801 5802 5681 5680 14876 14877 14756 14755)
  (5802 5803 5682 5681 14877 14878 14757 14756)
  (5803 5804 5683 5682 14878 14879 14758 14757)
  (5804 5805 5684 5683 14879 14880 14759 14758)
  (5805 5806 5685 5684 14880 14881 14760 14759)
  (5806 5807 5686 5685 14881 14882 14761 14760)
  (5808 5809 5688 5687 14883 14884 14763 14762)
  (5809 5810 5689 5688 14884 14885 14764 14763)
  (5810 5811 5690 5689 14885 14886 14765 14764)
  (5811 5812 5691 5690 14886 14887 14766 14765)
  (5812 5813 5692 5691 14887 14888 14767 14766)
  (5813 5814 5693 5692 14888 14889 14768 14767)
  (5814 5815 5694 5693 14889 14890 14769 14768)
  (5815 5816 5695 5694 14890 14891 14770 14769)
  (5816 5817 5696 5695 14891 14892 14771 14770)
  (5817 5818 5697 5696 14892 14893 14772 14771)
  (5818 5819 5698 5697 14893 14894 14773 14772)
  (5819 5820 5699 5698 14894 14895 14774 14773)
  (5820 5821 5700 5699 14895 14896 14775 14774)
  (5821 5822 5701 5700 14896 14897 14776 14775)
  (5822 5823 5702 5701 14897 14898 14777 14776)
  (5823 5824 5703 5702 14898 14899 14778 14777)
  (5824 5825 5704 5703 14899 14900 14779 14778)
  (5825 5826 5705 5704 14900 14901 14780 14779)
  (5826 5827 5706 5705 14901 14902 14781 14780)
  (5827 5828 5707 5706 14902 14903 14782 14781)
  (5828 5829 5708 5707 14903 14904 14783 14782)
  (5829 5830 5709 5708 14904 14905 14784 14783)
  (5830 5831 5710 5709 14905 14906 14785 14784)
  (5831 5832 5711 5710 14906 14907 14786 14785)
  (5832 5833 5712 5711 14907 14908 14787 14786)
  (5833 5834 5713 5712 14908 14909 14788 14787)
  (5834 5835 5714 5713 14909 14910 14789 14788)
  (5835 5836 5715 5714 14910 14911 14790 14789)
  (5836 5837 5716 5715 14911 14912 14791 14790)
  (5837 5838 5717 5716 14912 14913 14792 14791)
  (5838 5839 5718 5717 14913 14914 14793 14792)
  (5839 5840 5719 5718 14914 14915 14794 14793)
  (5840 5841 5720 5719 14915 14916 14795 14794)
  (5841 5842 5721 5720 14916 14917 14796 14795)
  (5842 5843 5722 5721 14917 14918 14797 14796)
  (5843 5844 5723 5722 14918 14919 14798 14797)
  (5844 5845 5724 5723 14919 14920 14799 14798)
  (5845 5846 5725 5724 14920 14921 14800 14799)
  (5846 5847 5726 5725 14921 14922 14801 14800)
  (5847 5848 5727 5726 14922 14923 14802 14801)
  (5848 5849 5728 5727 14923 14924 14803 14802)
  (5849 5850 5729 5728 14924 14925 14804 14803)
  (5850 5851 5730 5729 14925 14926 14805 14804)
  (5851 5852 5731 5730 14926 14927 14806 14805)
  (5852 5853 5732 5731 14927 14928 14807 14806)
  (5853 5854 5733 5732 14928 14929 14808 14807)
  (5854 5855 5734 5733 14929 14930 14809 14808)
  (5855 5856 5735 5734 14930 14931 14810 14809)
  (5856 5857 5736 5735 14931 14932 14811 14810)
  (5857 5858 5737 5736 14932 14933 14812 14811)
  (5858 5859 5738 5737 14933 14934 14813 14812)
  (5859 5860 5739 5738 14934 14935 14814 14813)
  (5860 5861 5740 5739 14935 14936 14815 14814)
  (5861 5862 5741 5740 14936 14937 14816 14815)
  (5862 5863 5742 5741 14937 14938 14817 14816)
  (5863 5864 5743 5742 14938 14939 14818 14817)
  (5864 5865 5744 5743 14939 14940 14819 14818)
  (5865 5866 5745 5744 14940 14941 14820 14819)
  (5866 5867 5746 5745 14941 14942 14821 14820)
  (5867 5868 5747 5746 14942 14943 14822 14821)
  (5868 5869 5748 5747 14943 14944 14823 14822)
  (5869 5870 5749 5748 14944 14945 14824 14823)
  (5870 5871 5750 5749 14945 14946 14825 14824)
  (5871 5872 5751 5750 14946 14947 14826 14825)
  (5872 5873 5752 5751 14947 14948 14827 14826)
  (5873 5874 5753 5752 14948 14949 14828 14827)
  (5874 5875 5754 5753 14949 14950 14829 14828)
  (5875 5876 5755 5754 14950 14951 14830 14829)
  (5876 5877 5756 5755 14951 14952 14831 14830)
  (5877 5878 5757 5756 14952 14953 14832 14831)
  (5878 5879 5758 5757 14953 14954 14833 14832)
  (5879 5880 5759 5758 14954 14955 14834 14833)
  (5880 5881 5760 5759 14955 14956 14835 14834)
  (5881 5882 5761 5760 14956 14957 14836 14835)
  (5882 5883 5762 5761 14957 14958 14837 14836)
  (5883 5884 5763 5762 14958 14959 14838 14837)
  (5884 5885 5764 5763 14959 14960 14839 14838)
  (5885 5886 5765 5764 14960 14961 14840 14839)
  (5886 5887 5766 5765 14961 14962 14841 14840)
  (5887 5888 5767 5766 14962 14963 14842 14841)
  (5888 5889 5768 5767 14963 14964 14843 14842)
  (5889 5890 5769 5768 14964 14965 14844 14843)
  (5890 5891 5770 5769 14965 14966 14845 14844)
  (5891 5892 5771 5770 14966 14967 14846 14845)
  (5892 5893 5772 5771 14967 14968 14847 14846)
  (5893 5894 5773 5772 14968 14969 14848 14847)
  (5894 5895 5774 5773 14969 14970 14849 14848)
  (5895 5896 5775 5774 14970 14971 14850 14849)
  (5896 5897 5776 5775 14971 14972 14851 14850)
  (5897 5898 5777 5776 14972 14973 14852 14851)
  (5898 5899 5778 5777 14973 14974 14853 14852)
  (5899 5900 5779 5778 14974 14975 14854 14853)
  (5900 5901 5780 5779 14975 14976 14855 14854)
  (5901 5902 5781 5780 14976 14977 14856 14855)
  (5902 5903 5782 5781 14977 14978 14857 14856)
  (5903 5904 5783 5782 14978 14979 14858 14857)
  (5904 5905 5784 5783 14979 14980 14859 14858)
  (5905 5906 5785 5784 14980 14981 14860 14859)
  (5906 5907 5786 5785 14981 14982 14861 14860)
  (5907 5908 5787 5786 14982 14983 14862 14861)
  (5908 5909 5788 5787 14983 14984 14863 14862)
  (5909 5910 5789 5788 14984 14985 14864 14863)
  (5910 5911 5790 5789 14985 14986 14865 14864)
  (5911 5912 5791 5790 14986 14987 14866 14865)
  (5912 5913 5792 5791 14987 14988 14867 14866)
  (5913 5914 5793 5792 14988 14989 14868 14867)
  (5914 5915 5794 5793 14989 14990 14869 14868)
  (5915 5916 5795 5794 14990 14991 14870 14869)
  (5916 5917 5796 5795 14991 14992 14871 14870)
  (5917 5918 5797 5796 14992 14993 14872 14871)
  (5918 5919 5798 5797 14993 14994 14873 14872)
  (5919 5920 5799 5798 14994 14995 14874 14873)
  (5920 5921 5800 5799 14995 14996 14875 14874)
  (5921 5922 5801 5800 14996 14997 14876 14875)
  (5922 5923 5802 5801 14997 14998 14877 14876)
  (5923 5924 5803 5802 14998 14999 14878 14877)
  (5924 5925 5804 5803 14999 15000 14879 14878)
  (5925 5926 5805 5804 15000 15001 14880 14879)
  (5926 5927 5806 5805 15001 15002 14881 14880)
  (5927 5928 5807 5806 15002 15003 14882 14881)
  (5929 5930 5809 5808 15004 15005 14884 14883)
  (5930 5931 5810 5809 15005 15006 14885 14884)
  (5931 5932 5811 5810 15006 15007 14886 14885)
  (5932 5933 5812 5811 15007 15008 14887 14886)
  (5933 5934 5813 5812 15008 15009 14888 14887)
  (5934 5935 5814 5813 15009 15010 14889 14888)
  (5935 5936 5815 5814 15010 15011 14890 14889)
  (5936 5937 5816 5815 15011 15012 14891 14890)
  (5937 5938 5817 5816 15012 15013 14892 14891)
  (5938 5939 5818 5817 15013 15014 14893 14892)
  (5939 5940 5819 5818 15014 15015 14894 14893)
  (5940 5941 5820 5819 15015 15016 14895 14894)
  (5941 5942 5821 5820 15016 15017 14896 14895)
  (5942 5943 5822 5821 15017 15018 14897 14896)
  (5943 5944 5823 5822 15018 15019 14898 14897)
  (5944 5945 5824 5823 15019 15020 14899 14898)
  (5945 5946 5825 5824 15020 15021 14900 14899)
  (5946 5947 5826 5825 15021 15022 14901 14900)
  (5947 5948 5827 5826 15022 15023 14902 14901)
  (5948 5949 5828 5827 15023 15024 14903 14902)
  (5949 5950 5829 5828 15024 15025 14904 14903)
  (5950 5951 5830 5829 15025 15026 14905 14904)
  (5951 5952 5831 5830 15026 15027 14906 14905)
  (5952 5953 5832 5831 15027 15028 14907 14906)
  (5953 5954 5833 5832 15028 15029 14908 14907)
  (5954 5955 5834 5833 15029 15030 14909 14908)
  (5955 5956 5835 5834 15030 15031 14910 14909)
  (5956 5957 5836 5835 15031 15032 14911 14910)
  (5957 5958 5837 5836 15032 15033 14912 14911)
  (5958 5959 5838 5837 15033 15034 14913 14912)
  (5959 5960 5839 5838 15034 15035 14914 14913)
  (5960 5961 5840 5839 15035 15036 14915 14914)
  (5961 5962 5841 5840 15036 15037 14916 14915)
  (5962 5963 5842 5841 15037 15038 14917 14916)
  (5963 5964 5843 5842 15038 15039 14918 14917)
  (5964 5965 5844 5843 15039 15040 14919 14918)
  (5965 5966 5845 5844 15040 15041 14920 14919)
  (5966 5967 5846 5845 15041 15042 14921 14920)
  (5967 5968 5847 5846 15042 15043 14922 14921)
  (5968 5969 5848 5847 15043 15044 14923 14922)
  (5969 5970 5849 5848 15044 15045 14924 14923)
  (5970 5971 5850 5849 15045 15046 14925 14924)
  (5971 5972 5851 5850 15046 15047 14926 14925)
  (5972 5973 5852 5851 15047 15048 14927 14926)
  (5973 5974 5853 5852 15048 15049 14928 14927)
  (5974 5975 5854 5853 15049 15050 14929 14928)
  (5975 5976 5855 5854 15050 15051 14930 14929)
  (5976 5977 5856 5855 15051 15052 14931 14930)
  (5977 5978 5857 5856 15052 15053 14932 14931)
  (5978 5979 5858 5857 15053 15054 14933 14932)
  (5979 5980 5859 5858 15054 15055 14934 14933)
  (5980 5981 5860 5859 15055 15056 14935 14934)
  (5981 5982 5861 5860 15056 15057 14936 14935)
  (5982 5983 5862 5861 15057 15058 14937 14936)
  (5983 5984 5863 5862 15058 15059 14938 14937)
  (5984 5985 5864 5863 15059 15060 14939 14938)
  (5985 5986 5865 5864 15060 15061 14940 14939)
  (5986 5987 5866 5865 15061 15062 14941 14940)
  (5987 5988 5867 5866 15062 15063 14942 14941)
  (5988 5989 5868 5867 15063 15064 14943 14942)
  (5989 5990 5869 5868 15064 15065 14944 14943)
  (5990 5991 5870 5869 15065 15066 14945 14944)
  (5991 5992 5871 5870 15066 15067 14946 14945)
  (5992 5993 5872 5871 15067 15068 14947 14946)
  (5993 5994 5873 5872 15068 15069 14948 14947)
  (5994 5995 5874 5873 15069 15070 14949 14948)
  (5995 5996 5875 5874 15070 15071 14950 14949)
  (5996 5997 5876 5875 15071 15072 14951 14950)
  (5997 5998 5877 5876 15072 15073 14952 14951)
  (5998 5999 5878 5877 15073 15074 14953 14952)
  (5999 6000 5879 5878 15074 15075 14954 14953)
  (6000 6001 5880 5879 15075 15076 14955 14954)
  (6001 6002 5881 5880 15076 15077 14956 14955)
  (6002 6003 5882 5881 15077 15078 14957 14956)
  (6003 6004 5883 5882 15078 15079 14958 14957)
  (6004 6005 5884 5883 15079 15080 14959 14958)
  (6005 6006 5885 5884 15080 15081 14960 14959)
  (6006 6007 5886 5885 15081 15082 14961 14960)
  (6007 6008 5887 5886 15082 15083 14962 14961)
  (6008 6009 5888 5887 15083 15084 14963 14962)
  (6009 6010 5889 5888 15084 15085 14964 14963)
  (6010 6011 5890 5889 15085 15086 14965 14964)
  (6011 6012 5891 5890 15086 15087 14966 14965)
  (6012 6013 5892 5891 15087 15088 14967 14966)
  (6013 6014 5893 5892 15088 15089 14968 14967)
  (6014 6015 5894 5893 15089 15090 14969 14968)
  (6015 6016 5895 5894 15090 15091 14970 14969)
  (6016 6017 5896 5895 15091 15092 14971 14970)
  (6017 6018 5897 5896 15092 15093 14972 14971)
  (6018 6019 5898 5897 15093 15094 14973 14972)
  (6019 6020 5899 5898 15094 15095 14974 14973)
  (6020 6021 5900 5899 15095 15096 14975 14974)
  (6021 6022 5901 5900 15096 15097 14976 14975)
  (6022 6023 5902 5901 15097 15098 14977 14976)
  (6023 6024 5903 5902 15098 15099 14978 14977)
  (6024 6025 5904 5903 15099 15100 14979 14978)
  (6025 6026 5905 5904 15100 15101 14980 14979)
  (6026 6027 5906 5905 15101 15102 14981 14980)
  (6027 6028 5907 5906 15102 15103 14982 14981)
  (6028 6029 5908 5907 15103 15104 14983 14982)
  (6029 6030 5909 5908 15104 15105 14984 14983)
  (6030 6031 5910 5909 15105 15106 14985 14984)
  (6031 6032 5911 5910 15106 15107 14986 14985)
  (6032 6033 5912 5911 15107 15108 14987 14986)
  (6033 6034 5913 5912 15108 15109 14988 14987)
  (6034 6035 5914 5913 15109 15110 14989 14988)
  (6035 6036 5915 5914 15110 15111 14990 14989)
  (6036 6037 5916 5915 15111 15112 14991 14990)
  (6037 6038 5917 5916 15112 15113 14992 14991)
  (6038 6039 5918 5917 15113 15114 14993 14992)
  (6039 6040 5919 5918 15114 15115 14994 14993)
  (6040 6041 5920 5919 15115 15116 14995 14994)
  (6041 6042 5921 5920 15116 15117 14996 14995)
  (6042 6043 5922 5921 15117 15118 14997 14996)
  (6043 6044 5923 5922 15118 15119 14998 14997)
  (6044 6045 5924 5923 15119 15120 14999 14998)
  (6045 6046 5925 5924 15120 15121 15000 14999)
  (6046 6047 5926 5925 15121 15122 15001 15000)
  (6047 6048 5927 5926 15122 15123 15002 15001)
  (6048 6049 5928 5927 15123 15124 15003 15002)
  (6050 6051 5930 5929 15125 15126 15005 15004)
  (6051 6052 5931 5930 15126 15127 15006 15005)
  (6052 6053 5932 5931 15127 15128 15007 15006)
  (6053 6054 5933 5932 15128 15129 15008 15007)
  (6054 6055 5934 5933 15129 15130 15009 15008)
  (6055 6056 5935 5934 15130 15131 15010 15009)
  (6056 6057 5936 5935 15131 15132 15011 15010)
  (6057 6058 5937 5936 15132 15133 15012 15011)
  (6058 6059 5938 5937 15133 15134 15013 15012)
  (6059 6060 5939 5938 15134 15135 15014 15013)
  (6060 6061 5940 5939 15135 15136 15015 15014)
  (6061 6062 5941 5940 15136 15137 15016 15015)
  (6062 6063 5942 5941 15137 15138 15017 15016)
  (6063 6064 5943 5942 15138 15139 15018 15017)
  (6064 6065 5944 5943 15139 15140 15019 15018)
  (6065 6066 5945 5944 15140 15141 15020 15019)
  (6066 6067 5946 5945 15141 15142 15021 15020)
  (6067 6068 5947 5946 15142 15143 15022 15021)
  (6068 6069 5948 5947 15143 15144 15023 15022)
  (6069 6070 5949 5948 15144 15145 15024 15023)
  (6070 6071 5950 5949 15145 15146 15025 15024)
  (6071 6072 5951 5950 15146 15147 15026 15025)
  (6072 6073 5952 5951 15147 15148 15027 15026)
  (6073 6074 5953 5952 15148 15149 15028 15027)
  (6074 6075 5954 5953 15149 15150 15029 15028)
  (6075 6076 5955 5954 15150 15151 15030 15029)
  (6076 6077 5956 5955 15151 15152 15031 15030)
  (6077 6078 5957 5956 15152 15153 15032 15031)
  (6078 6079 5958 5957 15153 15154 15033 15032)
  (6079 6080 5959 5958 15154 15155 15034 15033)
  (6080 6081 5960 5959 15155 15156 15035 15034)
  (6081 6082 5961 5960 15156 15157 15036 15035)
  (6082 6083 5962 5961 15157 15158 15037 15036)
  (6083 6084 5963 5962 15158 15159 15038 15037)
  (6084 6085 5964 5963 15159 15160 15039 15038)
  (6085 6086 5965 5964 15160 15161 15040 15039)
  (6086 6087 5966 5965 15161 15162 15041 15040)
  (6087 6088 5967 5966 15162 15163 15042 15041)
  (6088 6089 5968 5967 15163 15164 15043 15042)
  (6089 6090 5969 5968 15164 15165 15044 15043)
  (6090 6091 5970 5969 15165 15166 15045 15044)
  (6091 6092 5971 5970 15166 15167 15046 15045)
  (6092 6093 5972 5971 15167 15168 15047 15046)
  (6093 6094 5973 5972 15168 15169 15048 15047)
  (6094 6095 5974 5973 15169 15170 15049 15048)
  (6095 6096 5975 5974 15170 15171 15050 15049)
  (6096 6097 5976 5975 15171 15172 15051 15050)
  (6097 6098 5977 5976 15172 15173 15052 15051)
  (6098 6099 5978 5977 15173 15174 15053 15052)
  (6099 6100 5979 5978 15174 15175 15054 15053)
  (6100 6101 5980 5979 15175 15176 15055 15054)
  (6101 6102 5981 5980 15176 15177 15056 15055)
  (6102 6103 5982 5981 15177 15178 15057 15056)
  (6103 6104 5983 5982 15178 15179 15058 15057)
  (6104 6105 5984 5983 15179 15180 15059 15058)
  (6105 6106 5985 5984 15180 15181 15060 15059)
  (6106 6107 5986 5985 15181 15182 15061 15060)
  (6107 6108 5987 5986 15182 15183 15062 15061)
  (6108 6109 5988 5987 15183 15184 15063 15062)
  (6109 6110 5989 5988 15184 15185 15064 15063)
  (6110 6111 5990 5989 15185 15186 15065 15064)
  (6111 6112 5991 5990 15186 15187 15066 15065)
  (6112 6113 5992 5991 15187 15188 15067 15066)
  (6113 6114 5993 5992 15188 15189 15068 15067)
  (6114 6115 5994 5993 15189 15190 15069 15068)
  (6115 6116 5995 5994 15190 15191 15070 15069)
  (6116 6117 5996 5995 15191 15192 15071 15070)
  (6117 6118 5997 5996 15192 15193 15072 15071)
  (6118 6119 5998 5997 15193 15194 15073 15072)
  (6119 6120 5999 5998 15194 15195 15074 15073)
  (6120 6121 6000 5999 15195 15196 15075 15074)
  (6121 6122 6001 6000 15196 15197 15076 15075)
  (6122 6123 6002 6001 15197 15198 15077 15076)
  (6123 6124 6003 6002 15198 15199 15078 15077)
  (6124 6125 6004 6003 15199 15200 15079 15078)
  (6125 6126 6005 6004 15200 15201 15080 15079)
  (6126 6127 6006 6005 15201 15202 15081 15080)
  (6127 6128 6007 6006 15202 15203 15082 15081)
  (6128 6129 6008 6007 15203 15204 15083 15082)
  (6129 6130 6009 6008 15204 15205 15084 15083)
  (6130 6131 6010 6009 15205 15206 15085 15084)
  (6131 6132 6011 6010 15206 15207 15086 15085)
  (6132 6133 6012 6011 15207 15208 15087 15086)
  (6133 6134 6013 6012 15208 15209 15088 15087)
  (6134 6135 6014 6013 15209 15210 15089 15088)
  (6135 6136 6015 6014 15210 15211 15090 15089)
  (6136 6137 6016 6015 15211 15212 15091 15090)
  (6137 6138 6017 6016 15212 15213 15092 15091)
  (6138 6139 6018 6017 15213 15214 15093 15092)
  (6139 6140 6019 6018 15214 15215 15094 15093)
  (6140 6141 6020 6019 15215 15216 15095 15094)
  (6141 6142 6021 6020 15216 15217 15096 15095)
  (6142 6143 6022 6021 15217 15218 15097 15096)
  (6143 6144 6023 6022 15218 15219 15098 15097)
  (6144 6145 6024 6023 15219 15220 15099 15098)
  (6145 6146 6025 6024 15220 15221 15100 15099)
  (6146 6147 6026 6025 15221 15222 15101 15100)
  (6147 6148 6027 6026 15222 15223 15102 15101)
  (6148 6149 6028 6027 15223 15224 15103 15102)
  (6149 6150 6029 6028 15224 15225 15104 15103)
  (6150 6151 6030 6029 15225 15226 15105 15104)
  (6151 6152 6031 6030 15226 15227 15106 15105)
  (6152 6153 6032 6031 15227 15228 15107 15106)
  (6153 6154 6033 6032 15228 15229 15108 15107)
  (6154 6155 6034 6033 15229 15230 15109 15108)
  (6155 6156 6035 6034 15230 15231 15110 15109)
  (6156 6157 6036 6035 15231 15232 15111 15110)
  (6157 6158 6037 6036 15232 15233 15112 15111)
  (6158 6159 6038 6037 15233 15234 15113 15112)
  (6159 6160 6039 6038 15234 15235 15114 15113)
  (6160 6161 6040 6039 15235 15236 15115 15114)
  (6161 6162 6041 6040 15236 15237 15116 15115)
  (6162 6163 6042 6041 15237 15238 15117 15116)
  (6163 6164 6043 6042 15238 15239 15118 15117)
  (6164 6165 6044 6043 15239 15240 15119 15118)
  (6165 6166 6045 6044 15240 15241 15120 15119)
  (6166 6167 6046 6045 15241 15242 15121 15120)
  (6167 6168 6047 6046 15242 15243 15122 15121)
  (6168 6169 6048 6047 15243 15244 15123 15122)
  (6169 6170 6049 6048 15244 15245 15124 15123)
  (6171 6172 6051 6050 15246 15247 15126 15125)
  (6172 6173 6052 6051 15247 15248 15127 15126)
  (6173 6174 6053 6052 15248 15249 15128 15127)
  (6174 6175 6054 6053 15249 15250 15129 15128)
  (6175 6176 6055 6054 15250 15251 15130 15129)
  (6176 6177 6056 6055 15251 15252 15131 15130)
  (6177 6178 6057 6056 15252 15253 15132 15131)
  (6178 6179 6058 6057 15253 15254 15133 15132)
  (6179 6180 6059 6058 15254 15255 15134 15133)
  (6180 6181 6060 6059 15255 15256 15135 15134)
  (6181 6182 6061 6060 15256 15257 15136 15135)
  (6182 6183 6062 6061 15257 15258 15137 15136)
  (6183 6184 6063 6062 15258 15259 15138 15137)
  (6184 6185 6064 6063 15259 15260 15139 15138)
  (6185 6186 6065 6064 15260 15261 15140 15139)
  (6186 6187 6066 6065 15261 15262 15141 15140)
  (6187 6188 6067 6066 15262 15263 15142 15141)
  (6188 6189 6068 6067 15263 15264 15143 15142)
  (6189 6190 6069 6068 15264 15265 15144 15143)
  (6190 6191 6070 6069 15265 15266 15145 15144)
  (6191 6192 6071 6070 15266 15267 15146 15145)
  (6192 6193 6072 6071 15267 15268 15147 15146)
  (6193 6194 6073 6072 15268 15269 15148 15147)
  (6194 6195 6074 6073 15269 15270 15149 15148)
  (6195 6196 6075 6074 15270 15271 15150 15149)
  (6196 6197 6076 6075 15271 15272 15151 15150)
  (6197 6198 6077 6076 15272 15273 15152 15151)
  (6198 6199 6078 6077 15273 15274 15153 15152)
  (6199 6200 6079 6078 15274 15275 15154 15153)
  (6200 6201 6080 6079 15275 15276 15155 15154)
  (6201 6202 6081 6080 15276 15277 15156 15155)
  (6202 6203 6082 6081 15277 15278 15157 15156)
  (6203 6204 6083 6082 15278 15279 15158 15157)
  (6204 6205 6084 6083 15279 15280 15159 15158)
  (6205 6206 6085 6084 15280 15281 15160 15159)
  (6206 6207 6086 6085 15281 15282 15161 15160)
  (6207 6208 6087 6086 15282 15283 15162 15161)
  (6208 6209 6088 6087 15283 15284 15163 15162)
  (6209 6210 6089 6088 15284 15285 15164 15163)
  (6210 6211 6090 6089 15285 15286 15165 15164)
  (6211 6212 6091 6090 15286 15287 15166 15165)
  (6212 6213 6092 6091 15287 15288 15167 15166)
  (6213 6214 6093 6092 15288 15289 15168 15167)
  (6214 6215 6094 6093 15289 15290 15169 15168)
  (6215 6216 6095 6094 15290 15291 15170 15169)
  (6216 6217 6096 6095 15291 15292 15171 15170)
  (6217 6218 6097 6096 15292 15293 15172 15171)
  (6218 6219 6098 6097 15293 15294 15173 15172)
  (6219 6220 6099 6098 15294 15295 15174 15173)
  (6220 6221 6100 6099 15295 15296 15175 15174)
  (6221 6222 6101 6100 15296 15297 15176 15175)
  (6222 6223 6102 6101 15297 15298 15177 15176)
  (6223 6224 6103 6102 15298 15299 15178 15177)
  (6224 6225 6104 6103 15299 15300 15179 15178)
  (6225 6226 6105 6104 15300 15301 15180 15179)
  (6226 6227 6106 6105 15301 15302 15181 15180)
  (6227 6228 6107 6106 15302 15303 15182 15181)
  (6228 6229 6108 6107 15303 15304 15183 15182)
  (6229 6230 6109 6108 15304 15305 15184 15183)
  (6230 6231 6110 6109 15305 15306 15185 15184)
  (6231 6232 6111 6110 15306 15307 15186 15185)
  (6232 6233 6112 6111 15307 15308 15187 15186)
  (6233 6234 6113 6112 15308 15309 15188 15187)
  (6234 6235 6114 6113 15309 15310 15189 15188)
  (6235 6236 6115 6114 15310 15311 15190 15189)
  (6236 6237 6116 6115 15311 15312 15191 15190)
  (6237 6238 6117 6116 15312 15313 15192 15191)
  (6238 6239 6118 6117 15313 15314 15193 15192)
  (6239 6240 6119 6118 15314 15315 15194 15193)
  (6240 6241 6120 6119 15315 15316 15195 15194)
  (6241 6242 6121 6120 15316 15317 15196 15195)
  (6242 6243 6122 6121 15317 15318 15197 15196)
  (6243 6244 6123 6122 15318 15319 15198 15197)
  (6244 6245 6124 6123 15319 15320 15199 15198)
  (6245 6246 6125 6124 15320 15321 15200 15199)
  (6246 6247 6126 6125 15321 15322 15201 15200)
  (6247 6248 6127 6126 15322 15323 15202 15201)
  (6248 6249 6128 6127 15323 15324 15203 15202)
  (6249 6250 6129 6128 15324 15325 15204 15203)
  (6250 6251 6130 6129 15325 15326 15205 15204)
  (6251 6252 6131 6130 15326 15327 15206 15205)
  (6252 6253 6132 6131 15327 15328 15207 15206)
  (6253 6254 6133 6132 15328 15329 15208 15207)
  (6254 6255 6134 6133 15329 15330 15209 15208)
  (6255 6256 6135 6134 15330 15331 15210 15209)
  (6256 6257 6136 6135 15331 15332 15211 15210)
  (6257 6258 6137 6136 15332 15333 15212 15211)
  (6258 6259 6138 6137 15333 15334 15213 15212)
  (6259 6260 6139 6138 15334 15335 15214 15213)
  (6260 6261 6140 6139 15335 15336 15215 15214)
  (6261 6262 6141 6140 15336 15337 15216 15215)
  (6262 6263 6142 6141 15337 15338 15217 15216)
  (6263 6264 6143 6142 15338 15339 15218 15217)
  (6264 6265 6144 6143 15339 15340 15219 15218)
  (6265 6266 6145 6144 15340 15341 15220 15219)
  (6266 6267 6146 6145 15341 15342 15221 15220)
  (6267 6268 6147 6146 15342 15343 15222 15221)
  (6268 6269 6148 6147 15343 15344 15223 15222)
  (6269 6270 6149 6148 15344 15345 15224 15223)
  (6270 6271 6150 6149 15345 15346 15225 15224)
  (6271 6272 6151 6150 15346 15347 15226 15225)
  (6272 6273 6152 6151 15347 15348 15227 15226)
  (6273 6274 6153 6152 15348 15349 15228 15227)
  (6274 6275 6154 6153 15349 15350 15229 15228)
  (6275 6276 6155 6154 15350 15351 15230 15229)
  (6276 6277 6156 6155 15351 15352 15231 15230)
  (6277 6278 6157 6156 15352 15353 15232 15231)
  (6278 6279 6158 6157 15353 15354 15233 15232)
  (6279 6280 6159 6158 15354 15355 15234 15233)
  (6280 6281 6160 6159 15355 15356 15235 15234)
  (6281 6282 6161 6160 15356 15357 15236 15235)
  (6282 6283 6162 6161 15357 15358 15237 15236)
  (6283 6284 6163 6162 15358 15359 15238 15237)
  (6284 6285 6164 6163 15359 15360 15239 15238)
  (6285 6286 6165 6164 15360 15361 15240 15239)
  (6286 6287 6166 6165 15361 15362 15241 15240)
  (6287 6288 6167 6166 15362 15363 15242 15241)
  (6288 6289 6168 6167 15363 15364 15243 15242)
  (6289 6290 6169 6168 15364 15365 15244 15243)
  (6290 6291 6170 6169 15365 15366 15245 15244)
  (6292 6293 6172 6171 15367 15368 15247 15246)
  (6293 6294 6173 6172 15368 15369 15248 15247)
  (6294 6295 6174 6173 15369 15370 15249 15248)
  (6295 6296 6175 6174 15370 15371 15250 15249)
  (6296 6297 6176 6175 15371 15372 15251 15250)
  (6297 6298 6177 6176 15372 15373 15252 15251)
  (6298 6299 6178 6177 15373 15374 15253 15252)
  (6299 6300 6179 6178 15374 15375 15254 15253)
  (6300 6301 6180 6179 15375 15376 15255 15254)
  (6301 6302 6181 6180 15376 15377 15256 15255)
  (6302 6303 6182 6181 15377 15378 15257 15256)
  (6303 6304 6183 6182 15378 15379 15258 15257)
  (6304 6305 6184 6183 15379 15380 15259 15258)
  (6305 6306 6185 6184 15380 15381 15260 15259)
  (6306 6307 6186 6185 15381 15382 15261 15260)
  (6307 6308 6187 6186 15382 15383 15262 15261)
  (6308 6309 6188 6187 15383 15384 15263 15262)
  (6309 6310 6189 6188 15384 15385 15264 15263)
  (6310 6311 6190 6189 15385 15386 15265 15264)
  (6311 6312 6191 6190 15386 15387 15266 15265)
  (6312 6313 6192 6191 15387 15388 15267 15266)
  (6313 6314 6193 6192 15388 15389 15268 15267)
  (6314 6315 6194 6193 15389 15390 15269 15268)
  (6315 6316 6195 6194 15390 15391 15270 15269)
  (6316 6317 6196 6195 15391 15392 15271 15270)
  (6317 6318 6197 6196 15392 15393 15272 15271)
  (6318 6319 6198 6197 15393 15394 15273 15272)
  (6319 6320 6199 6198 15394 15395 15274 15273)
  (6320 6321 6200 6199 15395 15396 15275 15274)
  (6321 6322 6201 6200 15396 15397 15276 15275)
  (6322 6323 6202 6201 15397 15398 15277 15276)
  (6323 6324 6203 6202 15398 15399 15278 15277)
  (6324 6325 6204 6203 15399 15400 15279 15278)
  (6325 6326 6205 6204 15400 15401 15280 15279)
  (6326 6327 6206 6205 15401 15402 15281 15280)
  (6327 6328 6207 6206 15402 15403 15282 15281)
  (6328 6329 6208 6207 15403 15404 15283 15282)
  (6329 6330 6209 6208 15404 15405 15284 15283)
  (6330 6331 6210 6209 15405 15406 15285 15284)
  (6331 6332 6211 6210 15406 15407 15286 15285)
  (6332 6333 6212 6211 15407 15408 15287 15286)
  (6333 6334 6213 6212 15408 15409 15288 15287)
  (6334 6335 6214 6213 15409 15410 15289 15288)
  (6335 6336 6215 6214 15410 15411 15290 15289)
  (6336 6337 6216 6215 15411 15412 15291 15290)
  (6337 6338 6217 6216 15412 15413 15292 15291)
  (6338 6339 6218 6217 15413 15414 15293 15292)
  (6339 6340 6219 6218 15414 15415 15294 15293)
  (6340 6341 6220 6219 15415 15416 15295 15294)
  (6341 6342 6221 6220 15416 15417 15296 15295)
  (6342 6343 6222 6221 15417 15418 15297 15296)
  (6343 6344 6223 6222 15418 15419 15298 15297)
  (6344 6345 6224 6223 15419 15420 15299 15298)
  (6345 6346 6225 6224 15420 15421 15300 15299)
  (6346 6347 6226 6225 15421 15422 15301 15300)
  (6347 6348 6227 6226 15422 15423 15302 15301)
  (6348 6349 6228 6227 15423 15424 15303 15302)
  (6349 6350 6229 6228 15424 15425 15304 15303)
  (6350 6351 6230 6229 15425 15426 15305 15304)
  (6351 6352 6231 6230 15426 15427 15306 15305)
  (6352 6353 6232 6231 15427 15428 15307 15306)
  (6353 6354 6233 6232 15428 15429 15308 15307)
  (6354 6355 6234 6233 15429 15430 15309 15308)
  (6355 6356 6235 6234 15430 15431 15310 15309)
  (6356 6357 6236 6235 15431 15432 15311 15310)
  (6357 6358 6237 6236 15432 15433 15312 15311)
  (6358 6359 6238 6237 15433 15434 15313 15312)
  (6359 6360 6239 6238 15434 15435 15314 15313)
  (6360 6361 6240 6239 15435 15436 15315 15314)
  (6361 6362 6241 6240 15436 15437 15316 15315)
  (6362 6363 6242 6241 15437 15438 15317 15316)
  (6363 6364 6243 6242 15438 15439 15318 15317)
  (6364 6365 6244 6243 15439 15440 15319 15318)
  (6365 6366 6245 6244 15440 15441 15320 15319)
  (6366 6367 6246 6245 15441 15442 15321 15320)
  (6367 6368 6247 6246 15442 15443 15322 15321)
  (6368 6369 6248 6247 15443 15444 15323 15322)
  (6369 6370 6249 6248 15444 15445 15324 15323)
  (6370 6371 6250 6249 15445 15446 15325 15324)
  (6371 6372 6251 6250 15446 15447 15326 15325)
  (6372 6373 6252 6251 15447 15448 15327 15326)
  (6373 6374 6253 6252 15448 15449 15328 15327)
  (6374 6375 6254 6253 15449 15450 15329 15328)
  (6375 6376 6255 6254 15450 15451 15330 15329)
  (6376 6377 6256 6255 15451 15452 15331 15330)
  (6377 6378 6257 6256 15452 15453 15332 15331)
  (6378 6379 6258 6257 15453 15454 15333 15332)
  (6379 6380 6259 6258 15454 15455 15334 15333)
  (6380 6381 6260 6259 15455 15456 15335 15334)
  (6381 6382 6261 6260 15456 15457 15336 15335)
  (6382 6383 6262 6261 15457 15458 15337 15336)
  (6383 6384 6263 6262 15458 15459 15338 15337)
  (6384 6385 6264 6263 15459 15460 15339 15338)
  (6385 6386 6265 6264 15460 15461 15340 15339)
  (6386 6387 6266 6265 15461 15462 15341 15340)
  (6387 6388 6267 6266 15462 15463 15342 15341)
  (6388 6389 6268 6267 15463 15464 15343 15342)
  (6389 6390 6269 6268 15464 15465 15344 15343)
  (6390 6391 6270 6269 15465 15466 15345 15344)
  (6391 6392 6271 6270 15466 15467 15346 15345)
  (6392 6393 6272 6271 15467 15468 15347 15346)
  (6393 6394 6273 6272 15468 15469 15348 15347)
  (6394 6395 6274 6273 15469 15470 15349 15348)
  (6395 6396 6275 6274 15470 15471 15350 15349)
  (6396 6397 6276 6275 15471 15472 15351 15350)
  (6397 6398 6277 6276 15472 15473 15352 15351)
  (6398 6399 6278 6277 15473 15474 15353 15352)
  (6399 6400 6279 6278 15474 15475 15354 15353)
  (6400 6401 6280 6279 15475 15476 15355 15354)
  (6401 6402 6281 6280 15476 15477 15356 15355)
  (6402 6403 6282 6281 15477 15478 15357 15356)
  (6403 6404 6283 6282 15478 15479 15358 15357)
  (6404 6405 6284 6283 15479 15480 15359 15358)
  (6405 6406 6285 6284 15480 15481 15360 15359)
  (6406 6407 6286 6285 15481 15482 15361 15360)
  (6407 6408 6287 6286 15482 15483 15362 15361)
  (6408 6409 6288 6287 15483 15484 15363 15362)
  (6409 6410 6289 6288 15484 15485 15364 15363)
  (6410 6411 6290 6289 15485 15486 15365 15364)
  (6411 6412 6291 6290 15486 15487 15366 15365)
  (6413 6414 6293 6292 15488 15489 15368 15367)
  (6414 6415 6294 6293 15489 15490 15369 15368)
  (6415 6416 6295 6294 15490 15491 15370 15369)
  (6416 6417 6296 6295 15491 15492 15371 15370)
  (6417 6418 6297 6296 15492 15493 15372 15371)
  (6418 6419 6298 6297 15493 15494 15373 15372)
  (6419 6420 6299 6298 15494 15495 15374 15373)
  (6420 6421 6300 6299 15495 15496 15375 15374)
  (6421 6422 6301 6300 15496 15497 15376 15375)
  (6422 6423 6302 6301 15497 15498 15377 15376)
  (6423 6424 6303 6302 15498 15499 15378 15377)
  (6424 6425 6304 6303 15499 15500 15379 15378)
  (6425 6426 6305 6304 15500 15501 15380 15379)
  (6426 6427 6306 6305 15501 15502 15381 15380)
  (6427 6428 6307 6306 15502 15503 15382 15381)
  (6428 6429 6308 6307 15503 15504 15383 15382)
  (6429 6430 6309 6308 15504 15505 15384 15383)
  (6430 6431 6310 6309 15505 15506 15385 15384)
  (6431 6432 6311 6310 15506 15507 15386 15385)
  (6432 6433 6312 6311 15507 15508 15387 15386)
  (6433 6434 6313 6312 15508 15509 15388 15387)
  (6434 6435 6314 6313 15509 15510 15389 15388)
  (6435 6436 6315 6314 15510 15511 15390 15389)
  (6436 6437 6316 6315 15511 15512 15391 15390)
  (6437 6438 6317 6316 15512 15513 15392 15391)
  (6438 6439 6318 6317 15513 15514 15393 15392)
  (6439 6440 6319 6318 15514 15515 15394 15393)
  (6440 6441 6320 6319 15515 15516 15395 15394)
  (6441 6442 6321 6320 15516 15517 15396 15395)
  (6442 6443 6322 6321 15517 15518 15397 15396)
  (6443 6444 6323 6322 15518 15519 15398 15397)
  (6444 6445 6324 6323 15519 15520 15399 15398)
  (6445 6446 6325 6324 15520 15521 15400 15399)
  (6446 6447 6326 6325 15521 15522 15401 15400)
  (6447 6448 6327 6326 15522 15523 15402 15401)
  (6448 6449 6328 6327 15523 15524 15403 15402)
  (6449 6450 6329 6328 15524 15525 15404 15403)
  (6450 6451 6330 6329 15525 15526 15405 15404)
  (6451 6452 6331 6330 15526 15527 15406 15405)
  (6452 6453 6332 6331 15527 15528 15407 15406)
  (6453 6454 6333 6332 15528 15529 15408 15407)
  (6454 6455 6334 6333 15529 15530 15409 15408)
  (6455 6456 6335 6334 15530 15531 15410 15409)
  (6456 6457 6336 6335 15531 15532 15411 15410)
  (6457 6458 6337 6336 15532 15533 15412 15411)
  (6458 6459 6338 6337 15533 15534 15413 15412)
  (6459 6460 6339 6338 15534 15535 15414 15413)
  (6460 6461 6340 6339 15535 15536 15415 15414)
  (6461 6462 6341 6340 15536 15537 15416 15415)
  (6462 6463 6342 6341 15537 15538 15417 15416)
  (6463 6464 6343 6342 15538 15539 15418 15417)
  (6464 6465 6344 6343 15539 15540 15419 15418)
  (6465 6466 6345 6344 15540 15541 15420 15419)
  (6466 6467 6346 6345 15541 15542 15421 15420)
  (6467 6468 6347 6346 15542 15543 15422 15421)
  (6468 6469 6348 6347 15543 15544 15423 15422)
  (6469 6470 6349 6348 15544 15545 15424 15423)
  (6470 6471 6350 6349 15545 15546 15425 15424)
  (6471 6472 6351 6350 15546 15547 15426 15425)
  (6472 6473 6352 6351 15547 15548 15427 15426)
  (6473 6474 6353 6352 15548 15549 15428 15427)
  (6474 6475 6354 6353 15549 15550 15429 15428)
  (6475 6476 6355 6354 15550 15551 15430 15429)
  (6476 6477 6356 6355 15551 15552 15431 15430)
  (6477 6478 6357 6356 15552 15553 15432 15431)
  (6478 6479 6358 6357 15553 15554 15433 15432)
  (6479 6480 6359 6358 15554 15555 15434 15433)
  (6480 6481 6360 6359 15555 15556 15435 15434)
  (6481 6482 6361 6360 15556 15557 15436 15435)
  (6482 6483 6362 6361 15557 15558 15437 15436)
  (6483 6484 6363 6362 15558 15559 15438 15437)
  (6484 6485 6364 6363 15559 15560 15439 15438)
  (6485 6486 6365 6364 15560 15561 15440 15439)
  (6486 6487 6366 6365 15561 15562 15441 15440)
  (6487 6488 6367 6366 15562 15563 15442 15441)
  (6488 6489 6368 6367 15563 15564 15443 15442)
  (6489 6490 6369 6368 15564 15565 15444 15443)
  (6490 6491 6370 6369 15565 15566 15445 15444)
  (6491 6492 6371 6370 15566 15567 15446 15445)
  (6492 6493 6372 6371 15567 15568 15447 15446)
  (6493 6494 6373 6372 15568 15569 15448 15447)
  (6494 6495 6374 6373 15569 15570 15449 15448)
  (6495 6496 6375 6374 15570 15571 15450 15449)
  (6496 6497 6376 6375 15571 15572 15451 15450)
  (6497 6498 6377 6376 15572 15573 15452 15451)
  (6498 6499 6378 6377 15573 15574 15453 15452)
  (6499 6500 6379 6378 15574 15575 15454 15453)
  (6500 6501 6380 6379 15575 15576 15455 15454)
  (6501 6502 6381 6380 15576 15577 15456 15455)
  (6502 6503 6382 6381 15577 15578 15457 15456)
  (6503 6504 6383 6382 15578 15579 15458 15457)
  (6504 6505 6384 6383 15579 15580 15459 15458)
  (6505 6506 6385 6384 15580 15581 15460 15459)
  (6506 6507 6386 6385 15581 15582 15461 15460)
  (6507 6508 6387 6386 15582 15583 15462 15461)
  (6508 6509 6388 6387 15583 15584 15463 15462)
  (6509 6510 6389 6388 15584 15585 15464 15463)
  (6510 6511 6390 6389 15585 15586 15465 15464)
  (6511 6512 6391 6390 15586 15587 15466 15465)
  (6512 6513 6392 6391 15587 15588 15467 15466)
  (6513 6514 6393 6392 15588 15589 15468 15467)
  (6514 6515 6394 6393 15589 15590 15469 15468)
  (6515 6516 6395 6394 15590 15591 15470 15469)
  (6516 6517 6396 6395 15591 15592 15471 15470)
  (6517 6518 6397 6396 15592 15593 15472 15471)
  (6518 6519 6398 6397 15593 15594 15473 15472)
  (6519 6520 6399 6398 15594 15595 15474 15473)
  (6520 6521 6400 6399 15595 15596 15475 15474)
  (6521 6522 6401 6400 15596 15597 15476 15475)
  (6522 6523 6402 6401 15597 15598 15477 15476)
  (6523 6524 6403 6402 15598 15599 15478 15477)
  (6524 6525 6404 6403 15599 15600 15479 15478)
  (6525 6526 6405 6404 15600 15601 15480 15479)
  (6526 6527 6406 6405 15601 15602 15481 15480)
  (6527 6528 6407 6406 15602 15603 15482 15481)
  (6528 6529 6408 6407 15603 15604 15483 15482)
  (6529 6530 6409 6408 15604 15605 15484 15483)
  (6530 6531 6410 6409 15605 15606 15485 15484)
  (6531 6532 6411 6410 15606 15607 15486 15485)
  (6532 6533 6412 6411 15607 15608 15487 15486)
  (6534 6535 6414 6413 15609 15610 15489 15488)
  (6535 6536 6415 6414 15610 15611 15490 15489)
  (6536 6537 6416 6415 15611 15612 15491 15490)
  (6537 6538 6417 6416 15612 15613 15492 15491)
  (6538 6539 6418 6417 15613 15614 15493 15492)
  (6539 6540 6419 6418 15614 15615 15494 15493)
  (6540 6541 6420 6419 15615 15616 15495 15494)
  (6541 6542 6421 6420 15616 15617 15496 15495)
  (6542 6543 6422 6421 15617 15618 15497 15496)
  (6543 6544 6423 6422 15618 15619 15498 15497)
  (6544 6545 6424 6423 15619 15620 15499 15498)
  (6545 6546 6425 6424 15620 15621 15500 15499)
  (6546 6547 6426 6425 15621 15622 15501 15500)
  (6547 6548 6427 6426 15622 15623 15502 15501)
  (6548 6549 6428 6427 15623 15624 15503 15502)
  (6549 6550 6429 6428 15624 15625 15504 15503)
  (6550 6551 6430 6429 15625 15626 15505 15504)
  (6551 6552 6431 6430 15626 15627 15506 15505)
  (6552 6553 6432 6431 15627 15628 15507 15506)
  (6553 6554 6433 6432 15628 15629 15508 15507)
  (6554 6555 6434 6433 15629 15630 15509 15508)
  (6555 6556 6435 6434 15630 15631 15510 15509)
  (6556 6557 6436 6435 15631 15632 15511 15510)
  (6557 6558 6437 6436 15632 15633 15512 15511)
  (6558 6559 6438 6437 15633 15634 15513 15512)
  (6559 6560 6439 6438 15634 15635 15514 15513)
  (6560 6561 6440 6439 15635 15636 15515 15514)
  (6561 6562 6441 6440 15636 15637 15516 15515)
  (6562 6563 6442 6441 15637 15638 15517 15516)
  (6563 6564 6443 6442 15638 15639 15518 15517)
  (6564 6565 6444 6443 15639 15640 15519 15518)
  (6565 6566 6445 6444 15640 15641 15520 15519)
  (6566 6567 6446 6445 15641 15642 15521 15520)
  (6567 6568 6447 6446 15642 15643 15522 15521)
  (6568 6569 6448 6447 15643 15644 15523 15522)
  (6569 6570 6449 6448 15644 15645 15524 15523)
  (6570 6571 6450 6449 15645 15646 15525 15524)
  (6571 6572 6451 6450 15646 15647 15526 15525)
  (6572 6573 6452 6451 15647 15648 15527 15526)
  (6573 6574 6453 6452 15648 15649 15528 15527)
  (6574 6575 6454 6453 15649 15650 15529 15528)
  (6575 6576 6455 6454 15650 15651 15530 15529)
  (6576 6577 6456 6455 15651 15652 15531 15530)
  (6577 6578 6457 6456 15652 15653 15532 15531)
  (6578 6579 6458 6457 15653 15654 15533 15532)
  (6579 6580 6459 6458 15654 15655 15534 15533)
  (6580 6581 6460 6459 15655 15656 15535 15534)
  (6581 6582 6461 6460 15656 15657 15536 15535)
  (6582 6583 6462 6461 15657 15658 15537 15536)
  (6583 6584 6463 6462 15658 15659 15538 15537)
  (6584 6585 6464 6463 15659 15660 15539 15538)
  (6585 6586 6465 6464 15660 15661 15540 15539)
  (6586 6587 6466 6465 15661 15662 15541 15540)
  (6587 6588 6467 6466 15662 15663 15542 15541)
  (6588 6589 6468 6467 15663 15664 15543 15542)
  (6589 6590 6469 6468 15664 15665 15544 15543)
  (6590 6591 6470 6469 15665 15666 15545 15544)
  (6591 6592 6471 6470 15666 15667 15546 15545)
  (6592 6593 6472 6471 15667 15668 15547 15546)
  (6593 6594 6473 6472 15668 15669 15548 15547)
  (6594 6595 6474 6473 15669 15670 15549 15548)
  (6595 6596 6475 6474 15670 15671 15550 15549)
  (6596 6597 6476 6475 15671 15672 15551 15550)
  (6597 6598 6477 6476 15672 15673 15552 15551)
  (6598 6599 6478 6477 15673 15674 15553 15552)
  (6599 6600 6479 6478 15674 15675 15554 15553)
  (6600 6601 6480 6479 15675 15676 15555 15554)
  (6601 6602 6481 6480 15676 15677 15556 15555)
  (6602 6603 6482 6481 15677 15678 15557 15556)
  (6603 6604 6483 6482 15678 15679 15558 15557)
  (6604 6605 6484 6483 15679 15680 15559 15558)
  (6605 6606 6485 6484 15680 15681 15560 15559)
  (6606 6607 6486 6485 15681 15682 15561 15560)
  (6607 6608 6487 6486 15682 15683 15562 15561)
  (6608 6609 6488 6487 15683 15684 15563 15562)
  (6609 6610 6489 6488 15684 15685 15564 15563)
  (6610 6611 6490 6489 15685 15686 15565 15564)
  (6611 6612 6491 6490 15686 15687 15566 15565)
  (6612 6613 6492 6491 15687 15688 15567 15566)
  (6613 6614 6493 6492 15688 15689 15568 15567)
  (6614 6615 6494 6493 15689 15690 15569 15568)
  (6615 6616 6495 6494 15690 15691 15570 15569)
  (6616 6617 6496 6495 15691 15692 15571 15570)
  (6617 6618 6497 6496 15692 15693 15572 15571)
  (6618 6619 6498 6497 15693 15694 15573 15572)
  (6619 6620 6499 6498 15694 15695 15574 15573)
  (6620 6621 6500 6499 15695 15696 15575 15574)
  (6621 6622 6501 6500 15696 15697 15576 15575)
  (6622 6623 6502 6501 15697 15698 15577 15576)
  (6623 6624 6503 6502 15698 15699 15578 15577)
  (6624 6625 6504 6503 15699 15700 15579 15578)
  (6625 6626 6505 6504 15700 15701 15580 15579)
  (6626 6627 6506 6505 15701 15702 15581 15580)
  (6627 6628 6507 6506 15702 15703 15582 15581)
  (6628 6629 6508 6507 15703 15704 15583 15582)
  (6629 6630 6509 6508 15704 15705 15584 15583)
  (6630 6631 6510 6509 15705 15706 15585 15584)
  (6631 6632 6511 6510 15706 15707 15586 15585)
  (6632 6633 6512 6511 15707 15708 15587 15586)
  (6633 6634 6513 6512 15708 15709 15588 15587)
  (6634 6635 6514 6513 15709 15710 15589 15588)
  (6635 6636 6515 6514 15710 15711 15590 15589)
  (6636 6637 6516 6515 15711 15712 15591 15590)
  (6637 6638 6517 6516 15712 15713 15592 15591)
  (6638 6639 6518 6517 15713 15714 15593 15592)
  (6639 6640 6519 6518 15714 15715 15594 15593)
  (6640 6641 6520 6519 15715 15716 15595 15594)
  (6641 6642 6521 6520 15716 15717 15596 15595)
  (6642 6643 6522 6521 15717 15718 15597 15596)
  (6643 6644 6523 6522 15718 15719 15598 15597)
  (6644 6645 6524 6523 15719 15720 15599 15598)
  (6645 6646 6525 6524 15720 15721 15600 15599)
  (6646 6647 6526 6525 15721 15722 15601 15600)
  (6647 6648 6527 6526 15722 15723 15602 15601)
  (6648 6649 6528 6527 15723 15724 15603 15602)
  (6649 6650 6529 6528 15724 15725 15604 15603)
  (6650 6651 6530 6529 15725 15726 15605 15604)
  (6651 6652 6531 6530 15726 15727 15606 15605)
  (6652 6653 6532 6531 15727 15728 15607 15606)
  (6653 6654 6533 6532 15728 15729 15608 15607)
  (6655 6656 6535 6534 15730 15731 15610 15609)
  (6656 6657 6536 6535 15731 15732 15611 15610)
  (6657 6658 6537 6536 15732 15733 15612 15611)
  (6658 6659 6538 6537 15733 15734 15613 15612)
  (6659 6660 6539 6538 15734 15735 15614 15613)
  (6660 6661 6540 6539 15735 15736 15615 15614)
  (6661 6662 6541 6540 15736 15737 15616 15615)
  (6662 6663 6542 6541 15737 15738 15617 15616)
  (6663 6664 6543 6542 15738 15739 15618 15617)
  (6664 6665 6544 6543 15739 15740 15619 15618)
  (6665 6666 6545 6544 15740 15741 15620 15619)
  (6666 6667 6546 6545 15741 15742 15621 15620)
  (6667 6668 6547 6546 15742 15743 15622 15621)
  (6668 6669 6548 6547 15743 15744 15623 15622)
  (6669 6670 6549 6548 15744 15745 15624 15623)
  (6670 6671 6550 6549 15745 15746 15625 15624)
  (6671 6672 6551 6550 15746 15747 15626 15625)
  (6672 6673 6552 6551 15747 15748 15627 15626)
  (6673 6674 6553 6552 15748 15749 15628 15627)
  (6674 6675 6554 6553 15749 15750 15629 15628)
  (6675 6676 6555 6554 15750 15751 15630 15629)
  (6676 6677 6556 6555 15751 15752 15631 15630)
  (6677 6678 6557 6556 15752 15753 15632 15631)
  (6678 6679 6558 6557 15753 15754 15633 15632)
  (6679 6680 6559 6558 15754 15755 15634 15633)
  (6680 6681 6560 6559 15755 15756 15635 15634)
  (6681 6682 6561 6560 15756 15757 15636 15635)
  (6682 6683 6562 6561 15757 15758 15637 15636)
  (6683 6684 6563 6562 15758 15759 15638 15637)
  (6684 6685 6564 6563 15759 15760 15639 15638)
  (6685 6686 6565 6564 15760 15761 15640 15639)
  (6686 6687 6566 6565 15761 15762 15641 15640)
  (6687 6688 6567 6566 15762 15763 15642 15641)
  (6688 6689 6568 6567 15763 15764 15643 15642)
  (6689 6690 6569 6568 15764 15765 15644 15643)
  (6690 6691 6570 6569 15765 15766 15645 15644)
  (6691 6692 6571 6570 15766 15767 15646 15645)
  (6692 6693 6572 6571 15767 15768 15647 15646)
  (6693 6694 6573 6572 15768 15769 15648 15647)
  (6694 6695 6574 6573 15769 15770 15649 15648)
  (6695 6696 6575 6574 15770 15771 15650 15649)
  (6696 6697 6576 6575 15771 15772 15651 15650)
  (6697 6698 6577 6576 15772 15773 15652 15651)
  (6698 6699 6578 6577 15773 15774 15653 15652)
  (6699 6700 6579 6578 15774 15775 15654 15653)
  (6700 6701 6580 6579 15775 15776 15655 15654)
  (6701 6702 6581 6580 15776 15777 15656 15655)
  (6702 6703 6582 6581 15777 15778 15657 15656)
  (6703 6704 6583 6582 15778 15779 15658 15657)
  (6704 6705 6584 6583 15779 15780 15659 15658)
  (6705 6706 6585 6584 15780 15781 15660 15659)
  (6706 6707 6586 6585 15781 15782 15661 15660)
  (6707 6708 6587 6586 15782 15783 15662 15661)
  (6708 6709 6588 6587 15783 15784 15663 15662)
  (6709 6710 6589 6588 15784 15785 15664 15663)
  (6710 6711 6590 6589 15785 15786 15665 15664)
  (6711 6712 6591 6590 15786 15787 15666 15665)
  (6712 6713 6592 6591 15787 15788 15667 15666)
  (6713 6714 6593 6592 15788 15789 15668 15667)
  (6714 6715 6594 6593 15789 15790 15669 15668)
  (6715 6716 6595 6594 15790 15791 15670 15669)
  (6716 6717 6596 6595 15791 15792 15671 15670)
  (6717 6718 6597 6596 15792 15793 15672 15671)
  (6718 6719 6598 6597 15793 15794 15673 15672)
  (6719 6720 6599 6598 15794 15795 15674 15673)
  (6720 6721 6600 6599 15795 15796 15675 15674)
  (6721 6722 6601 6600 15796 15797 15676 15675)
  (6722 6723 6602 6601 15797 15798 15677 15676)
  (6723 6724 6603 6602 15798 15799 15678 15677)
  (6724 6725 6604 6603 15799 15800 15679 15678)
  (6725 6726 6605 6604 15800 15801 15680 15679)
  (6726 6727 6606 6605 15801 15802 15681 15680)
  (6727 6728 6607 6606 15802 15803 15682 15681)
  (6728 6729 6608 6607 15803 15804 15683 15682)
  (6729 6730 6609 6608 15804 15805 15684 15683)
  (6730 6731 6610 6609 15805 15806 15685 15684)
  (6731 6732 6611 6610 15806 15807 15686 15685)
  (6732 6733 6612 6611 15807 15808 15687 15686)
  (6733 6734 6613 6612 15808 15809 15688 15687)
  (6734 6735 6614 6613 15809 15810 15689 15688)
  (6735 6736 6615 6614 15810 15811 15690 15689)
  (6736 6737 6616 6615 15811 15812 15691 15690)
  (6737 6738 6617 6616 15812 15813 15692 15691)
  (6738 6739 6618 6617 15813 15814 15693 15692)
  (6739 6740 6619 6618 15814 15815 15694 15693)
  (6740 6741 6620 6619 15815 15816 15695 15694)
  (6741 6742 6621 6620 15816 15817 15696 15695)
  (6742 6743 6622 6621 15817 15818 15697 15696)
  (6743 6744 6623 6622 15818 15819 15698 15697)
  (6744 6745 6624 6623 15819 15820 15699 15698)
  (6745 6746 6625 6624 15820 15821 15700 15699)
  (6746 6747 6626 6625 15821 15822 15701 15700)
  (6747 6748 6627 6626 15822 15823 15702 15701)
  (6748 6749 6628 6627 15823 15824 15703 15702)
  (6749 6750 6629 6628 15824 15825 15704 15703)
  (6750 6751 6630 6629 15825 15826 15705 15704)
  (6751 6752 6631 6630 15826 15827 15706 15705)
  (6752 6753 6632 6631 15827 15828 15707 15706)
  (6753 6754 6633 6632 15828 15829 15708 15707)
  (6754 6755 6634 6633 15829 15830 15709 15708)
  (6755 6756 6635 6634 15830 15831 15710 15709)
  (6756 6757 6636 6635 15831 15832 15711 15710)
  (6757 6758 6637 6636 15832 15833 15712 15711)
  (6758 6759 6638 6637 15833 15834 15713 15712)
  (6759 6760 6639 6638 15834 15835 15714 15713)
  (6760 6761 6640 6639 15835 15836 15715 15714)
  (6761 6762 6641 6640 15836 15837 15716 15715)
  (6762 6763 6642 6641 15837 15838 15717 15716)
  (6763 6764 6643 6642 15838 15839 15718 15717)
  (6764 6765 6644 6643 15839 15840 15719 15718)
  (6765 6766 6645 6644 15840 15841 15720 15719)
  (6766 6767 6646 6645 15841 15842 15721 15720)
  (6767 6768 6647 6646 15842 15843 15722 15721)
  (6768 6769 6648 6647 15843 15844 15723 15722)
  (6769 6770 6649 6648 15844 15845 15724 15723)
  (6770 6771 6650 6649 15845 15846 15725 15724)
  (6771 6772 6651 6650 15846 15847 15726 15725)
  (6772 6773 6652 6651 15847 15848 15727 15726)
  (6773 6774 6653 6652 15848 15849 15728 15727)
  (6774 6775 6654 6653 15849 15850 15729 15728)
  (6776 6777 6656 6655 15851 15852 15731 15730)
  (6777 6778 6657 6656 15852 15853 15732 15731)
  (6778 6779 6658 6657 15853 15854 15733 15732)
  (6779 6780 6659 6658 15854 15855 15734 15733)
  (6780 6781 6660 6659 15855 15856 15735 15734)
  (6781 6782 6661 6660 15856 15857 15736 15735)
  (6782 6783 6662 6661 15857 15858 15737 15736)
  (6783 6784 6663 6662 15858 15859 15738 15737)
  (6784 6785 6664 6663 15859 15860 15739 15738)
  (6785 6786 6665 6664 15860 15861 15740 15739)
  (6786 6787 6666 6665 15861 15862 15741 15740)
  (6787 6788 6667 6666 15862 15863 15742 15741)
  (6788 6789 6668 6667 15863 15864 15743 15742)
  (6789 6790 6669 6668 15864 15865 15744 15743)
  (6790 6791 6670 6669 15865 15866 15745 15744)
  (6791 6792 6671 6670 15866 15867 15746 15745)
  (6792 6793 6672 6671 15867 15868 15747 15746)
  (6793 6794 6673 6672 15868 15869 15748 15747)
  (6794 6795 6674 6673 15869 15870 15749 15748)
  (6795 6796 6675 6674 15870 15871 15750 15749)
  (6796 6797 6676 6675 15871 15872 15751 15750)
  (6797 6798 6677 6676 15872 15873 15752 15751)
  (6798 6799 6678 6677 15873 15874 15753 15752)
  (6799 6800 6679 6678 15874 15875 15754 15753)
  (6800 6801 6680 6679 15875 15876 15755 15754)
  (6801 6802 6681 6680 15876 15877 15756 15755)
  (6802 6803 6682 6681 15877 15878 15757 15756)
  (6803 6804 6683 6682 15878 15879 15758 15757)
  (6804 6805 6684 6683 15879 15880 15759 15758)
  (6805 6806 6685 6684 15880 15881 15760 15759)
  (6806 6807 6686 6685 15881 15882 15761 15760)
  (6807 6808 6687 6686 15882 15883 15762 15761)
  (6808 6809 6688 6687 15883 15884 15763 15762)
  (6809 6810 6689 6688 15884 15885 15764 15763)
  (6810 6811 6690 6689 15885 15886 15765 15764)
  (6811 6812 6691 6690 15886 15887 15766 15765)
  (6812 6813 6692 6691 15887 15888 15767 15766)
  (6813 6814 6693 6692 15888 15889 15768 15767)
  (6814 6815 6694 6693 15889 15890 15769 15768)
  (6815 6816 6695 6694 15890 15891 15770 15769)
  (6816 6817 6696 6695 15891 15892 15771 15770)
  (6817 6818 6697 6696 15892 15893 15772 15771)
  (6818 6819 6698 6697 15893 15894 15773 15772)
  (6819 6820 6699 6698 15894 15895 15774 15773)
  (6820 6821 6700 6699 15895 15896 15775 15774)
  (6821 6822 6701 6700 15896 15897 15776 15775)
  (6822 6823 6702 6701 15897 15898 15777 15776)
  (6823 6824 6703 6702 15898 15899 15778 15777)
  (6824 6825 6704 6703 15899 15900 15779 15778)
  (6825 6826 6705 6704 15900 15901 15780 15779)
  (6826 6827 6706 6705 15901 15902 15781 15780)
  (6827 6828 6707 6706 15902 15903 15782 15781)
  (6828 6829 6708 6707 15903 15904 15783 15782)
  (6829 6830 6709 6708 15904 15905 15784 15783)
  (6830 6831 6710 6709 15905 15906 15785 15784)
  (6831 6832 6711 6710 15906 15907 15786 15785)
  (6832 6833 6712 6711 15907 15908 15787 15786)
  (6833 6834 6713 6712 15908 15909 15788 15787)
  (6834 6835 6714 6713 15909 15910 15789 15788)
  (6835 6836 6715 6714 15910 15911 15790 15789)
  (6836 6837 6716 6715 15911 15912 15791 15790)
  (6837 6838 6717 6716 15912 15913 15792 15791)
  (6838 6839 6718 6717 15913 15914 15793 15792)
  (6839 6840 6719 6718 15914 15915 15794 15793)
  (6840 6841 6720 6719 15915 15916 15795 15794)
  (6841 6842 6721 6720 15916 15917 15796 15795)
  (6842 6843 6722 6721 15917 15918 15797 15796)
  (6843 6844 6723 6722 15918 15919 15798 15797)
  (6844 6845 6724 6723 15919 15920 15799 15798)
  (6845 6846 6725 6724 15920 15921 15800 15799)
  (6846 6847 6726 6725 15921 15922 15801 15800)
  (6847 6848 6727 6726 15922 15923 15802 15801)
  (6848 6849 6728 6727 15923 15924 15803 15802)
  (6849 6850 6729 6728 15924 15925 15804 15803)
  (6850 6851 6730 6729 15925 15926 15805 15804)
  (6851 6852 6731 6730 15926 15927 15806 15805)
  (6852 6853 6732 6731 15927 15928 15807 15806)
  (6853 6854 6733 6732 15928 15929 15808 15807)
  (6854 6855 6734 6733 15929 15930 15809 15808)
  (6855 6856 6735 6734 15930 15931 15810 15809)
  (6856 6857 6736 6735 15931 15932 15811 15810)
  (6857 6858 6737 6736 15932 15933 15812 15811)
  (6858 6859 6738 6737 15933 15934 15813 15812)
  (6859 6860 6739 6738 15934 15935 15814 15813)
  (6860 6861 6740 6739 15935 15936 15815 15814)
  (6861 6862 6741 6740 15936 15937 15816 15815)
  (6862 6863 6742 6741 15937 15938 15817 15816)
  (6863 6864 6743 6742 15938 15939 15818 15817)
  (6864 6865 6744 6743 15939 15940 15819 15818)
  (6865 6866 6745 6744 15940 15941 15820 15819)
  (6866 6867 6746 6745 15941 15942 15821 15820)
  (6867 6868 6747 6746 15942 15943 15822 15821)
  (6868 6869 6748 6747 15943 15944 15823 15822)
  (6869 6870 6749 6748 15944 15945 15824 15823)
  (6870 6871 6750 6749 15945 15946 15825 15824)
  (6871 6872 6751 6750 15946 15947 15826 15825)
  (6872 6873 6752 6751 15947 15948 15827 15826)
  (6873 6874 6753 6752 15948 15949 15828 15827)
  (6874 6875 6754 6753 15949 15950 15829 15828)
  (6875 6876 6755 6754 15950 15951 15830 15829)
  (6876 6877 6756 6755 15951 15952 15831 15830)
  (6877 6878 6757 6756 15952 15953 15832 15831)
  (6878 6879 6758 6757 15953 15954 15833 15832)
  (6879 6880 6759 6758 15954 15955 15834 15833)
  (6880 6881 6760 6759 15955 15956 15835 15834)
  (6881 6882 6761 6760 15956 15957 15836 15835)
  (6882 6883 6762 6761 15957 15958 15837 15836)
  (6883 6884 6763 6762 15958 15959 15838 15837)
  (6884 6885 6764 6763 15959 15960 15839 15838)
  (6885 6886 6765 6764 15960 15961 15840 15839)
  (6886 6887 6766 6765 15961 15962 15841 15840)
  (6887 6888 6767 6766 15962 15963 15842 15841)
  (6888 6889 6768 6767 15963 15964 15843 15842)
  (6889 6890 6769 6768 15964 15965 15844 15843)
  (6890 6891 6770 6769 15965 15966 15845 15844)
  (6891 6892 6771 6770 15966 15967 15846 15845)
  (6892 6893 6772 6771 15967 15968 15847 15846)
  (6893 6894 6773 6772 15968 15969 15848 15847)
  (6894 6895 6774 6773 15969 15970 15849 15848)
  (6895 6896 6775 6774 15970 15971 15850 15849)
  (6897 6898 6777 6776 15972 15973 15852 15851)
  (6898 6899 6778 6777 15973 15974 15853 15852)
  (6899 6900 6779 6778 15974 15975 15854 15853)
  (6900 6901 6780 6779 15975 15976 15855 15854)
  (6901 6902 6781 6780 15976 15977 15856 15855)
  (6902 6903 6782 6781 15977 15978 15857 15856)
  (6903 6904 6783 6782 15978 15979 15858 15857)
  (6904 6905 6784 6783 15979 15980 15859 15858)
  (6905 6906 6785 6784 15980 15981 15860 15859)
  (6906 6907 6786 6785 15981 15982 15861 15860)
  (6907 6908 6787 6786 15982 15983 15862 15861)
  (6908 6909 6788 6787 15983 15984 15863 15862)
  (6909 6910 6789 6788 15984 15985 15864 15863)
  (6910 6911 6790 6789 15985 15986 15865 15864)
  (6911 6912 6791 6790 15986 15987 15866 15865)
  (6912 6913 6792 6791 15987 15988 15867 15866)
  (6913 6914 6793 6792 15988 15989 15868 15867)
  (6914 6915 6794 6793 15989 15990 15869 15868)
  (6915 6916 6795 6794 15990 15991 15870 15869)
  (6916 6917 6796 6795 15991 15992 15871 15870)
  (6917 6918 6797 6796 15992 15993 15872 15871)
  (6918 6919 6798 6797 15993 15994 15873 15872)
  (6919 6920 6799 6798 15994 15995 15874 15873)
  (6920 6921 6800 6799 15995 15996 15875 15874)
  (6921 6922 6801 6800 15996 15997 15876 15875)
  (6922 6923 6802 6801 15997 15998 15877 15876)
  (6923 6924 6803 6802 15998 15999 15878 15877)
  (6924 6925 6804 6803 15999 16000 15879 15878)
  (6925 6926 6805 6804 16000 16001 15880 15879)
  (6926 6927 6806 6805 16001 16002 15881 15880)
  (6927 6928 6807 6806 16002 16003 15882 15881)
  (6928 6929 6808 6807 16003 16004 15883 15882)
  (6929 6930 6809 6808 16004 16005 15884 15883)
  (6930 6931 6810 6809 16005 16006 15885 15884)
  (6931 6932 6811 6810 16006 16007 15886 15885)
  (6932 6933 6812 6811 16007 16008 15887 15886)
  (6933 6934 6813 6812 16008 16009 15888 15887)
  (6934 6935 6814 6813 16009 16010 15889 15888)
  (6935 6936 6815 6814 16010 16011 15890 15889)
  (6936 6937 6816 6815 16011 16012 15891 15890)
  (6937 6938 6817 6816 16012 16013 15892 15891)
  (6938 6939 6818 6817 16013 16014 15893 15892)
  (6939 6940 6819 6818 16014 16015 15894 15893)
  (6940 6941 6820 6819 16015 16016 15895 15894)
  (6941 6942 6821 6820 16016 16017 15896 15895)
  (6942 6943 6822 6821 16017 16018 15897 15896)
  (6943 6944 6823 6822 16018 16019 15898 15897)
  (6944 6945 6824 6823 16019 16020 15899 15898)
  (6945 6946 6825 6824 16020 16021 15900 15899)
  (6946 6947 6826 6825 16021 16022 15901 15900)
  (6947 6948 6827 6826 16022 16023 15902 15901)
  (6948 6949 6828 6827 16023 16024 15903 15902)
  (6949 6950 6829 6828 16024 16025 15904 15903)
  (6950 6951 6830 6829 16025 16026 15905 15904)
  (6951 6952 6831 6830 16026 16027 15906 15905)
  (6952 6953 6832 6831 16027 16028 15907 15906)
  (6953 6954 6833 6832 16028 16029 15908 15907)
  (6954 6955 6834 6833 16029 16030 15909 15908)
  (6955 6956 6835 6834 16030 16031 15910 15909)
  (6956 6957 6836 6835 16031 16032 15911 15910)
  (6957 6958 6837 6836 16032 16033 15912 15911)
  (6958 6959 6838 6837 16033 16034 15913 15912)
  (6959 6960 6839 6838 16034 16035 15914 15913)
  (6960 6961 6840 6839 16035 16036 15915 15914)
  (6961 6962 6841 6840 16036 16037 15916 15915)
  (6962 6963 6842 6841 16037 16038 15917 15916)
  (6963 6964 6843 6842 16038 16039 15918 15917)
  (6964 6965 6844 6843 16039 16040 15919 15918)
  (6965 6966 6845 6844 16040 16041 15920 15919)
  (6966 6967 6846 6845 16041 16042 15921 15920)
  (6967 6968 6847 6846 16042 16043 15922 15921)
  (6968 6969 6848 6847 16043 16044 15923 15922)
  (6969 6970 6849 6848 16044 16045 15924 15923)
  (6970 6971 6850 6849 16045 16046 15925 15924)
  (6971 6972 6851 6850 16046 16047 15926 15925)
  (6972 6973 6852 6851 16047 16048 15927 15926)
  (6973 6974 6853 6852 16048 16049 15928 15927)
  (6974 6975 6854 6853 16049 16050 15929 15928)
  (6975 6976 6855 6854 16050 16051 15930 15929)
  (6976 6977 6856 6855 16051 16052 15931 15930)
  (6977 6978 6857 6856 16052 16053 15932 15931)
  (6978 6979 6858 6857 16053 16054 15933 15932)
  (6979 6980 6859 6858 16054 16055 15934 15933)
  (6980 6981 6860 6859 16055 16056 15935 15934)
  (6981 6982 6861 6860 16056 16057 15936 15935)
  (6982 6983 6862 6861 16057 16058 15937 15936)
  (6983 6984 6863 6862 16058 16059 15938 15937)
  (6984 6985 6864 6863 16059 16060 15939 15938)
  (6985 6986 6865 6864 16060 16061 15940 15939)
  (6986 6987 6866 6865 16061 16062 15941 15940)
  (6987 6988 6867 6866 16062 16063 15942 15941)
  (6988 6989 6868 6867 16063 16064 15943 15942)
  (6989 6990 6869 6868 16064 16065 15944 15943)
  (6990 6991 6870 6869 16065 16066 15945 15944)
  (6991 6992 6871 6870 16066 16067 15946 15945)
  (6992 6993 6872 6871 16067 16068 15947 15946)
  (6993 6994 6873 6872 16068 16069 15948 15947)
  (6994 6995 6874 6873 16069 16070 15949 15948)
  (6995 6996 6875 6874 16070 16071 15950 15949)
  (6996 6997 6876 6875 16071 16072 15951 15950)
  (6997 6998 6877 6876 16072 16073 15952 15951)
  (6998 6999 6878 6877 16073 16074 15953 15952)
  (6999 7000 6879 6878 16074 16075 15954 15953)
  (7000 7001 6880 6879 16075 16076 15955 15954)
  (7001 7002 6881 6880 16076 16077 15956 15955)
  (7002 7003 6882 6881 16077 16078 15957 15956)
  (7003 7004 6883 6882 16078 16079 15958 15957)
  (7004 7005 6884 6883 16079 16080 15959 15958)
  (7005 7006 6885 6884 16080 16081 15960 15959)
  (7006 7007 6886 6885 16081 16082 15961 15960)
  (7007 7008 6887 6886 16082 16083 15962 15961)
  (7008 7009 6888 6887 16083 16084 15963 15962)
  (7009 7010 6889 6888 16084 16085 15964 15963)
  (7010 7011 6890 6889 16085 16086 15965 15964)
  (7011 7012 6891 6890 16086 16087 15966 15965)
  (7012 7013 6892 6891 16087 16088 15967 15966)
  (7013 7014 6893 6892 16088 16089 15968 15967)
  (7014 7015 6894 6893 16089 16090 15969 15968)
  (7015 7016 6895 6894 16090 16091 15970 15969)
  (7016 7017 6896 6895 16091 16092 15971 15970)
  (7018 7019 6898 6897 16093 16094 15973 15972)
  (7019 7020 6899 6898 16094 16095 15974 15973)
  (7020 7021 6900 6899 16095 16096 15975 15974)
  (7021 7022 6901 6900 16096 16097 15976 15975)
  (7022 7023 6902 6901 16097 16098 15977 15976)
  (7023 7024 6903 6902 16098 16099 15978 15977)
  (7024 7025 6904 6903 16099 16100 15979 15978)
  (7025 7026 6905 6904 16100 16101 15980 15979)
  (7026 7027 6906 6905 16101 16102 15981 15980)
  (7027 7028 6907 6906 16102 16103 15982 15981)
  (7028 7029 6908 6907 16103 16104 15983 15982)
  (7029 7030 6909 6908 16104 16105 15984 15983)
  (7030 7031 6910 6909 16105 16106 15985 15984)
  (7031 7032 6911 6910 16106 16107 15986 15985)
  (7032 7033 6912 6911 16107 16108 15987 15986)
  (7033 7034 6913 6912 16108 16109 15988 15987)
  (7034 7035 6914 6913 16109 16110 15989 15988)
  (7035 7036 6915 6914 16110 16111 15990 15989)
  (7036 7037 6916 6915 16111 16112 15991 15990)
  (7037 7038 6917 6916 16112 16113 15992 15991)
  (7038 7039 6918 6917 16113 16114 15993 15992)
  (7039 7040 6919 6918 16114 16115 15994 15993)
  (7040 7041 6920 6919 16115 16116 15995 15994)
  (7041 7042 6921 6920 16116 16117 15996 15995)
  (7042 7043 6922 6921 16117 16118 15997 15996)
  (7043 7044 6923 6922 16118 16119 15998 15997)
  (7044 7045 6924 6923 16119 16120 15999 15998)
  (7045 7046 6925 6924 16120 16121 16000 15999)
  (7046 7047 6926 6925 16121 16122 16001 16000)
  (7047 7048 6927 6926 16122 16123 16002 16001)
  (7048 7049 6928 6927 16123 16124 16003 16002)
  (7049 7050 6929 6928 16124 16125 16004 16003)
  (7050 7051 6930 6929 16125 16126 16005 16004)
  (7051 7052 6931 6930 16126 16127 16006 16005)
  (7052 7053 6932 6931 16127 16128 16007 16006)
  (7053 7054 6933 6932 16128 16129 16008 16007)
  (7054 7055 6934 6933 16129 16130 16009 16008)
  (7055 7056 6935 6934 16130 16131 16010 16009)
  (7056 7057 6936 6935 16131 16132 16011 16010)
  (7057 7058 6937 6936 16132 16133 16012 16011)
  (7058 7059 6938 6937 16133 16134 16013 16012)
  (7059 7060 6939 6938 16134 16135 16014 16013)
  (7060 7061 6940 6939 16135 16136 16015 16014)
  (7061 7062 6941 6940 16136 16137 16016 16015)
  (7062 7063 6942 6941 16137 16138 16017 16016)
  (7063 7064 6943 6942 16138 16139 16018 16017)
  (7064 7065 6944 6943 16139 16140 16019 16018)
  (7065 7066 6945 6944 16140 16141 16020 16019)
  (7066 7067 6946 6945 16141 16142 16021 16020)
  (7067 7068 6947 6946 16142 16143 16022 16021)
  (7068 7069 6948 6947 16143 16144 16023 16022)
  (7069 7070 6949 6948 16144 16145 16024 16023)
  (7070 7071 6950 6949 16145 16146 16025 16024)
  (7071 7072 6951 6950 16146 16147 16026 16025)
  (7072 7073 6952 6951 16147 16148 16027 16026)
  (7073 7074 6953 6952 16148 16149 16028 16027)
  (7074 7075 6954 6953 16149 16150 16029 16028)
  (7075 7076 6955 6954 16150 16151 16030 16029)
  (7076 7077 6956 6955 16151 16152 16031 16030)
  (7077 7078 6957 6956 16152 16153 16032 16031)
  (7078 7079 6958 6957 16153 16154 16033 16032)
  (7079 7080 6959 6958 16154 16155 16034 16033)
  (7080 7081 6960 6959 16155 16156 16035 16034)
  (7081 7082 6961 6960 16156 16157 16036 16035)
  (7082 7083 6962 6961 16157 16158 16037 16036)
  (7083 7084 6963 6962 16158 16159 16038 16037)
  (7084 7085 6964 6963 16159 16160 16039 16038)
  (7085 7086 6965 6964 16160 16161 16040 16039)
  (7086 7087 6966 6965 16161 16162 16041 16040)
  (7087 7088 6967 6966 16162 16163 16042 16041)
  (7088 7089 6968 6967 16163 16164 16043 16042)
  (7089 7090 6969 6968 16164 16165 16044 16043)
  (7090 7091 6970 6969 16165 16166 16045 16044)
  (7091 7092 6971 6970 16166 16167 16046 16045)
  (7092 7093 6972 6971 16167 16168 16047 16046)
  (7093 7094 6973 6972 16168 16169 16048 16047)
  (7094 7095 6974 6973 16169 16170 16049 16048)
  (7095 7096 6975 6974 16170 16171 16050 16049)
  (7096 7097 6976 6975 16171 16172 16051 16050)
  (7097 7098 6977 6976 16172 16173 16052 16051)
  (7098 7099 6978 6977 16173 16174 16053 16052)
  (7099 7100 6979 6978 16174 16175 16054 16053)
  (7100 7101 6980 6979 16175 16176 16055 16054)
  (7101 7102 6981 6980 16176 16177 16056 16055)
  (7102 7103 6982 6981 16177 16178 16057 16056)
  (7103 7104 6983 6982 16178 16179 16058 16057)
  (7104 7105 6984 6983 16179 16180 16059 16058)
  (7105 7106 6985 6984 16180 16181 16060 16059)
  (7106 7107 6986 6985 16181 16182 16061 16060)
  (7107 7108 6987 6986 16182 16183 16062 16061)
  (7108 7109 6988 6987 16183 16184 16063 16062)
  (7109 7110 6989 6988 16184 16185 16064 16063)
  (7110 7111 6990 6989 16185 16186 16065 16064)
  (7111 7112 6991 6990 16186 16187 16066 16065)
  (7112 7113 6992 6991 16187 16188 16067 16066)
  (7113 7114 6993 6992 16188 16189 16068 16067)
  (7114 7115 6994 6993 16189 16190 16069 16068)
  (7115 7116 6995 6994 16190 16191 16070 16069)
  (7116 7117 6996 6995 16191 16192 16071 16070)
  (7117 7118 6997 6996 16192 16193 16072 16071)
  (7118 7119 6998 6997 16193 16194 16073 16072)
  (7119 7120 6999 6998 16194 16195 16074 16073)
  (7120 7121 7000 6999 16195 16196 16075 16074)
  (7121 7122 7001 7000 16196 16197 16076 16075)
  (7122 7123 7002 7001 16197 16198 16077 16076)
  (7123 7124 7003 7002 16198 16199 16078 16077)
  (7124 7125 7004 7003 16199 16200 16079 16078)
  (7125 7126 7005 7004 16200 16201 16080 16079)
  (7126 7127 7006 7005 16201 16202 16081 16080)
  (7127 7128 7007 7006 16202 16203 16082 16081)
  (7128 7129 7008 7007 16203 16204 16083 16082)
  (7129 7130 7009 7008 16204 16205 16084 16083)
  (7130 7131 7010 7009 16205 16206 16085 16084)
  (7131 7132 7011 7010 16206 16207 16086 16085)
  (7132 7133 7012 7011 16207 16208 16087 16086)
  (7133 7134 7013 7012 16208 16209 16088 16087)
  (7134 7135 7014 7013 16209 16210 16089 16088)
  (7135 7136 7015 7014 16210 16211 16090 16089)
  (7136 7137 7016 7015 16211 16212 16091 16090)
  (7137 7138 7017 7016 16212 16213 16092 16091)
  (7139 7140 7019 7018 16214 16215 16094 16093)
  (7140 7141 7020 7019 16215 16216 16095 16094)
  (7141 7142 7021 7020 16216 16217 16096 16095)
  (7142 7143 7022 7021 16217 16218 16097 16096)
  (7143 7144 7023 7022 16218 16219 16098 16097)
  (7144 7145 7024 7023 16219 16220 16099 16098)
  (7145 7146 7025 7024 16220 16221 16100 16099)
  (7146 7147 7026 7025 16221 16222 16101 16100)
  (7147 7148 7027 7026 16222 16223 16102 16101)
  (7148 7149 7028 7027 16223 16224 16103 16102)
  (7149 7150 7029 7028 16224 16225 16104 16103)
  (7150 7151 7030 7029 16225 16226 16105 16104)
  (7151 7152 7031 7030 16226 16227 16106 16105)
  (7152 7153 7032 7031 16227 16228 16107 16106)
  (7153 7154 7033 7032 16228 16229 16108 16107)
  (7154 7155 7034 7033 16229 16230 16109 16108)
  (7155 7156 7035 7034 16230 16231 16110 16109)
  (7156 7157 7036 7035 16231 16232 16111 16110)
  (7157 7158 7037 7036 16232 16233 16112 16111)
  (7158 7159 7038 7037 16233 16234 16113 16112)
  (7159 7160 7039 7038 16234 16235 16114 16113)
  (7160 7161 7040 7039 16235 16236 16115 16114)
  (7161 7162 7041 7040 16236 16237 16116 16115)
  (7162 7163 7042 7041 16237 16238 16117 16116)
  (7163 7164 7043 7042 16238 16239 16118 16117)
  (7164 7165 7044 7043 16239 16240 16119 16118)
  (7165 7166 7045 7044 16240 16241 16120 16119)
  (7166 7167 7046 7045 16241 16242 16121 16120)
  (7167 7168 7047 7046 16242 16243 16122 16121)
  (7168 7169 7048 7047 16243 16244 16123 16122)
  (7169 7170 7049 7048 16244 16245 16124 16123)
  (7170 7171 7050 7049 16245 16246 16125 16124)
  (7171 7172 7051 7050 16246 16247 16126 16125)
  (7172 7173 7052 7051 16247 16248 16127 16126)
  (7173 7174 7053 7052 16248 16249 16128 16127)
  (7174 7175 7054 7053 16249 16250 16129 16128)
  (7175 7176 7055 7054 16250 16251 16130 16129)
  (7176 7177 7056 7055 16251 16252 16131 16130)
  (7177 7178 7057 7056 16252 16253 16132 16131)
  (7178 7179 7058 7057 16253 16254 16133 16132)
  (7179 7180 7059 7058 16254 16255 16134 16133)
  (7180 7181 7060 7059 16255 16256 16135 16134)
  (7181 7182 7061 7060 16256 16257 16136 16135)
  (7182 7183 7062 7061 16257 16258 16137 16136)
  (7183 7184 7063 7062 16258 16259 16138 16137)
  (7184 7185 7064 7063 16259 16260 16139 16138)
  (7185 7186 7065 7064 16260 16261 16140 16139)
  (7186 7187 7066 7065 16261 16262 16141 16140)
  (7187 7188 7067 7066 16262 16263 16142 16141)
  (7188 7189 7068 7067 16263 16264 16143 16142)
  (7189 7190 7069 7068 16264 16265 16144 16143)
  (7190 7191 7070 7069 16265 16266 16145 16144)
  (7191 7192 7071 7070 16266 16267 16146 16145)
  (7192 7193 7072 7071 16267 16268 16147 16146)
  (7193 7194 7073 7072 16268 16269 16148 16147)
  (7194 7195 7074 7073 16269 16270 16149 16148)
  (7195 7196 7075 7074 16270 16271 16150 16149)
  (7196 7197 7076 7075 16271 16272 16151 16150)
  (7197 7198 7077 7076 16272 16273 16152 16151)
  (7198 7199 7078 7077 16273 16274 16153 16152)
  (7199 7200 7079 7078 16274 16275 16154 16153)
  (7200 7201 7080 7079 16275 16276 16155 16154)
  (7201 7202 7081 7080 16276 16277 16156 16155)
  (7202 7203 7082 7081 16277 16278 16157 16156)
  (7203 7204 7083 7082 16278 16279 16158 16157)
  (7204 7205 7084 7083 16279 16280 16159 16158)
  (7205 7206 7085 7084 16280 16281 16160 16159)
  (7206 7207 7086 7085 16281 16282 16161 16160)
  (7207 7208 7087 7086 16282 16283 16162 16161)
  (7208 7209 7088 7087 16283 16284 16163 16162)
  (7209 7210 7089 7088 16284 16285 16164 16163)
  (7210 7211 7090 7089 16285 16286 16165 16164)
  (7211 7212 7091 7090 16286 16287 16166 16165)
  (7212 7213 7092 7091 16287 16288 16167 16166)
  (7213 7214 7093 7092 16288 16289 16168 16167)
  (7214 7215 7094 7093 16289 16290 16169 16168)
  (7215 7216 7095 7094 16290 16291 16170 16169)
  (7216 7217 7096 7095 16291 16292 16171 16170)
  (7217 7218 7097 7096 16292 16293 16172 16171)
  (7218 7219 7098 7097 16293 16294 16173 16172)
  (7219 7220 7099 7098 16294 16295 16174 16173)
  (7220 7221 7100 7099 16295 16296 16175 16174)
  (7221 7222 7101 7100 16296 16297 16176 16175)
  (7222 7223 7102 7101 16297 16298 16177 16176)
  (7223 7224 7103 7102 16298 16299 16178 16177)
  (7224 7225 7104 7103 16299 16300 16179 16178)
  (7225 7226 7105 7104 16300 16301 16180 16179)
  (7226 7227 7106 7105 16301 16302 16181 16180)
  (7227 7228 7107 7106 16302 16303 16182 16181)
  (7228 7229 7108 7107 16303 16304 16183 16182)
  (7229 7230 7109 7108 16304 16305 16184 16183)
  (7230 7231 7110 7109 16305 16306 16185 16184)
  (7231 7232 7111 7110 16306 16307 16186 16185)
  (7232 7233 7112 7111 16307 16308 16187 16186)
  (7233 7234 7113 7112 16308 16309 16188 16187)
  (7234 7235 7114 7113 16309 16310 16189 16188)
  (7235 7236 7115 7114 16310 16311 16190 16189)
  (7236 7237 7116 7115 16311 16312 16191 16190)
  (7237 7238 7117 7116 16312 16313 16192 16191)
  (7238 7239 7118 7117 16313 16314 16193 16192)
  (7239 7240 7119 7118 16314 16315 16194 16193)
  (7240 7241 7120 7119 16315 16316 16195 16194)
  (7241 7242 7121 7120 16316 16317 16196 16195)
  (7242 7243 7122 7121 16317 16318 16197 16196)
  (7243 7244 7123 7122 16318 16319 16198 16197)
  (7244 7245 7124 7123 16319 16320 16199 16198)
  (7245 7246 7125 7124 16320 16321 16200 16199)
  (7246 7247 7126 7125 16321 16322 16201 16200)
  (7247 7248 7127 7126 16322 16323 16202 16201)
  (7248 7249 7128 7127 16323 16324 16203 16202)
  (7249 7250 7129 7128 16324 16325 16204 16203)
  (7250 7251 7130 7129 16325 16326 16205 16204)
  (7251 7252 7131 7130 16326 16327 16206 16205)
  (7252 7253 7132 7131 16327 16328 16207 16206)
  (7253 7254 7133 7132 16328 16329 16208 16207)
  (7254 7255 7134 7133 16329 16330 16209 16208)
  (7255 7256 7135 7134 16330 16331 16210 16209)
  (7256 7257 7136 7135 16331 16332 16211 16210)
  (7257 7258 7137 7136 16332 16333 16212 16211)
  (7258 7259 7138 7137 16333 16334 16213 16212)
  (7260 7261 7140 7139 16335 16336 16215 16214)
  (7261 7262 7141 7140 16336 16337 16216 16215)
  (7262 7263 7142 7141 16337 16338 16217 16216)
  (7263 7264 7143 7142 16338 16339 16218 16217)
  (7264 7265 7144 7143 16339 16340 16219 16218)
  (7265 7266 7145 7144 16340 16341 16220 16219)
  (7266 7267 7146 7145 16341 16342 16221 16220)
  (7267 7268 7147 7146 16342 16343 16222 16221)
  (7268 7269 7148 7147 16343 16344 16223 16222)
  (7269 7270 7149 7148 16344 16345 16224 16223)
  (7270 7271 7150 7149 16345 16346 16225 16224)
  (7271 7272 7151 7150 16346 16347 16226 16225)
  (7272 7273 7152 7151 16347 16348 16227 16226)
  (7273 7274 7153 7152 16348 16349 16228 16227)
  (7274 7275 7154 7153 16349 16350 16229 16228)
  (7275 7276 7155 7154 16350 16351 16230 16229)
  (7276 7277 7156 7155 16351 16352 16231 16230)
  (7277 7278 7157 7156 16352 16353 16232 16231)
  (7278 7279 7158 7157 16353 16354 16233 16232)
  (7279 7280 7159 7158 16354 16355 16234 16233)
  (7280 7281 7160 7159 16355 16356 16235 16234)
  (7281 7282 7161 7160 16356 16357 16236 16235)
  (7282 7283 7162 7161 16357 16358 16237 16236)
  (7283 7284 7163 7162 16358 16359 16238 16237)
  (7284 7285 7164 7163 16359 16360 16239 16238)
  (7285 7286 7165 7164 16360 16361 16240 16239)
  (7286 7287 7166 7165 16361 16362 16241 16240)
  (7287 7288 7167 7166 16362 16363 16242 16241)
  (7288 7289 7168 7167 16363 16364 16243 16242)
  (7289 7290 7169 7168 16364 16365 16244 16243)
  (7290 7291 7170 7169 16365 16366 16245 16244)
  (7291 7292 7171 7170 16366 16367 16246 16245)
  (7292 7293 7172 7171 16367 16368 16247 16246)
  (7293 7294 7173 7172 16368 16369 16248 16247)
  (7294 7295 7174 7173 16369 16370 16249 16248)
  (7295 7296 7175 7174 16370 16371 16250 16249)
  (7296 7297 7176 7175 16371 16372 16251 16250)
  (7297 7298 7177 7176 16372 16373 16252 16251)
  (7298 7299 7178 7177 16373 16374 16253 16252)
  (7299 7300 7179 7178 16374 16375 16254 16253)
  (7300 7301 7180 7179 16375 16376 16255 16254)
  (7301 7302 7181 7180 16376 16377 16256 16255)
  (7302 7303 7182 7181 16377 16378 16257 16256)
  (7303 7304 7183 7182 16378 16379 16258 16257)
  (7304 7305 7184 7183 16379 16380 16259 16258)
  (7305 7306 7185 7184 16380 16381 16260 16259)
  (7306 7307 7186 7185 16381 16382 16261 16260)
  (7307 7308 7187 7186 16382 16383 16262 16261)
  (7308 7309 7188 7187 16383 16384 16263 16262)
  (7309 7310 7189 7188 16384 16385 16264 16263)
  (7310 7311 7190 7189 16385 16386 16265 16264)
  (7311 7312 7191 7190 16386 16387 16266 16265)
  (7312 7313 7192 7191 16387 16388 16267 16266)
  (7313 7314 7193 7192 16388 16389 16268 16267)
  (7314 7315 7194 7193 16389 16390 16269 16268)
  (7315 7316 7195 7194 16390 16391 16270 16269)
  (7316 7317 7196 7195 16391 16392 16271 16270)
  (7317 7318 7197 7196 16392 16393 16272 16271)
  (7318 7319 7198 7197 16393 16394 16273 16272)
  (7319 7320 7199 7198 16394 16395 16274 16273)
  (7320 7321 7200 7199 16395 16396 16275 16274)
  (7321 7322 7201 7200 16396 16397 16276 16275)
  (7322 7323 7202 7201 16397 16398 16277 16276)
  (7323 7324 7203 7202 16398 16399 16278 16277)
  (7324 7325 7204 7203 16399 16400 16279 16278)
  (7325 7326 7205 7204 16400 16401 16280 16279)
  (7326 7327 7206 7205 16401 16402 16281 16280)
  (7327 7328 7207 7206 16402 16403 16282 16281)
  (7328 7329 7208 7207 16403 16404 16283 16282)
  (7329 7330 7209 7208 16404 16405 16284 16283)
  (7330 7331 7210 7209 16405 16406 16285 16284)
  (7331 7332 7211 7210 16406 16407 16286 16285)
  (7332 7333 7212 7211 16407 16408 16287 16286)
  (7333 7334 7213 7212 16408 16409 16288 16287)
  (7334 7335 7214 7213 16409 16410 16289 16288)
  (7335 7336 7215 7214 16410 16411 16290 16289)
  (7336 7337 7216 7215 16411 16412 16291 16290)
  (7337 7338 7217 7216 16412 16413 16292 16291)
  (7338 7339 7218 7217 16413 16414 16293 16292)
  (7339 7340 7219 7218 16414 16415 16294 16293)
  (7340 7341 7220 7219 16415 16416 16295 16294)
  (7341 7342 7221 7220 16416 16417 16296 16295)
  (7342 7343 7222 7221 16417 16418 16297 16296)
  (7343 7344 7223 7222 16418 16419 16298 16297)
  (7344 7345 7224 7223 16419 16420 16299 16298)
  (7345 7346 7225 7224 16420 16421 16300 16299)
  (7346 7347 7226 7225 16421 16422 16301 16300)
  (7347 7348 7227 7226 16422 16423 16302 16301)
  (7348 7349 7228 7227 16423 16424 16303 16302)
  (7349 7350 7229 7228 16424 16425 16304 16303)
  (7350 7351 7230 7229 16425 16426 16305 16304)
  (7351 7352 7231 7230 16426 16427 16306 16305)
  (7352 7353 7232 7231 16427 16428 16307 16306)
  (7353 7354 7233 7232 16428 16429 16308 16307)
  (7354 7355 7234 7233 16429 16430 16309 16308)
  (7355 7356 7235 7234 16430 16431 16310 16309)
  (7356 7357 7236 7235 16431 16432 16311 16310)
  (7357 7358 7237 7236 16432 16433 16312 16311)
  (7358 7359 7238 7237 16433 16434 16313 16312)
  (7359 7360 7239 7238 16434 16435 16314 16313)
  (7360 7361 7240 7239 16435 16436 16315 16314)
  (7361 7362 7241 7240 16436 16437 16316 16315)
  (7362 7363 7242 7241 16437 16438 16317 16316)
  (7363 7364 7243 7242 16438 16439 16318 16317)
  (7364 7365 7244 7243 16439 16440 16319 16318)
  (7365 7366 7245 7244 16440 16441 16320 16319)
  (7366 7367 7246 7245 16441 16442 16321 16320)
  (7367 7368 7247 7246 16442 16443 16322 16321)
  (7368 7369 7248 7247 16443 16444 16323 16322)
  (7369 7370 7249 7248 16444 16445 16324 16323)
  (7370 7371 7250 7249 16445 16446 16325 16324)
  (7371 7372 7251 7250 16446 16447 16326 16325)
  (7372 7373 7252 7251 16447 16448 16327 16326)
  (7373 7374 7253 7252 16448 16449 16328 16327)
  (7374 7375 7254 7253 16449 16450 16329 16328)
  (7375 7376 7255 7254 16450 16451 16330 16329)
  (7376 7377 7256 7255 16451 16452 16331 16330)
  (7377 7378 7257 7256 16452 16453 16332 16331)
  (7378 7379 7258 7257 16453 16454 16333 16332)
  (7379 7380 7259 7258 16454 16455 16334 16333)
  (7381 7382 7261 7260 16456 16457 16336 16335)
  (7382 7383 7262 7261 16457 16458 16337 16336)
  (7383 7384 7263 7262 16458 16459 16338 16337)
  (7384 7385 7264 7263 16459 16460 16339 16338)
  (7385 7386 7265 7264 16460 16461 16340 16339)
  (7386 7387 7266 7265 16461 16462 16341 16340)
  (7387 7388 7267 7266 16462 16463 16342 16341)
  (7388 7389 7268 7267 16463 16464 16343 16342)
  (7389 7390 7269 7268 16464 16465 16344 16343)
  (7390 7391 7270 7269 16465 16466 16345 16344)
  (7391 7392 7271 7270 16466 16467 16346 16345)
  (7392 7393 7272 7271 16467 16468 16347 16346)
  (7393 7394 7273 7272 16468 16469 16348 16347)
  (7394 7395 7274 7273 16469 16470 16349 16348)
  (7395 7396 7275 7274 16470 16471 16350 16349)
  (7396 7397 7276 7275 16471 16472 16351 16350)
  (7397 7398 7277 7276 16472 16473 16352 16351)
  (7398 7399 7278 7277 16473 16474 16353 16352)
  (7399 7400 7279 7278 16474 16475 16354 16353)
  (7400 7401 7280 7279 16475 16476 16355 16354)
  (7401 7402 7281 7280 16476 16477 16356 16355)
  (7402 7403 7282 7281 16477 16478 16357 16356)
  (7403 7404 7283 7282 16478 16479 16358 16357)
  (7404 7405 7284 7283 16479 16480 16359 16358)
  (7405 7406 7285 7284 16480 16481 16360 16359)
  (7406 7407 7286 7285 16481 16482 16361 16360)
  (7407 7408 7287 7286 16482 16483 16362 16361)
  (7408 7409 7288 7287 16483 16484 16363 16362)
  (7409 7410 7289 7288 16484 16485 16364 16363)
  (7410 7411 7290 7289 16485 16486 16365 16364)
  (7411 7412 7291 7290 16486 16487 16366 16365)
  (7412 7413 7292 7291 16487 16488 16367 16366)
  (7413 7414 7293 7292 16488 16489 16368 16367)
  (7414 7415 7294 7293 16489 16490 16369 16368)
  (7415 7416 7295 7294 16490 16491 16370 16369)
  (7416 7417 7296 7295 16491 16492 16371 16370)
  (7417 7418 7297 7296 16492 16493 16372 16371)
  (7418 7419 7298 7297 16493 16494 16373 16372)
  (7419 7420 7299 7298 16494 16495 16374 16373)
  (7420 7421 7300 7299 16495 16496 16375 16374)
  (7421 7422 7301 7300 16496 16497 16376 16375)
  (7422 7423 7302 7301 16497 16498 16377 16376)
  (7423 7424 7303 7302 16498 16499 16378 16377)
  (7424 7425 7304 7303 16499 16500 16379 16378)
  (7425 7426 7305 7304 16500 16501 16380 16379)
  (7426 7427 7306 7305 16501 16502 16381 16380)
  (7427 7428 7307 7306 16502 16503 16382 16381)
  (7428 7429 7308 7307 16503 16504 16383 16382)
  (7429 7430 7309 7308 16504 16505 16384 16383)
  (7430 7431 7310 7309 16505 16506 16385 16384)
  (7431 7432 7311 7310 16506 16507 16386 16385)
  (7432 7433 7312 7311 16507 16508 16387 16386)
  (7433 7434 7313 7312 16508 16509 16388 16387)
  (7434 7435 7314 7313 16509 16510 16389 16388)
  (7435 7436 7315 7314 16510 16511 16390 16389)
  (7436 7437 7316 7315 16511 16512 16391 16390)
  (7437 7438 7317 7316 16512 16513 16392 16391)
  (7438 7439 7318 7317 16513 16514 16393 16392)
  (7439 7440 7319 7318 16514 16515 16394 16393)
  (7440 7441 7320 7319 16515 16516 16395 16394)
  (7441 7442 7321 7320 16516 16517 16396 16395)
  (7442 7443 7322 7321 16517 16518 16397 16396)
  (7443 7444 7323 7322 16518 16519 16398 16397)
  (7444 7445 7324 7323 16519 16520 16399 16398)
  (7445 7446 7325 7324 16520 16521 16400 16399)
  (7446 7447 7326 7325 16521 16522 16401 16400)
  (7447 7448 7327 7326 16522 16523 16402 16401)
  (7448 7449 7328 7327 16523 16524 16403 16402)
  (7449 7450 7329 7328 16524 16525 16404 16403)
  (7450 7451 7330 7329 16525 16526 16405 16404)
  (7451 7452 7331 7330 16526 16527 16406 16405)
  (7452 7453 7332 7331 16527 16528 16407 16406)
  (7453 7454 7333 7332 16528 16529 16408 16407)
  (7454 7455 7334 7333 16529 16530 16409 16408)
  (7455 7456 7335 7334 16530 16531 16410 16409)
  (7456 7457 7336 7335 16531 16532 16411 16410)
  (7457 7458 7337 7336 16532 16533 16412 16411)
  (7458 7459 7338 7337 16533 16534 16413 16412)
  (7459 7460 7339 7338 16534 16535 16414 16413)
  (7460 7461 7340 7339 16535 16536 16415 16414)
  (7461 7462 7341 7340 16536 16537 16416 16415)
  (7462 7463 7342 7341 16537 16538 16417 16416)
  (7463 7464 7343 7342 16538 16539 16418 16417)
  (7464 7465 7344 7343 16539 16540 16419 16418)
  (7465 7466 7345 7344 16540 16541 16420 16419)
  (7466 7467 7346 7345 16541 16542 16421 16420)
  (7467 7468 7347 7346 16542 16543 16422 16421)
  (7468 7469 7348 7347 16543 16544 16423 16422)
  (7469 7470 7349 7348 16544 16545 16424 16423)
  (7470 7471 7350 7349 16545 16546 16425 16424)
  (7471 7472 7351 7350 16546 16547 16426 16425)
  (7472 7473 7352 7351 16547 16548 16427 16426)
  (7473 7474 7353 7352 16548 16549 16428 16427)
  (7474 7475 7354 7353 16549 16550 16429 16428)
  (7475 7476 7355 7354 16550 16551 16430 16429)
  (7476 7477 7356 7355 16551 16552 16431 16430)
  (7477 7478 7357 7356 16552 16553 16432 16431)
  (7478 7479 7358 7357 16553 16554 16433 16432)
  (7479 7480 7359 7358 16554 16555 16434 16433)
  (7480 7481 7360 7359 16555 16556 16435 16434)
  (7481 7482 7361 7360 16556 16557 16436 16435)
  (7482 7483 7362 7361 16557 16558 16437 16436)
  (7483 7484 7363 7362 16558 16559 16438 16437)
  (7484 7485 7364 7363 16559 16560 16439 16438)
  (7485 7486 7365 7364 16560 16561 16440 16439)
  (7486 7487 7366 7365 16561 16562 16441 16440)
  (7487 7488 7367 7366 16562 16563 16442 16441)
  (7488 7489 7368 7367 16563 16564 16443 16442)
  (7489 7490 7369 7368 16564 16565 16444 16443)
  (7490 7491 7370 7369 16565 16566 16445 16444)
  (7491 7492 7371 7370 16566 16567 16446 16445)
  (7492 7493 7372 7371 16567 16568 16447 16446)
  (7493 7494 7373 7372 16568 16569 16448 16447)
  (7494 7495 7374 7373 16569 16570 16449 16448)
  (7495 7496 7375 7374 16570 16571 16450 16449)
  (7496 7497 7376 7375 16571 16572 16451 16450)
  (7497 7498 7377 7376 16572 16573 16452 16451)
  (7498 7499 7378 7377 16573 16574 16453 16452)
  (7499 7500 7379 7378 16574 16575 16454 16453)
  (7500 7501 7380 7379 16575 16576 16455 16454)
  (7502 7503 7382 7381 16577 16578 16457 16456)
  (7503 7504 7383 7382 16578 16579 16458 16457)
  (7504 7505 7384 7383 16579 16580 16459 16458)
  (7505 7506 7385 7384 16580 16581 16460 16459)
  (7506 7507 7386 7385 16581 16582 16461 16460)
  (7507 7508 7387 7386 16582 16583 16462 16461)
  (7508 7509 7388 7387 16583 16584 16463 16462)
  (7509 7510 7389 7388 16584 16585 16464 16463)
  (7510 7511 7390 7389 16585 16586 16465 16464)
  (7511 7512 7391 7390 16586 16587 16466 16465)
  (7512 7513 7392 7391 16587 16588 16467 16466)
  (7513 7514 7393 7392 16588 16589 16468 16467)
  (7514 7515 7394 7393 16589 16590 16469 16468)
  (7515 7516 7395 7394 16590 16591 16470 16469)
  (7516 7517 7396 7395 16591 16592 16471 16470)
  (7517 7518 7397 7396 16592 16593 16472 16471)
  (7518 7519 7398 7397 16593 16594 16473 16472)
  (7519 7520 7399 7398 16594 16595 16474 16473)
  (7520 7521 7400 7399 16595 16596 16475 16474)
  (7521 7522 7401 7400 16596 16597 16476 16475)
  (7522 7523 7402 7401 16597 16598 16477 16476)
  (7523 7524 7403 7402 16598 16599 16478 16477)
  (7524 7525 7404 7403 16599 16600 16479 16478)
  (7525 7526 7405 7404 16600 16601 16480 16479)
  (7526 7527 7406 7405 16601 16602 16481 16480)
  (7527 7528 7407 7406 16602 16603 16482 16481)
  (7528 7529 7408 7407 16603 16604 16483 16482)
  (7529 7530 7409 7408 16604 16605 16484 16483)
  (7530 7531 7410 7409 16605 16606 16485 16484)
  (7531 7532 7411 7410 16606 16607 16486 16485)
  (7532 7533 7412 7411 16607 16608 16487 16486)
  (7533 7534 7413 7412 16608 16609 16488 16487)
  (7534 7535 7414 7413 16609 16610 16489 16488)
  (7535 7536 7415 7414 16610 16611 16490 16489)
  (7536 7537 7416 7415 16611 16612 16491 16490)
  (7537 7538 7417 7416 16612 16613 16492 16491)
  (7538 7539 7418 7417 16613 16614 16493 16492)
  (7539 7540 7419 7418 16614 16615 16494 16493)
  (7540 7541 7420 7419 16615 16616 16495 16494)
  (7541 7542 7421 7420 16616 16617 16496 16495)
  (7542 7543 7422 7421 16617 16618 16497 16496)
  (7543 7544 7423 7422 16618 16619 16498 16497)
  (7544 7545 7424 7423 16619 16620 16499 16498)
  (7545 7546 7425 7424 16620 16621 16500 16499)
  (7546 7547 7426 7425 16621 16622 16501 16500)
  (7547 7548 7427 7426 16622 16623 16502 16501)
  (7548 7549 7428 7427 16623 16624 16503 16502)
  (7549 7550 7429 7428 16624 16625 16504 16503)
  (7550 7551 7430 7429 16625 16626 16505 16504)
  (7551 7552 7431 7430 16626 16627 16506 16505)
  (7552 7553 7432 7431 16627 16628 16507 16506)
  (7553 7554 7433 7432 16628 16629 16508 16507)
  (7554 7555 7434 7433 16629 16630 16509 16508)
  (7555 7556 7435 7434 16630 16631 16510 16509)
  (7556 7557 7436 7435 16631 16632 16511 16510)
  (7557 7558 7437 7436 16632 16633 16512 16511)
  (7558 7559 7438 7437 16633 16634 16513 16512)
  (7559 7560 7439 7438 16634 16635 16514 16513)
  (7560 7561 7440 7439 16635 16636 16515 16514)
  (7561 7562 7441 7440 16636 16637 16516 16515)
  (7562 7563 7442 7441 16637 16638 16517 16516)
  (7563 7564 7443 7442 16638 16639 16518 16517)
  (7564 7565 7444 7443 16639 16640 16519 16518)
  (7565 7566 7445 7444 16640 16641 16520 16519)
  (7566 7567 7446 7445 16641 16642 16521 16520)
  (7567 7568 7447 7446 16642 16643 16522 16521)
  (7568 7569 7448 7447 16643 16644 16523 16522)
  (7569 7570 7449 7448 16644 16645 16524 16523)
  (7570 7571 7450 7449 16645 16646 16525 16524)
  (7571 7572 7451 7450 16646 16647 16526 16525)
  (7572 7573 7452 7451 16647 16648 16527 16526)
  (7573 7574 7453 7452 16648 16649 16528 16527)
  (7574 7575 7454 7453 16649 16650 16529 16528)
  (7575 7576 7455 7454 16650 16651 16530 16529)
  (7576 7577 7456 7455 16651 16652 16531 16530)
  (7577 7578 7457 7456 16652 16653 16532 16531)
  (7578 7579 7458 7457 16653 16654 16533 16532)
  (7579 7580 7459 7458 16654 16655 16534 16533)
  (7580 7581 7460 7459 16655 16656 16535 16534)
  (7581 7582 7461 7460 16656 16657 16536 16535)
  (7582 7583 7462 7461 16657 16658 16537 16536)
  (7583 7584 7463 7462 16658 16659 16538 16537)
  (7584 7585 7464 7463 16659 16660 16539 16538)
  (7585 7586 7465 7464 16660 16661 16540 16539)
  (7586 7587 7466 7465 16661 16662 16541 16540)
  (7587 7588 7467 7466 16662 16663 16542 16541)
  (7588 7589 7468 7467 16663 16664 16543 16542)
  (7589 7590 7469 7468 16664 16665 16544 16543)
  (7590 7591 7470 7469 16665 16666 16545 16544)
  (7591 7592 7471 7470 16666 16667 16546 16545)
  (7592 7593 7472 7471 16667 16668 16547 16546)
  (7593 7594 7473 7472 16668 16669 16548 16547)
  (7594 7595 7474 7473 16669 16670 16549 16548)
  (7595 7596 7475 7474 16670 16671 16550 16549)
  (7596 7597 7476 7475 16671 16672 16551 16550)
  (7597 7598 7477 7476 16672 16673 16552 16551)
  (7598 7599 7478 7477 16673 16674 16553 16552)
  (7599 7600 7479 7478 16674 16675 16554 16553)
  (7600 7601 7480 7479 16675 16676 16555 16554)
  (7601 7602 7481 7480 16676 16677 16556 16555)
  (7602 7603 7482 7481 16677 16678 16557 16556)
  (7603 7604 7483 7482 16678 16679 16558 16557)
  (7604 7605 7484 7483 16679 16680 16559 16558)
  (7605 7606 7485 7484 16680 16681 16560 16559)
  (7606 7607 7486 7485 16681 16682 16561 16560)
  (7607 7608 7487 7486 16682 16683 16562 16561)
  (7608 7609 7488 7487 16683 16684 16563 16562)
  (7609 7610 7489 7488 16684 16685 16564 16563)
  (7610 7611 7490 7489 16685 16686 16565 16564)
  (7611 7612 7491 7490 16686 16687 16566 16565)
  (7612 7613 7492 7491 16687 16688 16567 16566)
  (7613 7614 7493 7492 16688 16689 16568 16567)
  (7614 7615 7494 7493 16689 16690 16569 16568)
  (7615 7616 7495 7494 16690 16691 16570 16569)
  (7616 7617 7496 7495 16691 16692 16571 16570)
  (7617 7618 7497 7496 16692 16693 16572 16571)
  (7618 7619 7498 7497 16693 16694 16573 16572)
  (7619 7620 7499 7498 16694 16695 16574 16573)
  (7620 7621 7500 7499 16695 16696 16575 16574)
  (7621 7622 7501 7500 16696 16697 16576 16575)
  (7623 7624 7503 7502 16698 16699 16578 16577)
  (7624 7625 7504 7503 16699 16700 16579 16578)
  (7625 7626 7505 7504 16700 16701 16580 16579)
  (7626 7627 7506 7505 16701 16702 16581 16580)
  (7627 7628 7507 7506 16702 16703 16582 16581)
  (7628 7629 7508 7507 16703 16704 16583 16582)
  (7629 7630 7509 7508 16704 16705 16584 16583)
  (7630 7631 7510 7509 16705 16706 16585 16584)
  (7631 7632 7511 7510 16706 16707 16586 16585)
  (7632 7633 7512 7511 16707 16708 16587 16586)
  (7633 7634 7513 7512 16708 16709 16588 16587)
  (7634 7635 7514 7513 16709 16710 16589 16588)
  (7635 7636 7515 7514 16710 16711 16590 16589)
  (7636 7637 7516 7515 16711 16712 16591 16590)
  (7637 7638 7517 7516 16712 16713 16592 16591)
  (7638 7639 7518 7517 16713 16714 16593 16592)
  (7639 7640 7519 7518 16714 16715 16594 16593)
  (7640 7641 7520 7519 16715 16716 16595 16594)
  (7641 7642 7521 7520 16716 16717 16596 16595)
  (7642 7643 7522 7521 16717 16718 16597 16596)
  (7643 7644 7523 7522 16718 16719 16598 16597)
  (7644 7645 7524 7523 16719 16720 16599 16598)
  (7645 7646 7525 7524 16720 16721 16600 16599)
  (7646 7647 7526 7525 16721 16722 16601 16600)
  (7647 7648 7527 7526 16722 16723 16602 16601)
  (7648 7649 7528 7527 16723 16724 16603 16602)
  (7649 7650 7529 7528 16724 16725 16604 16603)
  (7650 7651 7530 7529 16725 16726 16605 16604)
  (7651 7652 7531 7530 16726 16727 16606 16605)
  (7652 7653 7532 7531 16727 16728 16607 16606)
  (7653 7654 7533 7532 16728 16729 16608 16607)
  (7654 7655 7534 7533 16729 16730 16609 16608)
  (7655 7656 7535 7534 16730 16731 16610 16609)
  (7656 7657 7536 7535 16731 16732 16611 16610)
  (7657 7658 7537 7536 16732 16733 16612 16611)
  (7658 7659 7538 7537 16733 16734 16613 16612)
  (7659 7660 7539 7538 16734 16735 16614 16613)
  (7660 7661 7540 7539 16735 16736 16615 16614)
  (7661 7662 7541 7540 16736 16737 16616 16615)
  (7662 7663 7542 7541 16737 16738 16617 16616)
  (7663 7664 7543 7542 16738 16739 16618 16617)
  (7664 7665 7544 7543 16739 16740 16619 16618)
  (7665 7666 7545 7544 16740 16741 16620 16619)
  (7666 7667 7546 7545 16741 16742 16621 16620)
  (7667 7668 7547 7546 16742 16743 16622 16621)
  (7668 7669 7548 7547 16743 16744 16623 16622)
  (7669 7670 7549 7548 16744 16745 16624 16623)
  (7670 7671 7550 7549 16745 16746 16625 16624)
  (7671 7672 7551 7550 16746 16747 16626 16625)
  (7672 7673 7552 7551 16747 16748 16627 16626)
  (7673 7674 7553 7552 16748 16749 16628 16627)
  (7674 7675 7554 7553 16749 16750 16629 16628)
  (7675 7676 7555 7554 16750 16751 16630 16629)
  (7676 7677 7556 7555 16751 16752 16631 16630)
  (7677 7678 7557 7556 16752 16753 16632 16631)
  (7678 7679 7558 7557 16753 16754 16633 16632)
  (7679 7680 7559 7558 16754 16755 16634 16633)
  (7680 7681 7560 7559 16755 16756 16635 16634)
  (7681 7682 7561 7560 16756 16757 16636 16635)
  (7682 7683 7562 7561 16757 16758 16637 16636)
  (7683 7684 7563 7562 16758 16759 16638 16637)
  (7684 7685 7564 7563 16759 16760 16639 16638)
  (7685 7686 7565 7564 16760 16761 16640 16639)
  (7686 7687 7566 7565 16761 16762 16641 16640)
  (7687 7688 7567 7566 16762 16763 16642 16641)
  (7688 7689 7568 7567 16763 16764 16643 16642)
  (7689 7690 7569 7568 16764 16765 16644 16643)
  (7690 7691 7570 7569 16765 16766 16645 16644)
  (7691 7692 7571 7570 16766 16767 16646 16645)
  (7692 7693 7572 7571 16767 16768 16647 16646)
  (7693 7694 7573 7572 16768 16769 16648 16647)
  (7694 7695 7574 7573 16769 16770 16649 16648)
  (7695 7696 7575 7574 16770 16771 16650 16649)
  (7696 7697 7576 7575 16771 16772 16651 16650)
  (7697 7698 7577 7576 16772 16773 16652 16651)
  (7698 7699 7578 7577 16773 16774 16653 16652)
  (7699 7700 7579 7578 16774 16775 16654 16653)
  (7700 7701 7580 7579 16775 16776 16655 16654)
  (7701 7702 7581 7580 16776 16777 16656 16655)
  (7702 7703 7582 7581 16777 16778 16657 16656)
  (7703 7704 7583 7582 16778 16779 16658 16657)
  (7704 7705 7584 7583 16779 16780 16659 16658)
  (7705 7706 7585 7584 16780 16781 16660 16659)
  (7706 7707 7586 7585 16781 16782 16661 16660)
  (7707 7708 7587 7586 16782 16783 16662 16661)
  (7708 7709 7588 7587 16783 16784 16663 16662)
  (7709 7710 7589 7588 16784 16785 16664 16663)
  (7710 7711 7590 7589 16785 16786 16665 16664)
  (7711 7712 7591 7590 16786 16787 16666 16665)
  (7712 7713 7592 7591 16787 16788 16667 16666)
  (7713 7714 7593 7592 16788 16789 16668 16667)
  (7714 7715 7594 7593 16789 16790 16669 16668)
  (7715 7716 7595 7594 16790 16791 16670 16669)
  (7716 7717 7596 7595 16791 16792 16671 16670)
  (7717 7718 7597 7596 16792 16793 16672 16671)
  (7718 7719 7598 7597 16793 16794 16673 16672)
  (7719 7720 7599 7598 16794 16795 16674 16673)
  (7720 7721 7600 7599 16795 16796 16675 16674)
  (7721 7722 7601 7600 16796 16797 16676 16675)
  (7722 7723 7602 7601 16797 16798 16677 16676)
  (7723 7724 7603 7602 16798 16799 16678 16677)
  (7724 7725 7604 7603 16799 16800 16679 16678)
  (7725 7726 7605 7604 16800 16801 16680 16679)
  (7726 7727 7606 7605 16801 16802 16681 16680)
  (7727 7728 7607 7606 16802 16803 16682 16681)
  (7728 7729 7608 7607 16803 16804 16683 16682)
  (7729 7730 7609 7608 16804 16805 16684 16683)
  (7730 7731 7610 7609 16805 16806 16685 16684)
  (7731 7732 7611 7610 16806 16807 16686 16685)
  (7732 7733 7612 7611 16807 16808 16687 16686)
  (7733 7734 7613 7612 16808 16809 16688 16687)
  (7734 7735 7614 7613 16809 16810 16689 16688)
  (7735 7736 7615 7614 16810 16811 16690 16689)
  (7736 7737 7616 7615 16811 16812 16691 16690)
  (7737 7738 7617 7616 16812 16813 16692 16691)
  (7738 7739 7618 7617 16813 16814 16693 16692)
  (7739 7740 7619 7618 16814 16815 16694 16693)
  (7740 7741 7620 7619 16815 16816 16695 16694)
  (7741 7742 7621 7620 16816 16817 16696 16695)
  (7742 7743 7622 7621 16817 16818 16697 16696)
  (7744 7745 7624 7623 16819 16820 16699 16698)
  (7745 7746 7625 7624 16820 16821 16700 16699)
  (7746 7747 7626 7625 16821 16822 16701 16700)
  (7747 7748 7627 7626 16822 16823 16702 16701)
  (7748 7749 7628 7627 16823 16824 16703 16702)
  (7749 7750 7629 7628 16824 16825 16704 16703)
  (7750 7751 7630 7629 16825 16826 16705 16704)
  (7751 7752 7631 7630 16826 16827 16706 16705)
  (7752 7753 7632 7631 16827 16828 16707 16706)
  (7753 7754 7633 7632 16828 16829 16708 16707)
  (7754 7755 7634 7633 16829 16830 16709 16708)
  (7755 7756 7635 7634 16830 16831 16710 16709)
  (7756 7757 7636 7635 16831 16832 16711 16710)
  (7757 7758 7637 7636 16832 16833 16712 16711)
  (7758 7759 7638 7637 16833 16834 16713 16712)
  (7759 7760 7639 7638 16834 16835 16714 16713)
  (7760 7761 7640 7639 16835 16836 16715 16714)
  (7761 7762 7641 7640 16836 16837 16716 16715)
  (7762 7763 7642 7641 16837 16838 16717 16716)
  (7763 7764 7643 7642 16838 16839 16718 16717)
  (7764 7765 7644 7643 16839 16840 16719 16718)
  (7765 7766 7645 7644 16840 16841 16720 16719)
  (7766 7767 7646 7645 16841 16842 16721 16720)
  (7767 7768 7647 7646 16842 16843 16722 16721)
  (7768 7769 7648 7647 16843 16844 16723 16722)
  (7769 7770 7649 7648 16844 16845 16724 16723)
  (7770 7771 7650 7649 16845 16846 16725 16724)
  (7771 7772 7651 7650 16846 16847 16726 16725)
  (7772 7773 7652 7651 16847 16848 16727 16726)
  (7773 7774 7653 7652 16848 16849 16728 16727)
  (7774 7775 7654 7653 16849 16850 16729 16728)
  (7775 7776 7655 7654 16850 16851 16730 16729)
  (7776 7777 7656 7655 16851 16852 16731 16730)
  (7777 7778 7657 7656 16852 16853 16732 16731)
  (7778 7779 7658 7657 16853 16854 16733 16732)
  (7779 7780 7659 7658 16854 16855 16734 16733)
  (7780 7781 7660 7659 16855 16856 16735 16734)
  (7781 7782 7661 7660 16856 16857 16736 16735)
  (7782 7783 7662 7661 16857 16858 16737 16736)
  (7783 7784 7663 7662 16858 16859 16738 16737)
  (7784 7785 7664 7663 16859 16860 16739 16738)
  (7785 7786 7665 7664 16860 16861 16740 16739)
  (7786 7787 7666 7665 16861 16862 16741 16740)
  (7787 7788 7667 7666 16862 16863 16742 16741)
  (7788 7789 7668 7667 16863 16864 16743 16742)
  (7789 7790 7669 7668 16864 16865 16744 16743)
  (7790 7791 7670 7669 16865 16866 16745 16744)
  (7791 7792 7671 7670 16866 16867 16746 16745)
  (7792 7793 7672 7671 16867 16868 16747 16746)
  (7793 7794 7673 7672 16868 16869 16748 16747)
  (7794 7795 7674 7673 16869 16870 16749 16748)
  (7795 7796 7675 7674 16870 16871 16750 16749)
  (7796 7797 7676 7675 16871 16872 16751 16750)
  (7797 7798 7677 7676 16872 16873 16752 16751)
  (7798 7799 7678 7677 16873 16874 16753 16752)
  (7799 7800 7679 7678 16874 16875 16754 16753)
  (7800 7801 7680 7679 16875 16876 16755 16754)
  (7801 7802 7681 7680 16876 16877 16756 16755)
  (7802 7803 7682 7681 16877 16878 16757 16756)
  (7803 7804 7683 7682 16878 16879 16758 16757)
  (7804 7805 7684 7683 16879 16880 16759 16758)
  (7805 7806 7685 7684 16880 16881 16760 16759)
  (7806 7807 7686 7685 16881 16882 16761 16760)
  (7807 7808 7687 7686 16882 16883 16762 16761)
  (7808 7809 7688 7687 16883 16884 16763 16762)
  (7809 7810 7689 7688 16884 16885 16764 16763)
  (7810 7811 7690 7689 16885 16886 16765 16764)
  (7811 7812 7691 7690 16886 16887 16766 16765)
  (7812 7813 7692 7691 16887 16888 16767 16766)
  (7813 7814 7693 7692 16888 16889 16768 16767)
  (7814 7815 7694 7693 16889 16890 16769 16768)
  (7815 7816 7695 7694 16890 16891 16770 16769)
  (7816 7817 7696 7695 16891 16892 16771 16770)
  (7817 7818 7697 7696 16892 16893 16772 16771)
  (7818 7819 7698 7697 16893 16894 16773 16772)
  (7819 7820 7699 7698 16894 16895 16774 16773)
  (7820 7821 7700 7699 16895 16896 16775 16774)
  (7821 7822 7701 7700 16896 16897 16776 16775)
  (7822 7823 7702 7701 16897 16898 16777 16776)
  (7823 7824 7703 7702 16898 16899 16778 16777)
  (7824 7825 7704 7703 16899 16900 16779 16778)
  (7825 7826 7705 7704 16900 16901 16780 16779)
  (7826 7827 7706 7705 16901 16902 16781 16780)
  (7827 7828 7707 7706 16902 16903 16782 16781)
  (7828 7829 7708 7707 16903 16904 16783 16782)
  (7829 7830 7709 7708 16904 16905 16784 16783)
  (7830 7831 7710 7709 16905 16906 16785 16784)
  (7831 7832 7711 7710 16906 16907 16786 16785)
  (7832 7833 7712 7711 16907 16908 16787 16786)
  (7833 7834 7713 7712 16908 16909 16788 16787)
  (7834 7835 7714 7713 16909 16910 16789 16788)
  (7835 7836 7715 7714 16910 16911 16790 16789)
  (7836 7837 7716 7715 16911 16912 16791 16790)
  (7837 7838 7717 7716 16912 16913 16792 16791)
  (7838 7839 7718 7717 16913 16914 16793 16792)
  (7839 7840 7719 7718 16914 16915 16794 16793)
  (7840 7841 7720 7719 16915 16916 16795 16794)
  (7841 7842 7721 7720 16916 16917 16796 16795)
  (7842 7843 7722 7721 16917 16918 16797 16796)
  (7843 7844 7723 7722 16918 16919 16798 16797)
  (7844 7845 7724 7723 16919 16920 16799 16798)
  (7845 7846 7725 7724 16920 16921 16800 16799)
  (7846 7847 7726 7725 16921 16922 16801 16800)
  (7847 7848 7727 7726 16922 16923 16802 16801)
  (7848 7849 7728 7727 16923 16924 16803 16802)
  (7849 7850 7729 7728 16924 16925 16804 16803)
  (7850 7851 7730 7729 16925 16926 16805 16804)
  (7851 7852 7731 7730 16926 16927 16806 16805)
  (7852 7853 7732 7731 16927 16928 16807 16806)
  (7853 7854 7733 7732 16928 16929 16808 16807)
  (7854 7855 7734 7733 16929 16930 16809 16808)
  (7855 7856 7735 7734 16930 16931 16810 16809)
  (7856 7857 7736 7735 16931 16932 16811 16810)
  (7857 7858 7737 7736 16932 16933 16812 16811)
  (7858 7859 7738 7737 16933 16934 16813 16812)
  (7859 7860 7739 7738 16934 16935 16814 16813)
  (7860 7861 7740 7739 16935 16936 16815 16814)
  (7861 7862 7741 7740 16936 16937 16816 16815)
  (7862 7863 7742 7741 16937 16938 16817 16816)
  (7863 7864 7743 7742 16938 16939 16818 16817)
  (7865 7866 7745 7744 16940 16941 16820 16819)
  (7866 7867 7746 7745 16941 16942 16821 16820)
  (7867 7868 7747 7746 16942 16943 16822 16821)
  (7868 7869 7748 7747 16943 16944 16823 16822)
  (7869 7870 7749 7748 16944 16945 16824 16823)
  (7870 7871 7750 7749 16945 16946 16825 16824)
  (7871 7872 7751 7750 16946 16947 16826 16825)
  (7872 7873 7752 7751 16947 16948 16827 16826)
  (7873 7874 7753 7752 16948 16949 16828 16827)
  (7874 7875 7754 7753 16949 16950 16829 16828)
  (7875 7876 7755 7754 16950 16951 16830 16829)
  (7876 7877 7756 7755 16951 16952 16831 16830)
  (7877 7878 7757 7756 16952 16953 16832 16831)
  (7878 7879 7758 7757 16953 16954 16833 16832)
  (7879 7880 7759 7758 16954 16955 16834 16833)
  (7880 7881 7760 7759 16955 16956 16835 16834)
  (7881 7882 7761 7760 16956 16957 16836 16835)
  (7882 7883 7762 7761 16957 16958 16837 16836)
  (7883 7884 7763 7762 16958 16959 16838 16837)
  (7884 7885 7764 7763 16959 16960 16839 16838)
  (7885 7886 7765 7764 16960 16961 16840 16839)
  (7886 7887 7766 7765 16961 16962 16841 16840)
  (7887 7888 7767 7766 16962 16963 16842 16841)
  (7888 7889 7768 7767 16963 16964 16843 16842)
  (7889 7890 7769 7768 16964 16965 16844 16843)
  (7890 7891 7770 7769 16965 16966 16845 16844)
  (7891 7892 7771 7770 16966 16967 16846 16845)
  (7892 7893 7772 7771 16967 16968 16847 16846)
  (7893 7894 7773 7772 16968 16969 16848 16847)
  (7894 7895 7774 7773 16969 16970 16849 16848)
  (7895 7896 7775 7774 16970 16971 16850 16849)
  (7896 7897 7776 7775 16971 16972 16851 16850)
  (7897 7898 7777 7776 16972 16973 16852 16851)
  (7898 7899 7778 7777 16973 16974 16853 16852)
  (7899 7900 7779 7778 16974 16975 16854 16853)
  (7900 7901 7780 7779 16975 16976 16855 16854)
  (7901 7902 7781 7780 16976 16977 16856 16855)
  (7902 7903 7782 7781 16977 16978 16857 16856)
  (7903 7904 7783 7782 16978 16979 16858 16857)
  (7904 7905 7784 7783 16979 16980 16859 16858)
  (7905 7906 7785 7784 16980 16981 16860 16859)
  (7906 7907 7786 7785 16981 16982 16861 16860)
  (7907 7908 7787 7786 16982 16983 16862 16861)
  (7908 7909 7788 7787 16983 16984 16863 16862)
  (7909 7910 7789 7788 16984 16985 16864 16863)
  (7910 7911 7790 7789 16985 16986 16865 16864)
  (7911 7912 7791 7790 16986 16987 16866 16865)
  (7912 7913 7792 7791 16987 16988 16867 16866)
  (7913 7914 7793 7792 16988 16989 16868 16867)
  (7914 7915 7794 7793 16989 16990 16869 16868)
  (7915 7916 7795 7794 16990 16991 16870 16869)
  (7916 7917 7796 7795 16991 16992 16871 16870)
  (7917 7918 7797 7796 16992 16993 16872 16871)
  (7918 7919 7798 7797 16993 16994 16873 16872)
  (7919 7920 7799 7798 16994 16995 16874 16873)
  (7920 7921 7800 7799 16995 16996 16875 16874)
  (7921 7922 7801 7800 16996 16997 16876 16875)
  (7922 7923 7802 7801 16997 16998 16877 16876)
  (7923 7924 7803 7802 16998 16999 16878 16877)
  (7924 7925 7804 7803 16999 17000 16879 16878)
  (7925 7926 7805 7804 17000 17001 16880 16879)
  (7926 7927 7806 7805 17001 17002 16881 16880)
  (7927 7928 7807 7806 17002 17003 16882 16881)
  (7928 7929 7808 7807 17003 17004 16883 16882)
  (7929 7930 7809 7808 17004 17005 16884 16883)
  (7930 7931 7810 7809 17005 17006 16885 16884)
  (7931 7932 7811 7810 17006 17007 16886 16885)
  (7932 7933 7812 7811 17007 17008 16887 16886)
  (7933 7934 7813 7812 17008 17009 16888 16887)
  (7934 7935 7814 7813 17009 17010 16889 16888)
  (7935 7936 7815 7814 17010 17011 16890 16889)
  (7936 7937 7816 7815 17011 17012 16891 16890)
  (7937 7938 7817 7816 17012 17013 16892 16891)
  (7938 7939 7818 7817 17013 17014 16893 16892)
  (7939 7940 7819 7818 17014 17015 16894 16893)
  (7940 7941 7820 7819 17015 17016 16895 16894)
  (7941 7942 7821 7820 17016 17017 16896 16895)
  (7942 7943 7822 7821 17017 17018 16897 16896)
  (7943 7944 7823 7822 17018 17019 16898 16897)
  (7944 7945 7824 7823 17019 17020 16899 16898)
  (7945 7946 7825 7824 17020 17021 16900 16899)
  (7946 7947 7826 7825 17021 17022 16901 16900)
  (7947 7948 7827 7826 17022 17023 16902 16901)
  (7948 7949 7828 7827 17023 17024 16903 16902)
  (7949 7950 7829 7828 17024 17025 16904 16903)
  (7950 7951 7830 7829 17025 17026 16905 16904)
  (7951 7952 7831 7830 17026 17027 16906 16905)
  (7952 7953 7832 7831 17027 17028 16907 16906)
  (7953 7954 7833 7832 17028 17029 16908 16907)
  (7954 7955 7834 7833 17029 17030 16909 16908)
  (7955 7956 7835 7834 17030 17031 16910 16909)
  (7956 7957 7836 7835 17031 17032 16911 16910)
  (7957 7958 7837 7836 17032 17033 16912 16911)
  (7958 7959 7838 7837 17033 17034 16913 16912)
  (7959 7960 7839 7838 17034 17035 16914 16913)
  (7960 7961 7840 7839 17035 17036 16915 16914)
  (7961 7962 7841 7840 17036 17037 16916 16915)
  (7962 7963 7842 7841 17037 17038 16917 16916)
  (7963 7964 7843 7842 17038 17039 16918 16917)
  (7964 7965 7844 7843 17039 17040 16919 16918)
  (7965 7966 7845 7844 17040 17041 16920 16919)
  (7966 7967 7846 7845 17041 17042 16921 16920)
  (7967 7968 7847 7846 17042 17043 16922 16921)
  (7968 7969 7848 7847 17043 17044 16923 16922)
  (7969 7970 7849 7848 17044 17045 16924 16923)
  (7970 7971 7850 7849 17045 17046 16925 16924)
  (7971 7972 7851 7850 17046 17047 16926 16925)
  (7972 7973 7852 7851 17047 17048 16927 16926)
  (7973 7974 7853 7852 17048 17049 16928 16927)
  (7974 7975 7854 7853 17049 17050 16929 16928)
  (7975 7976 7855 7854 17050 17051 16930 16929)
  (7976 7977 7856 7855 17051 17052 16931 16930)
  (7977 7978 7857 7856 17052 17053 16932 16931)
  (7978 7979 7858 7857 17053 17054 16933 16932)
  (7979 7980 7859 7858 17054 17055 16934 16933)
  (7980 7981 7860 7859 17055 17056 16935 16934)
  (7981 7982 7861 7860 17056 17057 16936 16935)
  (7982 7983 7862 7861 17057 17058 16937 16936)
  (7983 7984 7863 7862 17058 17059 16938 16937)
  (7984 7985 7864 7863 17059 17060 16939 16938)
  (7986 7987 7866 7865 17061 17062 16941 16940)
  (7987 7988 7867 7866 17062 17063 16942 16941)
  (7988 7989 7868 7867 17063 17064 16943 16942)
  (7989 7990 7869 7868 17064 17065 16944 16943)
  (7990 7991 7870 7869 17065 17066 16945 16944)
  (7991 7992 7871 7870 17066 17067 16946 16945)
  (7992 7993 7872 7871 17067 17068 16947 16946)
  (7993 7994 7873 7872 17068 17069 16948 16947)
  (7994 7995 7874 7873 17069 17070 16949 16948)
  (7995 7996 7875 7874 17070 17071 16950 16949)
  (7996 7997 7876 7875 17071 17072 16951 16950)
  (7997 7998 7877 7876 17072 17073 16952 16951)
  (7998 7999 7878 7877 17073 17074 16953 16952)
  (7999 8000 7879 7878 17074 17075 16954 16953)
  (8000 8001 7880 7879 17075 17076 16955 16954)
  (8001 8002 7881 7880 17076 17077 16956 16955)
  (8002 8003 7882 7881 17077 17078 16957 16956)
  (8003 8004 7883 7882 17078 17079 16958 16957)
  (8004 8005 7884 7883 17079 17080 16959 16958)
  (8005 8006 7885 7884 17080 17081 16960 16959)
  (8006 8007 7886 7885 17081 17082 16961 16960)
  (8007 8008 7887 7886 17082 17083 16962 16961)
  (8008 8009 7888 7887 17083 17084 16963 16962)
  (8009 8010 7889 7888 17084 17085 16964 16963)
  (8010 8011 7890 7889 17085 17086 16965 16964)
  (8011 8012 7891 7890 17086 17087 16966 16965)
  (8012 8013 7892 7891 17087 17088 16967 16966)
  (8013 8014 7893 7892 17088 17089 16968 16967)
  (8014 8015 7894 7893 17089 17090 16969 16968)
  (8015 8016 7895 7894 17090 17091 16970 16969)
  (8016 8017 7896 7895 17091 17092 16971 16970)
  (8017 8018 7897 7896 17092 17093 16972 16971)
  (8018 8019 7898 7897 17093 17094 16973 16972)
  (8019 8020 7899 7898 17094 17095 16974 16973)
  (8020 8021 7900 7899 17095 17096 16975 16974)
  (8021 8022 7901 7900 17096 17097 16976 16975)
  (8022 8023 7902 7901 17097 17098 16977 16976)
  (8023 8024 7903 7902 17098 17099 16978 16977)
  (8024 8025 7904 7903 17099 17100 16979 16978)
  (8025 8026 7905 7904 17100 17101 16980 16979)
  (8026 8027 7906 7905 17101 17102 16981 16980)
  (8027 8028 7907 7906 17102 17103 16982 16981)
  (8028 8029 7908 7907 17103 17104 16983 16982)
  (8029 8030 7909 7908 17104 17105 16984 16983)
  (8030 8031 7910 7909 17105 17106 16985 16984)
  (8031 8032 7911 7910 17106 17107 16986 16985)
  (8032 8033 7912 7911 17107 17108 16987 16986)
  (8033 8034 7913 7912 17108 17109 16988 16987)
  (8034 8035 7914 7913 17109 17110 16989 16988)
  (8035 8036 7915 7914 17110 17111 16990 16989)
  (8036 8037 7916 7915 17111 17112 16991 16990)
  (8037 8038 7917 7916 17112 17113 16992 16991)
  (8038 8039 7918 7917 17113 17114 16993 16992)
  (8039 8040 7919 7918 17114 17115 16994 16993)
  (8040 8041 7920 7919 17115 17116 16995 16994)
  (8041 8042 7921 7920 17116 17117 16996 16995)
  (8042 8043 7922 7921 17117 17118 16997 16996)
  (8043 8044 7923 7922 17118 17119 16998 16997)
  (8044 8045 7924 7923 17119 17120 16999 16998)
  (8045 8046 7925 7924 17120 17121 17000 16999)
  (8046 8047 7926 7925 17121 17122 17001 17000)
  (8047 8048 7927 7926 17122 17123 17002 17001)
  (8048 8049 7928 7927 17123 17124 17003 17002)
  (8049 8050 7929 7928 17124 17125 17004 17003)
  (8050 8051 7930 7929 17125 17126 17005 17004)
  (8051 8052 7931 7930 17126 17127 17006 17005)
  (8052 8053 7932 7931 17127 17128 17007 17006)
  (8053 8054 7933 7932 17128 17129 17008 17007)
  (8054 8055 7934 7933 17129 17130 17009 17008)
  (8055 8056 7935 7934 17130 17131 17010 17009)
  (8056 8057 7936 7935 17131 17132 17011 17010)
  (8057 8058 7937 7936 17132 17133 17012 17011)
  (8058 8059 7938 7937 17133 17134 17013 17012)
  (8059 8060 7939 7938 17134 17135 17014 17013)
  (8060 8061 7940 7939 17135 17136 17015 17014)
  (8061 8062 7941 7940 17136 17137 17016 17015)
  (8062 8063 7942 7941 17137 17138 17017 17016)
  (8063 8064 7943 7942 17138 17139 17018 17017)
  (8064 8065 7944 7943 17139 17140 17019 17018)
  (8065 8066 7945 7944 17140 17141 17020 17019)
  (8066 8067 7946 7945 17141 17142 17021 17020)
  (8067 8068 7947 7946 17142 17143 17022 17021)
  (8068 8069 7948 7947 17143 17144 17023 17022)
  (8069 8070 7949 7948 17144 17145 17024 17023)
  (8070 8071 7950 7949 17145 17146 17025 17024)
  (8071 8072 7951 7950 17146 17147 17026 17025)
  (8072 8073 7952 7951 17147 17148 17027 17026)
  (8073 8074 7953 7952 17148 17149 17028 17027)
  (8074 8075 7954 7953 17149 17150 17029 17028)
  (8075 8076 7955 7954 17150 17151 17030 17029)
  (8076 8077 7956 7955 17151 17152 17031 17030)
  (8077 8078 7957 7956 17152 17153 17032 17031)
  (8078 8079 7958 7957 17153 17154 17033 17032)
  (8079 8080 7959 7958 17154 17155 17034 17033)
  (8080 8081 7960 7959 17155 17156 17035 17034)
  (8081 8082 7961 7960 17156 17157 17036 17035)
  (8082 8083 7962 7961 17157 17158 17037 17036)
  (8083 8084 7963 7962 17158 17159 17038 17037)
  (8084 8085 7964 7963 17159 17160 17039 17038)
  (8085 8086 7965 7964 17160 17161 17040 17039)
  (8086 8087 7966 7965 17161 17162 17041 17040)
  (8087 8088 7967 7966 17162 17163 17042 17041)
  (8088 8089 7968 7967 17163 17164 17043 17042)
  (8089 8090 7969 7968 17164 17165 17044 17043)
  (8090 8091 7970 7969 17165 17166 17045 17044)
  (8091 8092 7971 7970 17166 17167 17046 17045)
  (8092 8093 7972 7971 17167 17168 17047 17046)
  (8093 8094 7973 7972 17168 17169 17048 17047)
  (8094 8095 7974 7973 17169 17170 17049 17048)
  (8095 8096 7975 7974 17170 17171 17050 17049)
  (8096 8097 7976 7975 17171 17172 17051 17050)
  (8097 8098 7977 7976 17172 17173 17052 17051)
  (8098 8099 7978 7977 17173 17174 17053 17052)
  (8099 8100 7979 7978 17174 17175 17054 17053)
  (8100 8101 7980 7979 17175 17176 17055 17054)
  (8101 8102 7981 7980 17176 17177 17056 17055)
  (8102 8103 7982 7981 17177 17178 17057 17056)
  (8103 8104 7983 7982 17178 17179 17058 17057)
  (8104 8105 7984 7983 17179 17180 17059 17058)
  (8105 8106 7985 7984 17180 17181 17060 17059)
  (8107 8108 7987 7986 17182 17183 17062 17061)
  (8108 8109 7988 7987 17183 17184 17063 17062)
  (8109 8110 7989 7988 17184 17185 17064 17063)
  (8110 8111 7990 7989 17185 17186 17065 17064)
  (8111 8112 7991 7990 17186 17187 17066 17065)
  (8112 8113 7992 7991 17187 17188 17067 17066)
  (8113 8114 7993 7992 17188 17189 17068 17067)
  (8114 8115 7994 7993 17189 17190 17069 17068)
  (8115 8116 7995 7994 17190 17191 17070 17069)
  (8116 8117 7996 7995 17191 17192 17071 17070)
  (8117 8118 7997 7996 17192 17193 17072 17071)
  (8118 8119 7998 7997 17193 17194 17073 17072)
  (8119 8120 7999 7998 17194 17195 17074 17073)
  (8120 8121 8000 7999 17195 17196 17075 17074)
  (8121 8122 8001 8000 17196 17197 17076 17075)
  (8122 8123 8002 8001 17197 17198 17077 17076)
  (8123 8124 8003 8002 17198 17199 17078 17077)
  (8124 8125 8004 8003 17199 17200 17079 17078)
  (8125 8126 8005 8004 17200 17201 17080 17079)
  (8126 8127 8006 8005 17201 17202 17081 17080)
  (8127 8128 8007 8006 17202 17203 17082 17081)
  (8128 8129 8008 8007 17203 17204 17083 17082)
  (8129 8130 8009 8008 17204 17205 17084 17083)
  (8130 8131 8010 8009 17205 17206 17085 17084)
  (8131 8132 8011 8010 17206 17207 17086 17085)
  (8132 8133 8012 8011 17207 17208 17087 17086)
  (8133 8134 8013 8012 17208 17209 17088 17087)
  (8134 8135 8014 8013 17209 17210 17089 17088)
  (8135 8136 8015 8014 17210 17211 17090 17089)
  (8136 8137 8016 8015 17211 17212 17091 17090)
  (8137 8138 8017 8016 17212 17213 17092 17091)
  (8138 8139 8018 8017 17213 17214 17093 17092)
  (8139 8140 8019 8018 17214 17215 17094 17093)
  (8140 8141 8020 8019 17215 17216 17095 17094)
  (8141 8142 8021 8020 17216 17217 17096 17095)
  (8142 8143 8022 8021 17217 17218 17097 17096)
  (8143 8144 8023 8022 17218 17219 17098 17097)
  (8144 8145 8024 8023 17219 17220 17099 17098)
  (8145 8146 8025 8024 17220 17221 17100 17099)
  (8146 8147 8026 8025 17221 17222 17101 17100)
  (8147 8148 8027 8026 17222 17223 17102 17101)
  (8148 8149 8028 8027 17223 17224 17103 17102)
  (8149 8150 8029 8028 17224 17225 17104 17103)
  (8150 8151 8030 8029 17225 17226 17105 17104)
  (8151 8152 8031 8030 17226 17227 17106 17105)
  (8152 8153 8032 8031 17227 17228 17107 17106)
  (8153 8154 8033 8032 17228 17229 17108 17107)
  (8154 8155 8034 8033 17229 17230 17109 17108)
  (8155 8156 8035 8034 17230 17231 17110 17109)
  (8156 8157 8036 8035 17231 17232 17111 17110)
  (8157 8158 8037 8036 17232 17233 17112 17111)
  (8158 8159 8038 8037 17233 17234 17113 17112)
  (8159 8160 8039 8038 17234 17235 17114 17113)
  (8160 8161 8040 8039 17235 17236 17115 17114)
  (8161 8162 8041 8040 17236 17237 17116 17115)
  (8162 8163 8042 8041 17237 17238 17117 17116)
  (8163 8164 8043 8042 17238 17239 17118 17117)
  (8164 8165 8044 8043 17239 17240 17119 17118)
  (8165 8166 8045 8044 17240 17241 17120 17119)
  (8166 8167 8046 8045 17241 17242 17121 17120)
  (8167 8168 8047 8046 17242 17243 17122 17121)
  (8168 8169 8048 8047 17243 17244 17123 17122)
  (8169 8170 8049 8048 17244 17245 17124 17123)
  (8170 8171 8050 8049 17245 17246 17125 17124)
  (8171 8172 8051 8050 17246 17247 17126 17125)
  (8172 8173 8052 8051 17247 17248 17127 17126)
  (8173 8174 8053 8052 17248 17249 17128 17127)
  (8174 8175 8054 8053 17249 17250 17129 17128)
  (8175 8176 8055 8054 17250 17251 17130 17129)
  (8176 8177 8056 8055 17251 17252 17131 17130)
  (8177 8178 8057 8056 17252 17253 17132 17131)
  (8178 8179 8058 8057 17253 17254 17133 17132)
  (8179 8180 8059 8058 17254 17255 17134 17133)
  (8180 8181 8060 8059 17255 17256 17135 17134)
  (8181 8182 8061 8060 17256 17257 17136 17135)
  (8182 8183 8062 8061 17257 17258 17137 17136)
  (8183 8184 8063 8062 17258 17259 17138 17137)
  (8184 8185 8064 8063 17259 17260 17139 17138)
  (8185 8186 8065 8064 17260 17261 17140 17139)
  (8186 8187 8066 8065 17261 17262 17141 17140)
  (8187 8188 8067 8066 17262 17263 17142 17141)
  (8188 8189 8068 8067 17263 17264 17143 17142)
  (8189 8190 8069 8068 17264 17265 17144 17143)
  (8190 8191 8070 8069 17265 17266 17145 17144)
  (8191 8192 8071 8070 17266 17267 17146 17145)
  (8192 8193 8072 8071 17267 17268 17147 17146)
  (8193 8194 8073 8072 17268 17269 17148 17147)
  (8194 8195 8074 8073 17269 17270 17149 17148)
  (8195 8196 8075 8074 17270 17271 17150 17149)
  (8196 8197 8076 8075 17271 17272 17151 17150)
  (8197 8198 8077 8076 17272 17273 17152 17151)
  (8198 8199 8078 8077 17273 17274 17153 17152)
  (8199 8200 8079 8078 17274 17275 17154 17153)
  (8200 8201 8080 8079 17275 17276 17155 17154)
  (8201 8202 8081 8080 17276 17277 17156 17155)
  (8202 8203 8082 8081 17277 17278 17157 17156)
  (8203 8204 8083 8082 17278 17279 17158 17157)
  (8204 8205 8084 8083 17279 17280 17159 17158)
  (8205 8206 8085 8084 17280 17281 17160 17159)
  (8206 8207 8086 8085 17281 17282 17161 17160)
  (8207 8208 8087 8086 17282 17283 17162 17161)
  (8208 8209 8088 8087 17283 17284 17163 17162)
  (8209 8210 8089 8088 17284 17285 17164 17163)
  (8210 8211 8090 8089 17285 17286 17165 17164)
  (8211 8212 8091 8090 17286 17287 17166 17165)
  (8212 8213 8092 8091 17287 17288 17167 17166)
  (8213 8214 8093 8092 17288 17289 17168 17167)
  (8214 8215 8094 8093 17289 17290 17169 17168)
  (8215 8216 8095 8094 17290 17291 17170 17169)
  (8216 8217 8096 8095 17291 17292 17171 17170)
  (8217 8218 8097 8096 17292 17293 17172 17171)
  (8218 8219 8098 8097 17293 17294 17173 17172)
  (8219 8220 8099 8098 17294 17295 17174 17173)
  (8220 8221 8100 8099 17295 17296 17175 17174)
  (8221 8222 8101 8100 17296 17297 17176 17175)
  (8222 8223 8102 8101 17297 17298 17177 17176)
  (8223 8224 8103 8102 17298 17299 17178 17177)
  (8224 8225 8104 8103 17299 17300 17179 17178)
  (8225 8226 8105 8104 17300 17301 17180 17179)
  (8226 8227 8106 8105 17301 17302 17181 17180)
  (8228 8229 8108 8107 17303 17304 17183 17182)
  (8229 8230 8109 8108 17304 17305 17184 17183)
  (8230 8231 8110 8109 17305 17306 17185 17184)
  (8231 8232 8111 8110 17306 17307 17186 17185)
  (8232 8233 8112 8111 17307 17308 17187 17186)
  (8233 8234 8113 8112 17308 17309 17188 17187)
  (8234 8235 8114 8113 17309 17310 17189 17188)
  (8235 8236 8115 8114 17310 17311 17190 17189)
  (8236 8237 8116 8115 17311 17312 17191 17190)
  (8237 8238 8117 8116 17312 17313 17192 17191)
  (8238 8239 8118 8117 17313 17314 17193 17192)
  (8239 8240 8119 8118 17314 17315 17194 17193)
  (8240 8241 8120 8119 17315 17316 17195 17194)
  (8241 8242 8121 8120 17316 17317 17196 17195)
  (8242 8243 8122 8121 17317 17318 17197 17196)
  (8243 8244 8123 8122 17318 17319 17198 17197)
  (8244 8245 8124 8123 17319 17320 17199 17198)
  (8245 8246 8125 8124 17320 17321 17200 17199)
  (8246 8247 8126 8125 17321 17322 17201 17200)
  (8247 8248 8127 8126 17322 17323 17202 17201)
  (8248 8249 8128 8127 17323 17324 17203 17202)
  (8249 8250 8129 8128 17324 17325 17204 17203)
  (8250 8251 8130 8129 17325 17326 17205 17204)
  (8251 8252 8131 8130 17326 17327 17206 17205)
  (8252 8253 8132 8131 17327 17328 17207 17206)
  (8253 8254 8133 8132 17328 17329 17208 17207)
  (8254 8255 8134 8133 17329 17330 17209 17208)
  (8255 8256 8135 8134 17330 17331 17210 17209)
  (8256 8257 8136 8135 17331 17332 17211 17210)
  (8257 8258 8137 8136 17332 17333 17212 17211)
  (8258 8259 8138 8137 17333 17334 17213 17212)
  (8259 8260 8139 8138 17334 17335 17214 17213)
  (8260 8261 8140 8139 17335 17336 17215 17214)
  (8261 8262 8141 8140 17336 17337 17216 17215)
  (8262 8263 8142 8141 17337 17338 17217 17216)
  (8263 8264 8143 8142 17338 17339 17218 17217)
  (8264 8265 8144 8143 17339 17340 17219 17218)
  (8265 8266 8145 8144 17340 17341 17220 17219)
  (8266 8267 8146 8145 17341 17342 17221 17220)
  (8267 8268 8147 8146 17342 17343 17222 17221)
  (8268 8269 8148 8147 17343 17344 17223 17222)
  (8269 8270 8149 8148 17344 17345 17224 17223)
  (8270 8271 8150 8149 17345 17346 17225 17224)
  (8271 8272 8151 8150 17346 17347 17226 17225)
  (8272 8273 8152 8151 17347 17348 17227 17226)
  (8273 8274 8153 8152 17348 17349 17228 17227)
  (8274 8275 8154 8153 17349 17350 17229 17228)
  (8275 8276 8155 8154 17350 17351 17230 17229)
  (8276 8277 8156 8155 17351 17352 17231 17230)
  (8277 8278 8157 8156 17352 17353 17232 17231)
  (8278 8279 8158 8157 17353 17354 17233 17232)
  (8279 8280 8159 8158 17354 17355 17234 17233)
  (8280 8281 8160 8159 17355 17356 17235 17234)
  (8281 8282 8161 8160 17356 17357 17236 17235)
  (8282 8283 8162 8161 17357 17358 17237 17236)
  (8283 8284 8163 8162 17358 17359 17238 17237)
  (8284 8285 8164 8163 17359 17360 17239 17238)
  (8285 8286 8165 8164 17360 17361 17240 17239)
  (8286 8287 8166 8165 17361 17362 17241 17240)
  (8287 8288 8167 8166 17362 17363 17242 17241)
  (8288 8289 8168 8167 17363 17364 17243 17242)
  (8289 8290 8169 8168 17364 17365 17244 17243)
  (8290 8291 8170 8169 17365 17366 17245 17244)
  (8291 8292 8171 8170 17366 17367 17246 17245)
  (8292 8293 8172 8171 17367 17368 17247 17246)
  (8293 8294 8173 8172 17368 17369 17248 17247)
  (8294 8295 8174 8173 17369 17370 17249 17248)
  (8295 8296 8175 8174 17370 17371 17250 17249)
  (8296 8297 8176 8175 17371 17372 17251 17250)
  (8297 8298 8177 8176 17372 17373 17252 17251)
  (8298 8299 8178 8177 17373 17374 17253 17252)
  (8299 8300 8179 8178 17374 17375 17254 17253)
  (8300 8301 8180 8179 17375 17376 17255 17254)
  (8301 8302 8181 8180 17376 17377 17256 17255)
  (8302 8303 8182 8181 17377 17378 17257 17256)
  (8303 8304 8183 8182 17378 17379 17258 17257)
  (8304 8305 8184 8183 17379 17380 17259 17258)
  (8305 8306 8185 8184 17380 17381 17260 17259)
  (8306 8307 8186 8185 17381 17382 17261 17260)
  (8307 8308 8187 8186 17382 17383 17262 17261)
  (8308 8309 8188 8187 17383 17384 17263 17262)
  (8309 8310 8189 8188 17384 17385 17264 17263)
  (8310 8311 8190 8189 17385 17386 17265 17264)
  (8311 8312 8191 8190 17386 17387 17266 17265)
  (8312 8313 8192 8191 17387 17388 17267 17266)
  (8313 8314 8193 8192 17388 17389 17268 17267)
  (8314 8315 8194 8193 17389 17390 17269 17268)
  (8315 8316 8195 8194 17390 17391 17270 17269)
  (8316 8317 8196 8195 17391 17392 17271 17270)
  (8317 8318 8197 8196 17392 17393 17272 17271)
  (8318 8319 8198 8197 17393 17394 17273 17272)
  (8319 8320 8199 8198 17394 17395 17274 17273)
  (8320 8321 8200 8199 17395 17396 17275 17274)
  (8321 8322 8201 8200 17396 17397 17276 17275)
  (8322 8323 8202 8201 17397 17398 17277 17276)
  (8323 8324 8203 8202 17398 17399 17278 17277)
  (8324 8325 8204 8203 17399 17400 17279 17278)
  (8325 8326 8205 8204 17400 17401 17280 17279)
  (8326 8327 8206 8205 17401 17402 17281 17280)
  (8327 8328 8207 8206 17402 17403 17282 17281)
  (8328 8329 8208 8207 17403 17404 17283 17282)
  (8329 8330 8209 8208 17404 17405 17284 17283)
  (8330 8331 8210 8209 17405 17406 17285 17284)
  (8331 8332 8211 8210 17406 17407 17286 17285)
  (8332 8333 8212 8211 17407 17408 17287 17286)
  (8333 8334 8213 8212 17408 17409 17288 17287)
  (8334 8335 8214 8213 17409 17410 17289 17288)
  (8335 8336 8215 8214 17410 17411 17290 17289)
  (8336 8337 8216 8215 17411 17412 17291 17290)
  (8337 8338 8217 8216 17412 17413 17292 17291)
  (8338 8339 8218 8217 17413 17414 17293 17292)
  (8339 8340 8219 8218 17414 17415 17294 17293)
  (8340 8341 8220 8219 17415 17416 17295 17294)
  (8341 8342 8221 8220 17416 17417 17296 17295)
  (8342 8343 8222 8221 17417 17418 17297 17296)
  (8343 8344 8223 8222 17418 17419 17298 17297)
  (8344 8345 8224 8223 17419 17420 17299 17298)
  (8345 8346 8225 8224 17420 17421 17300 17299)
  (8346 8347 8226 8225 17421 17422 17301 17300)
  (8347 8348 8227 8226 17422 17423 17302 17301)
  (8349 8350 8229 8228 17424 17425 17304 17303)
  (8350 8351 8230 8229 17425 17426 17305 17304)
  (8351 8352 8231 8230 17426 17427 17306 17305)
  (8352 8353 8232 8231 17427 17428 17307 17306)
  (8353 8354 8233 8232 17428 17429 17308 17307)
  (8354 8355 8234 8233 17429 17430 17309 17308)
  (8355 8356 8235 8234 17430 17431 17310 17309)
  (8356 8357 8236 8235 17431 17432 17311 17310)
  (8357 8358 8237 8236 17432 17433 17312 17311)
  (8358 8359 8238 8237 17433 17434 17313 17312)
  (8359 8360 8239 8238 17434 17435 17314 17313)
  (8360 8361 8240 8239 17435 17436 17315 17314)
  (8361 8362 8241 8240 17436 17437 17316 17315)
  (8362 8363 8242 8241 17437 17438 17317 17316)
  (8363 8364 8243 8242 17438 17439 17318 17317)
  (8364 8365 8244 8243 17439 17440 17319 17318)
  (8365 8366 8245 8244 17440 17441 17320 17319)
  (8366 8367 8246 8245 17441 17442 17321 17320)
  (8367 8368 8247 8246 17442 17443 17322 17321)
  (8368 8369 8248 8247 17443 17444 17323 17322)
  (8369 8370 8249 8248 17444 17445 17324 17323)
  (8370 8371 8250 8249 17445 17446 17325 17324)
  (8371 8372 8251 8250 17446 17447 17326 17325)
  (8372 8373 8252 8251 17447 17448 17327 17326)
  (8373 8374 8253 8252 17448 17449 17328 17327)
  (8374 8375 8254 8253 17449 17450 17329 17328)
  (8375 8376 8255 8254 17450 17451 17330 17329)
  (8376 8377 8256 8255 17451 17452 17331 17330)
  (8377 8378 8257 8256 17452 17453 17332 17331)
  (8378 8379 8258 8257 17453 17454 17333 17332)
  (8379 8380 8259 8258 17454 17455 17334 17333)
  (8380 8381 8260 8259 17455 17456 17335 17334)
  (8381 8382 8261 8260 17456 17457 17336 17335)
  (8382 8383 8262 8261 17457 17458 17337 17336)
  (8383 8384 8263 8262 17458 17459 17338 17337)
  (8384 8385 8264 8263 17459 17460 17339 17338)
  (8385 8386 8265 8264 17460 17461 17340 17339)
  (8386 8387 8266 8265 17461 17462 17341 17340)
  (8387 8388 8267 8266 17462 17463 17342 17341)
  (8388 8389 8268 8267 17463 17464 17343 17342)
  (8389 8390 8269 8268 17464 17465 17344 17343)
  (8390 8391 8270 8269 17465 17466 17345 17344)
  (8391 8392 8271 8270 17466 17467 17346 17345)
  (8392 8393 8272 8271 17467 17468 17347 17346)
  (8393 8394 8273 8272 17468 17469 17348 17347)
  (8394 8395 8274 8273 17469 17470 17349 17348)
  (8395 8396 8275 8274 17470 17471 17350 17349)
  (8396 8397 8276 8275 17471 17472 17351 17350)
  (8397 8398 8277 8276 17472 17473 17352 17351)
  (8398 8399 8278 8277 17473 17474 17353 17352)
  (8399 8400 8279 8278 17474 17475 17354 17353)
  (8400 8401 8280 8279 17475 17476 17355 17354)
  (8401 8402 8281 8280 17476 17477 17356 17355)
  (8402 8403 8282 8281 17477 17478 17357 17356)
  (8403 8404 8283 8282 17478 17479 17358 17357)
  (8404 8405 8284 8283 17479 17480 17359 17358)
  (8405 8406 8285 8284 17480 17481 17360 17359)
  (8406 8407 8286 8285 17481 17482 17361 17360)
  (8407 8408 8287 8286 17482 17483 17362 17361)
  (8408 8409 8288 8287 17483 17484 17363 17362)
  (8409 8410 8289 8288 17484 17485 17364 17363)
  (8410 8411 8290 8289 17485 17486 17365 17364)
  (8411 8412 8291 8290 17486 17487 17366 17365)
  (8412 8413 8292 8291 17487 17488 17367 17366)
  (8413 8414 8293 8292 17488 17489 17368 17367)
  (8414 8415 8294 8293 17489 17490 17369 17368)
  (8415 8416 8295 8294 17490 17491 17370 17369)
  (8416 8417 8296 8295 17491 17492 17371 17370)
  (8417 8418 8297 8296 17492 17493 17372 17371)
  (8418 8419 8298 8297 17493 17494 17373 17372)
  (8419 8420 8299 8298 17494 17495 17374 17373)
  (8420 8421 8300 8299 17495 17496 17375 17374)
  (8421 8422 8301 8300 17496 17497 17376 17375)
  (8422 8423 8302 8301 17497 17498 17377 17376)
  (8423 8424 8303 8302 17498 17499 17378 17377)
  (8424 8425 8304 8303 17499 17500 17379 17378)
  (8425 8426 8305 8304 17500 17501 17380 17379)
  (8426 8427 8306 8305 17501 17502 17381 17380)
  (8427 8428 8307 8306 17502 17503 17382 17381)
  (8428 8429 8308 8307 17503 17504 17383 17382)
  (8429 8430 8309 8308 17504 17505 17384 17383)
  (8430 8431 8310 8309 17505 17506 17385 17384)
  (8431 8432 8311 8310 17506 17507 17386 17385)
  (8432 8433 8312 8311 17507 17508 17387 17386)
  (8433 8434 8313 8312 17508 17509 17388 17387)
  (8434 8435 8314 8313 17509 17510 17389 17388)
  (8435 8436 8315 8314 17510 17511 17390 17389)
  (8436 8437 8316 8315 17511 17512 17391 17390)
  (8437 8438 8317 8316 17512 17513 17392 17391)
  (8438 8439 8318 8317 17513 17514 17393 17392)
  (8439 8440 8319 8318 17514 17515 17394 17393)
  (8440 8441 8320 8319 17515 17516 17395 17394)
  (8441 8442 8321 8320 17516 17517 17396 17395)
  (8442 8443 8322 8321 17517 17518 17397 17396)
  (8443 8444 8323 8322 17518 17519 17398 17397)
  (8444 8445 8324 8323 17519 17520 17399 17398)
  (8445 8446 8325 8324 17520 17521 17400 17399)
  (8446 8447 8326 8325 17521 17522 17401 17400)
  (8447 8448 8327 8326 17522 17523 17402 17401)
  (8448 8449 8328 8327 17523 17524 17403 17402)
  (8449 8450 8329 8328 17524 17525 17404 17403)
  (8450 8451 8330 8329 17525 17526 17405 17404)
  (8451 8452 8331 8330 17526 17527 17406 17405)
  (8452 8453 8332 8331 17527 17528 17407 17406)
  (8453 8454 8333 8332 17528 17529 17408 17407)
  (8454 8455 8334 8333 17529 17530 17409 17408)
  (8455 8456 8335 8334 17530 17531 17410 17409)
  (8456 8457 8336 8335 17531 17532 17411 17410)
  (8457 8458 8337 8336 17532 17533 17412 17411)
  (8458 8459 8338 8337 17533 17534 17413 17412)
  (8459 8460 8339 8338 17534 17535 17414 17413)
  (8460 8461 8340 8339 17535 17536 17415 17414)
  (8461 8462 8341 8340 17536 17537 17416 17415)
  (8462 8463 8342 8341 17537 17538 17417 17416)
  (8463 8464 8343 8342 17538 17539 17418 17417)
  (8464 8465 8344 8343 17539 17540 17419 17418)
  (8465 8466 8345 8344 17540 17541 17420 17419)
  (8466 8467 8346 8345 17541 17542 17421 17420)
  (8467 8468 8347 8346 17542 17543 17422 17421)
  (8468 8469 8348 8347 17543 17544 17423 17422)
  (8470 8471 8350 8349 17545 17546 17425 17424)
  (8471 8472 8351 8350 17546 17547 17426 17425)
  (8472 8473 8352 8351 17547 17548 17427 17426)
  (8473 8474 8353 8352 17548 17549 17428 17427)
  (8474 8475 8354 8353 17549 17550 17429 17428)
  (8475 8476 8355 8354 17550 17551 17430 17429)
  (8476 8477 8356 8355 17551 17552 17431 17430)
  (8477 8478 8357 8356 17552 17553 17432 17431)
  (8478 8479 8358 8357 17553 17554 17433 17432)
  (8479 8480 8359 8358 17554 17555 17434 17433)
  (8480 8481 8360 8359 17555 17556 17435 17434)
  (8481 8482 8361 8360 17556 17557 17436 17435)
  (8482 8483 8362 8361 17557 17558 17437 17436)
  (8483 8484 8363 8362 17558 17559 17438 17437)
  (8484 8485 8364 8363 17559 17560 17439 17438)
  (8485 8486 8365 8364 17560 17561 17440 17439)
  (8486 8487 8366 8365 17561 17562 17441 17440)
  (8487 8488 8367 8366 17562 17563 17442 17441)
  (8488 8489 8368 8367 17563 17564 17443 17442)
  (8489 8490 8369 8368 17564 17565 17444 17443)
  (8490 8491 8370 8369 17565 17566 17445 17444)
  (8491 8492 8371 8370 17566 17567 17446 17445)
  (8492 8493 8372 8371 17567 17568 17447 17446)
  (8493 8494 8373 8372 17568 17569 17448 17447)
  (8494 8495 8374 8373 17569 17570 17449 17448)
  (8495 8496 8375 8374 17570 17571 17450 17449)
  (8496 8497 8376 8375 17571 17572 17451 17450)
  (8497 8498 8377 8376 17572 17573 17452 17451)
  (8498 8499 8378 8377 17573 17574 17453 17452)
  (8499 8500 8379 8378 17574 17575 17454 17453)
  (8500 8501 8380 8379 17575 17576 17455 17454)
  (8501 8502 8381 8380 17576 17577 17456 17455)
  (8502 8503 8382 8381 17577 17578 17457 17456)
  (8503 8504 8383 8382 17578 17579 17458 17457)
  (8504 8505 8384 8383 17579 17580 17459 17458)
  (8505 8506 8385 8384 17580 17581 17460 17459)
  (8506 8507 8386 8385 17581 17582 17461 17460)
  (8507 8508 8387 8386 17582 17583 17462 17461)
  (8508 8509 8388 8387 17583 17584 17463 17462)
  (8509 8510 8389 8388 17584 17585 17464 17463)
  (8510 8511 8390 8389 17585 17586 17465 17464)
  (8511 8512 8391 8390 17586 17587 17466 17465)
  (8512 8513 8392 8391 17587 17588 17467 17466)
  (8513 8514 8393 8392 17588 17589 17468 17467)
  (8514 8515 8394 8393 17589 17590 17469 17468)
  (8515 8516 8395 8394 17590 17591 17470 17469)
  (8516 8517 8396 8395 17591 17592 17471 17470)
  (8517 8518 8397 8396 17592 17593 17472 17471)
  (8518 8519 8398 8397 17593 17594 17473 17472)
  (8519 8520 8399 8398 17594 17595 17474 17473)
  (8520 8521 8400 8399 17595 17596 17475 17474)
  (8521 8522 8401 8400 17596 17597 17476 17475)
  (8522 8523 8402 8401 17597 17598 17477 17476)
  (8523 8524 8403 8402 17598 17599 17478 17477)
  (8524 8525 8404 8403 17599 17600 17479 17478)
  (8525 8526 8405 8404 17600 17601 17480 17479)
  (8526 8527 8406 8405 17601 17602 17481 17480)
  (8527 8528 8407 8406 17602 17603 17482 17481)
  (8528 8529 8408 8407 17603 17604 17483 17482)
  (8529 8530 8409 8408 17604 17605 17484 17483)
  (8530 8531 8410 8409 17605 17606 17485 17484)
  (8531 8532 8411 8410 17606 17607 17486 17485)
  (8532 8533 8412 8411 17607 17608 17487 17486)
  (8533 8534 8413 8412 17608 17609 17488 17487)
  (8534 8535 8414 8413 17609 17610 17489 17488)
  (8535 8536 8415 8414 17610 17611 17490 17489)
  (8536 8537 8416 8415 17611 17612 17491 17490)
  (8537 8538 8417 8416 17612 17613 17492 17491)
  (8538 8539 8418 8417 17613 17614 17493 17492)
  (8539 8540 8419 8418 17614 17615 17494 17493)
  (8540 8541 8420 8419 17615 17616 17495 17494)
  (8541 8542 8421 8420 17616 17617 17496 17495)
  (8542 8543 8422 8421 17617 17618 17497 17496)
  (8543 8544 8423 8422 17618 17619 17498 17497)
  (8544 8545 8424 8423 17619 17620 17499 17498)
  (8545 8546 8425 8424 17620 17621 17500 17499)
  (8546 8547 8426 8425 17621 17622 17501 17500)
  (8547 8548 8427 8426 17622 17623 17502 17501)
  (8548 8549 8428 8427 17623 17624 17503 17502)
  (8549 8550 8429 8428 17624 17625 17504 17503)
  (8550 8551 8430 8429 17625 17626 17505 17504)
  (8551 8552 8431 8430 17626 17627 17506 17505)
  (8552 8553 8432 8431 17627 17628 17507 17506)
  (8553 8554 8433 8432 17628 17629 17508 17507)
  (8554 8555 8434 8433 17629 17630 17509 17508)
  (8555 8556 8435 8434 17630 17631 17510 17509)
  (8556 8557 8436 8435 17631 17632 17511 17510)
  (8557 8558 8437 8436 17632 17633 17512 17511)
  (8558 8559 8438 8437 17633 17634 17513 17512)
  (8559 8560 8439 8438 17634 17635 17514 17513)
  (8560 8561 8440 8439 17635 17636 17515 17514)
  (8561 8562 8441 8440 17636 17637 17516 17515)
  (8562 8563 8442 8441 17637 17638 17517 17516)
  (8563 8564 8443 8442 17638 17639 17518 17517)
  (8564 8565 8444 8443 17639 17640 17519 17518)
  (8565 8566 8445 8444 17640 17641 17520 17519)
  (8566 8567 8446 8445 17641 17642 17521 17520)
  (8567 8568 8447 8446 17642 17643 17522 17521)
  (8568 8569 8448 8447 17643 17644 17523 17522)
  (8569 8570 8449 8448 17644 17645 17524 17523)
  (8570 8571 8450 8449 17645 17646 17525 17524)
  (8571 8572 8451 8450 17646 17647 17526 17525)
  (8572 8573 8452 8451 17647 17648 17527 17526)
  (8573 8574 8453 8452 17648 17649 17528 17527)
  (8574 8575 8454 8453 17649 17650 17529 17528)
  (8575 8576 8455 8454 17650 17651 17530 17529)
  (8576 8577 8456 8455 17651 17652 17531 17530)
  (8577 8578 8457 8456 17652 17653 17532 17531)
  (8578 8579 8458 8457 17653 17654 17533 17532)
  (8579 8580 8459 8458 17654 17655 17534 17533)
  (8580 8581 8460 8459 17655 17656 17535 17534)
  (8581 8582 8461 8460 17656 17657 17536 17535)
  (8582 8583 8462 8461 17657 17658 17537 17536)
  (8583 8584 8463 8462 17658 17659 17538 17537)
  (8584 8585 8464 8463 17659 17660 17539 17538)
  (8585 8586 8465 8464 17660 17661 17540 17539)
  (8586 8587 8466 8465 17661 17662 17541 17540)
  (8587 8588 8467 8466 17662 17663 17542 17541)
  (8588 8589 8468 8467 17663 17664 17543 17542)
  (8589 8590 8469 8468 17664 17665 17544 17543)
  (8591 8592 8471 8470 17666 17667 17546 17545)
  (8592 8593 8472 8471 17667 17668 17547 17546)
  (8593 8594 8473 8472 17668 17669 17548 17547)
  (8594 8595 8474 8473 17669 17670 17549 17548)
  (8595 8596 8475 8474 17670 17671 17550 17549)
  (8596 8597 8476 8475 17671 17672 17551 17550)
  (8597 8598 8477 8476 17672 17673 17552 17551)
  (8598 8599 8478 8477 17673 17674 17553 17552)
  (8599 8600 8479 8478 17674 17675 17554 17553)
  (8600 8601 8480 8479 17675 17676 17555 17554)
  (8601 8602 8481 8480 17676 17677 17556 17555)
  (8602 8603 8482 8481 17677 17678 17557 17556)
  (8603 8604 8483 8482 17678 17679 17558 17557)
  (8604 8605 8484 8483 17679 17680 17559 17558)
  (8605 8606 8485 8484 17680 17681 17560 17559)
  (8606 8607 8486 8485 17681 17682 17561 17560)
  (8607 8608 8487 8486 17682 17683 17562 17561)
  (8608 8609 8488 8487 17683 17684 17563 17562)
  (8609 8610 8489 8488 17684 17685 17564 17563)
  (8610 8611 8490 8489 17685 17686 17565 17564)
  (8611 8612 8491 8490 17686 17687 17566 17565)
  (8612 8613 8492 8491 17687 17688 17567 17566)
  (8613 8614 8493 8492 17688 17689 17568 17567)
  (8614 8615 8494 8493 17689 17690 17569 17568)
  (8615 8616 8495 8494 17690 17691 17570 17569)
  (8616 8617 8496 8495 17691 17692 17571 17570)
  (8617 8618 8497 8496 17692 17693 17572 17571)
  (8618 8619 8498 8497 17693 17694 17573 17572)
  (8619 8620 8499 8498 17694 17695 17574 17573)
  (8620 8621 8500 8499 17695 17696 17575 17574)
  (8621 8622 8501 8500 17696 17697 17576 17575)
  (8622 8623 8502 8501 17697 17698 17577 17576)
  (8623 8624 8503 8502 17698 17699 17578 17577)
  (8624 8625 8504 8503 17699 17700 17579 17578)
  (8625 8626 8505 8504 17700 17701 17580 17579)
  (8626 8627 8506 8505 17701 17702 17581 17580)
  (8627 8628 8507 8506 17702 17703 17582 17581)
  (8628 8629 8508 8507 17703 17704 17583 17582)
  (8629 8630 8509 8508 17704 17705 17584 17583)
  (8630 8631 8510 8509 17705 17706 17585 17584)
  (8631 8632 8511 8510 17706 17707 17586 17585)
  (8632 8633 8512 8511 17707 17708 17587 17586)
  (8633 8634 8513 8512 17708 17709 17588 17587)
  (8634 8635 8514 8513 17709 17710 17589 17588)
  (8635 8636 8515 8514 17710 17711 17590 17589)
  (8636 8637 8516 8515 17711 17712 17591 17590)
  (8637 8638 8517 8516 17712 17713 17592 17591)
  (8638 8639 8518 8517 17713 17714 17593 17592)
  (8639 8640 8519 8518 17714 17715 17594 17593)
  (8640 8641 8520 8519 17715 17716 17595 17594)
  (8641 8642 8521 8520 17716 17717 17596 17595)
  (8642 8643 8522 8521 17717 17718 17597 17596)
  (8643 8644 8523 8522 17718 17719 17598 17597)
  (8644 8645 8524 8523 17719 17720 17599 17598)
  (8645 8646 8525 8524 17720 17721 17600 17599)
  (8646 8647 8526 8525 17721 17722 17601 17600)
  (8647 8648 8527 8526 17722 17723 17602 17601)
  (8648 8649 8528 8527 17723 17724 17603 17602)
  (8649 8650 8529 8528 17724 17725 17604 17603)
  (8650 8651 8530 8529 17725 17726 17605 17604)
  (8651 8652 8531 8530 17726 17727 17606 17605)
  (8652 8653 8532 8531 17727 17728 17607 17606)
  (8653 8654 8533 8532 17728 17729 17608 17607)
  (8654 8655 8534 8533 17729 17730 17609 17608)
  (8655 8656 8535 8534 17730 17731 17610 17609)
  (8656 8657 8536 8535 17731 17732 17611 17610)
  (8657 8658 8537 8536 17732 17733 17612 17611)
  (8658 8659 8538 8537 17733 17734 17613 17612)
  (8659 8660 8539 8538 17734 17735 17614 17613)
  (8660 8661 8540 8539 17735 17736 17615 17614)
  (8661 8662 8541 8540 17736 17737 17616 17615)
  (8662 8663 8542 8541 17737 17738 17617 17616)
  (8663 8664 8543 8542 17738 17739 17618 17617)
  (8664 8665 8544 8543 17739 17740 17619 17618)
  (8665 8666 8545 8544 17740 17741 17620 17619)
  (8666 8667 8546 8545 17741 17742 17621 17620)
  (8667 8668 8547 8546 17742 17743 17622 17621)
  (8668 8669 8548 8547 17743 17744 17623 17622)
  (8669 8670 8549 8548 17744 17745 17624 17623)
  (8670 8671 8550 8549 17745 17746 17625 17624)
  (8671 8672 8551 8550 17746 17747 17626 17625)
  (8672 8673 8552 8551 17747 17748 17627 17626)
  (8673 8674 8553 8552 17748 17749 17628 17627)
  (8674 8675 8554 8553 17749 17750 17629 17628)
  (8675 8676 8555 8554 17750 17751 17630 17629)
  (8676 8677 8556 8555 17751 17752 17631 17630)
  (8677 8678 8557 8556 17752 17753 17632 17631)
  (8678 8679 8558 8557 17753 17754 17633 17632)
  (8679 8680 8559 8558 17754 17755 17634 17633)
  (8680 8681 8560 8559 17755 17756 17635 17634)
  (8681 8682 8561 8560 17756 17757 17636 17635)
  (8682 8683 8562 8561 17757 17758 17637 17636)
  (8683 8684 8563 8562 17758 17759 17638 17637)
  (8684 8685 8564 8563 17759 17760 17639 17638)
  (8685 8686 8565 8564 17760 17761 17640 17639)
  (8686 8687 8566 8565 17761 17762 17641 17640)
  (8687 8688 8567 8566 17762 17763 17642 17641)
  (8688 8689 8568 8567 17763 17764 17643 17642)
  (8689 8690 8569 8568 17764 17765 17644 17643)
  (8690 8691 8570 8569 17765 17766 17645 17644)
  (8691 8692 8571 8570 17766 17767 17646 17645)
  (8692 8693 8572 8571 17767 17768 17647 17646)
  (8693 8694 8573 8572 17768 17769 17648 17647)
  (8694 8695 8574 8573 17769 17770 17649 17648)
  (8695 8696 8575 8574 17770 17771 17650 17649)
  (8696 8697 8576 8575 17771 17772 17651 17650)
  (8697 8698 8577 8576 17772 17773 17652 17651)
  (8698 8699 8578 8577 17773 17774 17653 17652)
  (8699 8700 8579 8578 17774 17775 17654 17653)
  (8700 8701 8580 8579 17775 17776 17655 17654)
  (8701 8702 8581 8580 17776 17777 17656 17655)
  (8702 8703 8582 8581 17777 17778 17657 17656)
  (8703 8704 8583 8582 17778 17779 17658 17657)
  (8704 8705 8584 8583 17779 17780 17659 17658)
  (8705 8706 8585 8584 17780 17781 17660 17659)
  (8706 8707 8586 8585 17781 17782 17661 17660)
  (8707 8708 8587 8586 17782 17783 17662 17661)
  (8708 8709 8588 8587 17783 17784 17663 17662)
  (8709 8710 8589 8588 17784 17785 17664 17663)
  (8710 8711 8590 8589 17785 17786 17665 17664)
  (8712 8713 8592 8591 17787 17788 17667 17666)
  (8713 8714 8593 8592 17788 17789 17668 17667)
  (8714 8715 8594 8593 17789 17790 17669 17668)
  (8715 8716 8595 8594 17790 17791 17670 17669)
  (8716 8717 8596 8595 17791 17792 17671 17670)
  (8717 8718 8597 8596 17792 17793 17672 17671)
  (8718 8719 8598 8597 17793 17794 17673 17672)
  (8719 8720 8599 8598 17794 17795 17674 17673)
  (8720 8721 8600 8599 17795 17796 17675 17674)
  (8721 8722 8601 8600 17796 17797 17676 17675)
  (8722 8723 8602 8601 17797 17798 17677 17676)
  (8723 8724 8603 8602 17798 17799 17678 17677)
  (8724 8725 8604 8603 17799 17800 17679 17678)
  (8725 8726 8605 8604 17800 17801 17680 17679)
  (8726 8727 8606 8605 17801 17802 17681 17680)
  (8727 8728 8607 8606 17802 17803 17682 17681)
  (8728 8729 8608 8607 17803 17804 17683 17682)
  (8729 8730 8609 8608 17804 17805 17684 17683)
  (8730 8731 8610 8609 17805 17806 17685 17684)
  (8731 8732 8611 8610 17806 17807 17686 17685)
  (8732 8733 8612 8611 17807 17808 17687 17686)
  (8733 8734 8613 8612 17808 17809 17688 17687)
  (8734 8735 8614 8613 17809 17810 17689 17688)
  (8735 8736 8615 8614 17810 17811 17690 17689)
  (8736 8737 8616 8615 17811 17812 17691 17690)
  (8737 8738 8617 8616 17812 17813 17692 17691)
  (8738 8739 8618 8617 17813 17814 17693 17692)
  (8739 8740 8619 8618 17814 17815 17694 17693)
  (8740 8741 8620 8619 17815 17816 17695 17694)
  (8741 8742 8621 8620 17816 17817 17696 17695)
  (8742 8743 8622 8621 17817 17818 17697 17696)
  (8743 8744 8623 8622 17818 17819 17698 17697)
  (8744 8745 8624 8623 17819 17820 17699 17698)
  (8745 8746 8625 8624 17820 17821 17700 17699)
  (8746 8747 8626 8625 17821 17822 17701 17700)
  (8747 8748 8627 8626 17822 17823 17702 17701)
  (8748 8749 8628 8627 17823 17824 17703 17702)
  (8749 8750 8629 8628 17824 17825 17704 17703)
  (8750 8751 8630 8629 17825 17826 17705 17704)
  (8751 8752 8631 8630 17826 17827 17706 17705)
  (8752 8753 8632 8631 17827 17828 17707 17706)
  (8753 8754 8633 8632 17828 17829 17708 17707)
  (8754 8755 8634 8633 17829 17830 17709 17708)
  (8755 8756 8635 8634 17830 17831 17710 17709)
  (8756 8757 8636 8635 17831 17832 17711 17710)
  (8757 8758 8637 8636 17832 17833 17712 17711)
  (8758 8759 8638 8637 17833 17834 17713 17712)
  (8759 8760 8639 8638 17834 17835 17714 17713)
  (8760 8761 8640 8639 17835 17836 17715 17714)
  (8761 8762 8641 8640 17836 17837 17716 17715)
  (8762 8763 8642 8641 17837 17838 17717 17716)
  (8763 8764 8643 8642 17838 17839 17718 17717)
  (8764 8765 8644 8643 17839 17840 17719 17718)
  (8765 8766 8645 8644 17840 17841 17720 17719)
  (8766 8767 8646 8645 17841 17842 17721 17720)
  (8767 8768 8647 8646 17842 17843 17722 17721)
  (8768 8769 8648 8647 17843 17844 17723 17722)
  (8769 8770 8649 8648 17844 17845 17724 17723)
  (8770 8771 8650 8649 17845 17846 17725 17724)
  (8771 8772 8651 8650 17846 17847 17726 17725)
  (8772 8773 8652 8651 17847 17848 17727 17726)
  (8773 8774 8653 8652 17848 17849 17728 17727)
  (8774 8775 8654 8653 17849 17850 17729 17728)
  (8775 8776 8655 8654 17850 17851 17730 17729)
  (8776 8777 8656 8655 17851 17852 17731 17730)
  (8777 8778 8657 8656 17852 17853 17732 17731)
  (8778 8779 8658 8657 17853 17854 17733 17732)
  (8779 8780 8659 8658 17854 17855 17734 17733)
  (8780 8781 8660 8659 17855 17856 17735 17734)
  (8781 8782 8661 8660 17856 17857 17736 17735)
  (8782 8783 8662 8661 17857 17858 17737 17736)
  (8783 8784 8663 8662 17858 17859 17738 17737)
  (8784 8785 8664 8663 17859 17860 17739 17738)
  (8785 8786 8665 8664 17860 17861 17740 17739)
  (8786 8787 8666 8665 17861 17862 17741 17740)
  (8787 8788 8667 8666 17862 17863 17742 17741)
  (8788 8789 8668 8667 17863 17864 17743 17742)
  (8789 8790 8669 8668 17864 17865 17744 17743)
  (8790 8791 8670 8669 17865 17866 17745 17744)
  (8791 8792 8671 8670 17866 17867 17746 17745)
  (8792 8793 8672 8671 17867 17868 17747 17746)
  (8793 8794 8673 8672 17868 17869 17748 17747)
  (8794 8795 8674 8673 17869 17870 17749 17748)
  (8795 8796 8675 8674 17870 17871 17750 17749)
  (8796 8797 8676 8675 17871 17872 17751 17750)
  (8797 8798 8677 8676 17872 17873 17752 17751)
  (8798 8799 8678 8677 17873 17874 17753 17752)
  (8799 8800 8679 8678 17874 17875 17754 17753)
  (8800 8801 8680 8679 17875 17876 17755 17754)
  (8801 8802 8681 8680 17876 17877 17756 17755)
  (8802 8803 8682 8681 17877 17878 17757 17756)
  (8803 8804 8683 8682 17878 17879 17758 17757)
  (8804 8805 8684 8683 17879 17880 17759 17758)
  (8805 8806 8685 8684 17880 17881 17760 17759)
  (8806 8807 8686 8685 17881 17882 17761 17760)
  (8807 8808 8687 8686 17882 17883 17762 17761)
  (8808 8809 8688 8687 17883 17884 17763 17762)
  (8809 8810 8689 8688 17884 17885 17764 17763)
  (8810 8811 8690 8689 17885 17886 17765 17764)
  (8811 8812 8691 8690 17886 17887 17766 17765)
  (8812 8813 8692 8691 17887 17888 17767 17766)
  (8813 8814 8693 8692 17888 17889 17768 17767)
  (8814 8815 8694 8693 17889 17890 17769 17768)
  (8815 8816 8695 8694 17890 17891 17770 17769)
  (8816 8817 8696 8695 17891 17892 17771 17770)
  (8817 8818 8697 8696 17892 17893 17772 17771)
  (8818 8819 8698 8697 17893 17894 17773 17772)
  (8819 8820 8699 8698 17894 17895 17774 17773)
  (8820 8821 8700 8699 17895 17896 17775 17774)
  (8821 8822 8701 8700 17896 17897 17776 17775)
  (8822 8823 8702 8701 17897 17898 17777 17776)
  (8823 8824 8703 8702 17898 17899 17778 17777)
  (8824 8825 8704 8703 17899 17900 17779 17778)
  (8825 8826 8705 8704 17900 17901 17780 17779)
  (8826 8827 8706 8705 17901 17902 17781 17780)
  (8827 8828 8707 8706 17902 17903 17782 17781)
  (8828 8829 8708 8707 17903 17904 17783 17782)
  (8829 8830 8709 8708 17904 17905 17784 17783)
  (8830 8831 8710 8709 17905 17906 17785 17784)
  (8831 8832 8711 8710 17906 17907 17786 17785)
  (8833 8834 8713 8712 17908 17909 17788 17787)
  (8834 8835 8714 8713 17909 17910 17789 17788)
  (8835 8836 8715 8714 17910 17911 17790 17789)
  (8836 8837 8716 8715 17911 17912 17791 17790)
  (8837 8838 8717 8716 17912 17913 17792 17791)
  (8838 8839 8718 8717 17913 17914 17793 17792)
  (8839 8840 8719 8718 17914 17915 17794 17793)
  (8840 8841 8720 8719 17915 17916 17795 17794)
  (8841 8842 8721 8720 17916 17917 17796 17795)
  (8842 8843 8722 8721 17917 17918 17797 17796)
  (8843 8844 8723 8722 17918 17919 17798 17797)
  (8844 8845 8724 8723 17919 17920 17799 17798)
  (8845 8846 8725 8724 17920 17921 17800 17799)
  (8846 8847 8726 8725 17921 17922 17801 17800)
  (8847 8848 8727 8726 17922 17923 17802 17801)
  (8848 8849 8728 8727 17923 17924 17803 17802)
  (8849 8850 8729 8728 17924 17925 17804 17803)
  (8850 8851 8730 8729 17925 17926 17805 17804)
  (8851 8852 8731 8730 17926 17927 17806 17805)
  (8852 8853 8732 8731 17927 17928 17807 17806)
  (8853 8854 8733 8732 17928 17929 17808 17807)
  (8854 8855 8734 8733 17929 17930 17809 17808)
  (8855 8856 8735 8734 17930 17931 17810 17809)
  (8856 8857 8736 8735 17931 17932 17811 17810)
  (8857 8858 8737 8736 17932 17933 17812 17811)
  (8858 8859 8738 8737 17933 17934 17813 17812)
  (8859 8860 8739 8738 17934 17935 17814 17813)
  (8860 8861 8740 8739 17935 17936 17815 17814)
  (8861 8862 8741 8740 17936 17937 17816 17815)
  (8862 8863 8742 8741 17937 17938 17817 17816)
  (8863 8864 8743 8742 17938 17939 17818 17817)
  (8864 8865 8744 8743 17939 17940 17819 17818)
  (8865 8866 8745 8744 17940 17941 17820 17819)
  (8866 8867 8746 8745 17941 17942 17821 17820)
  (8867 8868 8747 8746 17942 17943 17822 17821)
  (8868 8869 8748 8747 17943 17944 17823 17822)
  (8869 8870 8749 8748 17944 17945 17824 17823)
  (8870 8871 8750 8749 17945 17946 17825 17824)
  (8871 8872 8751 8750 17946 17947 17826 17825)
  (8872 8873 8752 8751 17947 17948 17827 17826)
  (8873 8874 8753 8752 17948 17949 17828 17827)
  (8874 8875 8754 8753 17949 17950 17829 17828)
  (8875 8876 8755 8754 17950 17951 17830 17829)
  (8876 8877 8756 8755 17951 17952 17831 17830)
  (8877 8878 8757 8756 17952 17953 17832 17831)
  (8878 8879 8758 8757 17953 17954 17833 17832)
  (8879 8880 8759 8758 17954 17955 17834 17833)
  (8880 8881 8760 8759 17955 17956 17835 17834)
  (8881 8882 8761 8760 17956 17957 17836 17835)
  (8882 8883 8762 8761 17957 17958 17837 17836)
  (8883 8884 8763 8762 17958 17959 17838 17837)
  (8884 8885 8764 8763 17959 17960 17839 17838)
  (8885 8886 8765 8764 17960 17961 17840 17839)
  (8886 8887 8766 8765 17961 17962 17841 17840)
  (8887 8888 8767 8766 17962 17963 17842 17841)
  (8888 8889 8768 8767 17963 17964 17843 17842)
  (8889 8890 8769 8768 17964 17965 17844 17843)
  (8890 8891 8770 8769 17965 17966 17845 17844)
  (8891 8892 8771 8770 17966 17967 17846 17845)
  (8892 8893 8772 8771 17967 17968 17847 17846)
  (8893 8894 8773 8772 17968 17969 17848 17847)
  (8894 8895 8774 8773 17969 17970 17849 17848)
  (8895 8896 8775 8774 17970 17971 17850 17849)
  (8896 8897 8776 8775 17971 17972 17851 17850)
  (8897 8898 8777 8776 17972 17973 17852 17851)
  (8898 8899 8778 8777 17973 17974 17853 17852)
  (8899 8900 8779 8778 17974 17975 17854 17853)
  (8900 8901 8780 8779 17975 17976 17855 17854)
  (8901 8902 8781 8780 17976 17977 17856 17855)
  (8902 8903 8782 8781 17977 17978 17857 17856)
  (8903 8904 8783 8782 17978 17979 17858 17857)
  (8904 8905 8784 8783 17979 17980 17859 17858)
  (8905 8906 8785 8784 17980 17981 17860 17859)
  (8906 8907 8786 8785 17981 17982 17861 17860)
  (8907 8908 8787 8786 17982 17983 17862 17861)
  (8908 8909 8788 8787 17983 17984 17863 17862)
  (8909 8910 8789 8788 17984 17985 17864 17863)
  (8910 8911 8790 8789 17985 17986 17865 17864)
  (8911 8912 8791 8790 17986 17987 17866 17865)
  (8912 8913 8792 8791 17987 17988 17867 17866)
  (8913 8914 8793 8792 17988 17989 17868 17867)
  (8914 8915 8794 8793 17989 17990 17869 17868)
  (8915 8916 8795 8794 17990 17991 17870 17869)
  (8916 8917 8796 8795 17991 17992 17871 17870)
  (8917 8918 8797 8796 17992 17993 17872 17871)
  (8918 8919 8798 8797 17993 17994 17873 17872)
  (8919 8920 8799 8798 17994 17995 17874 17873)
  (8920 8921 8800 8799 17995 17996 17875 17874)
  (8921 8922 8801 8800 17996 17997 17876 17875)
  (8922 8923 8802 8801 17997 17998 17877 17876)
  (8923 8924 8803 8802 17998 17999 17878 17877)
  (8924 8925 8804 8803 17999 18000 17879 17878)
  (8925 8926 8805 8804 18000 18001 17880 17879)
  (8926 8927 8806 8805 18001 18002 17881 17880)
  (8927 8928 8807 8806 18002 18003 17882 17881)
  (8928 8929 8808 8807 18003 18004 17883 17882)
  (8929 8930 8809 8808 18004 18005 17884 17883)
  (8930 8931 8810 8809 18005 18006 17885 17884)
  (8931 8932 8811 8810 18006 18007 17886 17885)
  (8932 8933 8812 8811 18007 18008 17887 17886)
  (8933 8934 8813 8812 18008 18009 17888 17887)
  (8934 8935 8814 8813 18009 18010 17889 17888)
  (8935 8936 8815 8814 18010 18011 17890 17889)
  (8936 8937 8816 8815 18011 18012 17891 17890)
  (8937 8938 8817 8816 18012 18013 17892 17891)
  (8938 8939 8818 8817 18013 18014 17893 17892)
  (8939 8940 8819 8818 18014 18015 17894 17893)
  (8940 8941 8820 8819 18015 18016 17895 17894)
  (8941 8942 8821 8820 18016 18017 17896 17895)
  (8942 8943 8822 8821 18017 18018 17897 17896)
  (8943 8944 8823 8822 18018 18019 17898 17897)
  (8944 8945 8824 8823 18019 18020 17899 17898)
  (8945 8946 8825 8824 18020 18021 17900 17899)
  (8946 8947 8826 8825 18021 18022 17901 17900)
  (8947 8948 8827 8826 18022 18023 17902 17901)
  (8948 8949 8828 8827 18023 18024 17903 17902)
  (8949 8950 8829 8828 18024 18025 17904 17903)
  (8950 8951 8830 8829 18025 18026 17905 17904)
  (8951 8952 8831 8830 18026 18027 17906 17905)
  (8952 8953 8832 8831 18027 18028 17907 17906)
  (8954 8955 8834 8833 18029 18030 17909 17908)
  (8955 8956 8835 8834 18030 18031 17910 17909)
  (8956 8957 8836 8835 18031 18032 17911 17910)
  (8957 8958 8837 8836 18032 18033 17912 17911)
  (8958 8959 8838 8837 18033 18034 17913 17912)
  (8959 8960 8839 8838 18034 18035 17914 17913)
  (8960 8961 8840 8839 18035 18036 17915 17914)
  (8961 8962 8841 8840 18036 18037 17916 17915)
  (8962 8963 8842 8841 18037 18038 17917 17916)
  (8963 8964 8843 8842 18038 18039 17918 17917)
  (8964 8965 8844 8843 18039 18040 17919 17918)
  (8965 8966 8845 8844 18040 18041 17920 17919)
  (8966 8967 8846 8845 18041 18042 17921 17920)
  (8967 8968 8847 8846 18042 18043 17922 17921)
  (8968 8969 8848 8847 18043 18044 17923 17922)
  (8969 8970 8849 8848 18044 18045 17924 17923)
  (8970 8971 8850 8849 18045 18046 17925 17924)
  (8971 8972 8851 8850 18046 18047 17926 17925)
  (8972 8973 8852 8851 18047 18048 17927 17926)
  (8973 8974 8853 8852 18048 18049 17928 17927)
  (8974 8975 8854 8853 18049 18050 17929 17928)
  (8975 8976 8855 8854 18050 18051 17930 17929)
  (8976 8977 8856 8855 18051 18052 17931 17930)
  (8977 8978 8857 8856 18052 18053 17932 17931)
  (8978 8979 8858 8857 18053 18054 17933 17932)
  (8979 8980 8859 8858 18054 18055 17934 17933)
  (8980 8981 8860 8859 18055 18056 17935 17934)
  (8981 8982 8861 8860 18056 18057 17936 17935)
  (8982 8983 8862 8861 18057 18058 17937 17936)
  (8983 8984 8863 8862 18058 18059 17938 17937)
  (8984 8985 8864 8863 18059 18060 17939 17938)
  (8985 8986 8865 8864 18060 18061 17940 17939)
  (8986 8987 8866 8865 18061 18062 17941 17940)
  (8987 8988 8867 8866 18062 18063 17942 17941)
  (8988 8989 8868 8867 18063 18064 17943 17942)
  (8989 8990 8869 8868 18064 18065 17944 17943)
  (8990 8991 8870 8869 18065 18066 17945 17944)
  (8991 8992 8871 8870 18066 18067 17946 17945)
  (8992 8993 8872 8871 18067 18068 17947 17946)
  (8993 8994 8873 8872 18068 18069 17948 17947)
  (8994 8995 8874 8873 18069 18070 17949 17948)
  (8995 8996 8875 8874 18070 18071 17950 17949)
  (8996 8997 8876 8875 18071 18072 17951 17950)
  (8997 8998 8877 8876 18072 18073 17952 17951)
  (8998 8999 8878 8877 18073 18074 17953 17952)
  (8999 9000 8879 8878 18074 18075 17954 17953)
  (9000 9001 8880 8879 18075 18076 17955 17954)
  (9001 9002 8881 8880 18076 18077 17956 17955)
  (9002 9003 8882 8881 18077 18078 17957 17956)
  (9003 9004 8883 8882 18078 18079 17958 17957)
  (9004 9005 8884 8883 18079 18080 17959 17958)
  (9005 9006 8885 8884 18080 18081 17960 17959)
  (9006 9007 8886 8885 18081 18082 17961 17960)
  (9007 9008 8887 8886 18082 18083 17962 17961)
  (9008 9009 8888 8887 18083 18084 17963 17962)
  (9009 9010 8889 8888 18084 18085 17964 17963)
  (9010 9011 8890 8889 18085 18086 17965 17964)
  (9011 9012 8891 8890 18086 18087 17966 17965)
  (9012 9013 8892 8891 18087 18088 17967 17966)
  (9013 9014 8893 8892 18088 18089 17968 17967)
  (9014 9015 8894 8893 18089 18090 17969 17968)
  (9015 9016 8895 8894 18090 18091 17970 17969)
  (9016 9017 8896 8895 18091 18092 17971 17970)
  (9017 9018 8897 8896 18092 18093 17972 17971)
  (9018 9019 8898 8897 18093 18094 17973 17972)
  (9019 9020 8899 8898 18094 18095 17974 17973)
  (9020 9021 8900 8899 18095 18096 17975 17974)
  (9021 9022 8901 8900 18096 18097 17976 17975)
  (9022 9023 8902 8901 18097 18098 17977 17976)
  (9023 9024 8903 8902 18098 18099 17978 17977)
  (9024 9025 8904 8903 18099 18100 17979 17978)
  (9025 9026 8905 8904 18100 18101 17980 17979)
  (9026 9027 8906 8905 18101 18102 17981 17980)
  (9027 9028 8907 8906 18102 18103 17982 17981)
  (9028 9029 8908 8907 18103 18104 17983 17982)
  (9029 9030 8909 8908 18104 18105 17984 17983)
  (9030 9031 8910 8909 18105 18106 17985 17984)
  (9031 9032 8911 8910 18106 18107 17986 17985)
  (9032 9033 8912 8911 18107 18108 17987 17986)
  (9033 9034 8913 8912 18108 18109 17988 17987)
  (9034 9035 8914 8913 18109 18110 17989 17988)
  (9035 9036 8915 8914 18110 18111 17990 17989)
  (9036 9037 8916 8915 18111 18112 17991 17990)
  (9037 9038 8917 8916 18112 18113 17992 17991)
  (9038 9039 8918 8917 18113 18114 17993 17992)
  (9039 9040 8919 8918 18114 18115 17994 17993)
  (9040 9041 8920 8919 18115 18116 17995 17994)
  (9041 9042 8921 8920 18116 18117 17996 17995)
  (9042 9043 8922 8921 18117 18118 17997 17996)
  (9043 9044 8923 8922 18118 18119 17998 17997)
  (9044 9045 8924 8923 18119 18120 17999 17998)
  (9045 9046 8925 8924 18120 18121 18000 17999)
  (9046 9047 8926 8925 18121 18122 18001 18000)
  (9047 9048 8927 8926 18122 18123 18002 18001)
  (9048 9049 8928 8927 18123 18124 18003 18002)
  (9049 9050 8929 8928 18124 18125 18004 18003)
  (9050 9051 8930 8929 18125 18126 18005 18004)
  (9051 9052 8931 8930 18126 18127 18006 18005)
  (9052 9053 8932 8931 18127 18128 18007 18006)
  (9053 9054 8933 8932 18128 18129 18008 18007)
  (9054 9055 8934 8933 18129 18130 18009 18008)
  (9055 9056 8935 8934 18130 18131 18010 18009)
  (9056 9057 8936 8935 18131 18132 18011 18010)
  (9057 9058 8937 8936 18132 18133 18012 18011)
  (9058 9059 8938 8937 18133 18134 18013 18012)
  (9059 9060 8939 8938 18134 18135 18014 18013)
  (9060 9061 8940 8939 18135 18136 18015 18014)
  (9061 9062 8941 8940 18136 18137 18016 18015)
  (9062 9063 8942 8941 18137 18138 18017 18016)
  (9063 9064 8943 8942 18138 18139 18018 18017)
  (9064 9065 8944 8943 18139 18140 18019 18018)
  (9065 9066 8945 8944 18140 18141 18020 18019)
  (9066 9067 8946 8945 18141 18142 18021 18020)
  (9067 9068 8947 8946 18142 18143 18022 18021)
  (9068 9069 8948 8947 18143 18144 18023 18022)
  (9069 9070 8949 8948 18144 18145 18024 18023)
  (9070 9071 8950 8949 18145 18146 18025 18024)
  (9071 9072 8951 8950 18146 18147 18026 18025)
  (9072 9073 8952 8951 18147 18148 18027 18026)
  (9073 9074 8953 8952 18148 18149 18028 18027)
)
